<?xml version="1.0" encoding="UTF-8" standalone="yes"?>
<?xml-stylesheet type="text/xsl" href="frame.xsl"?>
<frame cBy="KmG" cDate="03/05/2008 03:50:35 PST Wed" name="Abandonment" ID="2031" xsi:schemaLocation="../schema/frame.xsd" xmlns="http://framenet.icsi.berkeley.edu" xmlns:xsi="http://www.w3.org/2001/XMLSchema-instance">
    <definition>&lt;def-root&gt;An &lt;fex name="Agent"&gt;Agent&lt;/fex&gt; leaves behind a &lt;fex name="Theme"&gt;Theme&lt;/fex&gt; effectively rendering it no longer within their control or of the normal security as one's property. 

&lt;ex&gt;&lt;fex name="Agent"&gt;Carolyn&lt;/fex&gt; &lt;t&gt;abandoned&lt;/t&gt; &lt;fex name="Theme"&gt;her car&lt;/fex&gt; and jumped on a red double decker bus.&lt;/ex&gt;

&lt;ex&gt;Perhaps &lt;fex name="Agent"&gt;he&lt;/fex&gt; &lt;t&gt;left&lt;/t&gt; &lt;fex name="Theme"&gt;the key&lt;/fex&gt; in the ignition&lt;/ex&gt;

&lt;ex&gt;&lt;t&gt;Abandonment&lt;/t&gt; &lt;fex name="Theme"&gt;of a child&lt;/fex&gt; is considered to be a serious crime in many jurisdictions.&lt;/ex&gt;

There are also metaphorically used examples:

&lt;ex&gt;&lt;fex name="Agent"&gt;She&lt;/fex&gt; &lt;t&gt;left&lt;/t&gt; &lt;fex name="Theme"&gt;her old ways&lt;/fex&gt; &lt;fex name="Place"&gt;behind&lt;/fex&gt; .&lt;/ex&gt;&lt;/def-root&gt;</definition>
    <FE bgColor="FF0000" fgColor="FFFFFF" coreType="Core" cBy="KmG" cDate="03/05/2008 03:51:37 PST Wed" abbrev="Age" name="Agent" ID="12338">
        <definition>&lt;def-root&gt;The &lt;fex name="Agent"&gt;Agent&lt;/fex&gt; is the person who acts to leave behind the &lt;fen&gt;Theme&lt;/fen&gt;.&lt;/def-root&gt;</definition>
    </FE>
    <FE bgColor="0000FF" fgColor="FFFFFF" coreType="Core" cBy="KmG" cDate="03/05/2008 03:52:39 PST Wed" abbrev="The" name="Theme" ID="12339">
        <definition>&lt;def-root&gt;The &lt;fex name="Theme"&gt;Theme&lt;/fex&gt; is the entity that is relinguished to no one from the &lt;fex name="Agent"&gt;Agent&lt;/fex&gt;'s possession.&lt;/def-root&gt;</definition>
    </FE>
    <FE bgColor="008000" fgColor="FFFFFF" coreType="Peripheral" cBy="KmG" cDate="03/05/2008 04:08:59 PST Wed" abbrev="Pla" name="Place" ID="12340">
        <definition>&lt;def-root&gt;The location where the &lt;fen&gt;Agent&lt;/fen&gt; gives up the &lt;fen&gt;Theme&lt;/fen&gt;.&lt;/def-root&gt;</definition>
    </FE>
    <FE bgColor="FFA500" fgColor="FFFFFF" coreType="Peripheral" cBy="KmG" cDate="03/05/2008 04:09:33 PST Wed" abbrev="Tim" name="Time" ID="12341">
        <definition>&lt;def-root&gt;When the &lt;fen&gt;Agent&lt;/fen&gt; gives up the &lt;fen&gt;Theme&lt;/fen&gt;.&lt;/def-root&gt;</definition>
    </FE>
    <FE bgColor="FF00FF" fgColor="FFFFFF" coreType="Peripheral" cBy="KmG" cDate="03/05/2008 04:12:22 PST Wed" abbrev="Man" name="Manner" ID="12342">
        <definition>&lt;def-root&gt;The style in which the &lt;fen&gt;Agent&lt;/fen&gt; gives up the &lt;fen&gt;Theme&lt;/fen&gt;.&lt;/def-root&gt;</definition>
    </FE>
    <FE bgColor="FF69B4" fgColor="FFFFFF" coreType="Peripheral" cBy="KmG" cDate="03/05/2008 04:12:52 PST Wed" abbrev="Dur" name="Duration" ID="12343">
        <definition>&lt;def-root&gt;For what expanse of time the &lt;fen&gt;Agent&lt;/fen&gt; has given up the &lt;fen&gt;Theme&lt;/fen&gt;.&lt;/def-root&gt;</definition>
    </FE>
    <FE bgColor="90876C" fgColor="FFFFFF" coreType="Extra-Thematic" cBy="JKs" cDate="06/20/2008 02:47:41 PDT Fri" abbrev="" name="Explanation" ID="12861">
        <definition>&lt;def-root&gt;&lt;fen&gt;Explanation&lt;/fen&gt; denotes a proposition from which the act of abandonment logically follows.&lt;/def-root&gt;</definition>
    </FE>
    <FE bgColor="2E8B57" fgColor="FFFFFF" coreType="Extra-Thematic" cBy="JKs" cDate="06/20/2008 02:54:08 PDT Fri" abbrev="" name="Depictive" ID="12862">
        <definition>&lt;def-root&gt;The FE &lt;fen&gt;Depictive&lt;/fen&gt; describes the &lt;fen&gt;Agent&lt;/fen&gt; during the abandoning event.&lt;/def-root&gt;</definition>
    </FE>
    <FE bgColor="00BFFF" fgColor="FFFFFF" coreType="Peripheral" cBy="CVa" cDate="07/06/2011 01:37:38 PDT Wed" abbrev="" name="Degree" ID="14482">
        <definition>&lt;def-root&gt;The extent to which the &lt;fen&gt;Agent&lt;/fen&gt; leaves the &lt;fen&gt;Theme&lt;/fen&gt; behind.&lt;/def-root&gt;</definition>
    </FE>
    <FE bgColor="9400D3" fgColor="FFFFFF" coreType="Peripheral" cBy="CVa" cDate="05/07/2013 05:57:25 PDT Tue" abbrev="" name="Means" ID="15920">
        <definition>&lt;def-root&gt;An action performed by the &lt;fen&gt;Agent&lt;/fen&gt; that accomplishes the action indicated by the target.&lt;/def-root&gt;</definition>
    </FE>
    <FE bgColor="800080" fgColor="FFFFFF" coreType="Peripheral" cBy="CVa" cDate="05/07/2013 06:01:58 PDT Tue" abbrev="" name="Purpose" ID="15921">
        <definition>&lt;def-root&gt;The purpose for which the &lt;fen&gt;Agent&lt;/fen&gt; abandons the &lt;fen&gt;Theme&lt;/fen&gt;.&lt;/def-root&gt;</definition>
    </FE>
    <FE bgColor="FFFF00" fgColor="000000" coreType="Extra-Thematic" cBy="CFB" cDate="09/11/2013 02:20:23 PDT Wed" abbrev="evdesc" name="Event_description" ID="15962">
        <definition>&lt;def-root&gt;A description of the event as a whole.&lt;/def-root&gt;</definition>
    </FE>
    <frameRelation type="Inherits from">
        <relatedFrame ID="230">Intentionally_affect</relatedFrame>
    </frameRelation>
    <frameRelation type="Is Inherited by"/>
    <frameRelation type="Perspective on"/>
    <frameRelation type="Is Perspectivized in"/>
    <frameRelation type="Uses"/>
    <frameRelation type="Is Used by"/>
    <frameRelation type="Subframe of"/>
    <frameRelation type="Has Subframe(s)"/>
    <frameRelation type="Precedes"/>
    <frameRelation type="Is Preceded by"/>
    <frameRelation type="Is Inchoative of"/>
    <frameRelation type="Is Causative of"/>
    <frameRelation type="See also"/>
    <lexUnit status="Finished_Initial" POS="V" name="abandon.v" ID="14839" lemmaID="74" cBy="KmG" cDate="03/05/2008 03:58:07 PST Wed">
        <definition>FN: leave behind</definition>
        <sentenceCount annotated="24" total="178"/>
        <lexeme order="1" headword="false" breakBefore="false" POS="V" name="abandon"/>
        <semType name="Intentional_act" ID="181"/>
    </lexUnit>
    <lexUnit status="Finished_Initial" POS="V" name="leave.v" ID="14841" lemmaID="21967" cBy="KmG" cDate="03/05/2008 04:05:01 PST Wed">
        <definition>FN: let remain in another place as abondoned</definition>
        <sentenceCount annotated="18" total="76"/>
        <lexeme order="1" headword="false" breakBefore="false" POS="V" name="leave"/>
    </lexUnit>
    <lexUnit status="Finished_Initial" POS="N" name="abandonment.n" ID="14842" lemmaID="76" cBy="KmG" cDate="03/05/2008 04:07:47 PST Wed">
        <definition>FN: the act of relinquishing to no one</definition>
        <sentenceCount annotated="13" total="77"/>
        <lexeme order="1" headword="false" breakBefore="false" POS="N" name="abandonment"/>
    </lexUnit>
    <lexUnit status="Finished_Initial" POS="A" name="abandoned.a" ID="14843" lemmaID="75" cBy="KmG" cDate="03/05/2008 04:40:01 PST Wed">
        <definition>FN: the state of being left behind</definition>
        <sentenceCount annotated="22" total="71"/>
        <lexeme order="1" headword="false" breakBefore="false" POS="A" name="abandoned"/>
    </lexUnit>
    <lexUnit status="Rules_Defined" POS="V" name="forget.v" ID="15317" lemmaID="15109" cBy="JKs" cDate="04/02/2009 01:44:40 PDT Thu">
        <definition>FN: leave something behind unintentionally</definition>
        <sentenceCount annotated="9" total="283"/>
        <lexeme order="1" headword="false" breakBefore="false" POS="V" name="forget"/>
    </lexUnit>
</frame>