<?xml version="1.0" encoding="UTF-8" standalone="yes"?>
<?xml-stylesheet type="text/xsl" href="frame.xsl"?>
<frame cBy="JKR" cDate="08/05/2005 02:27:37 PDT Fri" name="Abundance" ID="1602" xsi:schemaLocation="../schema/frame.xsd" xmlns="http://framenet.icsi.berkeley.edu" xmlns:xsi="http://www.w3.org/2001/XMLSchema-instance">
    <definition>&lt;def-root&gt;The &lt;fen&gt;Quantity&lt;/fen&gt; of a &lt;fen&gt;Collection&lt;/fen&gt; occurring in a &lt;fen&gt;Place&lt;/fen&gt; has a particular &lt;fen&gt;Measure&lt;/fen&gt;. The &lt;fen&gt;Measure&lt;/fen&gt; of the &lt;fen&gt;Collection&lt;/fen&gt; is referred to only in terms of how the &lt;fen&gt;Measure&lt;/fen&gt; diverges from a norm for &lt;fen&gt;Collection&lt;/fen&gt;s of the specified type. &lt;fen&gt;Degree&lt;/fen&gt; may further refine the relation of the &lt;fen&gt;Measure&lt;/fen&gt; to the norm.

&lt;ex&gt;&lt;fex name="Collection"&gt;Beauty&lt;/fex&gt; &lt;m&gt;is&lt;/m&gt; &lt;t&gt;abundant&lt;/t&gt; &lt;fex name="pla"&gt;in a land flowing with snowmelt&lt;/fex&gt;.&lt;/ex&gt;

&lt;ex&gt;Detritus of life &lt;t&gt;abounds&lt;/t&gt; &lt;fex name="pla"&gt;in the atmosphere&lt;/fex&gt;. &lt;/ex&gt;

&lt;ex&gt;There was a recent discovery that &lt;fex name="Collection"&gt;exotic microbes&lt;/fex&gt; &lt;t&gt;teem&lt;/t&gt; &lt;fex name="pla"&gt;in the rocks hundreds of metres beneath the floor of the Pacific Ocean&lt;/fex&gt;.&lt;/ex&gt;&lt;/def-root&gt;</definition>
    <FE bgColor="FF0000" fgColor="FFFFFF" coreType="Core" cBy="JKR" cDate="08/05/2005 02:27:37 PDT Fri" abbrev="col" name="Collection" ID="8810">
        <definition>&lt;def-root&gt;The &lt;fen&gt;Collection&lt;/fen&gt; whose &lt;fen&gt;Quantity&lt;/fen&gt; is under consideration.

&lt;ex&gt;Extension brings &lt;fex name="Collection"&gt;projects&lt;/fex&gt; &lt;t&gt;galore&lt;/t&gt;.&lt;/ex&gt;&lt;/def-root&gt;</definition>
    </FE>
    <FE bgColor="1E90FF" fgColor="FFFFFF" coreType="Core" cBy="JKR" cDate="08/05/2005 02:27:38 PDT Fri" abbrev="qua" name="Quantity" ID="8811">
        <definition>&lt;def-root&gt;The feature of an &lt;fen&gt;Collection&lt;/fen&gt; which is under discussion. This FE is incorporated by all the lexical units in this frame.

&lt;/def-root&gt;</definition>
        <semType name="Quantity" ID="59"/>
    </FE>
    <FE bgColor="FF00FF" fgColor="FFFFFF" coreType="Peripheral" cBy="JKR" cDate="08/05/2005 02:27:38 PDT Fri" abbrev="deg" name="Degree" ID="8812">
        <definition>&lt;def-root&gt;A modifier expressing  the deviation of the &lt;fen&gt;Measure&lt;/fen&gt; from the norm or from the value for another &lt;fen&gt;Collection&lt;/fen&gt;.

&lt;ex&gt;For those who manage to make their way onto the lakes, waterfowl is &lt;fex name="deg"&gt;very&lt;/fex&gt; &lt;t&gt;abundant&lt;/t&gt;.&lt;/ex&gt;&lt;/def-root&gt;</definition>
        <semType name="Degree" ID="172"/>
    </FE>
    <FE bgColor="FFA500" fgColor="FFFFFF" coreType="Extra-Thematic" cBy="JKR" cDate="08/05/2005 02:27:38 PDT Fri" abbrev="" name="Time" ID="8813">
        <definition>&lt;def-root&gt;The &lt;fen&gt;Time&lt;/fen&gt; during which the &lt;fen&gt;Collection&lt;/fen&gt; is in the state of having  a particular &lt;fen&gt;Measure&lt;/fen&gt; for the &lt;fen&gt;Quantity&lt;/fen&gt;.&lt;/def-root&gt;</definition>
        <semType name="Time" ID="141"/>
    </FE>
    <FE bgColor="A52A2A" fgColor="FFFFFF" coreType="Extra-Thematic" cBy="JKR" cDate="08/05/2005 02:27:38 PDT Fri" abbrev="cir" name="Circumstances" ID="8814">
        <definition>&lt;def-root&gt;Circumstances describe the state of the world (at a particular time and place) which is specifically independent of the event itself and any of its participants. &lt;/def-root&gt;</definition>
    </FE>
    <FE bgColor="006400" fgColor="FFFFFF" coreType="Peripheral" cBy="JKR" cDate="08/05/2005 02:27:38 PDT Fri" abbrev="mea" name="Measure" ID="8815">
        <definition>&lt;def-root&gt;The measure of the &lt;fen&gt;Quantity&lt;/fen&gt;, which is incorporated by the lexical units.&lt;/def-root&gt;</definition>
    </FE>
    <FE bgColor="00008B" fgColor="FFFFFF" coreType="Core" cBy="JKR" cDate="08/05/2005 03:51:05 PDT Fri" abbrev="pla" name="Place" ID="8816">
        <definition>&lt;def-root&gt;The location in which the &lt;fen&gt;Collection&lt;/fen&gt; occurs.

&lt;ex&gt;Maggots began to &lt;t&gt;teem&lt;/t&gt; &lt;fex name="pla"&gt;in his black fur&lt;/fex&gt;.&lt;/ex&gt;&lt;/def-root&gt;</definition>
        <semType name="Locative_relation" ID="182"/>
    </FE>
    <frameRelation type="Inherits from">
        <relatedFrame ID="1015">Gradable_attributes</relatedFrame>
    </frameRelation>
    <frameRelation type="Is Inherited by">
        <relatedFrame ID="1603">Scarcity</relatedFrame>
    </frameRelation>
    <frameRelation type="Perspective on"/>
    <frameRelation type="Is Perspectivized in"/>
    <frameRelation type="Uses"/>
    <frameRelation type="Is Used by">
        <relatedFrame ID="262">Abounding_with</relatedFrame>
    </frameRelation>
    <frameRelation type="Subframe of"/>
    <frameRelation type="Has Subframe(s)"/>
    <frameRelation type="Precedes"/>
    <frameRelation type="Is Preceded by"/>
    <frameRelation type="Is Inchoative of"/>
    <frameRelation type="Is Causative of"/>
    <frameRelation type="See also"/>
    <lexUnit status="Finished_Initial" POS="A" name="abundant.a" ID="12603" lemmaID="227" cBy="JKR" cDate="08/05/2005 03:16:54 PDT Fri">
        <definition>COD: plentiful</definition>
        <sentenceCount annotated="20" total="186"/>
        <lexeme order="1" headword="false" breakBefore="false" POS="A" name="abundant"/>
    </lexUnit>
    <lexUnit status="Finished_Initial" incorporatedFE="Quantity" POS="V" name="abound.v" ID="12604" lemmaID="152" cBy="JKR" cDate="08/05/2005 03:17:40 PDT Fri">
        <definition>COD: exist in large numbers or amounts.</definition>
        <sentenceCount annotated="24" total="226"/>
        <lexeme order="1" headword="false" breakBefore="false" POS="V" name="abound"/>
        <semType name="End_of_scale" ID="98"/>
    </lexUnit>
    <lexUnit status="Rules_Defined" POS="V" name="teem.v" ID="12606" lemmaID="39712" cBy="JKR" cDate="08/05/2005 03:55:23 PDT Fri">
        <definition>FN: be abundant (in)</definition>
        <sentenceCount annotated="0" total="0"/>
        <lexeme order="1" headword="true" breakBefore="false" POS="V" name="teem"/>
    </lexUnit>
    <lexUnit status="Finished_Initial" POS="A" name="galore.a" ID="12607" lemmaID="15846" cBy="JKR" cDate="08/05/2005 04:13:18 PDT Fri">
        <definition>COD:  in abundance:</definition>
        <sentenceCount annotated="10" total="85"/>
        <lexeme order="1" headword="false" breakBefore="false" POS="A" name="galore"/>
    </lexUnit>
</frame>