<?xml version="1.0" encoding="UTF-8" standalone="yes"?>
<?xml-stylesheet type="text/xsl" href="frame.xsl"?>
<frame cBy="ACW" cDate="01/14/2003 02:28:24 PST Tue" name="Abusing" ID="482" xsi:schemaLocation="../schema/frame.xsd" xmlns="http://framenet.icsi.berkeley.edu" xmlns:xsi="http://www.w3.org/2001/XMLSchema-instance">
    <definition>&lt;def-root&gt;In this frame an &lt;fen&gt;Abuser&lt;/fen&gt; repeatedly treats the &lt;fen&gt;Victim&lt;/fen&gt; in a cruel and violent way, including physically harming or forcing the &lt;fen&gt;Victim&lt;/fen&gt; to engage in sexual activity against their will. The &lt;fen&gt;Victim&lt;/fen&gt; usually lacks the power to resist or fight back. A &lt;fen&gt;Type&lt;/fen&gt; of abuse may be indicated. There may also be a &lt;fen&gt;Degree&lt;/fen&gt;. &lt;ex&gt; &lt;fex name="Abuser"&gt;Her father&lt;/fex&gt; &lt;fex name="Type"&gt;verbally&lt;/fex&gt; &lt;t&gt;abused&lt;/t&gt; &lt;fex name="Victim"&gt;her mother&lt;/fex&gt;. &lt;/ex&gt;&lt;/def-root&gt;</definition>
    <FE bgColor="FF0000" fgColor="FFFFFF" coreType="Core" cBy="ACW" cDate="01/14/2003 02:37:06 PST Tue" abbrev="Abu" name="Abuser" ID="4015">
        <definition>&lt;def-root&gt;The &lt;fen&gt;Abuser&lt;/fen&gt; subjects the &lt;fen&gt;Victim&lt;/fen&gt; to repeated verbal, physical, emotional or sexual attacks.
&lt;ex&gt;&lt;fex name="Abuser"&gt;Fred&lt;/fex&gt; &lt;t&gt;abused&lt;/t&gt; Martha by locking her into a closet .&lt;/ex&gt;&lt;/def-root&gt;</definition>
        <semType name="Sentient" ID="5"/>
    </FE>
    <FE bgColor="0000FF" fgColor="FFFFFF" coreType="Core" cBy="ACW" cDate="01/14/2003 02:38:25 PST Tue" abbrev="Vic" name="Victim" ID="4016">
        <definition>&lt;def-root&gt;The &lt;fen&gt;Victim&lt;/fen&gt; is the recipient of the &lt;fen&gt;Abuser&lt;/fen&gt;'s actions.
&lt;ex&gt;Fred &lt;t&gt;abused&lt;/t&gt; &lt;fex name="Victim"&gt;Martha&lt;/fex&gt; by locking her into a closet .&lt;/ex&gt;&lt;/def-root&gt;</definition>
        <semType name="Sentient" ID="5"/>
    </FE>
    <FE bgColor="9F79EE" fgColor="FFFFFF" coreType="Peripheral" cBy="ACW" cDate="01/14/2003 02:39:29 PST Tue" abbrev="Typ" name="Type" ID="4017">
        <definition>&lt;def-root&gt;&lt;fen&gt;Type&lt;/fen&gt; is used for the domain in which the &lt;fen&gt;Abuser&lt;/fen&gt; mistreats the &lt;fen&gt;Victim&lt;/fen&gt;.
&lt;ex&gt;Fred is known for his &lt;fex name="Type"&gt;emotional&lt;/fex&gt; &lt;t&gt;abuse&lt;/t&gt; of women.&lt;/ex&gt;&lt;/def-root&gt;</definition>
    </FE>
    <FE bgColor="FF69B4" fgColor="FFFFFF" coreType="Extra-Thematic" cBy="ACW" cDate="01/14/2003 02:40:55 PST Tue" abbrev="Deg" name="Degree" ID="4018">
        <definition>&lt;def-root&gt;&lt;fen&gt;Degree&lt;/fen&gt; is the extent to which the abuse occurs.

&lt;ex&gt;&lt;fex name="Abuser"&gt;Fred&lt;/fex&gt; &lt;t&gt;abused&lt;/t&gt; Martha &lt;fex name="Degree"&gt;alot&lt;/fex&gt;.&lt;/ex&gt;&lt;/def-root&gt;</definition>
        <semType name="Degree" ID="172"/>
    </FE>
    <FE bgColor="008000" fgColor="FFFFFF" coreType="Peripheral" cBy="ACW" cDate="01/16/2003 12:26:43 PST Thu" abbrev="Place" name="Place" ID="4062">
        <definition>&lt;def-root&gt;This FE identifies the &lt;fen&gt;Place&lt;/fen&gt; where the abuse occurs.&lt;/def-root&gt;</definition>
        <semType name="Locative_relation" ID="182"/>
    </FE>
    <FE bgColor="FFA500" fgColor="FFFFFF" coreType="Peripheral" cBy="ACW" cDate="01/16/2003 12:42:52 PST Thu" abbrev="Time" name="Time" ID="4063">
        <definition>&lt;def-root&gt;This FE identifies the &lt;fen&gt;Time&lt;/fen&gt; when the abuse occurs.&lt;/def-root&gt;</definition>
        <semType name="Time" ID="141"/>
    </FE>
    <FE bgColor="FF00FF" fgColor="FFFFFF" coreType="Peripheral" cBy="MJE" cDate="07/21/2003 11:18:32 PDT Mon" abbrev="Man" name="Manner" ID="4801">
        <definition>&lt;def-root&gt;&lt;fen&gt;Manner&lt;/fen&gt; is used for any description of the abuse event which is not covered by more specific FEs, including secondary effects (&lt;ment&gt;quietly, loudly&lt;/ment&gt;), and general descriptions comparing events (&lt;ment&gt;the same way&lt;/ment&gt;). In addition, it may indicate salient characteristics of an &lt;fen&gt;Abuser&lt;/fen&gt; that also affect the action (&lt;ment&gt;presumptuously, coldly, deliberately, eagerly, carefully&lt;/ment&gt;). 
&lt;ex&gt;It is fair to say that it was &lt;fex name="Man"&gt;malicious&lt;/fex&gt; &lt;t&gt;abuse&lt;/t&gt;.&lt;/ex&gt;&lt;/def-root&gt;</definition>
        <semType name="Manner" ID="173"/>
    </FE>
    <FE bgColor="A52A2A" fgColor="FFFFFF" coreType="Peripheral" cBy="MJE" cDate="07/21/2003 11:25:34 PDT Mon" abbrev="Mns" name="Means" ID="4802">
        <definition>&lt;def-root&gt;This FE identifies the &lt;fen&gt;Means&lt;/fen&gt; by which the &lt;fen&gt;Abuser&lt;/fen&gt; accomplishes the abuse.

&lt;ex&gt;Fred &lt;t&gt;abused&lt;/t&gt; Martha &lt;fex name="Means"&gt;by locking her into a closet&lt;/fex&gt;.&lt;/ex&gt;&lt;/def-root&gt;</definition>
        <semType name="State_of_affairs" ID="177"/>
    </FE>
    <FE bgColor="808080" fgColor="FFFFFF" coreType="Peripheral" cBy="MJE" cDate="07/21/2003 11:30:17 PDT Mon" abbrev="Inst" name="Instrument" ID="4803">
        <definition>&lt;def-root&gt;An entity used by the &lt;fen&gt;Abuser&lt;/fen&gt; to accomplish the abuse.

&lt;ex&gt;Look, being &lt;t&gt;battered&lt;/t&gt; &lt;fex name="Instrument"&gt;with a mallet&lt;/fex&gt; is no one's idea of a good time.&lt;/ex&gt;&lt;/def-root&gt;</definition>
        <semType name="Physical_entity" ID="70"/>
    </FE>
    <FE bgColor="800080" fgColor="FFFFFF" coreType="Peripheral" cBy="MJE" cDate="07/21/2003 11:38:45 PDT Mon" abbrev="Purp" name="Purpose" ID="4804">
        <definition>&lt;def-root&gt;An action that the &lt;fen&gt;Abuser&lt;/fen&gt; intends to accomplish by performing the abuse. 

&lt;ex&gt;They are &lt;t&gt;abusive&lt;/t&gt; &lt;fex name="Purp"&gt;in order to get back at those who abused them&lt;/fex&gt;.&lt;/ex&gt;&lt;/def-root&gt;</definition>
        <semType name="State_of_affairs" ID="177"/>
    </FE>
    <FE bgColor="90876C" fgColor="FFFFFF" coreType="Extra-Thematic" cBy="MJE" cDate="07/21/2003 11:45:36 PDT Mon" abbrev="exp" name="Explanation" ID="4805">
        <definition>&lt;def-root&gt;The &lt;fen&gt;Explanation&lt;/fen&gt; denotes a proposition from which the main clause (headed by the target) logically follows. This often means that the &lt;fen&gt;Explanation&lt;/fen&gt; causes the target's proposition, but not in all cases.&lt;/def-root&gt;</definition>
        <semType name="State_of_affairs" ID="177"/>
    </FE>
    <FE bgColor="A52A2A" fgColor="FFFFFF" coreType="Peripheral" cBy="Hay" cDate="10/02/2003 11:40:55 PDT Thu" abbrev="Dur" name="Duration" ID="5468">
        <definition>&lt;def-root&gt;The amount of time that abuse occurs.

&lt;ex&gt;She had been &lt;t&gt;battered&lt;/t&gt; &lt;fex name="Dur"&gt;for years&lt;/fex&gt; before she even knew there was anything serious wrong.&lt;/ex&gt;&lt;/def-root&gt;</definition>
        <semType name="Duration" ID="142"/>
    </FE>
    <FE bgColor="0000FF" fgColor="FFFFFF" coreType="Extra-Thematic" cBy="Hay" cDate="10/02/2003 11:40:55 PDT Thu" abbrev="Freq" name="Frequency" ID="5469">
        <definition>&lt;def-root&gt;How often abuse occurs.

&lt;ex&gt;She had been abused &lt;fex name="Freq"&gt;too much&lt;/fex&gt; as a child &lt;fex name="Freq"&gt;to let it happen again&lt;/fex&gt;.&lt;/ex&gt;&lt;/def-root&gt;</definition>
    </FE>
    <FE bgColor="7CCD73" fgColor="FFFFFF" coreType="Extra-Thematic" cBy="KmG" cDate="08/08/2006 03:50:19 PDT Tue" abbrev="" name="Depictive" ID="10454">
        <definition>&lt;def-root&gt;This FE describes a participant of the state of affairs introduced by the target as being in some state during the action. The depicted state does not necessarily or usually facilitate or cause the state of affairs reported by the target. &lt;/def-root&gt;</definition>
    </FE>
    <FE bgColor="FFFF00" fgColor="000000" coreType="Extra-Thematic" cBy="KmG" cDate="09/27/2006 01:13:54 PDT Wed" abbrev="" name="Circumstances" ID="10635">
        <definition>&lt;def-root&gt;&lt;fen&gt;Circumstances&lt;/fen&gt; describe the state of the world (at a particular time and place) which is specifically independent of the event itself and any of its participants. &lt;/def-root&gt;</definition>
    </FE>
    <FE bgColor="EEE8AA" fgColor="000000" coreType="Extra-Thematic" cBy="KmG" cDate="01/05/2007 02:41:26 PST Fri" abbrev="" name="Period_of_iterations" ID="10959">
        <definition>&lt;def-root&gt;The length of time from when the Abusing event began to be repeated to when it stopped.&lt;/def-root&gt;</definition>
    </FE>
    <frameRelation type="Inherits from">
        <relatedFrame ID="700">Committing_crime</relatedFrame>
    </frameRelation>
    <frameRelation type="Is Inherited by"/>
    <frameRelation type="Perspective on"/>
    <frameRelation type="Is Perspectivized in"/>
    <frameRelation type="Uses">
        <relatedFrame ID="112">Cause_harm</relatedFrame>
    </frameRelation>
    <frameRelation type="Is Used by"/>
    <frameRelation type="Subframe of"/>
    <frameRelation type="Has Subframe(s)"/>
    <frameRelation type="Precedes"/>
    <frameRelation type="Is Preceded by"/>
    <frameRelation type="Is Inchoative of"/>
    <frameRelation type="Is Causative of"/>
    <frameRelation type="See also"/>
    <lexUnit status="Finished_Initial" POS="N" name="abuse.n" ID="7931" lemmaID="229" cBy="ACW" cDate="01/14/2003 02:42:52 PST Tue">
        <definition>COD: cruel and violent treatment</definition>
        <sentenceCount annotated="17" total="121"/>
        <lexeme order="1" headword="false" breakBefore="false" POS="N" name="abuse"/>
    </lexUnit>
    <lexUnit status="Finished_Initial" POS="V" name="abuse.v" ID="7932" lemmaID="230" cBy="ACW" cDate="01/14/2003 02:43:33 PST Tue">
        <definition>FN: to cruelly mistreat, esp. physically or sexually</definition>
        <sentenceCount annotated="15" total="111"/>
        <lexeme order="1" headword="false" breakBefore="false" POS="V" name="abuse"/>
    </lexUnit>
    <lexUnit status="Finished_Initial" POS="A" name="abusive.a" ID="7934" lemmaID="231" cBy="ACW" cDate="01/14/2003 02:43:50 PST Tue">
        <definition>FN: characterized by repeated mistreatment.</definition>
        <sentenceCount annotated="8" total="136"/>
        <lexeme order="1" headword="false" breakBefore="false" POS="A" name="abusive"/>
    </lexUnit>
    <lexUnit status="Finished_Initial" POS="V" name="batter.v" ID="7936" lemmaID="3044" cBy="ACW" cDate="01/14/2003 02:44:24 PST Tue">
        <definition>COD: subject (one's spouse, partner, or child) to repeated violence and assault</definition>
        <sentenceCount annotated="10" total="163"/>
        <lexeme order="1" headword="false" breakBefore="false" POS="V" name="batter"/>
    </lexUnit>
    <lexUnit status="Created" POS="N" name="domestic violence.n" ID="8081" lemmaID="47181" cBy="ACW" cDate="01/21/2003 01:38:24 PST Tue">
        <definition>FN: violence that occurs inside a family</definition>
        <sentenceCount annotated="0" total="0"/>
        <lexeme order="1" headword="false" breakBefore="false" POS="A" name="domestic"/>
        <lexeme order="2" headword="true" breakBefore="false" POS="N" name="violence"/>
    </lexUnit>
    <lexUnit status="Finished_Initial" POS="V" name="maltreat.v" ID="13460" lemmaID="23299" cBy="RLG" cDate="08/14/2006 03:57:36 PDT Mon">
        <definition>COD: treat cruelly or with violence.</definition>
        <sentenceCount annotated="9" total="20"/>
        <lexeme order="1" headword="false" breakBefore="false" POS="V" name="maltreat"/>
    </lexUnit>
    <lexUnit status="Created" POS="N" name="maltreatment.n" ID="13461" lemmaID="23300" cBy="RLG" cDate="08/14/2006 03:59:00 PDT Mon">
        <definition>FN: cruel, improper actions taken upon someone.</definition>
        <sentenceCount annotated="0" total="0"/>
        <lexeme order="1" headword="false" breakBefore="false" POS="N" name="maltreatment"/>
    </lexUnit>
</frame>