<?xml version="1.0" encoding="UTF-8" standalone="yes"?>
<?xml-stylesheet type="text/xsl" href="frame.xsl"?>
<frame cBy="MJE" cDate="09/24/2002 04:10:46 PDT Tue" name="Achieving_first" ID="403" xsi:schemaLocation="../schema/frame.xsd" xmlns="http://framenet.icsi.berkeley.edu" xmlns:xsi="http://www.w3.org/2001/XMLSchema-instance">
    <definition>&lt;def-root&gt;A &lt;fen&gt;Cognizer&lt;/fen&gt; introduces a &lt;fen&gt;New_idea&lt;/fen&gt; into society.

&lt;ex&gt;It is difficult to imagine how different our lives would be without &lt;fex name="Cognizer"&gt;Edison's&lt;/fex&gt; &lt;t&gt;invention&lt;/t&gt; &lt;fex name="New_idea"&gt;of the light bulb.&lt;/fex&gt;&lt;/ex&gt;

&lt;/def-root&gt;</definition>
    <FE bgColor="FF0000" fgColor="FFFFFF" coreType="Core" cBy="MJE" cDate="09/24/2002 05:56:22 PDT Tue" abbrev="Cog" name="Cognizer" ID="3725">
        <definition>&lt;def-root&gt;The &lt;fen&gt;Cognizer&lt;/fen&gt; comes up with or conceptualizes the &lt;fen&gt;New_idea&lt;/fen&gt;. It is normally expressed as an External Argument: 
&lt;ex&gt;&lt;fex name="Cognizer"&gt;Kim Sung&lt;/fex&gt; &lt;t&gt;invented&lt;/t&gt; cinnamon cheez fries in 1988.&lt;/ex&gt;&lt;/def-root&gt;</definition>
        <semType name="Sentient" ID="5"/>
    </FE>
    <FE bgColor="0000FF" fgColor="FFFFFF" coreType="Core" cBy="MJE" cDate="09/24/2002 05:59:37 PDT Tue" abbrev="New" name="New_idea" ID="3726">
        <definition>&lt;def-root&gt;The &lt;fen&gt;New_idea&lt;/fen&gt; is a concept not previously present in society which the &lt;fen&gt;Cognizer&lt;/fen&gt; introduces.&lt;/def-root&gt;</definition>
    </FE>
    <FE bgColor="FFA500" fgColor="FFFFFF" coreType="Peripheral" cBy="MJE" cDate="09/24/2002 06:07:55 PDT Tue" abbrev="Time" name="Time" ID="3727">
        <definition>&lt;def-root&gt;This FE identifies the &lt;fen&gt;Time&lt;/fen&gt; when the &lt;fen&gt;Cognizer&lt;/fen&gt; comes up with the &lt;fen&gt;New_idea&lt;/fen&gt;.
&lt;ex&gt;The strong gravitic shield was &lt;t&gt;discovered&lt;/t&gt; &lt;fex name="Time"&gt;in 2162&lt;/fex&gt;.&lt;/ex&gt;&lt;/def-root&gt;</definition>
        <semType name="Time" ID="141"/>
    </FE>
    <FE bgColor="008000" fgColor="FFFFFF" coreType="Peripheral" cBy="MJE" cDate="09/24/2002 06:09:05 PDT Tue" abbrev="Place" name="Place" ID="3728">
        <definition>&lt;def-root&gt;This FE identifies the &lt;fen&gt;Place&lt;/fen&gt; where the &lt;fen&gt;Cognizer&lt;/fen&gt; comes up with the &lt;fen&gt;New_idea&lt;/fen&gt;.
&lt;ex&gt;Was the light bulb &lt;t&gt;invented&lt;/t&gt; &lt;fex name="Place"&gt;in Austria&lt;/fex&gt;?&lt;/ex&gt;&lt;/def-root&gt;</definition>
        <semType name="Locative_relation" ID="182"/>
    </FE>
    <FE bgColor="A52A2A" fgColor="FFFFFF" coreType="Peripheral" cBy="MJE" cDate="09/25/2002 02:37:45 PDT Wed" abbrev="Mns" name="Means" ID="3729">
        <definition>&lt;def-root&gt;This FE identifies the &lt;fen&gt;Means&lt;/fen&gt; by which the &lt;fen&gt;Cognizer&lt;/fen&gt; accomplishes the innovative achievement.
&lt;ex&gt;Jo &lt;t&gt;invented&lt;/t&gt; 550 different electronic devices &lt;fex name="Mns"&gt;by tinkering with old cables&lt;/fex&gt;.&lt;/ex&gt;&lt;/def-root&gt;</definition>
        <semType name="State_of_affairs" ID="177"/>
    </FE>
    <FE bgColor="800080" fgColor="FFFFFF" coreType="Peripheral" cBy="MJE" cDate="09/25/2002 03:16:24 PDT Wed" abbrev="Purp" name="Purpose" ID="3730">
        <definition>&lt;def-root&gt;This FE identifies the &lt;fen&gt;Purpose&lt;/fen&gt; for which the &lt;fen&gt;Cognizer&lt;/fen&gt; creates the &lt;fen&gt;New_idea&lt;/fen&gt; . &lt;ex&gt;He &lt;t&gt;invented&lt;/t&gt; the holographic charge-distributor &lt;fex name="Purp"&gt;to protect office buildings&lt;/fex&gt;.&lt;/ex&gt;&lt;/def-root&gt;</definition>
        <semType name="State_of_affairs" ID="177"/>
    </FE>
    <FE bgColor="90876C" fgColor="FFFFFF" coreType="Extra-Thematic" cBy="MJE" cDate="09/25/2002 03:23:15 PDT Wed" abbrev="Exp" name="Explanation" ID="3731">
        <definition>&lt;def-root&gt;This FE identifies the &lt;fen&gt;Explanation&lt;/fen&gt; for which the &lt;fen&gt;Cognizer&lt;/fen&gt; created the
&lt;fen&gt;New_idea&lt;/fen&gt;.

&lt;ex&gt;Wildcom &lt;t&gt;pioneered&lt;/t&gt; the use of short wire segments &lt;fex name="Explanation"&gt;because of rising wire costs&lt;/fex&gt;.&lt;/ex&gt;&lt;/def-root&gt;</definition>
        <semType name="State_of_affairs" ID="177"/>
    </FE>
    <FE bgColor="1E90FF" fgColor="FFFFFF" coreType="Peripheral" cBy="MJE" cDate="10/02/2002 04:12:38 PDT Wed" abbrev="Fld" name="Field" ID="3755">
        <definition>&lt;def-root&gt;The &lt;fen&gt;Field&lt;/fen&gt; is the general domain of endeavor to which the &lt;fen&gt;Cognizer&lt;/fen&gt; is contributing and of which the &lt;fen&gt;New_idea&lt;/fen&gt; is a part.
&lt;ex&gt;These photochemical techniques were &lt;t&gt;pioneered&lt;/t&gt; &lt;fex name="Fld"&gt;in broadcasting&lt;/fex&gt;.&lt;/ex&gt;&lt;/def-root&gt;</definition>
    </FE>
    <FE bgColor="A9A9A9" fgColor="FFFFFF" coreType="Peripheral" cBy="MJE" cDate="08/04/2003 02:39:18 PDT Mon" abbrev="Instr" name="Instrument" ID="4896">
        <definition>&lt;def-root&gt;An entity used by the &lt;fen&gt;Cognizer&lt;/fen&gt; to achieve the introduction of the &lt;fen&gt;New_idea&lt;/fen&gt; into society.&lt;/def-root&gt;</definition>
        <semType name="Physical_entity" ID="70"/>
    </FE>
    <FE bgColor="FF00FF" fgColor="FFFFFF" coreType="Peripheral" cBy="MJE" cDate="08/04/2003 02:44:43 PDT Mon" abbrev="Mnr" name="Manner" ID="4897">
        <definition>&lt;def-root&gt;Any description of the creative event which is not covered by more specific FEs, including secondary effects (&lt;ment&gt;quietly, loudly&lt;/ment&gt;), and general descriptions comparing events (&lt;ment&gt;the same way&lt;/ment&gt;). In addition, it may indicate salient characteristics of a &lt;fen&gt;Cognizer&lt;/fen&gt; that also affect the action (&lt;ment&gt;presumptuously, coldly, deliberately, eagerly, carefully&lt;/ment&gt;). 
&lt;/def-root&gt;</definition>
        <semType name="Manner" ID="173"/>
    </FE>
    <FE bgColor="9400D3" fgColor="FFFFFF" coreType="Peripheral" cBy="MJE" cDate="08/04/2003 05:29:19 PDT Mon" abbrev="" name="Basis" ID="4899">
        <definition>&lt;def-root&gt;The conceptual material from which the &lt;fen&gt;Cognizer&lt;/fen&gt; invents the &lt;fen&gt;New_idea&lt;/fen&gt;.

&lt;ex&gt;Galen &lt;t&gt;invented&lt;/t&gt; the term 'gonorrhea' &lt;fex name="Basis"&gt;from the words for genital and flow&lt;/fex&gt;.&lt;/ex&gt;&lt;/def-root&gt;</definition>
    </FE>
    <FE bgColor="00BFFF" fgColor="FFFFFF" coreType="Extra-Thematic" cBy="MJE" cDate="06/12/2008 01:39:40 PDT Thu" abbrev="" name="Location_of_appearance" ID="12778">
        <definition>&lt;def-root&gt;The Location_of_appearance is where the Invention is first discovered by others.

&lt;ex&gt;This term was &lt;t&gt;coined&lt;/t&gt; by James Joyce &lt;fex name="Location_of_appearance"&gt;in his second novel&lt;/fex&gt;.&lt;/ex&gt;&lt;/def-root&gt;</definition>
    </FE>
    <frameRelation type="Inherits from">
        <relatedFrame ID="280">Intentionally_create</relatedFrame>
    </frameRelation>
    <frameRelation type="Is Inherited by"/>
    <frameRelation type="Perspective on"/>
    <frameRelation type="Is Perspectivized in"/>
    <frameRelation type="Uses">
        <relatedFrame ID="1027">First_experience</relatedFrame>
    </frameRelation>
    <frameRelation type="Is Used by"/>
    <frameRelation type="Subframe of">
        <relatedFrame ID="2690">Product_development_scenario</relatedFrame>
    </frameRelation>
    <frameRelation type="Has Subframe(s)"/>
    <frameRelation type="Precedes">
        <relatedFrame ID="2691">Product_development</relatedFrame>
    </frameRelation>
    <frameRelation type="Is Preceded by"/>
    <frameRelation type="Is Inchoative of"/>
    <frameRelation type="Is Causative of"/>
    <frameRelation type="See also"/>
    <lexUnit status="Finished_Initial" POS="V" name="originate.v" ID="7438" lemmaID="26962" cBy="MJE" cDate="09/24/2002 04:15:44 PDT Tue">
        <definition>COD: create or initiate. </definition>
        <sentenceCount annotated="19" total="140"/>
        <lexeme order="1" headword="false" breakBefore="false" POS="V" name="originate"/>
    </lexUnit>
    <lexUnit status="Finished_Initial" POS="V" name="pioneer.v" ID="7439" lemmaID="29089" cBy="MJE" cDate="09/24/2002 04:16:38 PDT Tue">
        <definition>FN: be the first to do something that becomes thereafter adopted as a common, accepted technique. </definition>
        <sentenceCount annotated="39" total="212"/>
        <lexeme order="1" headword="false" breakBefore="false" POS="V" name="pioneer"/>
    </lexUnit>
    <lexUnit status="Created" POS="V" name="invent.v" ID="7440" lemmaID="20518" cBy="MJE" cDate="09/24/2002 04:17:23 PDT Tue">
        <definition>COD: create or design (a new device, process, etc.).</definition>
        <sentenceCount annotated="30" total="30"/>
        <lexeme order="1" headword="false" breakBefore="false" POS="V" name="invent"/>
    </lexUnit>
    <lexUnit status="Finished_Initial" POS="V" name="discover.v" ID="7441" lemmaID="10896" cBy="MJE" cDate="09/24/2002 04:20:00 PDT Tue">
        <definition>COD: be the first to find or observe (a place, substance, or scientific phenomenon). </definition>
        <sentenceCount annotated="16" total="259"/>
        <lexeme order="1" headword="false" breakBefore="false" POS="V" name="discover"/>
    </lexUnit>
    <lexUnit status="Finished_Initial" POS="V" name="coin.v" ID="7442" lemmaID="7119" cBy="MJE" cDate="09/24/2002 04:20:57 PDT Tue">
        <definition>COD: invent or devise (a new word or phrase).</definition>
        <sentenceCount annotated="39" total="330"/>
        <lexeme order="1" headword="false" breakBefore="false" POS="V" name="coin"/>
    </lexUnit>
    <lexUnit status="Created" POS="N" name="coinage.n" ID="7443" lemmaID="7120" cBy="MJE" cDate="09/24/2002 05:53:30 PDT Tue">
        <definition>FN: the process of inventing new words</definition>
        <sentenceCount annotated="0" total="0"/>
        <lexeme order="1" headword="false" breakBefore="false" POS="N" name="coinage"/>
    </lexUnit>
    <lexUnit status="Created" POS="N" name="discovery.n" ID="7444" lemmaID="10899" cBy="MJE" cDate="09/24/2002 05:53:43 PDT Tue">
        <definition>FN: the act of finding something new to the world or one's social group</definition>
        <sentenceCount annotated="2" total="2"/>
        <lexeme order="1" headword="false" breakBefore="false" POS="N" name="discovery"/>
    </lexUnit>
    <lexUnit status="Created" POS="N" name="discoverer.n" ID="7445" lemmaID="10898" cBy="MJE" cDate="09/24/2002 05:53:55 PDT Tue">
        <definition>FN: a person who discovers something new to the world or his or her social group</definition>
        <sentenceCount annotated="0" total="0"/>
        <lexeme order="1" headword="false" breakBefore="false" POS="N" name="discoverer"/>
    </lexUnit>
    <lexUnit status="Created" POS="N" name="originator.n" ID="7446" lemmaID="26963" cBy="MJE" cDate="09/24/2002 05:54:08 PDT Tue">
        <definition>FN: one who creates a new practice or social institution</definition>
        <sentenceCount annotated="0" total="0"/>
        <lexeme order="1" headword="false" breakBefore="false" POS="N" name="originator"/>
    </lexUnit>
    <lexUnit status="Finished_Initial" POS="N" name="inventor.n" ID="7447" lemmaID="20523" cBy="MJE" cDate="09/24/2002 05:54:24 PDT Tue">
        <definition>FN: one who creates a new and useful device or process</definition>
        <sentenceCount annotated="21" total="141"/>
        <lexeme order="1" headword="false" breakBefore="false" POS="N" name="inventor"/>
    </lexUnit>
    <lexUnit status="Created" POS="N" name="invention.n" ID="7448" lemmaID="20519" cBy="MJE" cDate="09/24/2002 05:54:34 PDT Tue">
        <definition>FN: the act of creating a new device or process for some useful end</definition>
        <sentenceCount annotated="10" total="11"/>
        <lexeme order="1" headword="false" breakBefore="false" POS="N" name="invention"/>
    </lexUnit>
    <lexUnit status="Created" POS="N" name="pioneer.n" ID="7449" lemmaID="29088" cBy="MJE" cDate="09/24/2002 05:55:12 PDT Tue">
        <definition>FN: one who goes first into unknown territory or who is the first to develop a process or product in a new field of thought</definition>
        <sentenceCount annotated="2" total="2"/>
        <lexeme order="1" headword="false" breakBefore="false" POS="N" name="pioneer"/>
    </lexUnit>
    <lexUnit status="Created" POS="A" name="pioneering.a" ID="7450" lemmaID="46118" cBy="MJE" cDate="09/24/2002 05:55:27 PDT Tue">
        <definition>FN: the activity of being a pioneer</definition>
        <sentenceCount annotated="0" total="0"/>
        <lexeme order="1" headword="false" breakBefore="false" POS="A" name="pioneering"/>
    </lexUnit>
    <lexUnit status="Created" POS="V" name="find.v" ID="16604" lemmaID="14391" cBy="CVa" cDate="09/13/2011 05:10:23 PDT Tue">
        <definition>FN: to invent; to discover something before anyone else</definition>
        <sentenceCount annotated="2" total="2"/>
        <lexeme order="1" headword="false" breakBefore="false" POS="V" name="find"/>
    </lexUnit>
    <lexUnit status="Created" POS="N" name="invention artifact.n" ID="17657" lemmaID="20519" cBy="MJE" cDate="07/24/2014 06:53:15 PDT Thu">
        <definition>FN: the entity produced by the invention process.</definition>
        <sentenceCount annotated="8" total="8"/>
        <lexeme order="1" headword="false" breakBefore="false" POS="N" name="invention"/>
    </lexUnit>
</frame>