<?xml version="1.0" encoding="UTF-8" standalone="yes"?>
<?xml-stylesheet type="text/xsl" href="frame.xsl"?>
<frame cBy="MJE" cDate="07/10/2001 08:00:36 PDT Tue" name="Activity_ongoing" ID="164" xsi:schemaLocation="../schema/frame.xsd" xmlns="http://framenet.icsi.berkeley.edu" xmlns:xsi="http://www.w3.org/2001/XMLSchema-instance">
    <definition>&lt;def-root&gt;An &lt;fen&gt;Agent&lt;/fen&gt; is performing the portion of an &lt;fen&gt;Activity&lt;/fen&gt; in which there is dynamic stability.
&lt;ex&gt;&lt;/ex&gt;
&lt;ex&gt;Not noticing the hoards of people rushing by the window, &lt;fex name="Agent"&gt;Manny&lt;/fex&gt; &lt;t&gt;continued&lt;/t&gt; &lt;fex name="Activity"&gt;eating his lunch&lt;/fex&gt;.&lt;/ex&gt;

&lt;ex&gt;&lt;t&gt;Keep&lt;/t&gt; &lt;fex name="Activity"&gt;living the dream&lt;/fex&gt;!&lt;/ex&gt;

&lt;/def-root&gt;</definition>
    <FE bgColor="006400" fgColor="FFFFFF" coreType="Core" cBy="MJE" cDate="07/16/2001 06:46:32 PDT Mon" abbrev="Dur" name="Duration" ID="1418">
        <definition>&lt;def-root&gt;Duration denotes the length of &lt;fen&gt;Time&lt;/fen&gt; from the beginning of a continuous situation (the one denoted by the target) to its end. In many cases, the continuous situation is a dynamic action which is ongoing, while in others it is simply an undifferentiated state.&lt;/def-root&gt;</definition>
        <semType name="Duration" ID="142"/>
    </FE>
    <FE bgColor="0000FF" fgColor="FFFFFF" coreType="Core" cBy="MJE" cDate="07/16/2001 06:46:32 PDT Mon" abbrev="Activity" name="Activity" ID="1419">
        <definition>&lt;def-root&gt;This FE identifies the name of the ongoing &lt;fen&gt;Activity&lt;/fen&gt; in which an &lt;fen&gt;Agent&lt;/fen&gt; engages.&lt;/def-root&gt;</definition>
    </FE>
    <FE bgColor="008000" fgColor="FFFFFF" coreType="Peripheral" cBy="MJE" cDate="07/16/2001 06:46:32 PDT Mon" abbrev="Place" name="Place" ID="1420">
        <definition>&lt;def-root&gt;This FE identifies the &lt;fen&gt;Place&lt;/fen&gt; where the ongoing &lt;fen&gt;Activity&lt;/fen&gt; occurs.&lt;/def-root&gt;</definition>
        <semType name="Locative_relation" ID="182"/>
    </FE>
    <FE bgColor="800080" fgColor="FFFFFF" coreType="Extra-Thematic" cBy="MJE" cDate="07/16/2001 06:46:32 PDT Mon" abbrev="Purp" name="Purpose" ID="1421">
        <definition>&lt;def-root&gt;This FE identifies the &lt;fen&gt;Purpose&lt;/fen&gt; for which an &lt;fen&gt;Agent&lt;/fen&gt; is engaged in an ongoing &lt;fen&gt;Activity&lt;/fen&gt;.&lt;/def-root&gt;</definition>
        <semType name="State_of_affairs" ID="177"/>
    </FE>
    <FE bgColor="FFA500" fgColor="FFFFFF" coreType="Peripheral" cBy="MJE" cDate="07/16/2001 06:46:32 PDT Mon" abbrev="Time" name="Time" ID="1422">
        <definition>&lt;def-root&gt;This FE identifies the &lt;fen&gt;Time&lt;/fen&gt; when an ongoing &lt;fen&gt;Activity&lt;/fen&gt; occurs.&lt;/def-root&gt;</definition>
        <semType name="Time" ID="141"/>
    </FE>
    <FE bgColor="9400D3" fgColor="FFFFFF" coreType="Extra-Thematic" cBy="MJE" cDate="07/16/2001 06:46:32 PDT Mon" abbrev="Depict" name="Depictive" ID="1424">
        <definition>&lt;def-root&gt;This FE is used for the &lt;fen&gt;Depictive&lt;/fen&gt; phrase describing the actor or undergoer of an &lt;fen&gt;Activity&lt;/fen&gt;.&lt;ex&gt;They &lt;t&gt;continued&lt;/t&gt; arguing &lt;fex name="Depictive"&gt;naked&lt;/fex&gt;.&lt;/ex&gt;&lt;/def-root&gt;</definition>
    </FE>
    <FE bgColor="FF00FF" fgColor="FFFFFF" coreType="Peripheral" cBy="MJE" cDate="07/16/2001 06:46:32 PDT Mon" abbrev="Manr" name="Manner" ID="1425">
        <definition>&lt;def-root&gt;This FE identifies the &lt;fen&gt;Manner&lt;/fen&gt; in which an &lt;fen&gt;Agent&lt;/fen&gt; performs an ongoing &lt;fen&gt;Activity&lt;/fen&gt;.&lt;/def-root&gt;</definition>
        <semType name="Manner" ID="173"/>
    </FE>
    <FE bgColor="A52A2A" fgColor="FFFFFF" coreType="Peripheral" cBy="MJE" cDate="07/16/2001 06:46:32 PDT Mon" abbrev="Mns" name="Means" ID="1426">
        <definition>&lt;def-root&gt;This FE identifies the &lt;fen&gt;Means&lt;/fen&gt; by which an &lt;fen&gt;Agent&lt;/fen&gt; engages in an ongoing &lt;fen&gt;Activity&lt;/fen&gt;.&lt;/def-root&gt;</definition>
        <semType name="State_of_affairs" ID="177"/>
    </FE>
    <FE bgColor="00008B" fgColor="FFFFFF" coreType="Extra-Thematic" cBy="MJE" cDate="07/16/2001 06:46:32 PDT Mon" abbrev="Co-t" name="Co-timed_event" ID="1427">
        <definition>&lt;def-root&gt;This FE identifies the &lt;fen&gt;Co-timed_event&lt;/fen&gt; with which the &lt;fen&gt;Agent&lt;/fen&gt; continues an ongoing &lt;fen&gt;Activity&lt;/fen&gt;.&lt;ex&gt;We &lt;t&gt;continued&lt;/t&gt; the meeting &lt;fex name="Co-timed_event"&gt;with a discussion of the crisis in Africa&lt;/fex&gt;.&lt;/ex&gt;&lt;/def-root&gt;</definition>
    </FE>
    <FE bgColor="FF0000" fgColor="FFFFFF" coreType="Core" cBy="MRLP" cDate="04/05/2002 04:13:40 PST Fri" abbrev="Agent" name="Agent" ID="2579">
        <definition>&lt;def-root&gt;The &lt;fen&gt;Agent&lt;/fen&gt; engages in an ongoing &lt;fen&gt;Activity&lt;/fen&gt;.&lt;/def-root&gt;</definition>
        <semType name="Sentient" ID="5"/>
    </FE>
    <FE bgColor="90876C" fgColor="FFFFFF" coreType="Extra-Thematic" cBy="KmG" cDate="05/25/2006 04:09:39 PDT Thu" abbrev="" name="Explanation" ID="10124">
        <definition>&lt;def-root&gt;The &lt;fen&gt;Explanation&lt;/fen&gt; denotes a proposition from which the main clause (headed by the target) logically follows. This often means that the &lt;fen&gt;Explanation&lt;/fen&gt; causes the target's proposition, but not in all cases. &lt;/def-root&gt;</definition>
        <semType name="State_of_affairs" ID="177"/>
    </FE>
    <FE bgColor="EEE8AA" fgColor="000000" coreType="Extra-Thematic" cBy="KmG" cDate="05/26/2006 09:57:06 PDT Fri" abbrev="" name="Event_description" ID="10126">
        <definition>&lt;def-root&gt;In general, this FE is used for phrases that describe the clause of the target as a whole. &lt;/def-root&gt;</definition>
    </FE>
    <FE bgColor="d0d0d0" fgColor="000000" coreType="Extra-Thematic" cBy="KmG" cDate="05/26/2006 10:02:03 PDT Fri" abbrev="" name="Circumstances" ID="10127">
        <definition>&lt;def-root&gt;Circumstances describe the state of the world (at a particular time and place) which is specifically independent of the event itself and any of its participants. &lt;/def-root&gt;</definition>
    </FE>
    <frameRelation type="Inherits from">
        <relatedFrame ID="145">Process_continue</relatedFrame>
    </frameRelation>
    <frameRelation type="Is Inherited by">
        <relatedFrame ID="2800">Retaining</relatedFrame>
    </frameRelation>
    <frameRelation type="Perspective on"/>
    <frameRelation type="Is Perspectivized in"/>
    <frameRelation type="Uses"/>
    <frameRelation type="Is Used by">
        <relatedFrame ID="276">Cause_to_move_in_place</relatedFrame>
        <relatedFrame ID="1540">Being_active</relatedFrame>
        <relatedFrame ID="1904">Lively_place</relatedFrame>
    </frameRelation>
    <frameRelation type="Subframe of">
        <relatedFrame ID="124">Activity</relatedFrame>
    </frameRelation>
    <frameRelation type="Has Subframe(s)"/>
    <frameRelation type="Precedes">
        <relatedFrame ID="167">Activity_pause</relatedFrame>
        <relatedFrame ID="165">Activity_finish</relatedFrame>
        <relatedFrame ID="166">Activity_stop</relatedFrame>
    </frameRelation>
    <frameRelation type="Is Preceded by">
        <relatedFrame ID="146">Activity_start</relatedFrame>
        <relatedFrame ID="1156">Activity_resume</relatedFrame>
    </frameRelation>
    <frameRelation type="Is Inchoative of"/>
    <frameRelation type="Is Causative of"/>
    <frameRelation type="See also"/>
    <lexUnit status="Finished_Initial" POS="V" name="keep.v" ID="4347" lemmaID="21234" cBy="MJE" cDate="10/25/2001 07:59:40 PDT Thu">
        <definition>COD: continue or cause to continue in a specified condition, position, or activity.</definition>
        <sentenceCount annotated="25" total="193"/>
        <lexeme order="1" headword="false" breakBefore="false" POS="V" name="keep"/>
    </lexUnit>
    <lexUnit status="Problem" POS="V" name="maintain.v" ID="5434" lemmaID="23197" cBy="MRLP" cDate="04/05/2002 12:53:01 PST Fri">
        <definition>COD: cause or enable (a condition or state of affairs) to continue. </definition>
        <sentenceCount annotated="11" total="11"/>
        <lexeme order="1" headword="false" breakBefore="false" POS="V" name="maintain"/>
    </lexUnit>
    <lexUnit status="Finished_Initial" POS="V" name="continue.v" ID="5435" lemmaID="8085" cBy="MRLP" cDate="04/05/2002 12:53:22 PST Fri">
        <definition>COD: persist in an activity or process. </definition>
        <sentenceCount annotated="59" total="339"/>
        <lexeme order="1" headword="false" breakBefore="false" POS="V" name="continue"/>
    </lexUnit>
    <lexUnit status="Created" POS="V" name="carry on.v" ID="11353" lemmaID="49760" cBy="MiL" cDate="11/30/2004 04:11:02 PST Tue">
        <definition>COD: continue an activity or task.</definition>
        <sentenceCount annotated="1" total="1"/>
        <lexeme order="1" headword="true" breakBefore="false" POS="V" name="carry"/>
        <lexeme order="2" headword="false" breakBefore="true" POS="PREP" name="on"/>
    </lexUnit>
    <lexUnit status="Created" POS="N" name="maintenance.n" ID="12166" lemmaID="23199" cBy="JKR" cDate="06/02/2005 03:29:51 PDT Thu">
        <definition>COD: the process or state of maintaining or being maintained.</definition>
        <sentenceCount annotated="2" total="2"/>
        <lexeme order="1" headword="false" breakBefore="false" POS="N" name="maintenance"/>
    </lexUnit>
    <lexUnit status="Problem" POS="V" name="proceed.v" ID="12445" lemmaID="30540" cBy="JKR" cDate="07/14/2005 12:20:33 PDT Thu">
        <definition>COD: go on to do something.</definition>
        <sentenceCount annotated="15" total="189"/>
        <lexeme order="1" headword="false" breakBefore="false" POS="V" name="proceed"/>
    </lexUnit>
    <lexUnit status="Created" POS="V" name="keep on.v" ID="13201" lemmaID="50360" cBy="MiL" cDate="05/25/2006 01:28:22 PDT Thu">
        <definition>continue performing an activity, may be iterative or continuous, object may be omitted by DNI. </definition>
        <sentenceCount annotated="0" total="0"/>
        <lexeme order="1" headword="true" breakBefore="false" POS="V" name="keep"/>
        <lexeme order="2" headword="false" breakBefore="false" POS="PREP" name="on"/>
    </lexUnit>
    <lexUnit status="Created" POS="V" name="keep up.v" ID="13202" lemmaID="50361" cBy="MiL" cDate="05/25/2006 01:30:43 PDT Thu">
        <definition>Ccontinue performing an activity at the same pace. </definition>
        <sentenceCount annotated="0" total="0"/>
        <lexeme order="1" headword="true" breakBefore="false" POS="V" name="keep"/>
        <lexeme order="2" headword="false" breakBefore="false" POS="ADV" name="up"/>
    </lexUnit>
</frame>