<?xml version="1.0" encoding="UTF-8" standalone="yes"?>
<?xml-stylesheet type="text/xsl" href="frame.xsl"?>
<frame cBy="MJE" cDate="07/10/2001 08:50:10 PDT Tue" name="Activity_abandoned_state" ID="168" xsi:schemaLocation="../schema/frame.xsd" xmlns="http://framenet.icsi.berkeley.edu" xmlns:xsi="http://www.w3.org/2001/XMLSchema-instance">
    <definition>&lt;def-root&gt;An &lt;fen&gt;Agent&lt;/fen&gt; is in an unfinished part of an activity.&lt;/def-root&gt;</definition>
    <semType name="Non-Lexical Frame" ID="16"/>
    <FE bgColor="FF0000" fgColor="FFFFFF" coreType="Core" cBy="MRLP" cDate="04/05/2002 03:41:37 PST Fri" abbrev="Agent" name="Agent" ID="2575">
        <definition>&lt;def-root&gt;This FE identifies the &lt;fen&gt;Agent&lt;/fen&gt; in an unfinished &lt;fen&gt;State&lt;/fen&gt; of an activity.&lt;/def-root&gt;</definition>
        <semType name="Sentient" ID="5"/>
    </FE>
    <FE bgColor="FFA500" fgColor="FFFFFF" coreType="Peripheral" cBy="MJE" cDate="07/19/2006 04:59:31 PDT Wed" abbrev="tim" name="Time" ID="10391">
        <definition>&lt;def-root&gt;The time at which the &lt;fen&gt;Agent&lt;/fen&gt; and Activity remain unfinished.&lt;/def-root&gt;</definition>
    </FE>
    <FE bgColor="008000" fgColor="FFFFFF" coreType="Peripheral" cBy="MJE" cDate="07/19/2006 05:00:50 PDT Wed" abbrev="dur" name="Duration" ID="10392">
        <definition>&lt;def-root&gt;The length of time that the Activity remains unfinished.&lt;/def-root&gt;</definition>
    </FE>
    <FE bgColor="800080" fgColor="FFFFFF" coreType="Core" cBy="MJE" cDate="07/19/2006 05:01:39 PDT Wed" abbrev="act" name="Activity" ID="10393">
        <definition>&lt;def-root&gt;The process that the &lt;fen&gt;Agent&lt;/fen&gt; is performing.&lt;/def-root&gt;</definition>
    </FE>
    <FE bgColor="00008B" fgColor="FFFFFF" coreType="Peripheral" cBy="MJE" cDate="07/19/2006 05:40:39 PDT Wed" abbrev="pla" name="Place" ID="10410">
        <definition>&lt;def-root&gt;The location at which the &lt;fen&gt;Activity&lt;/fen&gt; is no longer in progress.&lt;/def-root&gt;</definition>
    </FE>
    <frameRelation type="Inherits from">
        <relatedFrame ID="1764">Process_uncompleted_state</relatedFrame>
    </frameRelation>
    <frameRelation type="Is Inherited by"/>
    <frameRelation type="Perspective on"/>
    <frameRelation type="Is Perspectivized in"/>
    <frameRelation type="Uses">
        <relatedFrame ID="153">Process_stopped_state</relatedFrame>
    </frameRelation>
    <frameRelation type="Is Used by"/>
    <frameRelation type="Subframe of">
        <relatedFrame ID="124">Activity</relatedFrame>
    </frameRelation>
    <frameRelation type="Has Subframe(s)"/>
    <frameRelation type="Precedes"/>
    <frameRelation type="Is Preceded by">
        <relatedFrame ID="166">Activity_stop</relatedFrame>
    </frameRelation>
    <frameRelation type="Is Inchoative of"/>
    <frameRelation type="Is Causative of"/>
    <frameRelation type="See also"/>
</frame>