<?xml version="1.0" encoding="UTF-8" standalone="yes"?>
<?xml-stylesheet type="text/xsl" href="frame.xsl"?>
<frame cBy="MJE" cDate="06/28/2001 04:19:24 PDT Thu" name="Activity_start" ID="146" xsi:schemaLocation="../schema/frame.xsd" xmlns="http://framenet.icsi.berkeley.edu" xmlns:xsi="http://www.w3.org/2001/XMLSchema-instance">
    <definition>&lt;def-root&gt;An &lt;fen&gt;Agent&lt;/fen&gt; initiates the beginning of an ongoing &lt;fen&gt;Activity&lt;/fen&gt; in which he will be continuously involved.
&lt;ex&gt;&lt;/ex&gt;
&lt;ex&gt;&lt;fex name="Time"&gt;At the same time&lt;/fex&gt;, &lt;fex name="Agent"&gt;city-states&lt;/fex&gt; &lt;t&gt;began&lt;/t&gt; &lt;fex name="Activity"&gt;to grow in influence&lt;/fex&gt; &lt;fex name="Place"&gt;on the southern Greek mainland&lt;/fex&gt;.&lt;/ex&gt;

&lt;ex&gt;Naturally, &lt;fex name="Agent"&gt;I&lt;/fex&gt; &lt;t&gt;started&lt;/t&gt; &lt;fex name="Activity"&gt;crying&lt;/fex&gt; &lt;fex name="Purpose"&gt;to get out of work&lt;/fex&gt;.&lt;/ex&gt;

&lt;/def-root&gt;</definition>
    <FE bgColor="008000" fgColor="FFFFFF" coreType="Peripheral" cBy="MJE" cDate="06/28/2001 04:23:54 PDT Thu" abbrev="Place" name="Place" ID="1158">
        <definition>&lt;def-root&gt;This FE identifies the &lt;fen&gt;Place&lt;/fen&gt; where the &lt;fen&gt;Agent&lt;/fen&gt; starts an &lt;fen&gt;Activity&lt;/fen&gt;.&lt;/def-root&gt;</definition>
        <semType name="Locative_relation" ID="182"/>
    </FE>
    <FE bgColor="800080" fgColor="FFFFFF" coreType="Peripheral" cBy="MJE" cDate="06/28/2001 04:23:54 PDT Thu" abbrev="Purp" name="Purpose" ID="1159">
        <definition>&lt;def-root&gt;This FE identifies the &lt;fen&gt;Purpose&lt;/fen&gt; for which an &lt;fen&gt;Agent&lt;/fen&gt; engages in a starting &lt;fen&gt;Activity&lt;/fen&gt;.&lt;/def-root&gt;</definition>
        <semType name="State_of_affairs" ID="177"/>
    </FE>
    <FE bgColor="FFA500" fgColor="FFFFFF" coreType="Peripheral" cBy="MJE" cDate="06/28/2001 04:23:54 PDT Thu" abbrev="Time" name="Time" ID="1160">
        <definition>&lt;def-root&gt;This FE identifies the &lt;fen&gt;Time&lt;/fen&gt; when the &lt;fen&gt;Agent&lt;/fen&gt; starts an &lt;fen&gt;Activity&lt;/fen&gt;.&lt;/def-root&gt;</definition>
        <semType name="Time" ID="141"/>
    </FE>
    <FE bgColor="9400D3" fgColor="FFFFFF" coreType="Extra-Thematic" cBy="MJE" cDate="06/28/2001 04:24:20 PDT Thu" abbrev="Depict" name="Depictive" ID="1162">
        <definition>&lt;def-root&gt;This FE identifies the &lt;fen&gt;Depictive&lt;/fen&gt; phrase describing the actor or undergoer of an action.
&lt;/def-root&gt;</definition>
    </FE>
    <FE bgColor="FF00FF" fgColor="FFFFFF" coreType="Peripheral" cBy="MJE" cDate="06/28/2001 04:24:20 PDT Thu" abbrev="Manr" name="Manner" ID="1164">
        <definition>&lt;def-root&gt;This FE identifies the &lt;fen&gt;Manner&lt;/fen&gt; in which an &lt;fen&gt;Agent&lt;/fen&gt; starts an &lt;fen&gt;Activity&lt;/fen&gt;.&lt;/def-root&gt;</definition>
        <semType name="Manner" ID="173"/>
    </FE>
    <FE bgColor="A52A2A" fgColor="FFFFFF" coreType="Peripheral" cBy="MJE" cDate="06/28/2001 04:24:21 PDT Thu" abbrev="Mns" name="Means" ID="1165">
        <definition>&lt;def-root&gt;This FE identifies the &lt;fen&gt;Means&lt;/fen&gt; by which an &lt;fen&gt;Agent&lt;/fen&gt; starts an &lt;fen&gt;Activity&lt;/fen&gt;.&lt;/def-root&gt;</definition>
        <semType name="State_of_affairs" ID="177"/>
    </FE>
    <FE bgColor="0000FF" fgColor="FFFFFF" coreType="Core" cBy="MJE" cDate="10/25/2001 07:37:26 PDT Thu" abbrev="Act" name="Activity" ID="2085">
        <definition>&lt;def-root&gt;This FE identifies the &lt;fen&gt;Activity&lt;/fen&gt; that an &lt;fen&gt;Agent&lt;/fen&gt; starts.&lt;/def-root&gt;</definition>
    </FE>
    <FE bgColor="FF0000" fgColor="FFFFFF" coreType="Core" cBy="MRLP" cDate="04/02/2002 04:56:20 PST Tue" abbrev="Age" name="Agent" ID="2542">
        <definition>&lt;def-root&gt;This FE identifies the being that starts the intentional &lt;fen&gt;Activity&lt;/fen&gt;.&lt;/def-root&gt;</definition>
        <semType name="Sentient" ID="5"/>
    </FE>
    <FE bgColor="00008B" fgColor="FFFFFF" coreType="Extra-Thematic" cBy="MRLP" cDate="04/12/2002 12:38:41 PDT Fri" abbrev="Co-t" name="Co-timed_event" ID="2601">
        <definition>&lt;def-root&gt;This FE identifies the first &lt;fen&gt;Co-timed_event&lt;/fen&gt; of the started &lt;fen&gt;Activity&lt;/fen&gt;.&lt;ex&gt;The peace march  &lt;t&gt;started&lt;/t&gt; &lt;fex name="Co-timed_event"&gt;with a prayer&lt;/fex&gt;.&lt;/ex&gt;&lt;/def-root&gt;</definition>
    </FE>
    <FE bgColor="FFFF00" fgColor="000000" coreType="Extra-Thematic" cBy="KmG" cDate="05/24/2006 10:26:38 PDT Wed" abbrev="Cir" name="Circumstances" ID="10109">
        <definition>&lt;def-root&gt;&lt;fen&gt;Circumstances&lt;/fen&gt; describe the state of the world (at a particular time and place) which is specifically independent of the event itself and any of its participants. &lt;/def-root&gt;</definition>
    </FE>
    <FE bgColor="d0d0d0" fgColor="000000" coreType="Extra-Thematic" cBy="KmG" cDate="05/26/2006 12:53:05 PDT Fri" abbrev="Coe" name="Containing_event" ID="10130">
        <definition>&lt;def-root&gt;This FE identifies an event during which the &lt;fen&gt;Agent&lt;/fen&gt; starts the &lt;fen&gt;Activity&lt;/fen&gt;. &lt;/def-root&gt;</definition>
    </FE>
    <FE bgColor="7CCD7C" fgColor="000000" coreType="Extra-Thematic" cBy="KmG" cDate="05/30/2006 09:30:41 PDT Tue" abbrev="Eve" name="Event_description" ID="10133">
        <definition>&lt;def-root&gt;In general, this FE is used for phrases that describe the clause of the target as a whole. There are two somewhat distinct subgroups of sentence modifiers that cover this function.&lt;/def-root&gt;</definition>
    </FE>
    <FE bgColor="90876C" fgColor="FFFFFF" coreType="Extra-Thematic" cBy="KmG" cDate="05/30/2006 09:39:33 PDT Tue" abbrev="Exp" name="Explanation" ID="10134">
        <definition>&lt;def-root&gt;The &lt;fen&gt;Explanation&lt;/fen&gt; denotes a proposition from which the main clause (headed by the target) logically follows. This often means that the &lt;fen&gt;Explanation&lt;/fen&gt; causes the target's proposition, but not in all cases. I&lt;/def-root&gt;</definition>
        <semType name="State_of_affairs" ID="177"/>
    </FE>
    <FE bgColor="FF69B4" fgColor="000000" coreType="Extra-Thematic" cBy="KmG" cDate="05/30/2006 10:04:13 PDT Tue" abbrev="Par" name="Particular_iteration" ID="10135">
        <definition>&lt;def-root&gt;Expressions marked with this extra-thematic FE modify a non-iterative use of the target, and indicate that it is conceived as embedded within an iterated series of similar events or states. In addition, most expressions of Particular_iteration indicate which instance of the series is being referred to.&lt;/def-root&gt;</definition>
    </FE>
    <FE bgColor="EEE8AA" fgColor="000000" coreType="Extra-Thematic" cBy="KmG" cDate="05/30/2006 02:59:42 PDT Tue" abbrev="New" name="New_situation" ID="10139">
        <definition>&lt;def-root&gt;A consecutive event to the starting of the &lt;fen&gt;Activity&lt;/fen&gt; of the &lt;fen&gt;Agent&lt;/fen&gt;.&lt;/def-root&gt;</definition>
    </FE>
    <FE bgColor="9F79EE" fgColor="000000" coreType="Extra-Thematic" cBy="KmG" cDate="06/06/2006 11:56:14 PDT Tue" abbrev="Cf" name="Communicative_force" ID="10242">
        <definition>&lt;def-root&gt;This FE indicates the &lt;fex name="Cf"&gt;Communicative_force&lt;/fex&gt; or authority with which the target operates (often denoted by words such as "officially," "formally," "technically," etc.). &lt;/def-root&gt;</definition>
    </FE>
    <FE bgColor="7FFF00" fgColor="000000" coreType="Extra-Thematic" cBy="KmG" cDate="03/21/2007 11:09:08 PDT Wed" abbrev="Con" name="Concessive" ID="11239">
        <definition>&lt;def-root&gt;This FE signifies that the state of affairs expressed by the main clause (containing the target) occurs or holds, and something other than that state of affairs would be expected given the state of affairs in the concessive clause. &lt;/def-root&gt;</definition>
    </FE>
    <frameRelation type="Inherits from">
        <relatedFrame ID="133">Process_start</relatedFrame>
    </frameRelation>
    <frameRelation type="Is Inherited by"/>
    <frameRelation type="Perspective on"/>
    <frameRelation type="Is Perspectivized in"/>
    <frameRelation type="Uses">
        <relatedFrame ID="88">Eventive_affecting</relatedFrame>
    </frameRelation>
    <frameRelation type="Is Used by"/>
    <frameRelation type="Subframe of">
        <relatedFrame ID="124">Activity</relatedFrame>
    </frameRelation>
    <frameRelation type="Has Subframe(s)"/>
    <frameRelation type="Precedes">
        <relatedFrame ID="164">Activity_ongoing</relatedFrame>
    </frameRelation>
    <frameRelation type="Is Preceded by">
        <relatedFrame ID="169">Activity_ready_state</relatedFrame>
    </frameRelation>
    <frameRelation type="Is Inchoative of"/>
    <frameRelation type="Is Causative of"/>
    <frameRelation type="See also"/>
    <lexUnit status="Finished_Initial" POS="V" name="start.v" ID="4447" lemmaID="37840" cBy="MJE" cDate="11/20/2001 06:08:55 PST Tue">
        <definition>COD: begin to do. </definition>
        <sentenceCount annotated="52" total="293"/>
        <lexeme order="1" headword="false" breakBefore="false" POS="V" name="start"/>
    </lexUnit>
    <lexUnit status="Finished_Initial" POS="V" name="begin.v" ID="4448" lemmaID="3235" cBy="MJE" cDate="11/20/2001 06:09:13 PST Tue">
        <definition>COD: perform or undergo the first part of (an action or activity). </definition>
        <sentenceCount annotated="100" total="495"/>
        <lexeme order="1" headword="false" breakBefore="false" POS="V" name="begin"/>
    </lexUnit>
    <lexUnit status="Created" POS="V" name="take up.v" ID="4449" lemmaID="45293" cBy="MJE" cDate="11/20/2001 06:59:41 PST Tue">
        <definition>FN: begin to hold or fulfil a position or post.</definition>
        <sentenceCount annotated="0" total="0"/>
        <lexeme order="1" headword="true" breakBefore="false" POS="V" name="take"/>
        <lexeme order="2" headword="false" breakBefore="false" POS="N" name="up"/>
    </lexUnit>
    <lexUnit status="Created" POS="N" name="beginner.n" ID="4450" lemmaID="3236" cBy="MJE" cDate="11/20/2001 07:03:16 PST Tue">
        <definition>FN: performer of the first part of an activity</definition>
        <sentenceCount annotated="1" total="1"/>
        <lexeme order="1" headword="false" breakBefore="false" POS="N" name="beginner"/>
    </lexUnit>
    <lexUnit status="Created" POS="N" name="neophyte.n" ID="4451" lemmaID="25672" cBy="MJE" cDate="11/20/2001 07:06:14 PST Tue">
        <definition>COD: a person who is new to a subject, skill, or belief.</definition>
        <sentenceCount annotated="0" total="0"/>
        <lexeme order="1" headword="false" breakBefore="false" POS="N" name="neophyte"/>
    </lexUnit>
    <lexUnit status="Finished_Initial" POS="V" name="enter.v" ID="9272" lemmaID="12844" cBy="MRLP" cDate="08/12/2003 05:47:20 PDT Tue">
        <definition>COD: begin to be involved in</definition>
        <sentenceCount annotated="8" total="140"/>
        <lexeme order="1" headword="false" breakBefore="false" POS="V" name="enter"/>
    </lexUnit>
    <lexUnit status="Needs_SCs" POS="V" name="swing (into).v" ID="12881" lemmaID="39170" cBy="MJE" cDate="11/07/2005 05:22:40 PST Mon">
        <definition>FN: start (a very active, vigorous activity) in response (to something).</definition>
        <sentenceCount annotated="1" total="1"/>
        <lexeme order="1" headword="false" breakBefore="false" POS="V" name="swing"/>
    </lexUnit>
    <lexUnit status="Finished_Initial" POS="V" name="initiate.v" ID="13233" lemmaID="19972" cBy="MiL" cDate="06/19/2006 12:43:20 PDT Mon">
        <definition>COD: cause (a process or action) to begin.</definition>
        <sentenceCount annotated="23" total="242"/>
        <lexeme order="1" headword="false" breakBefore="false" POS="V" name="initiate"/>
    </lexUnit>
    <lexUnit status="Finished_Initial" POS="V" name="commence.v" ID="13283" lemmaID="7330" cBy="MiL" cDate="06/20/2006 11:37:32 PDT Tue">
        <definition>COD: begin. </definition>
        <sentenceCount annotated="22" total="212"/>
        <lexeme order="1" headword="false" breakBefore="false" POS="V" name="commence"/>
    </lexUnit>
    <lexUnit status="Finished_Initial" POS="V" name="launch (into).v" ID="15098" lemmaID="21828" cBy="KmG" cDate="06/10/2008 03:54:12 PDT Tue">
        <definition>FN: begin an activity energetically and enthusiastically</definition>
        <sentenceCount annotated="23" total="98"/>
        <lexeme order="1" headword="false" breakBefore="false" POS="V" name="launch"/>
    </lexUnit>
    <lexUnit status="Created" POS="V" name="strike up.v" ID="16261" lemmaID="51300" cBy="MLC" cDate="03/09/2011 11:58:22 PST Wed">
        <definition>FN: to start an activity (usually social or communicative) suddenly </definition>
        <sentenceCount annotated="0" total="0"/>
        <lexeme order="1" headword="true" breakBefore="false" POS="V" name="strike"/>
        <lexeme order="2" headword="false" breakBefore="false" POS="PREP" name="up"/>
    </lexUnit>
    <lexUnit status="Created" POS="V" name="open.v" ID="16542" lemmaID="26777" cBy="RLG" cDate="08/25/2011 05:14:30 PDT Thu">
        <definition>FN: begin an attack (esp. with "fire").</definition>
        <sentenceCount annotated="1" total="1"/>
        <lexeme order="1" headword="false" breakBefore="false" POS="V" name="open"/>
        <semType name="Bound_LU" ID="223"/>
    </lexUnit>
    <lexUnit status="Created" POS="V" name="set about.v" ID="17845" lemmaID="51817" cBy="MJE" cDate="03/03/2015 01:59:21 PST Tue">
        <definition>FN: vigorously start on or towards (a complex or demanding goal).</definition>
        <sentenceCount annotated="0" total="0"/>
        <lexeme order="1" headword="true" breakBefore="false" POS="V" name="set"/>
        <lexeme order="2" headword="false" breakBefore="false" POS="PREP" name="about"/>
    </lexUnit>
    <lexUnit status="Created" POS="V" name="get started.v" ID="17846" lemmaID="51818" cBy="MJE" cDate="03/03/2015 02:00:59 PST Tue">
        <definition>FN: begin (a preliminary part or the very first part of a task)</definition>
        <sentenceCount annotated="0" total="0"/>
        <lexeme order="1" headword="true" breakBefore="false" POS="V" name="get"/>
        <lexeme order="2" headword="false" breakBefore="true" POS="A" name="started"/>
    </lexUnit>
</frame>