<?xml version="1.0" encoding="UTF-8" standalone="yes"?>
<?xml-stylesheet type="text/xsl" href="frame.xsl"?>
<frame cBy="MJE" cDate="07/10/2001 08:47:07 PDT Tue" name="Activity_pause" ID="167" xsi:schemaLocation="../schema/frame.xsd" xmlns="http://framenet.icsi.berkeley.edu" xmlns:xsi="http://www.w3.org/2001/XMLSchema-instance">
    <definition>&lt;def-root&gt;An &lt;fen&gt;Agent&lt;/fen&gt; pauses in the course of an &lt;fen&gt;Activity&lt;/fen&gt;.
&lt;ex&gt;&lt;/ex&gt;
&lt;ex&gt;&lt;fex name="Agent"&gt;The government&lt;/fex&gt; &lt;t&gt;froze&lt;/t&gt; &lt;fex name="Activity"&gt;settlement construction&lt;/fex&gt; &lt;fex name="Time"&gt;in 1992&lt;/fex&gt; &lt;fex name="Purpose"&gt;to facilitate peace talks&lt;/fex&gt;.&lt;/ex&gt;

&lt;ex&gt;The lifting of the &lt;fex name="Activity"&gt;nuclear&lt;/fex&gt; &lt;t&gt;freeze&lt;/t&gt; was deemed necessary to generate needed electricity.&lt;/ex&gt;&lt;/def-root&gt;</definition>
    <FE bgColor="0000FF" fgColor="FFFFFF" coreType="Core" cBy="MRLP" cDate="04/05/2002 12:44:02 PST Fri" abbrev="Act" name="Activity" ID="2563">
        <definition>&lt;def-root&gt;This FE identifies the &lt;fen&gt;Activity&lt;/fen&gt; for which an &lt;fen&gt;Agent&lt;/fen&gt; is pausing.&lt;/def-root&gt;</definition>
    </FE>
    <FE bgColor="FF0000" fgColor="FFFFFF" coreType="Core" cBy="MRLP" cDate="04/05/2002 12:44:51 PST Fri" abbrev="Agent" name="Agent" ID="2564">
        <definition>&lt;def-root&gt;An &lt;fen&gt;Agent&lt;/fen&gt; pauses in the course of an &lt;fen&gt;Activity&lt;/fen&gt;.&lt;/def-root&gt;</definition>
        <semType name="Sentient" ID="5"/>
    </FE>
    <FE bgColor="FF00FF" fgColor="FFFFFF" coreType="Peripheral" cBy="MRLP" cDate="04/05/2002 12:45:36 PST Fri" abbrev="Mnr" name="Manner" ID="2565">
        <definition>&lt;def-root&gt;This FE identifies the &lt;fen&gt;Manner&lt;/fen&gt; in which an &lt;fen&gt;Agent&lt;/fen&gt; pauses during the course of an &lt;fen&gt;Activity&lt;/fen&gt;. &lt;/def-root&gt;</definition>
        <semType name="Manner" ID="173"/>
    </FE>
    <FE bgColor="A52A2A" fgColor="FFFFFF" coreType="Peripheral" cBy="MRLP" cDate="04/05/2002 12:46:30 PST Fri" abbrev="Means" name="Means" ID="2566">
        <definition>&lt;def-root&gt;This FE identifies the &lt;fen&gt;Means&lt;/fen&gt; by which an &lt;fen&gt;Agent&lt;/fen&gt; pauses in the course of an &lt;fen&gt;Activity&lt;/fen&gt;.&lt;/def-root&gt;</definition>
        <semType name="State_of_affairs" ID="177"/>
    </FE>
    <FE bgColor="008000" fgColor="FFFFFF" coreType="Peripheral" cBy="MRLP" cDate="04/05/2002 12:47:08 PST Fri" abbrev="Place" name="Place" ID="2567">
        <definition>&lt;def-root&gt;This FE identifies the &lt;fen&gt;Place&lt;/fen&gt; where an &lt;fen&gt;Agent&lt;/fen&gt; pauses in the course of an &lt;fen&gt;Activity&lt;/fen&gt;.&lt;/def-root&gt;</definition>
        <semType name="Locative_relation" ID="182"/>
    </FE>
    <FE bgColor="FFA500" fgColor="FFFFFF" coreType="Peripheral" cBy="MRLP" cDate="04/05/2002 12:47:48 PST Fri" abbrev="Time" name="Time" ID="2568">
        <definition>&lt;def-root&gt;This FE identifies the &lt;fen&gt;Time&lt;/fen&gt; at which an &lt;fen&gt;Agent&lt;/fen&gt; pauses in the course of an &lt;fen&gt;Activity&lt;/fen&gt;.&lt;/def-root&gt;</definition>
        <semType name="Time" ID="141"/>
    </FE>
    <FE bgColor="800080" fgColor="FFFFFF" coreType="Peripheral" cBy="MRLP" cDate="04/05/2002 12:48:12 PST Fri" abbrev="Purp" name="Purpose" ID="2569">
        <definition>&lt;def-root&gt;This FE identifies the &lt;fen&gt;Purpose&lt;/fen&gt; for which an &lt;fen&gt;Agent&lt;/fen&gt; pauses in the course of an &lt;fen&gt;Activity&lt;/fen&gt;.&lt;/def-root&gt;</definition>
        <semType name="State_of_affairs" ID="177"/>
    </FE>
    <FE bgColor="9400D3" fgColor="FFFFFF" coreType="Extra-Thematic" cBy="MRLP" cDate="04/09/2002 10:15:34 PDT Tue" abbrev="Depict" name="Depictive" ID="2587">
        <definition>&lt;def-root&gt;This FE is used for the &lt;fen&gt;Depictive&lt;/fen&gt; phrase describing the actor or undergoer of an action.&lt;/def-root&gt;</definition>
    </FE>
    <FE bgColor="A52A2A" fgColor="FFFFFF" coreType="Peripheral" cBy="RLG" cDate="01/14/2005 11:13:21 PST Fri" abbrev="Cmp" name="Completeness" ID="7429">
        <definition>&lt;def-root&gt;The extent to which the &lt;fen&gt;Agent&lt;/fen&gt; pauses in the &lt;fen&gt;Activity&lt;/fen&gt;.&lt;/def-root&gt;</definition>
    </FE>
    <FE bgColor="006400" fgColor="FFFFFF" coreType="Peripheral" cBy="RLG" cDate="01/14/2005 11:28:51 PST Fri" abbrev="dur" name="Duration" ID="7430">
        <definition>&lt;def-root&gt;The length of time of the pause in the &lt;fen&gt;Activity&lt;/fen&gt;.&lt;/def-root&gt;</definition>
        <semType name="Duration" ID="142"/>
    </FE>
    <FE bgColor="00BFFF" fgColor="FFFFFF" coreType="Extra-Thematic" cBy="RLG" cDate="01/26/2005 12:04:36 PST Wed" abbrev="leg" name="Legal_basis" ID="7454">
        <definition>&lt;def-root&gt;This FE describes the legal basis or precedent by which the &lt;fen&gt;Agent&lt;/fen&gt; pauses the &lt;fen&gt;Activity&lt;/fen&gt;.

&lt;ex&gt;The negotiations have been &lt;t&gt;frozen&lt;/t&gt; &lt;fex name="Legal_basis"&gt;under the Act of 2004&lt;/fex&gt;.&lt;/ex&gt;&lt;/def-root&gt;</definition>
    </FE>
    <FE bgColor="90876C" fgColor="FFFFFF" coreType="Extra-Thematic" cBy="KmG" cDate="05/11/2006 03:28:52 PDT Thu" abbrev="" name="Explanation" ID="10086">
        <definition>&lt;def-root&gt;The &lt;fen&gt;Explanation&lt;/fen&gt; denotes a proposition from which the main clause (headed by the target) logically follows. This often means that the &lt;fen&gt;Explanation&lt;/fen&gt; causes the target's proposition, but not in all cases. &lt;/def-root&gt;</definition>
        <semType name="State_of_affairs" ID="177"/>
    </FE>
    <FE bgColor="EEE8AA" fgColor="000000" coreType="Extra-Thematic" cBy="KmG" cDate="06/12/2006 03:33:22 PDT Mon" abbrev="" name="Event_description" ID="10276">
        <definition>&lt;def-root&gt;&lt;/def-root&gt;</definition>
    </FE>
    <frameRelation type="Inherits from">
        <relatedFrame ID="1765">Process_pause</relatedFrame>
    </frameRelation>
    <frameRelation type="Is Inherited by"/>
    <frameRelation type="Perspective on"/>
    <frameRelation type="Is Perspectivized in"/>
    <frameRelation type="Uses">
        <relatedFrame ID="88">Eventive_affecting</relatedFrame>
    </frameRelation>
    <frameRelation type="Is Used by"/>
    <frameRelation type="Subframe of">
        <relatedFrame ID="124">Activity</relatedFrame>
    </frameRelation>
    <frameRelation type="Has Subframe(s)"/>
    <frameRelation type="Precedes">
        <relatedFrame ID="181">Activity_paused_state</relatedFrame>
    </frameRelation>
    <frameRelation type="Is Preceded by">
        <relatedFrame ID="164">Activity_ongoing</relatedFrame>
    </frameRelation>
    <frameRelation type="Is Inchoative of"/>
    <frameRelation type="Is Causative of"/>
    <frameRelation type="See also"/>
    <lexUnit status="Created" POS="N" name="pause.n" ID="4508" lemmaID="28105" cBy="BoC" cDate="12/12/2001 04:49:51 PST Wed">
        <definition>COD: a temporary stop in action or speech. </definition>
        <sentenceCount annotated="0" total="0"/>
        <lexeme order="1" headword="false" breakBefore="false" POS="N" name="pause"/>
    </lexUnit>
    <lexUnit status="Finished_Initial" POS="V" name="suspend.v" ID="11354" lemmaID="39034" cBy="MiL" cDate="11/30/2004 04:27:14 PST Tue">
        <definition>COD: halt temporarily.</definition>
        <sentenceCount annotated="35" total="279"/>
        <lexeme order="1" headword="false" breakBefore="false" POS="V" name="suspend"/>
    </lexUnit>
    <lexUnit status="Created" POS="V" name="take break.v" ID="11355" lemmaID="49761" cBy="MiL" cDate="11/30/2004 04:28:52 PST Tue">
        <definition>FN: interrupt continuity</definition>
        <sentenceCount annotated="0" total="0"/>
        <lexeme order="1" headword="true" breakBefore="false" POS="V" name="take"/>
        <lexeme order="2" headword="false" breakBefore="true" POS="N" name="break"/>
    </lexUnit>
    <lexUnit status="Finished_Initial" POS="V" name="freeze.v" ID="11450" lemmaID="15414" cBy="MJE" cDate="12/14/2004 11:18:12 PST Tue">
        <definition>COD: keep or stop at a fixed level or in a fixed state.</definition>
        <sentenceCount annotated="22" total="365"/>
        <lexeme order="1" headword="false" breakBefore="false" POS="V" name="freeze"/>
    </lexUnit>
    <lexUnit status="Finished_Initial" POS="N" name="freeze.n" ID="11451" lemmaID="15413" cBy="MJE" cDate="12/14/2004 11:35:49 PST Tue">
        <definition>COD: an act of freezing</definition>
        <sentenceCount annotated="19" total="206"/>
        <lexeme order="1" headword="false" breakBefore="false" POS="N" name="freeze"/>
    </lexUnit>
    <lexUnit status="Finished_Initial" POS="N" name="moratorium.n" ID="11452" lemmaID="24918" cBy="MJE" cDate="12/14/2004 11:36:23 PST Tue">
        <definition>COD: a temporary prohibition of an activity.</definition>
        <sentenceCount annotated="22" total="125"/>
        <lexeme order="1" headword="false" breakBefore="false" POS="N" name="moratorium"/>
    </lexUnit>
    <lexUnit status="Created" POS="V" name="adjourn.v" ID="17366" lemmaID="499" cBy="CVa" cDate="04/16/2013 05:27:40 PDT Tue">
        <definition>FN: to suspend for a period of time</definition>
        <sentenceCount annotated="0" total="0"/>
        <lexeme order="1" headword="false" breakBefore="false" POS="V" name="adjourn"/>
    </lexUnit>
</frame>