<?xml version="1.0" encoding="UTF-8" standalone="yes"?>
<?xml-stylesheet type="text/xsl" href="frame.xsl"?>
<frame cBy="MJE" cDate="07/10/2001 08:46:16 PDT Tue" name="Activity_stop" ID="166" xsi:schemaLocation="../schema/frame.xsd" xmlns="http://framenet.icsi.berkeley.edu" xmlns:xsi="http://www.w3.org/2001/XMLSchema-instance">
    <definition>&lt;def-root&gt;An &lt;fen&gt;Agent&lt;/fen&gt; ceases an &lt;fen&gt;Activity&lt;/fen&gt; without completing it.
&lt;ex&gt;&lt;/ex&gt;
&lt;ex&gt;&lt;fex name="Time"&gt;After the lawsuit&lt;/fex&gt;, &lt;fex name="Agent"&gt;the company&lt;/fex&gt; &lt;t&gt;stopped&lt;/t&gt; &lt;fex name="Activity"&gt;producing the once very profitable toy&lt;/fex&gt;.&lt;/ex&gt;

&lt;ex&gt;&lt;fex name="Agent"&gt;The rugby club&lt;/fex&gt; &lt;t&gt;terminated&lt;/t&gt; &lt;fex name="Activity"&gt;negotiations with Argyll&lt;/fex&gt; &lt;fex name="Time"&gt;in September 1988&lt;/fex&gt;.&lt;/ex&gt;&lt;/def-root&gt;</definition>
    <FE bgColor="800080" fgColor="FFFFFF" coreType="Extra-Thematic" cBy="MJE" cDate="10/25/2001 07:34:48 PDT Thu" abbrev="Purpose" name="Purpose" ID="2074">
        <definition>&lt;def-root&gt;This FE identifies the &lt;fen&gt;Purpose&lt;/fen&gt; for which an &lt;fen&gt;Agent&lt;/fen&gt; stopped the &lt;fen&gt;Activity&lt;/fen&gt;.&lt;/def-root&gt;</definition>
        <semType name="State_of_affairs" ID="177"/>
    </FE>
    <FE bgColor="008000" fgColor="FFFFFF" coreType="Peripheral" cBy="MJE" cDate="10/25/2001 07:34:48 PDT Thu" abbrev="Place" name="Place" ID="2076">
        <definition>&lt;def-root&gt;This FE identifies the &lt;fen&gt;Place&lt;/fen&gt; where the &lt;fen&gt;Agent&lt;/fen&gt; stops the &lt;fen&gt;Activity&lt;/fen&gt;.&lt;/def-root&gt;</definition>
        <semType name="Locative_relation" ID="182"/>
    </FE>
    <FE bgColor="FFA500" fgColor="FFFFFF" coreType="Peripheral" cBy="MJE" cDate="10/25/2001 07:34:48 PDT Thu" abbrev="Time" name="Time" ID="2077">
        <definition>&lt;def-root&gt;This FE identifies the &lt;fen&gt;Time&lt;/fen&gt; when the &lt;fen&gt;Agent&lt;/fen&gt; stops the &lt;fen&gt;Activity&lt;/fen&gt;.&lt;/def-root&gt;</definition>
        <semType name="Time" ID="141"/>
    </FE>
    <FE bgColor="9400D3" fgColor="FFFFFF" coreType="Extra-Thematic" cBy="MJE" cDate="10/25/2001 07:34:48 PDT Thu" abbrev="Depict" name="Depictive" ID="2079">
        <definition>&lt;def-root&gt;This FE is used for a &lt;fen&gt;Depictive&lt;/fen&gt; phrase describing the actor or undergoer of an action.&lt;/def-root&gt;</definition>
    </FE>
    <FE bgColor="FF00FF" fgColor="FFFFFF" coreType="Peripheral" cBy="MJE" cDate="10/25/2001 07:34:48 PDT Thu" abbrev="Manr" name="Manner" ID="2080">
        <definition>&lt;def-root&gt;This FE identifies the &lt;fen&gt;Manner&lt;/fen&gt; in which the &lt;fen&gt;Agent&lt;/fen&gt; stops the &lt;fen&gt;Activity&lt;/fen&gt;.&lt;/def-root&gt;</definition>
        <semType name="Manner" ID="173"/>
    </FE>
    <FE bgColor="9F79EE" fgColor="FFFFFF" coreType="Extra-Thematic" cBy="MJE" cDate="10/25/2001 07:34:48 PDT Thu" abbrev="Result" name="Result" ID="2081">
        <definition>&lt;def-root&gt;This FE identifies the &lt;fen&gt;Result&lt;/fen&gt; of the stopped &lt;fen&gt;Activity&lt;/fen&gt;.&lt;/def-root&gt;</definition>
    </FE>
    <FE bgColor="FF0000" fgColor="FFFFFF" coreType="Core" cBy="MJE" cDate="10/25/2001 07:36:02 PDT Thu" abbrev="Agent" name="Agent" ID="2083">
        <definition>&lt;def-root&gt;This FE identifies &lt;fen&gt;Agent&lt;/fen&gt; that stops the &lt;fen&gt;Activity&lt;/fen&gt;.&lt;/def-root&gt;</definition>
        <semType name="Sentient" ID="5"/>
    </FE>
    <FE bgColor="0000FF" fgColor="FFFFFF" coreType="Core-Unexpressed" cBy="MJE" cDate="10/25/2001 07:36:08 PDT Thu" abbrev="Act" name="Activity" ID="2084">
        <definition>&lt;def-root&gt;This FE identifies the &lt;fen&gt;Activity&lt;/fen&gt; that the &lt;fen&gt;Agent&lt;/fen&gt; stops.&lt;/def-root&gt;</definition>
    </FE>
    <FE bgColor="006400" fgColor="FFFFFF" coreType="Peripheral" cBy="MRLP" cDate="04/05/2002 04:54:50 PST Fri" abbrev="Dur" name="Duration" ID="2581">
        <definition>&lt;def-root&gt;This FE identifies the length of &lt;fen&gt;Time&lt;/fen&gt; during which the &lt;fen&gt;Activity&lt;/fen&gt; is stopped.&lt;/def-root&gt;</definition>
        <semType name="Duration" ID="142"/>
    </FE>
    <FE bgColor="A52A2A" fgColor="FFFFFF" coreType="Extra-Thematic" cBy="MRLP" cDate="04/05/2002 04:56:10 PST Fri" abbrev="Mns" name="Means" ID="2582">
        <definition>&lt;def-root&gt;This FE identifies the &lt;fen&gt;Means&lt;/fen&gt; by which the &lt;fen&gt;Agent&lt;/fen&gt; stops the &lt;fen&gt;Activity&lt;/fen&gt;.&lt;/def-root&gt;</definition>
        <semType name="State_of_affairs" ID="177"/>
    </FE>
    <FE bgColor="00008B" fgColor="FFFFFF" coreType="Extra-Thematic" cBy="MRLP" cDate="04/12/2002 12:39:43 PDT Fri" abbrev="Co-t" name="Co-timed_event" ID="2602">
        <definition>&lt;def-root&gt;This FE identifies the last &lt;fen&gt;Co-timed_event&lt;/fen&gt; of the stopped &lt;fen&gt;Activity&lt;/fen&gt;.
&lt;ex&gt;&lt;fex name="Co-timed_event"&gt;With the arrival of the bishop&lt;/fex&gt;, everyone &lt;t&gt;stopped&lt;/t&gt; working.&lt;/ex&gt;&lt;/def-root&gt;</definition>
    </FE>
    <FE bgColor="FFFF00" fgColor="000000" coreType="Peripheral" cBy="MiL" cDate="05/24/2006 12:42:15 PDT Wed" abbrev="Deg" name="Degree" ID="10112">
        <definition>&lt;def-root&gt;This FE describes the completeness of stopping.  &lt;/def-root&gt;</definition>
        <semType name="Degree" ID="172"/>
    </FE>
    <FE bgColor="d0d0d0" fgColor="000000" coreType="Extra-Thematic" cBy="KmG" cDate="05/24/2006 04:51:16 PDT Wed" abbrev="Fre" name="Frequency" ID="10115">
        <definition>&lt;def-root&gt;This frame element is defined as the number of times an event occurs per some unit of time. A Frequency expression answers the question how often. It is to be distinguished from Iteration, which pertains simply to the number of times an event occurs-Iteration expressions answer the question how many times. &lt;/def-root&gt;</definition>
    </FE>
    <FE bgColor="FFD700" fgColor="000000" coreType="Extra-Thematic" cBy="KmG" cDate="05/25/2006 10:01:45 PDT Thu" abbrev="Con" name="Containing_event" ID="10118">
        <definition>&lt;def-root&gt;This FE identifies an event during which the &lt;fen&gt;Agent&lt;/fen&gt; stops the &lt;fen&gt;Activity&lt;/fen&gt;. &lt;/def-root&gt;</definition>
    </FE>
    <FE bgColor="7CCD73" fgColor="000000" coreType="Extra-Thematic" cBy="KmG" cDate="05/25/2006 10:08:34 PDT Thu" abbrev="Cir" name="Circumstances" ID="10119">
        <definition>&lt;def-root&gt;Circumstances describe the state of the world (at a particular time and place) which is specifically independent of the event itself and any of its participants. &lt;/def-root&gt;</definition>
    </FE>
    <FE bgColor="00BFFF" fgColor="000000" coreType="Extra-Thematic" cBy="KmG" cDate="05/25/2006 10:21:00 PDT Thu" abbrev="re-e" name="Re-encoding" ID="10120">
        <definition>&lt;def-root&gt;This FE presents the current frame as an integral part of a larger conceptualization expressed by another frame. &lt;/def-root&gt;</definition>
    </FE>
    <FE bgColor="90876C" fgColor="FFFFFF" coreType="Extra-Thematic" cBy="KmG" cDate="05/25/2006 11:06:52 PDT Thu" abbrev="Exp" name="Explanation" ID="10121">
        <definition>&lt;def-root&gt;The reason the &lt;fen&gt;Agent&lt;/fen&gt; stops the &lt;fen&gt;Activity&lt;/fen&gt;. &lt;/def-root&gt;</definition>
        <semType name="State_of_affairs" ID="177"/>
    </FE>
    <FE bgColor="7FFF00" fgColor="000000" coreType="Extra-Thematic" cBy="KmG" cDate="05/25/2006 01:54:35 PDT Thu" abbrev="Eve" name="Event_description" ID="10123">
        <definition>&lt;def-root&gt;In general, this FE is used for phrases that describe the clause of the target as a whole. &lt;/def-root&gt;</definition>
    </FE>
    <FE bgColor="FF69B4" fgColor="FFFFFF" coreType="Extra-Thematic" cBy="KmG" cDate="05/26/2006 11:21:35 PDT Fri" abbrev="Par" name="Particular_iteration" ID="10128">
        <definition>&lt;def-root&gt;Expressions marked with this extra-thematic FE modify a non-iterative use of the target, and indicate that it is conceived as embedded within an iterated series of similar events or states. &lt;/def-root&gt;</definition>
    </FE>
    <frameRelation type="Inherits from">
        <relatedFrame ID="144">Process_stop</relatedFrame>
    </frameRelation>
    <frameRelation type="Is Inherited by">
        <relatedFrame ID="1024">Halt</relatedFrame>
    </frameRelation>
    <frameRelation type="Perspective on"/>
    <frameRelation type="Is Perspectivized in"/>
    <frameRelation type="Uses">
        <relatedFrame ID="88">Eventive_affecting</relatedFrame>
    </frameRelation>
    <frameRelation type="Is Used by"/>
    <frameRelation type="Subframe of">
        <relatedFrame ID="124">Activity</relatedFrame>
    </frameRelation>
    <frameRelation type="Has Subframe(s)"/>
    <frameRelation type="Precedes">
        <relatedFrame ID="168">Activity_abandoned_state</relatedFrame>
        <relatedFrame ID="181">Activity_paused_state</relatedFrame>
    </frameRelation>
    <frameRelation type="Is Preceded by">
        <relatedFrame ID="164">Activity_ongoing</relatedFrame>
    </frameRelation>
    <frameRelation type="Is Inchoative of"/>
    <frameRelation type="Is Causative of"/>
    <frameRelation type="See also"/>
    <lexUnit status="Finished_Initial" POS="V" name="stop.v" ID="11312" lemmaID="38186" cBy="MiL" cDate="11/23/2004 03:25:34 PST Tue">
        <definition>COD: discontinue an action, practice, or habit.</definition>
        <sentenceCount annotated="20" total="291"/>
        <lexeme order="1" headword="false" breakBefore="false" POS="V" name="stop"/>
    </lexUnit>
    <lexUnit status="Finished_Initial" POS="V" name="halt.v" ID="11358" lemmaID="17309" cBy="MiL" cDate="11/30/2004 04:37:12 PST Tue">
        <definition>COD: bring or come to an abrupt stop</definition>
        <sentenceCount annotated="29" total="234"/>
        <lexeme order="1" headword="false" breakBefore="false" POS="V" name="halt"/>
    </lexUnit>
    <lexUnit status="Finished_Initial" POS="V" name="discontinue.v" ID="11359" lemmaID="10876" cBy="MiL" cDate="11/30/2004 04:37:59 PST Tue">
        <definition>COD: stop doing, providing, or making.</definition>
        <sentenceCount annotated="17" total="149"/>
        <lexeme order="1" headword="false" breakBefore="false" POS="V" name="discontinue"/>
    </lexUnit>
    <lexUnit status="Finished_Initial" POS="V" name="cease.v" ID="11360" lemmaID="5844" cBy="MiL" cDate="11/30/2004 04:38:45 PST Tue">
        <definition>COD: come or bring to an end; stop.</definition>
        <sentenceCount annotated="26" total="320"/>
        <lexeme order="1" headword="false" breakBefore="false" POS="V" name="cease"/>
    </lexUnit>
    <lexUnit status="Finished_Initial" POS="V" name="terminate.v" ID="11856" lemmaID="39904" cBy="MiL" cDate="04/15/2005 06:18:39 PDT Fri">
        <definition>COD: bring to an end.</definition>
        <sentenceCount annotated="17" total="324"/>
        <lexeme order="1" headword="false" breakBefore="false" POS="V" name="terminate"/>
    </lexUnit>
    <lexUnit status="Finished_Initial" POS="V" name="abandon.v" ID="13410" lemmaID="74" cBy="MiL" cDate="08/02/2006 03:38:14 PDT Wed">
        <definition>COD: give up (an action or practice) completely.
[FN: this is distinct from abandoning a belief]</definition>
        <sentenceCount annotated="7" total="282"/>
        <lexeme order="1" headword="false" breakBefore="false" POS="V" name="abandon"/>
    </lexUnit>
    <lexUnit status="Finished_Initial" POS="V" name="quit.v" ID="14637" lemmaID="31560" cBy="KmG" cDate="11/15/2007 02:25:17 PST Thu">
        <definition>FN: stop doing something</definition>
        <sentenceCount annotated="16" total="90"/>
        <lexeme order="1" headword="false" breakBefore="false" POS="V" name="quit"/>
    </lexUnit>
</frame>