<?xml version="1.0" encoding="UTF-8" standalone="yes"?>
<?xml-stylesheet type="text/xsl" href="frame.xsl"?>
<frame cBy="JKR" cDate="02/27/2005 03:41:05 PST Sun" name="Active_substance" ID="1322" xsi:schemaLocation="../schema/frame.xsd" xmlns="http://framenet.icsi.berkeley.edu" xmlns:xsi="http://www.w3.org/2001/XMLSchema-instance">
    <definition>&lt;def-root&gt;A &lt;fen&gt;Substance&lt;/fen&gt; causes an &lt;fen&gt;Effect&lt;/fen&gt;.  The &lt;fen&gt;Substance&lt;/fen&gt; is produced by a process understood as directed towards the &lt;fen&gt;Effect&lt;/fen&gt;.  The &lt;fen&gt;Name&lt;/fen&gt; for the material that makes up the substance may also be given.

&lt;ex&gt;A rationale for using &lt;fex name="sub"&gt;denatured gp160&lt;/fex&gt; as a &lt;fex name="eff"&gt;therapeutic&lt;/fex&gt; &lt;t&gt;agent&lt;/t&gt; in HIV-infected people is to boost the immune response .&lt;/ex&gt;

&lt;ex&gt;&lt;fex name="sub"&gt;The quinolones&lt;/fex&gt; now seem to &lt;m&gt;be&lt;/m&gt; the &lt;fex name="eff"&gt;antimicrobial&lt;/fex&gt; &lt;t&gt;agents&lt;/t&gt; of choice for acute bacterial prostatitis.&lt;/ex&gt;

&lt;ex&gt;&lt;fex name="eff"&gt;Hormonally&lt;/fex&gt; &lt;t&gt;active&lt;/t&gt; &lt;fex name="sub"&gt;chemicals&lt;/fex&gt; have the potential to cause significant environmental injury.&lt;/ex&gt;

&lt;ex&gt;Only after the potion has been drunk does the &lt;t&gt;active&lt;/t&gt; &lt;fex name="sub"&gt;ingredient&lt;/fex&gt; form. &lt;fex name="eff"&gt;DNI&lt;/fex&gt;&lt;/ex&gt;

&lt;ex&gt;The &lt;fex name="nam"&gt;sarin&lt;/fex&gt; &lt;t&gt;&lt;fex name="sub"&gt;agent&lt;/fex&gt;&lt;/t&gt; might have been a leftover shell from a chemical-arms dump. &lt;/ex&gt;&lt;/def-root&gt;</definition>
    <FE bgColor="FF0000" fgColor="FFFFFF" coreType="Core" cBy="JKR" cDate="02/27/2005 03:41:47 PST Sun" abbrev="eff" name="Effect" ID="7531">
        <definition>&lt;def-root&gt;The change brought about by the Substance.

&lt;ex&gt;There is a clear co-variation between allergic symptoms in children and the concentration of &lt;fex name="eff"&gt;softening&lt;/fex&gt; &lt;t&gt;agents&lt;/t&gt; in their homes.&lt;/ex&gt;&lt;/def-root&gt;</definition>
    </FE>
    <FE bgColor="800080" fgColor="FFFFFF" coreType="Core" cBy="JKR" cDate="02/27/2005 03:44:29 PST Sun" abbrev="sub" name="Substance" ID="7532">
        <definition>&lt;def-root&gt;The internally undifferentiated physical entity that has an &lt;fen&gt;Effect&lt;/fen&gt;.

&lt;ex&gt;While marijuana?s advocates say &lt;fex name="sub"&gt;the drug&lt;/fex&gt; &lt;m&gt;is&lt;/m&gt; a mellowing &lt;t&gt;agent&lt;/t&gt; that can be used for medicinal purposes, some police will say marijuana is a gateway drug.&lt;/ex&gt;&lt;/def-root&gt;</definition>
        <semType name="Physical_entity" ID="70"/>
    </FE>
    <FE bgColor="FF69B4" fgColor="FFFFFF" coreType="Extra-Thematic" cBy="JKR" cDate="02/27/2005 03:48:02 PST Sun" abbrev="des" name="Descriptor" ID="7533">
        <definition>&lt;def-root&gt;A characterization of the &lt;fen&gt;Substance&lt;/fen&gt;.

&lt;ex&gt;This &lt;fex name="des"&gt;transmissible&lt;/fex&gt; &lt;t&gt;agent&lt;/t&gt; is a virus containing DNA.&lt;/ex&gt;&lt;/def-root&gt;</definition>
    </FE>
    <FE bgColor="008000" fgColor="FFFFFF" coreType="Peripheral" cBy="JKR" cDate="02/27/2005 03:54:28 PST Sun" abbrev="typ" name="Type" ID="7534">
        <definition>&lt;def-root&gt;This FE indicates what subtype of the general category the &lt;fen&gt;Substance&lt;/fen&gt; belongs to.


&lt;ex&gt;&lt;fex name="typ"&gt;Pharmacological&lt;/fex&gt; &lt;t&gt;agents&lt;/t&gt; could then be selected to modify these cascades.&lt;/ex&gt;&lt;/def-root&gt;</definition>
    </FE>
    <FE bgColor="00BFFF" fgColor="FFFFFF" coreType="Peripheral" cBy="MJE" cDate="05/08/2005 07:42:31 PDT Sun" abbrev="nam" name="Name" ID="7968">
        <definition>&lt;def-root&gt;The name of the material that makes up the active &lt;fen&gt;Substance&lt;/fen&gt;.

&lt;ex&gt;&lt;fex name="nam"&gt;&lt;/fex&gt;Anthrax &lt;t&gt;agent&lt;/t&gt; in this form is particularly mobile.&lt;/ex&gt;&lt;/def-root&gt;</definition>
    </FE>
    <frameRelation type="Inherits from">
        <relatedFrame ID="1321">Substance</relatedFrame>
    </frameRelation>
    <frameRelation type="Is Inherited by"/>
    <frameRelation type="Perspective on"/>
    <frameRelation type="Is Perspectivized in"/>
    <frameRelation type="Uses"/>
    <frameRelation type="Is Used by"/>
    <frameRelation type="Subframe of"/>
    <frameRelation type="Has Subframe(s)"/>
    <frameRelation type="Precedes"/>
    <frameRelation type="Is Preceded by"/>
    <frameRelation type="Is Inchoative of"/>
    <frameRelation type="Is Causative of"/>
    <frameRelation type="See also"/>
    <lexUnit status="Finished_Initial" POS="N" name="agent.n" ID="11608" lemmaID="782" cBy="JKR" cDate="02/27/2005 04:20:45 PST Sun">
        <definition>FN: a substance that is capable of producing an effect</definition>
        <sentenceCount annotated="156" total="360"/>
        <lexeme order="1" headword="false" breakBefore="false" POS="N" name="agent"/>
    </lexUnit>
    <lexUnit status="Rules_Defined" POS="A" name="active.a" ID="11609" lemmaID="412" cBy="JKR" cDate="02/27/2005 04:23:18 PST Sun">
        <definition>COD: having a chemical or biological effect on something.</definition>
        <sentenceCount annotated="0" total="0"/>
        <lexeme order="1" headword="false" breakBefore="false" POS="A" name="active"/>
    </lexUnit>
    <lexUnit status="Created" POS="A" name="bioactive.a" ID="12383" lemmaID="50133" cBy="RLG" cDate="07/01/2005 12:53:28 PDT Fri">
        <definition>COD: (of a substance) having a biological effect.</definition>
        <sentenceCount annotated="0" total="0"/>
        <lexeme order="1" headword="true" breakBefore="false" POS="A" name="bioactive"/>
    </lexUnit>
    <lexUnit status="Created" POS="N" name="causative agent.n" ID="12629" lemmaID="50212" cBy="RLG" cDate="08/15/2005 11:44:35 PDT Mon">
        <definition>FN: a substance capable of causing a particular effect.</definition>
        <sentenceCount annotated="1" total="1"/>
        <lexeme order="1" headword="false" breakBefore="false" POS="A" name="causative"/>
        <lexeme order="2" headword="true" breakBefore="false" POS="N" name="agent"/>
    </lexUnit>
    <lexUnit status="Created" POS="N" name="irritant.n" ID="13113" lemmaID="20697" cBy="RLG" cDate="03/14/2006 05:17:27 PST Tue">
        <definition>COD: a substance that irritates part of the body.</definition>
        <sentenceCount annotated="1" total="1"/>
        <lexeme order="1" headword="false" breakBefore="false" POS="N" name="irritant"/>
    </lexUnit>
    <lexUnit status="Created" POS="N" name="incapacitant.n" ID="13114" lemmaID="50341" cBy="RLG" cDate="03/14/2006 05:26:35 PST Tue">
        <definition>COD: a substance capable of temporarily incapacitating a person without wounding or killing them.</definition>
        <sentenceCount annotated="1" total="1"/>
        <lexeme order="1" headword="true" breakBefore="false" POS="N" name="incapacitant"/>
    </lexUnit>
</frame>