<?xml version="1.0" encoding="UTF-8" standalone="yes"?>
<?xml-stylesheet type="text/xsl" href="frame.xsl"?>
<frame cBy="JKR" cDate="06/30/2004 10:49:50 PDT Wed" name="Activity_resume" ID="1156" xsi:schemaLocation="../schema/frame.xsd" xmlns="http://framenet.icsi.berkeley.edu" xmlns:xsi="http://www.w3.org/2001/XMLSchema-instance">
    <definition>&lt;def-root&gt;An &lt;fen&gt;Agent&lt;/fen&gt; resumes participation in an &lt;fen&gt;Activity&lt;/fen&gt;. Progress on the &lt;fen&gt;Activity&lt;/fen&gt; is retained from before the interruption.

&lt;ex&gt;&lt;fex name="act"&gt;Normal Service&lt;/fex&gt; Will Be &lt;t&gt;Resumed&lt;/t&gt; &lt;fex name="Time"&gt;Shortly&lt;/fex&gt;. &lt;fex name="age"&gt;CNI&lt;/fex&gt;&lt;/ex&gt;

&lt;fex name="age"&gt;The Kinshasa government&lt;/fex&gt; has &lt;t&gt;resumed&lt;/t&gt; &lt;fex name="act"&gt;supporting Rwandan rebels&lt;/fex&gt;.&lt;/def-root&gt;</definition>
    <FE bgColor="FFFF00" fgColor="000000" coreType="Peripheral" cBy="JKR" cDate="06/30/2004 10:49:50 PDT Wed" abbrev="Dur" name="Duration" ID="6682">
        <definition>&lt;def-root&gt;The amount of &lt;fen&gt;Time&lt;/fen&gt; for which the &lt;fen&gt;Activity&lt;/fen&gt; is resumed &lt;/def-root&gt;</definition>
        <semType name="Duration" ID="142"/>
    </FE>
    <FE bgColor="00BFFF" fgColor="FFFFFF" coreType="Core" cBy="JKR" cDate="06/30/2004 10:49:51 PDT Wed" abbrev="act" name="Activity" ID="6683">
        <definition>&lt;def-root&gt;The &lt;fen&gt;Activity&lt;/fen&gt; which is being resumed by the &lt;fen&gt;Agent&lt;/fen&gt;.

&lt;ex&gt;We have &lt;t&gt;renewed&lt;/t&gt; &lt;fex name="act"&gt;our efforts to gain federal recognition&lt;/fex&gt;. &lt;/ex&gt;&lt;/def-root&gt;</definition>
    </FE>
    <FE bgColor="008000" fgColor="FFFFFF" coreType="Peripheral" cBy="JKR" cDate="06/30/2004 10:49:51 PDT Wed" abbrev="Place" name="Place" ID="6684">
        <definition>&lt;def-root&gt;Where the event takes place.&lt;/def-root&gt;</definition>
        <semType name="Locative_relation" ID="182"/>
    </FE>
    <FE bgColor="90876C" fgColor="FFFFFF" coreType="Extra-Thematic" cBy="JKR" cDate="06/30/2004 10:49:51 PDT Wed" abbrev="Exp" name="Explanation" ID="6685">
        <definition>&lt;def-root&gt;The &lt;fen&gt;Explanation&lt;/fen&gt; for which the &lt;fen&gt;Activity&lt;/fen&gt; is resumed.&lt;/def-root&gt;</definition>
        <semType name="State_of_affairs" ID="177"/>
    </FE>
    <FE bgColor="FFA500" fgColor="FFFFFF" coreType="Peripheral" cBy="JKR" cDate="06/30/2004 10:49:51 PDT Wed" abbrev="Time" name="Time" ID="6686">
        <definition>&lt;def-root&gt;When the Activity is resumed.&lt;/def-root&gt;</definition>
        <semType name="Time" ID="141"/>
    </FE>
    <FE bgColor="d0d0d0" fgColor="000000" coreType="Peripheral" cBy="JKR" cDate="06/30/2004 10:49:51 PDT Wed" abbrev="man" name="Manner" ID="6688">
        <definition>&lt;def-root&gt;Any description of the &lt;fen&gt;Activity&lt;/fen&gt;  which is not covered by more specific FEs, including epistemic modification (probably, presumably, mysteriously), secondary effects (quietly, loudly), and general descriptions comparing events (the same way). It may also mark indications of salient characteristics of the &lt;fen&gt;Agent&lt;/fen&gt; which affect the &lt;fen&gt;Activity&lt;/fen&gt;.

&lt;ex&gt;The stock market &lt;t&gt;resumed&lt;/t&gt; trading &lt;fex name="Manner"&gt;in an orderly fashion&lt;/fex&gt; on Monday&lt;/ex&gt;&lt;/def-root&gt;</definition>
        <semType name="Manner" ID="173"/>
    </FE>
    <FE bgColor="FF0000" fgColor="FFFFFF" coreType="Core" cBy="JKR" cDate="06/30/2004 11:04:02 PDT Wed" abbrev="age" name="Agent" ID="6689">
        <definition>&lt;def-root&gt;The &lt;fen&gt;Agent&lt;/fen&gt; who resumes an &lt;fen&gt;Activity&lt;/fen&gt; that they were engaged in earlier.

&lt;ex&gt; &lt;fex name="age"&gt;We&lt;/fex&gt; &lt;t&gt;renewed&lt;/t&gt; our efforts to get things completed.&lt;/ex&gt;&lt;/def-root&gt;</definition>
        <semType name="Sentient" ID="5"/>
    </FE>
    <FE bgColor="7CCD73" fgColor="000000" coreType="Extra-Thematic" cBy="KmG" cDate="05/24/2006 12:49:04 PDT Wed" abbrev="Cir" name="Circumstances" ID="10113">
        <definition>&lt;def-root&gt;Circumstances describe the state of the world (at a particular time and place) which is specifically independent of the event itself and any of its participants. &lt;/def-root&gt;</definition>
    </FE>
    <FE bgColor="EEE8AA" fgColor="000000" coreType="Extra-Thematic" cBy="KmG" cDate="05/24/2006 02:12:37 PDT Wed" abbrev="Dep" name="Depictive" ID="10114">
        <definition>&lt;def-root&gt;his FE describes a participant of the state of affairs introduced by the target as being in some state during the action. The depicted state does not necessarily or usually facilitate or cause the state of affairs reported by the target. &lt;/def-root&gt;</definition>
    </FE>
    <FE bgColor="1E90FF" fgColor="FFFFFF" coreType="Extra-Thematic" cBy="KmG" cDate="05/25/2006 09:27:43 PDT Thu" abbrev="Res" name="Result" ID="10116">
        <definition>&lt;def-root&gt;The consequence of the resuming of the &lt;fen&gt;Activity&lt;/fen&gt;.&lt;/def-root&gt;</definition>
    </FE>
    <FE bgColor="FF00FF" fgColor="FFFFFF" coreType="Extra-Thematic" cBy="KmG" cDate="05/25/2006 09:30:35 PDT Thu" abbrev="Eve" name="Event_description" ID="10117">
        <definition>&lt;def-root&gt;n general, this FE is used for phrases that describe the clause of the target as a whole.&lt;/def-root&gt;</definition>
    </FE>
    <frameRelation type="Inherits from">
        <relatedFrame ID="148">Process_resume</relatedFrame>
    </frameRelation>
    <frameRelation type="Is Inherited by"/>
    <frameRelation type="Perspective on"/>
    <frameRelation type="Is Perspectivized in"/>
    <frameRelation type="Uses"/>
    <frameRelation type="Is Used by"/>
    <frameRelation type="Subframe of">
        <relatedFrame ID="124">Activity</relatedFrame>
    </frameRelation>
    <frameRelation type="Has Subframe(s)"/>
    <frameRelation type="Precedes">
        <relatedFrame ID="164">Activity_ongoing</relatedFrame>
    </frameRelation>
    <frameRelation type="Is Preceded by">
        <relatedFrame ID="181">Activity_paused_state</relatedFrame>
    </frameRelation>
    <frameRelation type="Is Inchoative of"/>
    <frameRelation type="Is Causative of"/>
    <frameRelation type="See also"/>
    <lexUnit status="Finished_Initial" POS="V" name="renew.v" ID="10698" lemmaID="32625" cBy="JKR" cDate="06/30/2004 11:02:54 PDT Wed">
        <definition>COD: resume or re-establish after an interruption.</definition>
        <sentenceCount annotated="17" total="216"/>
        <lexeme order="1" headword="false" breakBefore="false" POS="V" name="renew"/>
    </lexUnit>
    <lexUnit status="Finished_Initial" POS="V" name="resume.v" ID="10699" lemmaID="32958" cBy="JKR" cDate="06/30/2004 11:03:33 PDT Wed">
        <definition>FN: to cause to begin again or continue after a pause or interruption</definition>
        <sentenceCount annotated="19" total="307"/>
        <lexeme order="1" headword="false" breakBefore="false" POS="V" name="resume"/>
    </lexUnit>
    <lexUnit status="Finished_Initial" POS="V" name="restart.v" ID="11458" lemmaID="49828" cBy="MJE" cDate="12/14/2004 01:02:56 PST Tue">
        <definition>COD: start again</definition>
        <sentenceCount annotated="5" total="162"/>
        <lexeme order="1" headword="true" breakBefore="false" POS="V" name="restart"/>
    </lexUnit>
</frame>