<?xml version="1.0" encoding="UTF-8" standalone="yes"?>
<?xml-stylesheet type="text/xsl" href="frame.xsl"?>
<frame cBy="JKR" cDate="03/04/2004 06:27:54 PST Thu" name="Aesthetics" ID="1016" xsi:schemaLocation="../schema/frame.xsd" xmlns="http://framenet.icsi.berkeley.edu" xmlns:xsi="http://www.w3.org/2001/XMLSchema-instance">
    <definition>&lt;def-root&gt;An &lt;fen&gt;Entity&lt;/fen&gt; is judged to be sensually pleasing or intellectually interesting to a (generally implicit) &lt;fen&gt;Judge&lt;/fen&gt;.


&lt;ex&gt;We saw this &lt;t&gt;beautiful&lt;/t&gt; &lt;fex name="Ent"&gt;boat&lt;/fex&gt; with the red sails several times&lt;/ex&gt;
&lt;ex&gt;We camped here on the beach and had an &lt;fex name="Deg"&gt;absolutely&lt;/fex&gt; &lt;t&gt;lovely&lt;/t&gt; &lt;fex name="Entity"&gt;early morning walk through farm fields&lt;/fex&gt;&lt;/ex&gt;
&lt;/def-root&gt;</definition>
    <FE bgColor="FF0000" fgColor="FFFFFF" coreType="Core" cBy="JKR" cDate="03/04/2004 06:27:54 PST Thu" abbrev="Ent" name="Entity" ID="6030">
        <definition>&lt;def-root&gt;The &lt;fen&gt;Entity&lt;/fen&gt; for which a particular gradable &lt;fen&gt;Attribute&lt;/fen&gt; is appropriate and under consideration.

&lt;/def-root&gt;</definition>
    </FE>
    <FE bgColor="1E90FF" fgColor="FFFFFF" coreType="Core" cBy="JKR" cDate="03/04/2004 06:27:54 PST Thu" abbrev="Att" name="Attribute" ID="6031">
        <definition>&lt;def-root&gt;The feature of an &lt;fen&gt;Entity&lt;/fen&gt; which is under discussion.&lt;/def-root&gt;</definition>
    </FE>
    <FE bgColor="FF00FF" fgColor="FFFFFF" coreType="Core" cBy="JKR" cDate="03/04/2004 06:27:54 PST Thu" abbrev="Deg" name="Degree" ID="6032">
        <definition>&lt;def-root&gt;A modifier expressing    the deviation of the implicit value either from the norm or from the value for another &lt;fen&gt;Entity&lt;/fen&gt;.&lt;/def-root&gt;</definition>
        <semType name="Degree" ID="172"/>
    </FE>
    <FE bgColor="FFA500" fgColor="FFFFFF" coreType="Extra-Thematic" cBy="JKR" cDate="03/04/2004 06:27:54 PST Thu" abbrev="Tim" name="Time" ID="6033">
        <definition>&lt;def-root&gt;The &lt;fen&gt;Time&lt;/fen&gt; during which the &lt;fen&gt;Entity&lt;/fen&gt; is in the state of having a particular implicit value for the &lt;fen&gt;Attribute&lt;/fen&gt;.&lt;/def-root&gt;</definition>
        <semType name="Time" ID="141"/>
    </FE>
    <FE bgColor="A52A2A" fgColor="FFFFFF" coreType="Extra-Thematic" cBy="JKR" cDate="03/04/2004 06:27:54 PST Thu" abbrev="Cir" name="Circumstances" ID="6034">
        <definition>&lt;def-root&gt;Some specification of the circumstances under which the &lt;fen&gt;Entity&lt;/fen&gt; has a particular implicit value for the &lt;fen&gt;Attribute&lt;/fen&gt;.&lt;/def-root&gt;</definition>
    </FE>
    <FE bgColor="008000" fgColor="FFFFFF" coreType="Extra-Thematic" cBy="JKR" cDate="03/04/2004 06:48:45 PST Thu" abbrev="Vie" name="Viewpoint" ID="6036">
        <definition>&lt;def-root&gt;The individual who judges the &lt;fen&gt;Entity&lt;/fen&gt;'s aesthetics.


&lt;ex&gt;She has always been &lt;t&gt;beautiful&lt;/t&gt; &lt;fex name="Viewpoint"&gt;to me&lt;/fex&gt;.&lt;/ex&gt;&lt;/def-root&gt;</definition>
        <semType name="Sentient" ID="5"/>
    </FE>
    <FE bgColor="800080" fgColor="FFFFFF" coreType="Extra-Thematic" cBy="KmG" cDate="07/18/2007 02:47:10 PDT Wed" abbrev="Pla" name="Place" ID="11910">
        <definition>&lt;def-root&gt;The location where the &lt;fen&gt;Entity&lt;/fen&gt; is in the state of having a particular implicit value for the &lt;fen&gt;Attribute&lt;/fen&gt;.&lt;/def-root&gt;</definition>
    </FE>
    <frameRelation type="Inherits from">
        <relatedFrame ID="354">Desirability</relatedFrame>
    </frameRelation>
    <frameRelation type="Is Inherited by"/>
    <frameRelation type="Perspective on"/>
    <frameRelation type="Is Perspectivized in"/>
    <frameRelation type="Uses"/>
    <frameRelation type="Is Used by">
        <relatedFrame ID="2490">Artistic_style</relatedFrame>
    </frameRelation>
    <frameRelation type="Subframe of"/>
    <frameRelation type="Has Subframe(s)"/>
    <frameRelation type="Precedes"/>
    <frameRelation type="Is Preceded by"/>
    <frameRelation type="Is Inchoative of"/>
    <frameRelation type="Is Causative of"/>
    <frameRelation type="See also"/>
    <lexUnit status="Finished_Initial" POS="A" name="beautiful.a" ID="10206" lemmaID="3143" cBy="JKR" cDate="03/04/2004 06:58:41 PST Thu">
        <definition>COD: pleasing the senses or mind aesthetically</definition>
        <sentenceCount annotated="34" total="169"/>
        <lexeme order="1" headword="false" breakBefore="false" POS="A" name="beautiful"/>
    </lexUnit>
    <lexUnit status="Created" POS="A" name="lovely.a" ID="10207" lemmaID="22840" cBy="JKR" cDate="03/04/2004 06:59:33 PST Thu">
        <definition>COD: exquisitely beautiful</definition>
        <sentenceCount annotated="2" total="2"/>
        <lexeme order="1" headword="false" breakBefore="false" POS="A" name="lovely"/>
    </lexUnit>
    <lexUnit status="Finished_Initial" POS="A" name="smart.a" ID="11627" lemmaID="36489" cBy="JKR" cDate="03/01/2005 11:26:01 PST Tue">
        <definition>COD: clean, tidy, and stylish</definition>
        <sentenceCount annotated="30" total="273"/>
        <lexeme order="1" headword="false" breakBefore="false" POS="A" name="smart"/>
    </lexUnit>
    <lexUnit status="Finished_Initial" POS="A" name="ugly.a" ID="11628" lemmaID="41729" cBy="JKR" cDate="03/01/2005 11:27:11 PST Tue">
        <definition>COD: unpleasant or repulsive in appearance</definition>
        <sentenceCount annotated="36" total="222"/>
        <lexeme order="1" headword="false" breakBefore="false" POS="A" name="ugly"/>
    </lexUnit>
    <lexUnit status="Created" POS="A" name="tasty.a" ID="11641" lemmaID="39591" cBy="JKR" cDate="03/01/2005 03:46:04 PST Tue">
        <definition>COD: (of food) having a pleasant, distinct flavour.</definition>
        <sentenceCount annotated="0" total="0"/>
        <lexeme order="1" headword="false" breakBefore="false" POS="A" name="tasty"/>
    </lexUnit>
    <lexUnit status="Created" POS="A" name="elegant.a" ID="13823" lemmaID="12437" cBy="MJE" cDate="02/25/2007 01:57:24 PST Sun">
        <definition>COD: graceful and stylish.</definition>
        <sentenceCount annotated="3" total="3"/>
        <lexeme order="1" headword="false" breakBefore="false" POS="A" name="elegant"/>
    </lexUnit>
    <lexUnit status="Created" POS="A" name="fair.a" ID="15316" lemmaID="13840" cBy="AlK" cDate="03/17/2009 04:18:16 PDT Tue">
        <definition>FN: pleasurable to the aesthetic senses</definition>
        <sentenceCount annotated="0" total="0"/>
        <lexeme order="1" headword="false" breakBefore="false" POS="A" name="fair"/>
    </lexUnit>
    <lexUnit status="Created" POS="A" name="handsome.a" ID="15929" lemmaID="17373" cBy="MJE" cDate="07/23/2010 06:37:26 PDT Fri">
        <definition>FN: (us. of a male person) attractive.</definition>
        <sentenceCount annotated="1" total="1"/>
        <lexeme order="1" headword="false" breakBefore="false" POS="A" name="handsome"/>
    </lexUnit>
    <lexUnit status="Created" POS="A" name="hideous.a" ID="17286" lemmaID="18006" cBy="CVa" cDate="01/23/2013 02:35:21 PST Wed">
        <definition>FN: very unpleasent to look at</definition>
        <sentenceCount annotated="1" total="1"/>
        <lexeme order="1" headword="false" breakBefore="false" POS="A" name="hideous"/>
    </lexUnit>
</frame>