<?xml version="1.0" encoding="UTF-8" standalone="yes"?>
<?xml-stylesheet type="text/xsl" href="frame.xsl"?>
<frame cBy="MJE" cDate="08/15/2003 06:31:20 PDT Fri" name="Amalgamation" ID="790" xsi:schemaLocation="../schema/frame.xsd" xmlns="http://framenet.icsi.berkeley.edu" xmlns:xsi="http://www.w3.org/2001/XMLSchema-instance">
    <definition>&lt;def-root&gt;These words refer to &lt;fen&gt;Parts&lt;/fen&gt; merging to form a &lt;fen&gt;Whole&lt;/fen&gt;.  (The &lt;fen&gt;Parts&lt;/fen&gt; may also be encoded as &lt;fen&gt;Part_1&lt;/fen&gt; and &lt;fen&gt;Part_2&lt;/fen&gt;.)  There is a symmetrical relationship between the components that undergo the process, and afterwards the &lt;fen&gt;Parts&lt;/fen&gt; are consumed and are no longer distinct entities that are easily discernable or separable in the &lt;fen&gt;Whole&lt;/fen&gt;.

&lt;ex&gt;&lt;fex name="Parts"&gt;The two droplets&lt;/fex&gt; &lt;t&gt;merge&lt;/t&gt;, and then travel down the windowpane even faster.&lt;/ex&gt;&lt;/def-root&gt;</definition>
    <FE bgColor="0000FF" fgColor="FFFFFF" coreType="Core" cBy="MJE" cDate="08/15/2003 06:34:23 PDT Fri" abbrev="" name="Parts" ID="4926">
        <definition>&lt;def-root&gt;The entities that merge to form a single &lt;fen&gt;Whole&lt;/fen&gt;.&lt;/def-root&gt;</definition>
    </FE>
    <FE bgColor="9400D3" fgColor="FFFFFF" coreType="Core" cBy="MJE" cDate="08/15/2003 06:35:31 PDT Fri" abbrev="" name="Whole" ID="4927">
        <definition>&lt;def-root&gt;The single, undifferentiated entity that is the result of the amalgamation.

&lt;ex&gt;They had all just &lt;t&gt;merged&lt;/t&gt; &lt;fex name="Whole"&gt;into one big file&lt;/fex&gt;.&lt;/ex&gt;&lt;/def-root&gt;</definition>
    </FE>
    <FE bgColor="A52A2A" fgColor="FFFFFF" coreType="Core" cBy="MJE" cDate="08/15/2003 06:38:30 PDT Fri" abbrev="" name="Part_1" ID="4928">
        <definition>&lt;def-root&gt;The prominent entity that combines with &lt;fen&gt;Part_2&lt;/fen&gt; to form a &lt;fen&gt;Whole&lt;/fen&gt;.  &lt;ex&gt;&lt;fex name="Part_1"&gt;The single smaller soul&lt;/fex&gt; &lt;t&gt;merges&lt;/t&gt; with the Ur-soul.&lt;/ex&gt;&lt;/def-root &gt;</definition>
        <requiresFE name="Part_2" ID="4929"/>
        <excludesFE name="Parts" ID="4926"/>
    </FE>
    <FE bgColor="008000" fgColor="FFFFFF" coreType="Core" cBy="MJE" cDate="08/15/2003 06:41:07 PDT Fri" abbrev="" name="Part_2" ID="4929">
        <definition>&lt;def-root&gt;The less focussed-upon entity that the &lt;fen&gt;Part_1&lt;/fen&gt; merges with.

&lt;ex&gt;The single smaller soul &lt;t&gt;merges&lt;/t&gt; &lt;fex name="Part_2"&gt;with the Ur-soul&lt;/fex&gt;.&lt;/ex&gt;&lt;/def-root&gt;</definition>
        <requiresFE name="Part_1" ID="4928"/>
        <excludesFE name="Parts" ID="4926"/>
    </FE>
    <FE bgColor="FF69B4" fgColor="FFFFFF" coreType="Peripheral" cBy="MJE" cDate="08/15/2003 07:01:53 PDT Fri" abbrev="Deg" name="Degree" ID="4930">
        <definition>&lt;def-root&gt;This FE identifies the thoroughness of the mixing job, i.e. to what degree the resulting &lt;fen&gt;Whole&lt;/fen&gt; is undifferentiated.&lt;/def-root&gt;</definition>
        <semType name="Degree" ID="172"/>
    </FE>
    <FE bgColor="FF00FF" fgColor="FFFFFF" coreType="Peripheral" cBy="MJE" cDate="08/15/2003 07:03:34 PDT Fri" abbrev="Mnr" name="Manner" ID="4931">
        <definition>&lt;def-root&gt;Any description of the event which is not covered by more specific FEs, including epistemic modification (probably, presumably, mysteriously), force (hard, softly), secondary effects (quietly, loudly), and general descriptions comparing events (the same way).  In this frame, it is also deemed to include modification indicating the speed of the event.&lt;/def-root&gt;</definition>
        <semType name="Manner" ID="173"/>
    </FE>
    <FE bgColor="808080" fgColor="FFFFFF" coreType="Extra-Thematic" cBy="MJE" cDate="09/22/2003 02:08:55 PDT Mon" abbrev="Res" name="Result" ID="5100">
        <definition>&lt;def-root&gt;The state of the &lt;fen&gt;Parts&lt;/fen&gt; after the amalgamation.&lt;/def-root&gt;</definition>
    </FE>
    <FE bgColor="FFA500" fgColor="FFFFFF" coreType="Peripheral" cBy="MJE" cDate="09/23/2003 04:21:47 PDT Tue" abbrev="" name="Time" ID="5111">
        <definition>&lt;def-root&gt;The time at which the &lt;fen&gt;Parts&lt;/fen&gt; become amalgamated into a &lt;fen&gt;Whole&lt;/fen&gt;&lt;/def-root&gt;</definition>
        <semType name="Time" ID="141"/>
    </FE>
    <FE bgColor="1E90FF" fgColor="FFFFFF" coreType="Peripheral" cBy="MJE" cDate="09/23/2003 04:23:47 PDT Tue" abbrev="" name="Place" ID="5112">
        <definition>&lt;def-root&gt;The location at which the amalgamation occurs.&lt;/def-root&gt;</definition>
        <semType name="Locative_relation" ID="182"/>
    </FE>
    <FE bgColor="006400" fgColor="FFFFFF" coreType="Extra-Thematic" cBy="MJE" cDate="09/23/2003 04:25:07 PDT Tue" abbrev="" name="Depictive" ID="5113">
        <definition>&lt;def-root&gt;The state of &lt;fen&gt;Part_1&lt;/fen&gt; or &lt;fen&gt;Parts&lt;/fen&gt;.&lt;/def-root&gt;</definition>
    </FE>
    <FE bgColor="FFA500" fgColor="000000" coreType="Extra-Thematic" cBy="PKe" cDate="05/29/2012 04:09:45 PDT Tue" abbrev="" name="Descriptor" ID="15720">
        <definition>&lt;def-root&gt;A &lt;fen&gt;Descriptor&lt;/fen&gt; describes the target. Usually adjectives, used with noun LUs.

&lt;ex&gt;This &lt;fex name="Descriptor"&gt;beautiful&lt;/fex&gt; &lt;t&gt;combination&lt;/t&gt; is only available for a limited time.&lt;/ex&gt;&lt;/def-root&gt;</definition>
    </FE>
    <frameRelation type="Inherits from">
        <relatedFrame ID="9">Reciprocality</relatedFrame>
    </frameRelation>
    <frameRelation type="Is Inherited by"/>
    <frameRelation type="Perspective on"/>
    <frameRelation type="Is Perspectivized in"/>
    <frameRelation type="Uses"/>
    <frameRelation type="Is Used by"/>
    <frameRelation type="Subframe of"/>
    <frameRelation type="Has Subframe(s)"/>
    <frameRelation type="Precedes"/>
    <frameRelation type="Is Preceded by"/>
    <frameRelation type="Is Inchoative of"/>
    <frameRelation type="Is Causative of"/>
    <frameRelation type="See also"/>
    <lexUnit status="Created" POS="N" name="merger.n" ID="9291" lemmaID="24026" cBy="MJE" cDate="08/15/2003 07:00:44 PDT Fri">
        <definition>COD:   the combining of two things, especially companies, into one.</definition>
        <sentenceCount annotated="0" total="0"/>
        <lexeme order="1" headword="false" breakBefore="false" POS="N" name="merger"/>
    </lexUnit>
    <lexUnit status="Created" POS="V" name="amalgamate.v" ID="9490" lemmaID="1171" cBy="MJE" cDate="09/19/2003 07:37:48 PDT Fri">
        <definition>COD: combine or unite to form one organization or structure.</definition>
        <sentenceCount annotated="7" total="90"/>
        <lexeme order="1" headword="false" breakBefore="false" POS="V" name="amalgamate"/>
    </lexUnit>
    <lexUnit status="Created" POS="V" name="blend.v" ID="9500" lemmaID="3817" cBy="MJE" cDate="09/22/2003 02:07:47 PDT Mon">
        <definition>FN: to mix with something else</definition>
        <sentenceCount annotated="4" total="258"/>
        <lexeme order="1" headword="false" breakBefore="false" POS="V" name="blend"/>
    </lexUnit>
    <lexUnit status="Created" POS="V" name="combine.v" ID="9507" lemmaID="7271" cBy="MJE" cDate="09/23/2003 04:16:59 PDT Tue">
        <definition>COD: unite; merge; unite to form a compound</definition>
        <sentenceCount annotated="17" total="302"/>
        <lexeme order="1" headword="false" breakBefore="false" POS="V" name="combine"/>
    </lexUnit>
    <lexUnit status="Created" POS="V" name="commingle.v" ID="9508" lemmaID="7354" cBy="MJE" cDate="09/23/2003 04:39:16 PDT Tue">
        <definition>FN: to blend together with another item or substance</definition>
        <sentenceCount annotated="1" total="5"/>
        <lexeme order="1" headword="false" breakBefore="false" POS="V" name="commingle"/>
    </lexUnit>
    <lexUnit status="Created" POS="V" name="fuse.v" ID="9511" lemmaID="15745" cBy="MJE" cDate="09/23/2003 05:35:16 PDT Tue">
        <definition>FN: to blend together with one or more additional entities</definition>
        <sentenceCount annotated="11" total="162"/>
        <lexeme order="1" headword="false" breakBefore="false" POS="V" name="fuse"/>
    </lexUnit>
    <lexUnit status="Created" POS="V" name="intermix.v" ID="9550" lemmaID="20360" cBy="MJE" cDate="09/29/2003 03:15:46 PDT Mon">
        <definition>FN: to blend together with one or more additional items</definition>
        <sentenceCount annotated="1" total="1"/>
        <lexeme order="1" headword="false" breakBefore="false" POS="V" name="intermix"/>
    </lexUnit>
    <lexUnit status="Finished_Initial" POS="V" name="meld.v" ID="9720" lemmaID="23912" cBy="MJE" cDate="10/07/2003 05:59:07 PDT Tue">
        <definition>FN: to blend together with at least one additional item</definition>
        <sentenceCount annotated="6" total="60"/>
        <lexeme order="1" headword="false" breakBefore="false" POS="V" name="meld"/>
    </lexUnit>
    <lexUnit status="Created" POS="V" name="merge.v" ID="9721" lemmaID="24025" cBy="MJE" cDate="10/07/2003 06:11:38 PDT Tue">
        <definition>FN: to be combined into one</definition>
        <sentenceCount annotated="17" total="30"/>
        <lexeme order="1" headword="false" breakBefore="false" POS="V" name="merge"/>
    </lexUnit>
    <lexUnit status="Created" POS="V" name="unify.v" ID="9724" lemmaID="42187" cBy="MJE" cDate="10/10/2003 04:11:25 PDT Fri">
        <definition>COD: make or become united or uniform.</definition>
        <sentenceCount annotated="1" total="1"/>
        <lexeme order="1" headword="false" breakBefore="false" POS="V" name="unify"/>
    </lexUnit>
    <lexUnit status="Created" POS="V" name="unite.v" ID="9725" lemmaID="42216" cBy="MJE" cDate="10/12/2003 03:18:23 PDT Sun">
        <definition>FN: to combine with one or more additional entities to form a whole</definition>
        <sentenceCount annotated="12" total="12"/>
        <lexeme order="1" headword="false" breakBefore="false" POS="V" name="unite"/>
    </lexUnit>
    <lexUnit status="Created" POS="V" name="band together.v" ID="11860" lemmaID="45565" cBy="MiL" cDate="04/18/2005 03:38:02 PDT Mon">
        <definition>FN: people forming a group, usually for some specific purpose</definition>
        <sentenceCount annotated="0" total="0"/>
        <lexeme order="1" headword="true" breakBefore="false" POS="V" name="band"/>
        <lexeme order="2" headword="false" breakBefore="false" POS="ADV" name="together"/>
    </lexUnit>
    <lexUnit status="Created" POS="V" name="come together.v" ID="14178" lemmaID="50590" cBy="KmG" cDate="03/28/2007 09:56:16 PDT Wed">
        <definition>FN: coalesce to make a whole</definition>
        <sentenceCount annotated="1" total="1"/>
        <lexeme order="1" headword="true" breakBefore="false" POS="V" name="come"/>
        <lexeme order="2" headword="false" breakBefore="true" POS="ADV" name="together"/>
    </lexUnit>
    <lexUnit status="Finished_Initial" POS="N" name="combination.n" ID="16914" lemmaID="7267" cBy="CVa" cDate="02/23/2012 10:20:12 PST Thu">
        <definition>FN: a mixture of two or more parts which forms a single, new whole</definition>
        <sentenceCount annotated="90" total="166"/>
        <lexeme order="1" headword="false" breakBefore="false" POS="N" name="combination"/>
    </lexUnit>
    <lexUnit status="Created" POS="V" name="coalesce.v" ID="17577" lemmaID="6952" cBy="CVa" cDate="07/08/2014 09:51:45 PDT Tue">
        <definition>FN: to come together to form one mass</definition>
        <sentenceCount annotated="0" total="0"/>
        <lexeme order="1" headword="false" breakBefore="false" POS="V" name="coalesce"/>
    </lexUnit>
    <lexUnit status="Created" POS="V" name="consolidate.v" ID="17578" lemmaID="7932" cBy="CVa" cDate="07/08/2014 09:58:57 PDT Tue">
        <definition>FN: to come together to form a single unit</definition>
        <sentenceCount annotated="0" total="0"/>
        <lexeme order="1" headword="false" breakBefore="false" POS="V" name="consolidate"/>
    </lexUnit>
    <lexUnit status="Created" POS="V" name="join.v" ID="17579" lemmaID="21017" cBy="CVa" cDate="07/08/2014 10:01:33 PDT Tue">
        <definition>FN: to come together to form a single unit</definition>
        <sentenceCount annotated="0" total="0"/>
        <lexeme order="1" headword="false" breakBefore="false" POS="V" name="join"/>
    </lexUnit>
    <lexUnit status="Created" POS="V" name="jumble.v" ID="17580" lemmaID="21134" cBy="CVa" cDate="07/08/2014 10:03:21 PDT Tue">
        <definition>FN: to come together in an unorganized or confusing manner</definition>
        <sentenceCount annotated="0" total="0"/>
        <lexeme order="1" headword="false" breakBefore="false" POS="V" name="jumble"/>
    </lexUnit>
    <lexUnit status="Created" POS="V" name="mix.v" ID="17581" lemmaID="24614" cBy="CVa" cDate="07/08/2014 10:04:41 PDT Tue">
        <definition>FN: to come together to form one unit</definition>
        <sentenceCount annotated="0" total="0"/>
        <lexeme order="1" headword="false" breakBefore="false" POS="V" name="mix"/>
    </lexUnit>
</frame>