<?xml version="1.0" encoding="UTF-8" standalone="yes"?>
<?xml-stylesheet type="text/xsl" href="frame.xsl"?>
<frame cBy="KmG" cDate="04/09/2008 03:10:44 PDT Wed" name="Annoyance" ID="2049" xsi:schemaLocation="../schema/frame.xsd" xmlns="http://framenet.icsi.berkeley.edu" xmlns:xsi="http://www.w3.org/2001/XMLSchema-instance">
    <definition>&lt;def-root&gt;An &lt;fen&gt;Experiencer&lt;/fen&gt;, &lt;fen&gt;Expressor&lt;/fen&gt;, or &lt;fen&gt;State&lt;/fen&gt; has a feeling of annoyance as evoked by a &lt;fen&gt;Stimulus&lt;/fen&gt; or concerning a &lt;fen&gt;Topic&lt;/fen&gt;.

&lt;ex&gt;&lt;fex name="Experiencer"&gt;Peck&lt;/fex&gt; was &lt;t&gt;annoyed&lt;/t&gt; &lt;fex name="Stimulus"&gt;at the interruption&lt;/fex&gt;.&lt;/ex&gt;

&lt;ex&gt;Maggie noted &lt;fex name="Experiencer"&gt;his&lt;/fex&gt; &lt;fex name="Degree"&gt;rather&lt;/fex&gt; &lt;t&gt;irritated&lt;/t&gt; &lt;fex name="Expressor"&gt;expression&lt;/fex&gt;.&lt;/ex&gt;

&lt;/def-root&gt;</definition>
    <FE bgColor="800080" fgColor="FFFFFF" coreType="Core" cBy="KmG" cDate="04/09/2008 03:10:44 PDT Wed" abbrev="Exp" name="Experiencer" ID="12484">
        <definition>&lt;def-root&gt;The &lt;fen&gt;Experiencer&lt;/fen&gt; is the person or sentient entity that experiences or feels the emotions.


&lt;/def-root&gt;</definition>
        <semType name="Sentient" ID="5"/>
    </FE>
    <FE bgColor="FFFF00" fgColor="000000" coreType="Core" cBy="KmG" cDate="04/09/2008 03:10:44 PDT Wed" abbrev="Top" name="Topic" ID="12485">
        <definition>&lt;def-root&gt;The &lt;fen&gt;Topic&lt;/fen&gt; is the general area in which the emotion occurs.  It indicates a range of possible &lt;fen&gt;Stimulus&lt;/fen&gt;.


&lt;/def-root&gt;</definition>
    </FE>
    <FE bgColor="FF0000" fgColor="FFFFFF" coreType="Core" cBy="KmG" cDate="04/09/2008 03:10:44 PDT Wed" abbrev="Stim" name="Stimulus" ID="12486">
        <definition>&lt;def-root&gt;The &lt;fen&gt;Stimulus&lt;/fen&gt; is the person, event, or state of affairs that evokes the emotional response in the &lt;fen&gt;Experiencer&lt;/fen&gt;.



&lt;/def-root&gt;</definition>
    </FE>
    <FE bgColor="FF69B4" fgColor="FFFFFF" coreType="Peripheral" cBy="KmG" cDate="04/09/2008 03:10:44 PDT Wed" abbrev="Degr" name="Degree" ID="12487">
        <definition>&lt;def-root&gt;The extent to which the &lt;fen&gt;Experiencer&lt;/fen&gt;'s emotion deviates from the norm for the emotion.
&lt;/def-root&gt;</definition>
        <semType name="Degree" ID="172"/>
    </FE>
    <FE bgColor="0000FF" fgColor="FFFFFF" coreType="Extra-Thematic" cBy="KmG" cDate="04/09/2008 03:10:44 PDT Wed" abbrev="ET" name="Empathy_target" ID="12488">
        <definition>&lt;def-root&gt;The &lt;fen&gt;Empathy_target&lt;/fen&gt; is the individual or individuals with which the &lt;fen&gt;Experiencer&lt;/fen&gt; identifies emotionally and thus shares their emotional response.
&lt;/def-root&gt;</definition>
    </FE>
    <FE bgColor="008000" fgColor="FFFFFF" coreType="Core" cBy="KmG" cDate="04/09/2008 03:10:44 PDT Wed" abbrev="Exr" name="Expressor" ID="12489">
        <definition>&lt;def-root&gt;The body part, gesture, or other expression of the &lt;fen&gt;Experiencer&lt;/fen&gt; that reflects his or her emotional state.  They describe a presentation of the experience or emotion denoted by the adjective or noun.



&lt;/def-root&gt;</definition>
    </FE>
    <FE bgColor="90876C" fgColor="FFFFFF" coreType="Extra-Thematic" cBy="KmG" cDate="04/09/2008 03:10:44 PDT Wed" abbrev="Exp" name="Explanation" ID="12490">
        <definition>&lt;def-root&gt;The &lt;fen&gt;Explanation&lt;/fen&gt; is the explanation for why the &lt;fen&gt;Stimulus&lt;/fen&gt; evokes a certain emotional response.
&lt;/def-root&gt;</definition>
        <semType name="State_of_affairs" ID="177"/>
    </FE>
    <FE bgColor="00BFFF" fgColor="FFFFFF" coreType="Extra-Thematic" cBy="KmG" cDate="04/09/2008 03:10:44 PDT Wed" abbrev="cir" name="Circumstances" ID="12491">
        <definition>&lt;def-root&gt;The &lt;fen&gt;Circumstances&lt;/fen&gt; is the condition(s) under which the &lt;fen&gt;Stimulus&lt;/fen&gt; evokes its response.  In some cases it may appear without an explicit &lt;fen&gt;Stimulus&lt;/fen&gt;.  Quite often in such cases, the &lt;fen&gt;Stimulus&lt;/fen&gt; can be inferred from the &lt;fen&gt;Circumstances&lt;/fen&gt; 
&lt;/def-root&gt;</definition>
    </FE>
    <FE bgColor="9F79EE" fgColor="FFFFFF" coreType="Core" cBy="KmG" cDate="04/09/2008 03:10:44 PDT Wed" abbrev="State" name="State" ID="12492">
        <definition>&lt;def-root&gt;The &lt;fen&gt;State&lt;/fen&gt; is the abstract noun that describes a more lasting experience by the &lt;fen&gt;Experiencer&lt;/fen&gt;.


&lt;/def-root&gt;</definition>
    </FE>
    <FE bgColor="2E8B57" fgColor="FFFFFF" coreType="Peripheral" cBy="KmG" cDate="04/09/2008 03:10:44 PDT Wed" abbrev="Par" name="Parameter" ID="12494">
        <definition>&lt;def-root&gt;The &lt;fen&gt;Parameter&lt;/fen&gt; is a domain in which the &lt;fen&gt;Experiencer&lt;/fen&gt; experiences the &lt;fen&gt;Stimulus&lt;/fen&gt;.&lt;/def-root&gt;</definition>
    </FE>
    <FE bgColor="FF00FF" fgColor="FFFFFF" coreType="Peripheral" cBy="KmG" cDate="04/09/2008 03:10:44 PDT Wed" abbrev="Man" name="Manner" ID="12495">
        <definition>&lt;def-root&gt;Any description of the way in which the &lt;fen&gt;Experiencer&lt;/fen&gt; experiences the &lt;fen&gt;Stimulus&lt;/fen&gt; which is not covered by more specific FEs, including secondary effects (&lt;ment&gt;quietly, loudly&lt;/ment&gt;), and general descriptions comparing events (&lt;ment&gt;the same way&lt;/ment&gt;).  &lt;fen&gt;Manner&lt;/fen&gt; may also describe a state of the &lt;fen&gt;Experiencer&lt;/fen&gt; that affects the details of the emotional experience.

&lt;/def-root&gt;</definition>
        <semType name="Manner" ID="173"/>
    </FE>
    <FE bgColor="FFA500" fgColor="FFFFFF" coreType="Peripheral" cBy="KmG" cDate="04/09/2008 03:10:44 PDT Wed" abbrev="Tim" name="Time" ID="12496">
        <definition>&lt;def-root&gt;The &lt;fen&gt;Time&lt;/fen&gt; when the &lt;fen&gt;Experiencer&lt;/fen&gt;, &lt;fen&gt;Expressor&lt;/fen&gt;, or &lt;fen&gt;State&lt;/fen&gt; can be described as having said emotion.&lt;/def-root&gt;</definition>
    </FE>
    <FEcoreSet>
        <memberFE name="State" ID="12492"/>
        <memberFE name="Expressor" ID="12489"/>
        <memberFE name="Experiencer" ID="12484"/>
    </FEcoreSet>
    <FEcoreSet>
        <memberFE name="Stimulus" ID="12486"/>
        <memberFE name="Topic" ID="12485"/>
    </FEcoreSet>
    <frameRelation type="Inherits from">
        <relatedFrame ID="2042">Emotions_by_stimulus</relatedFrame>
    </frameRelation>
    <frameRelation type="Is Inherited by"/>
    <frameRelation type="Perspective on"/>
    <frameRelation type="Is Perspectivized in"/>
    <frameRelation type="Uses"/>
    <frameRelation type="Is Used by"/>
    <frameRelation type="Subframe of"/>
    <frameRelation type="Has Subframe(s)"/>
    <frameRelation type="Precedes"/>
    <frameRelation type="Is Preceded by"/>
    <frameRelation type="Is Inchoative of"/>
    <frameRelation type="Is Causative of"/>
    <frameRelation type="See also"/>
    <lexUnit status="Finished_Initial" POS="A" name="annoyed.a" ID="14934" lemmaID="4" cBy="KmG" cDate="04/09/2008 03:23:46 PDT Wed">
        <definition>FN: aggravation at something</definition>
        <sentenceCount annotated="22" total="137"/>
        <lexeme order="1" headword="false" breakBefore="false" POS="A" name="annoyed"/>
    </lexUnit>
    <lexUnit status="Created" POS="A" name="irritated.a" ID="14935" lemmaID="32" cBy="KmG" cDate="04/09/2008 03:23:56 PDT Wed">
        <definition>FN: impatience and anger at something</definition>
        <sentenceCount annotated="0" total="0"/>
        <lexeme order="1" headword="false" breakBefore="false" POS="A" name="irritated"/>
    </lexUnit>
    <lexUnit status="Created" POS="A" name="frustrated.a" ID="14957" lemmaID="50867" cBy="KmG" cDate="04/21/2008 02:43:45 PDT Mon">
        <definition>FN: irritated over dissapointments</definition>
        <sentenceCount annotated="0" total="0"/>
        <lexeme order="1" headword="true" breakBefore="false" POS="A" name="frustrated"/>
    </lexUnit>
</frame>