<?xml version="1.0" encoding="UTF-8" standalone="yes"?>
<?xml-stylesheet type="text/xsl" href="frame.xsl"?>
<frame cBy="RLG" cDate="08/04/2011 02:04:15 PDT Thu" name="Armor" ID="2602" xsi:schemaLocation="../schema/frame.xsd" xmlns="http://framenet.icsi.berkeley.edu" xmlns:xsi="http://www.w3.org/2001/XMLSchema-instance">
    <definition>&lt;def-root&gt;An &lt;fen&gt;Asset&lt;/fen&gt;, the safety of which is desirable, is protected from damage by a covering, the &lt;fen&gt;Armor&lt;/fen&gt;. The &lt;fen&gt;Armor&lt;/fen&gt; covers part or all of the &lt;fen&gt;Asset&lt;/fen&gt; and is designed to absorb force from an oncoming &lt;fen&gt;Danger&lt;/fen&gt;.

&lt;ex&gt;They were wearing nothing but primitive &lt;fex name="mat"&gt;wooden&lt;/fex&gt; &lt;t&gt;&lt;fex name="Armor"&gt;armor&lt;/fex&gt;&lt;/t&gt;.&lt;/ex&gt;

&lt;ex&gt;An extra level of safety is provided by &lt;fex name="Asset"&gt;the soldiers'&lt;/fex&gt; &lt;fex name="Danger"&gt;ballistic&lt;/fex&gt; &lt;t&gt;&lt;fex name="Armor"&gt;armor&lt;/fex&gt;&lt;/t&gt;.&lt;/ex&gt;&lt;/def-root&gt;</definition>
    <FE bgColor="FF0000" fgColor="FFFFFF" coreType="Core" cBy="RLG" cDate="08/04/2011 02:04:15 PDT Thu" abbrev="arm" name="Armor" ID="14691">
        <definition>&lt;def-root&gt;The &lt;fen&gt;Armor&lt;/fen&gt; prevents the &lt;fen&gt;Asset&lt;/fen&gt; from coming to harm.

&lt;ex&gt;Metal &lt;t&gt;&lt;fex name="arm"&gt;armor&lt;/fex&gt;&lt;/t&gt; was so heavy that sometimes knights found it difficult to move.&lt;/ex&gt;&lt;/def-root&gt;</definition>
    </FE>
    <FE bgColor="800080" fgColor="FFFFFF" coreType="Core" cBy="RLG" cDate="08/04/2011 02:04:15 PDT Thu" abbrev="Danger" name="Danger" ID="14694">
        <definition>&lt;def-root&gt;An object or situation that could damage the &lt;fen&gt;Asset&lt;/fen&gt;.

&lt;ex&gt;The &lt;fex name="Danger"&gt;anti-mine&lt;/fex&gt; &lt;t&gt;armor&lt;/t&gt; being developed by the army is still months from completion.&lt;/ex&gt;&lt;/def-root&gt;</definition>
    </FE>
    <FE bgColor="0000FF" fgColor="FFFFFF" coreType="Core" cBy="RLG" cDate="08/04/2011 02:04:15 PDT Thu" abbrev="Asset" name="Asset" ID="14695">
        <definition>&lt;def-root&gt;Something desirable which might be lost or damaged and which is protected by &lt;fen&gt;Armor&lt;/fen&gt;.

&lt;ex&gt;Our company's &lt;fex name="Asset"&gt;tank&lt;/fex&gt; &lt;t&gt;armor&lt;/t&gt; provides an unprecedented about of protection.&lt;/ex&gt;

&lt;ex&gt;The bullet was stopped by &lt;fex name="Asset"&gt;her&lt;/fex&gt; &lt;t&gt;bullet-proof vest&lt;/t&gt;.&lt;/ex&gt;&lt;/def-root&gt;</definition>
    </FE>
    <FE bgColor="A52A2A" fgColor="FFFFFF" coreType="Extra-Thematic" cBy="RLG" cDate="08/04/2011 02:04:15 PDT Thu" abbrev="des" name="Descriptor" ID="14700">
        <definition>&lt;def-root&gt;A description or characteristic of the &lt;fen&gt;Armor&lt;/fen&gt;.

&lt;ex&gt;The &lt;fex name="des"&gt;rusted&lt;/fex&gt; &lt;t&gt;mail&lt;/t&gt; provided little protection against his foe's broadsword.&lt;/ex&gt;&lt;/def-root&gt;</definition>
    </FE>
    <FE bgColor="7CCD73" fgColor="FFFFFF" coreType="Extra-Thematic" cBy="RLG" cDate="08/04/2011 02:04:15 PDT Thu" abbrev="deg" name="Degree" ID="14701">
        <definition>&lt;def-root&gt;The degree to which the &lt;fen&gt;Armor&lt;/fen&gt; protects the &lt;fen&gt;Asset&lt;/fen&gt;, e.g., how resilient it is.&lt;/def-root&gt;</definition>
    </FE>
    <FE bgColor="FFA500" fgColor="FFFFFF" coreType="Peripheral" cBy="RLG" cDate="08/04/2011 03:31:22 PDT Thu" abbrev="mat" name="Material" ID="14706">
        <definition>&lt;def-root&gt;The &lt;fen&gt;Material&lt;/fen&gt; which the &lt;fen&gt;Armor&lt;/fen&gt; is primarily made of.  &lt;ex&gt;It is now common for officers to wear &lt;fex name="mat"&gt;kevlar&lt;/fex&gt; &lt;t&gt;bullet-proof vests&lt;/t&gt;.&lt;/ex&gt;&lt;/def-root &gt;</definition>
    </FE>
    <FE bgColor="2E8B57" fgColor="FFFFFF" coreType="Peripheral" cBy="RLG" cDate="08/08/2011 09:00:58 PDT Mon" abbrev="sub" name="Subregion" ID="14707">
        <definition>&lt;def-root&gt;The place on the &lt;fen&gt;Asset&lt;/fen&gt; covered by the &lt;fen&gt;Armor&lt;/fen&gt;.

&lt;ex&gt;Tanks will now be fitted with &lt;fex name="sub"&gt;underbelly&lt;/fex&gt; &lt;t&gt;armor&lt;/t&gt; to protect against roadside bombs.&lt;/ex&gt;

&lt;ex&gt;This style of &lt;fex name="sub"&gt;chest&lt;/fex&gt; &lt;t&gt;armor&lt;/t&gt; was used in Japan during the 11th century.&lt;/ex&gt;&lt;/def-root&gt;</definition>
    </FE>
    <FE bgColor="1E90FF" fgColor="FFFFFF" coreType="Extra-Thematic" cBy="EGp" cDate="11/19/2012 05:13:29 PST Mon" abbrev="" name="Type" ID="15816">
        <definition>&lt;def-root&gt;A description of the subtype of &lt;fen&gt;Armor&lt;/fen&gt;.&lt;/def-root&gt;</definition>
    </FE>
    <frameRelation type="Inherits from"/>
    <frameRelation type="Is Inherited by"/>
    <frameRelation type="Perspective on"/>
    <frameRelation type="Is Perspectivized in"/>
    <frameRelation type="Uses">
        <relatedFrame ID="1631">Protecting</relatedFrame>
    </frameRelation>
    <frameRelation type="Is Used by"/>
    <frameRelation type="Subframe of"/>
    <frameRelation type="Has Subframe(s)"/>
    <frameRelation type="Precedes"/>
    <frameRelation type="Is Preceded by"/>
    <frameRelation type="Is Inchoative of"/>
    <frameRelation type="Is Causative of"/>
    <frameRelation type="See also"/>
    <lexUnit status="Created" POS="N" name="armor.n" ID="16462" lemmaID="1948" cBy="RLG" cDate="08/04/2011 03:04:03 PDT Thu">
        <definition>FN: a solid layer of protection against attacks.</definition>
        <sentenceCount annotated="37" total="281"/>
        <lexeme order="1" headword="false" breakBefore="false" POS="N" name="armor"/>
    </lexUnit>
    <lexUnit status="Created" POS="N" name="mail.n" ID="16463" lemmaID="50215" cBy="RLG" cDate="08/04/2011 03:04:44 PDT Thu">
        <definition>FN: armor composed of interlinked rings.</definition>
        <sentenceCount annotated="0" total="0"/>
        <lexeme order="1" headword="true" breakBefore="false" POS="N" name="mail"/>
    </lexUnit>
    <lexUnit status="Created" POS="N" name="bulletproof vest.n" ID="16464" lemmaID="51340" cBy="RLG" cDate="08/04/2011 04:09:32 PDT Thu">
        <definition>FN: armor that covers the torso and back, providing protection against bullets and other projectiles.</definition>
        <sentenceCount annotated="0" total="0"/>
        <lexeme order="1" headword="false" breakBefore="false" POS="A" name="bulletproof"/>
        <lexeme order="2" headword="true" breakBefore="false" POS="N" name="vest"/>
    </lexUnit>
    <lexUnit status="Created" POS="N" name="greaves.n" ID="16472" lemmaID="16772" cBy="RLG" cDate="08/08/2011 09:00:28 PDT Mon">
        <definition>FN: armor for the shins.</definition>
        <sentenceCount annotated="0" total="0"/>
        <lexeme order="1" headword="false" breakBefore="false" POS="N" name="greaves"/>
    </lexUnit>
    <lexUnit status="Created" POS="N" name="flak jacket.n" ID="16473" lemmaID="51344" cBy="RLG" cDate="08/08/2011 09:21:50 PDT Mon">
        <definition>FN: a bullet-proof jacket.</definition>
        <sentenceCount annotated="0" total="0"/>
        <lexeme order="1" headword="false" breakBefore="false" POS="N" name="flak"/>
        <lexeme order="2" headword="true" breakBefore="false" POS="N" name="jacket"/>
    </lexUnit>
    <lexUnit status="Created" POS="N" name="plate.n" ID="16483" lemmaID="51350" cBy="RLG" cDate="08/10/2011 12:12:56 PDT Wed">
        <definition>FN: plate armor.</definition>
        <sentenceCount annotated="0" total="0"/>
        <lexeme order="1" headword="true" breakBefore="false" POS="N" name="plate"/>
    </lexUnit>
</frame>