<?xml version="1.0" encoding="UTF-8" standalone="yes"?>
<?xml-stylesheet type="text/xsl" href="frame.xsl"?>
<frame cBy="MJE" cDate="01/21/2003 04:11:55 PST Tue" name="Assessing" ID="519" xsi:schemaLocation="../schema/frame.xsd" xmlns="http://framenet.icsi.berkeley.edu" xmlns:xsi="http://www.w3.org/2001/XMLSchema-instance">
    <definition>&lt;def-root&gt;An &lt;fen&gt;Assessor&lt;/fen&gt; examines a &lt;fen&gt;Phenomenon&lt;/fen&gt; to figure out its &lt;fen&gt;Value&lt;/fen&gt; according to some &lt;fen&gt;Feature&lt;/fen&gt; of the &lt;fen&gt;Phenomenon&lt;/fen&gt;.  This &lt;fen&gt;Value&lt;/fen&gt; is a factor in determining the acceptability of the &lt;fen&gt;Phenomenon&lt;/fen&gt;.  In some cases, a &lt;fen&gt;Method&lt;/fen&gt; (implicitly involving an &lt;fen&gt;Assessor&lt;/fen&gt;) is used to determine the &lt;fen&gt;Phenomenon&lt;/fen&gt;'s &lt;fen&gt;Value&lt;/fen&gt;.

&lt;ex&gt;&lt;fex name="Phenomenon"&gt;Each company&lt;/fex&gt; is then &lt;t&gt;evaluated&lt;/t&gt; &lt;fex name="Feature"&gt;for their earning potential&lt;/fex&gt;. &lt;fex name="Assessor"&gt;CNI&lt;/fex&gt; &lt;/ex&gt;
&lt;ex&gt;&lt;fex name="Evidence"&gt;From the evidence of the pilot studies&lt;/fex&gt; &lt;fex name="Phenomenon"&gt;the risk of damage to the test subjects&lt;/fex&gt; was &lt;t&gt;rated&lt;/t&gt; &lt;fex name="Value"&gt;too high to continue&lt;/fex&gt;. &lt;fex name="Assessor"&gt;CNI&lt;/fex&gt;&lt;/ex&gt;
&lt;ex&gt;&lt;fex name="Assessor"&gt;He&lt;/fex&gt; &lt;t&gt;weighed&lt;/t&gt; &lt;fex name="Phenomenon"&gt;his options&lt;/fex&gt; &lt;fex name="Manner"&gt;carefully&lt;/fex&gt;.&lt;/ex&gt;&lt;/def-root&gt;</definition>
    <FE bgColor="FF0000" fgColor="FFFFFF" coreType="Core" cBy="MJE" cDate="01/22/2003 03:24:36 PST Wed" abbrev="" name="Assessor" ID="4110">
        <definition>&lt;def-root&gt;The sentient entity that evaluates the &lt;fen&gt;Phenomenon&lt;/fen&gt;.&lt;/def-root&gt;</definition>
        <semType name="Sentient" ID="5"/>
    </FE>
    <FE bgColor="0000FF" fgColor="FFFFFF" coreType="Core" cBy="MJE" cDate="01/22/2003 03:31:57 PST Wed" abbrev="Phen" name="Phenomenon" ID="4111">
        <definition>&lt;def-root&gt;The entity whose &lt;fen&gt;Value&lt;/fen&gt; according to a &lt;fen&gt;Feature&lt;/fen&gt; is being measured.&lt;/def-root&gt;</definition>
    </FE>
    <FE bgColor="00BFFF" fgColor="FFFFFF" coreType="Extra-Thematic" cBy="MJE" cDate="01/22/2003 04:51:14 PST Wed" abbrev="Pos" name="Value" ID="4112">
        <definition>&lt;def-root&gt;The value (according to some scale) that the &lt;fen&gt;Phenomenon&lt;/fen&gt; is deemed to have.  The &lt;fen&gt;Value&lt;/fen&gt; is taken to indicate the &lt;fen&gt;Phenomenon&lt;/fen&gt;'s acceptability.&lt;/def-root&gt;</definition>
    </FE>
    <FE bgColor="008000" fgColor="FFFFFF" coreType="Core" cBy="MJE" cDate="01/22/2003 04:54:28 PST Wed" abbrev="fea" name="Feature" ID="4113">
        <definition>&lt;def-root&gt;The type of property or feature that the &lt;fen&gt;Phenomenon&lt;/fen&gt; is being judged on.

&lt;ex&gt;You will also be &lt;t&gt;graded&lt;/t&gt; &lt;fex name="fea"&gt;on your speed of response&lt;/fex&gt; . &lt;/ex&gt;&lt;/def-root&gt;</definition>
    </FE>
    <FE bgColor="800080" fgColor="FFFFFF" coreType="Extra-Thematic" cBy="MJE" cDate="01/22/2003 06:26:30 PST Wed" abbrev="Evid" name="Evidence" ID="4119">
        <definition>&lt;def-root&gt;Some fact perceived by the &lt;fen&gt;Assessor&lt;/fen&gt; which leads to their evaluation of the &lt;fen&gt;Phenomenon&lt;/fen&gt;.&lt;/def-root&gt;</definition>
    </FE>
    <FE bgColor="9400D3" fgColor="FFFFFF" coreType="Peripheral" cBy="MJE" cDate="06/05/2003 07:53:46 PDT Thu" abbrev="" name="Manner" ID="4540">
        <definition>&lt;def-root&gt;Any secondary effect of the action or characterization of the &lt;fen&gt;Assessor&lt;/fen&gt; which saliently affects the character of the assessment.

&lt;ex&gt;He &lt;fex name="Manner"&gt;quietly&lt;/fex&gt; &lt;t&gt;graded&lt;/t&gt; the papers.&lt;/ex&gt;&lt;/def-root&gt;</definition>
        <semType name="Manner" ID="173"/>
    </FE>
    <FE bgColor="A9A9A9" fgColor="000000" coreType="Core" cBy="MJE" cDate="01/19/2005 06:16:42 PST Wed" abbrev="met" name="Method" ID="7437">
        <definition>&lt;def-root&gt;An event or procedure that allows the &lt;fen&gt;Assessor&lt;/fen&gt; to evaluate the &lt;fen&gt;Phenomenon&lt;/fen&gt;.

&lt;ex&gt;&lt;fex name="met"&gt;The study&lt;/fex&gt; &lt;t&gt;evaluated&lt;/t&gt; the risk of a major quake.&lt;/ex&gt;&lt;/def-root&gt;</definition>
    </FE>
    <FE bgColor="FFA500" fgColor="000000" coreType="Peripheral" cBy="MiL" cDate="01/21/2005 02:42:02 PST Fri" abbrev="" name="Means" ID="7442">
        <definition>&lt;def-root&gt;The means by which assessment occurs&lt;/def-root&gt;</definition>
        <semType name="State_of_affairs" ID="177"/>
    </FE>
    <FE bgColor="FF00FF" fgColor="FFFFFF" coreType="Peripheral" cBy="MJE" cDate="01/21/2005 06:18:55 PST Fri" abbrev="tim" name="Time" ID="7450">
        <definition>&lt;def-root&gt;The time at which the &lt;fen&gt;Assessor&lt;/fen&gt; makes the assessment.

&lt;ex&gt;The committee &lt;t&gt;rated&lt;/t&gt; Smithers " most loyal servant " &lt;fex name="tim"&gt;about a week ago&lt;/fex&gt; .&lt;/ex&gt;&lt;/def-root&gt;</definition>
        <semType name="Time" ID="141"/>
    </FE>
    <FE bgColor="1E90FF" fgColor="FFFFFF" coreType="Extra-Thematic" cBy="MJE" cDate="01/21/2005 06:24:31 PST Fri" abbrev="sta" name="Standard" ID="7451">
        <definition>&lt;def-root&gt;An entity that the &lt;fen&gt;Phenomenon&lt;/fen&gt; is compared to in the assessment.

&lt;ex&gt;Smiter &lt;t&gt;weighed&lt;/t&gt; his chances in the snow &lt;fex name="sta"&gt;against the danger posed by the troop of sycophants hurtling towards him&lt;/fex&gt;. &lt;/ex&gt;&lt;/def-root&gt;</definition>
    </FE>
    <FE bgColor="006400" fgColor="FFFFFF" coreType="Peripheral" cBy="MJE" cDate="01/31/2005 03:42:23 PST Mon" abbrev="pur" name="Purpose" ID="7477">
        <definition>&lt;def-root&gt;The goal that the &lt;fen&gt;Assessor&lt;/fen&gt; hopes to accomplish by assessing the &lt;fen&gt;Phenomenon&lt;/fen&gt;.&lt;/def-root&gt;</definition>
        <semType name="State_of_affairs" ID="177"/>
    </FE>
    <FE bgColor="A52A2A" fgColor="FFFFFF" coreType="Peripheral" cBy="MJE" cDate="01/31/2005 03:44:22 PST Mon" abbrev="pla" name="Place" ID="7478">
        <definition>&lt;def-root&gt;The location where the assessing takes place.

&lt;ex&gt;They 'll &lt;t&gt;evaluate&lt;/t&gt; you &lt;fex name="pla"&gt;in that room over there&lt;/fex&gt; , and then you 're free to go .&lt;/ex&gt;&lt;/def-root&gt;</definition>
        <semType name="Locative_relation" ID="182"/>
    </FE>
    <FE bgColor="EEE8AA" fgColor="000000" coreType="Core" cBy="Amy" cDate="10/20/2005 03:15:53 PDT Thu" abbrev="Medium" name="Medium" ID="9152">
        <definition>&lt;def-root&gt;&lt;fen&gt;Medium&lt;/fen&gt; is the physical entity or channel used by the &lt;fen&gt;Assessor&lt;/fen&gt; to make the assessment.

&lt;ex&gt;&lt;fex name="Medium"&gt;This chapter&lt;/fex&gt; &lt;t&gt;evaluates&lt;/t&gt; the far-left's contribution to the environmentalism debate since the '70's .&lt;/ex&gt;&lt;/def-root&gt;</definition>
    </FE>
    <FE bgColor="d0d0d0" fgColor="000000" coreType="Extra-Thematic" cBy="RLG" cDate="10/21/2005 09:40:14 PDT Fri" abbrev="co-p" name="Co-participant" ID="9153">
        <definition>&lt;def-root&gt;A person who participates along with the &lt;fen&gt;Assessor&lt;/fen&gt; in the assessing event.

&lt;ex&gt;In order to find the best suited, targeted form of activity, the prisoner?s work and functioning capability is &lt;t&gt;assessed&lt;/t&gt; together &lt;fex name="Co-participant"&gt;with him/her&lt;/fex&gt;.&lt;/ex&gt;&lt;/def-root&gt;</definition>
    </FE>
    <FE bgColor="FFFF00" fgColor="000000" coreType="Extra-Thematic" cBy="MiL" cDate="11/10/2005 02:54:21 PST Thu" abbrev="Fre" name="Frequency" ID="9197">
        <definition>&lt;def-root&gt;This frame element is defined as the number of times assessing occurs per some unit of time. 

&lt;ex&gt;Brown 's chapter on geodemographics discusses an application field where primary data collected for operational purposes are &lt;fex name="Fre"&gt;typically&lt;/fex&gt; &lt;t&gt;evaluated&lt;/t&gt; in relation to secondary data derived from sources such as the Census of Population .&lt;/ex&gt;&lt;/def-root&gt;</definition>
    </FE>
    <FE bgColor="7CCD73" fgColor="000000" coreType="Extra-Thematic" cBy="KmG" cDate="04/25/2006 12:46:45 PDT Tue" abbrev="" name="Beneficiary" ID="10054">
        <definition>&lt;def-root&gt;This extrathematic FE applies to participants that derive a benefit from the occurrence of the event specified by the target predicate. Further, the target predicate should involve some sort of Agent that intends that the benefit go to the Beneficiary.&lt;/def-root&gt;</definition>
    </FE>
    <FE bgColor="FFD700" fgColor="000000" coreType="Extra-Thematic" cBy="KmG" cDate="04/25/2006 12:48:40 PDT Tue" abbrev="" name="Depictive" ID="10055">
        <definition>&lt;def-root&gt;This FE describes a participant of the state of affairs introduced by the target as being in some state during the action. The depicted state does not necessarily or usually facilitate or cause the state of affairs reported by the target. &lt;/def-root&gt;</definition>
    </FE>
    <FE bgColor="FF69B4" fgColor="000000" coreType="Extra-Thematic" cBy="KmG" cDate="06/07/2006 09:59:43 PDT Wed" abbrev="" name="Degree" ID="10251">
        <definition>&lt;def-root&gt;This frame element selects some gradable attribute and modifies the expected value for it.&lt;/def-root&gt;</definition>
    </FE>
    <FE bgColor="9F79EE" fgColor="FFFFFF" coreType="Extra-Thematic" cBy="KmG" cDate="06/07/2006 10:59:12 PDT Wed" abbrev="" name="Circumstances" ID="10252">
        <definition>&lt;def-root&gt;The state of the world at a partiicular time and place. &lt;/def-root&gt;</definition>
    </FE>
    <FE bgColor="90876C" fgColor="000000" coreType="Extra-Thematic" cBy="KmG" cDate="06/07/2006 12:33:31 PDT Wed" abbrev="" name="Result" ID="10253">
        <definition>&lt;def-root&gt;The result of the assessing. &lt;/def-root&gt;</definition>
    </FE>
    <FE bgColor="7FFF00" fgColor="000000" coreType="Extra-Thematic" cBy="JKs" cDate="06/15/2009 03:18:53 PDT Mon" abbrev="" name="Duration" ID="13219">
        <definition>&lt;def-root&gt;This FE denotes the length of time during which a continuous event occurs.&lt;/def-root&gt;</definition>
    </FE>
    <FE bgColor="7CCD7C" fgColor="000000" coreType="Extra-Thematic" cBy="JKs" cDate="06/19/2009 01:53:48 PDT Fri" abbrev="" name="Explanation" ID="13237">
        <definition>&lt;def-root&gt;The Explanation denotes a proposition from which the main clause (headed by the target) logically follows. &lt;/def-root&gt;</definition>
    </FE>
    <FEcoreSet>
        <memberFE name="Method" ID="7437"/>
        <memberFE name="Medium" ID="9152"/>
        <memberFE name="Assessor" ID="4110"/>
    </FEcoreSet>
    <FEcoreSet>
        <memberFE name="Feature" ID="4113"/>
        <memberFE name="Phenomenon" ID="4111"/>
    </FEcoreSet>
    <frameRelation type="Inherits from">
        <relatedFrame ID="22">Cogitation</relatedFrame>
    </frameRelation>
    <frameRelation type="Is Inherited by"/>
    <frameRelation type="Perspective on"/>
    <frameRelation type="Is Perspectivized in"/>
    <frameRelation type="Uses"/>
    <frameRelation type="Is Used by"/>
    <frameRelation type="Subframe of"/>
    <frameRelation type="Has Subframe(s)"/>
    <frameRelation type="Precedes"/>
    <frameRelation type="Is Preceded by"/>
    <frameRelation type="Is Inchoative of"/>
    <frameRelation type="Is Causative of"/>
    <frameRelation type="See also"/>
    <lexUnit status="Finished_Initial" POS="V" name="assess.v" ID="8131" lemmaID="2148" cBy="MJE" cDate="01/22/2003 06:19:26 PST Wed">
        <definition>FN: to evaluate or judge some quality of an object or situation "How would you assess her performance on the job?"</definition>
        <sentenceCount annotated="42" total="249"/>
        <lexeme order="1" headword="false" breakBefore="false" POS="V" name="assess"/>
    </lexUnit>
    <lexUnit status="Finished_Initial" POS="V" name="rate.v" ID="8132" lemmaID="31865" cBy="MJE" cDate="01/22/2003 06:20:07 PST Wed">
        <definition>FN: to evaluate something on a scale depending on some quality, esp. when the number of outcomes is limited "Travelers rated Japan Air Lines "Excellent" with regard to in-flight service."</definition>
        <sentenceCount annotated="13" total="255"/>
        <lexeme order="1" headword="false" breakBefore="false" POS="V" name="rate"/>
    </lexUnit>
    <lexUnit status="Finished_Initial" POS="V" name="evaluate.v" ID="8133" lemmaID="13229" cBy="MJE" cDate="01/22/2003 06:20:31 PST Wed">
        <definition>FN: to judge something against a standard, as to its merit or suitability</definition>
        <sentenceCount annotated="27" total="230"/>
        <lexeme order="1" headword="false" breakBefore="false" POS="V" name="evaluate"/>
    </lexUnit>
    <lexUnit status="Insufficient_Attestations" POS="V" name="grade.v" ID="8134" lemmaID="16637" cBy="MJE" cDate="01/22/2003 06:20:56 PST Wed">
        <definition>FN: to decide on the basis of some quality where to place something along an established scale "Geologists grade rocks according to their hardness."</definition>
        <sentenceCount annotated="4" total="185"/>
        <lexeme order="1" headword="false" breakBefore="false" POS="V" name="grade"/>
    </lexUnit>
    <lexUnit status="Needs_SCs" POS="N" name="assessment.n" ID="8135" lemmaID="2149" cBy="MJE" cDate="01/22/2003 06:21:57 PST Wed">
        <definition>FN: the action of assessing; evaluating, judging</definition>
        <sentenceCount annotated="22" total="191"/>
        <lexeme order="1" headword="false" breakBefore="false" POS="N" name="assessment"/>
    </lexUnit>
    <lexUnit status="Created" POS="N" name="evaluation.n" ID="8136" lemmaID="13230" cBy="MJE" cDate="01/22/2003 06:22:31 PST Wed">
        <definition>FN: the act of judging the value or worth of something</definition>
        <sentenceCount annotated="1" total="1"/>
        <lexeme order="1" headword="false" breakBefore="false" POS="N" name="evaluation"/>
    </lexUnit>
    <lexUnit status="Finished_Initial" POS="V" name="weigh.v" ID="8137" lemmaID="43708" cBy="MJE" cDate="01/22/2003 06:22:51 PST Wed">
        <definition>FN: to determine the weight of something</definition>
        <sentenceCount annotated="6" total="263"/>
        <lexeme order="1" headword="false" breakBefore="false" POS="V" name="weigh"/>
    </lexUnit>
    <lexUnit status="Finished_Initial" POS="V" name="judge.v" ID="11867" lemmaID="21102" cBy="MiL" cDate="04/18/2005 04:59:19 PDT Mon">
        <definition>FN: decide the value or significance of some feature</definition>
        <sentenceCount annotated="19" total="208"/>
        <lexeme order="1" headword="false" breakBefore="false" POS="V" name="judge"/>
    </lexUnit>
    <lexUnit status="Finished_Initial" POS="V" name="value.v" ID="11868" lemmaID="42681" cBy="MiL" cDate="04/18/2005 05:00:53 PDT Mon">
        <definition>FN: declare the value or significance of some feature</definition>
        <sentenceCount annotated="9" total="235"/>
        <lexeme order="1" headword="false" breakBefore="false" POS="V" name="value"/>
    </lexUnit>
    <lexUnit status="New" POS="V" name="rank.v" ID="11911" lemmaID="31796" cBy="MiL" cDate="04/22/2005 03:06:42 PDT Fri">
        <definition>FN: rate with respect to other members of a category.</definition>
        <sentenceCount annotated="14" total="254"/>
        <lexeme order="1" headword="false" breakBefore="false" POS="V" name="rank"/>
    </lexUnit>
    <lexUnit status="Finished_Initial" POS="V" name="reappraise.v" ID="13791" lemmaID="49801" cBy="MJE" cDate="02/24/2007 10:35:54 PST Sat">
        <definition>COD: appraise again or differently.</definition>
        <sentenceCount annotated="21" total="33"/>
        <lexeme order="1" headword="true" breakBefore="false" POS="V" name="reappraise"/>
    </lexUnit>
    <lexUnit status="Finished_Initial" POS="V" name="appraise.v" ID="13792" lemmaID="1750" cBy="MJE" cDate="02/24/2007 10:36:31 PST Sat">
        <definition>COD:  assess the value, quality, or performance of.</definition>
        <sentenceCount annotated="20" total="111"/>
        <lexeme order="1" headword="false" breakBefore="false" POS="V" name="appraise"/>
    </lexUnit>
    <lexUnit status="Created" POS="N" name="appraisal.n" ID="13793" lemmaID="1749" cBy="MJE" cDate="02/24/2007 10:37:01 PST Sat">
        <definition>COD: an assessment of someone or something, especially the performance of an employee.</definition>
        <sentenceCount annotated="0" total="0"/>
        <lexeme order="1" headword="false" breakBefore="false" POS="N" name="appraisal"/>
    </lexUnit>
    <lexUnit status="Created" POS="N" name="reappraisal.n" ID="13794" lemmaID="32023" cBy="MJE" cDate="02/24/2007 10:37:52 PST Sat">
        <definition>FN: an examination of the quality of for a second time.</definition>
        <sentenceCount annotated="0" total="0"/>
        <lexeme order="1" headword="false" breakBefore="false" POS="N" name="reappraisal"/>
    </lexUnit>
</frame>