<?xml version="1.0" encoding="UTF-8" standalone="yes"?>
<?xml-stylesheet type="text/xsl" href="frame.xsl"?>
<frame cBy="MJE" cDate="08/05/2002 03:54:11 PDT Mon" name="Assistance" ID="391" xsi:schemaLocation="../schema/frame.xsd" xmlns="http://framenet.icsi.berkeley.edu" xmlns:xsi="http://www.w3.org/2001/XMLSchema-instance">
    <definition>&lt;def-root&gt;A &lt;fen&gt;Helper&lt;/fen&gt; benefits a &lt;fen&gt;Benefited_party&lt;/fen&gt; by enabling the culmination of a &lt;fen&gt;Goal&lt;/fen&gt; that the &lt;fen&gt;Benefited_party&lt;/fen&gt; has.  A &lt;fen&gt;Focal_entity&lt;/fen&gt; that is involved in reaching the &lt;fen&gt;Goal&lt;/fen&gt; may stand in for it.

This Frame has unique Frame-to-Frame Relations: it inherits from and uses the Intentionally_act frame. This is atypical of FrameNet's frame relations.

&lt;ex&gt;Will &lt;fex name="Helper"&gt;you&lt;/fex&gt; &lt;t&gt;help&lt;/t&gt; &lt;fex name="Benefited_party"&gt;the Government&lt;/fex&gt; &lt;fex name="Goal"&gt;find your brother&lt;/fex&gt;?&lt;/ex&gt;
&lt;ex&gt;Maybe &lt;fex name="Helper"&gt;Stephen&lt;/fex&gt; should &lt;t&gt;assist&lt;/t&gt; &lt;fex name="Benefited_party"&gt;him&lt;/fex&gt; &lt;fex name="Focal_entity"&gt;with the last manuscript&lt;/fex&gt;.&lt;/ex&gt;
&lt;ex&gt;&lt;fex name="Helper"&gt;They&lt;/fex&gt; &lt;t&gt;helped&lt;/t&gt; &lt;fex name="Benefited_party"&gt;me&lt;/fex&gt; &lt;fex name="dom"&gt;psychologically&lt;/fex&gt; &lt;fex name="Goal"&gt;to overcome the physical loss I had suffered&lt;/fex&gt;.&lt;/ex&gt;
&lt;ex&gt;&lt;fex name="Helper"&gt;You&lt;/fex&gt; have &lt;t&gt;helped&lt;/t&gt; &lt;fex name="Benefited_party"&gt;him&lt;/fex&gt; &lt;fex name="deg"&gt;tremendously&lt;/fex&gt; &lt;fex name="Means"&gt;by showing him  how to stand up for himself and by being his friend&lt;/fex&gt;.&lt;/ex&gt;
&lt;ex&gt;&lt;fex name="Means"&gt;By bringing assistance to his troops wherever they were in trouble&lt;/fex&gt; &lt;fex name="Helper"&gt;he&lt;/fex&gt; &lt;t&gt;aided&lt;/t&gt; &lt;fex name="Benefited_party"&gt;them&lt;/fex&gt; &lt;fex name="deg"&gt;greatly&lt;/fex&gt;.&lt;/ex&gt;&lt;/def-root&gt;</definition>
    <FE bgColor="0000FF" fgColor="FFFFFF" coreType="Core" cBy="MJE" cDate="08/05/2002 04:12:18 PDT Mon" abbrev="Ben" name="Benefited_party" ID="3499">
        <definition>&lt;def-root&gt;The &lt;fen&gt;Benefited_party&lt;/fen&gt; receives a benefit from the action of the &lt;fen&gt;Helper&lt;/fen&gt;.&lt;/def-root&gt;</definition>
    </FE>
    <FE bgColor="FF0000" fgColor="FFFFFF" coreType="Core" cBy="MJE" cDate="08/05/2002 04:14:17 PDT Mon" abbrev="Help" name="Helper" ID="3500">
        <definition>&lt;def-root&gt;The &lt;fen&gt;Helper&lt;/fen&gt; performs some action that benefits the &lt;fen&gt;Benefited_party&lt;/fen&gt;.&lt;/def-root&gt;</definition>
    </FE>
    <FE bgColor="00BFFF" fgColor="FFFFFF" coreType="Core" cBy="MJE" cDate="08/05/2002 05:53:11 PDT Mon" abbrev="Goal" name="Goal" ID="3501">
        <definition>&lt;def-root&gt;The desirable state of affairs that the &lt;fen&gt;Benefited_party&lt;/fen&gt; is involved in and which is enabled by the &lt;fen&gt;Helper&lt;/fen&gt;.

&lt;ex&gt;Jack &lt;t&gt;helped&lt;/t&gt; Jill &lt;fex name="Goal"&gt;climb Mt. Everest&lt;/fex&gt;.&lt;/ex&gt;&lt;/def-root&gt;</definition>
    </FE>
    <FE bgColor="800080" fgColor="FFFFFF" coreType="Core" cBy="MRLP" cDate="08/27/2002 12:50:06 PDT Tue" abbrev="Focal_e" name="Focal_entity" ID="3632">
        <definition>&lt;def-root&gt;This FE identifies a &lt;fen&gt;Focal_entity&lt;/fen&gt; involved in achieving the &lt;fen&gt;Goal&lt;/fen&gt;.
&lt;ex&gt;Whoever didn't cook has to &lt;t&gt;help&lt;/t&gt; &lt;fex name="Focal_e"&gt;with the dishes&lt;/fex&gt;.&lt;/ex&gt;&lt;/def-root&gt;</definition>
    </FE>
    <FE bgColor="FFA500" fgColor="FFFFFF" coreType="Peripheral" cBy="Pam" cDate="01/21/2005 02:53:32 PST Fri" abbrev="tim" name="Time" ID="7443">
        <definition>&lt;def-root&gt;This FE identifies the &lt;fen&gt;Time&lt;/fen&gt; when the Assistance occurs.
&lt;ex&gt;The police &lt;t&gt;assisted&lt;/t&gt; Harry in finding his cat &lt;fex name="tim"&gt;on Wednesday afternoon&lt;/fex&gt;.&lt;/ex&gt;
&lt;/def-root&gt;</definition>
        <semType name="Time" ID="141"/>
    </FE>
    <FE bgColor="008000" fgColor="FFFFFF" coreType="Peripheral" cBy="Pam" cDate="01/21/2005 02:57:33 PST Fri" abbrev="P" name="Place" ID="7444">
        <definition>&lt;def-root&gt;This FE identifies the &lt;fen&gt;Place&lt;/fen&gt; where the Assistance occurs.
&lt;ex&gt;The police &lt;t&gt;assisted&lt;/t&gt; Harry in finding his cat &lt;fex name="Place"&gt;in front of his house&lt;/fex&gt;.&lt;/ex&gt;&lt;/def-root&gt;</definition>
        <semType name="Locative_relation" ID="182"/>
    </FE>
    <FE bgColor="FF00FF" fgColor="FFFFFF" coreType="Peripheral" cBy="Pam" cDate="01/21/2005 03:10:24 PST Fri" abbrev="Mnr" name="Manner" ID="7445">
        <definition>&lt;def-root&gt;This FE identifies the &lt;fen&gt;Manner&lt;/fen&gt; in which a &lt;fen&gt;Helper&lt;/fen&gt; assists a &lt;fen&gt;Benefited_party&lt;/fen&gt;. 

&lt;ex&gt;The doorman &lt;t&gt;assisted&lt;/t&gt; Harry into the car &lt;fex name="Manner"&gt;with enthusiasm&lt;/fex&gt;.&lt;/ex&gt;&lt;/def-root&gt;</definition>
        <semType name="Manner" ID="173"/>
    </FE>
    <FE bgColor="00008B" fgColor="FFFFFF" coreType="Peripheral" cBy="JKR" cDate="03/22/2005 07:29:14 PST Tue" abbrev="mea" name="Means" ID="7649">
        <definition>&lt;def-root&gt;An action that the &lt;fen&gt;Helper&lt;/fen&gt; undertakes in service of the &lt;fen&gt;Benefited_party&lt;/fen&gt;'s &lt;fen&gt;Goal&lt;/fen&gt;.

&lt;ex&gt; Her teachers and her parents &lt;t&gt;helped&lt;/t&gt; her &lt;fex name="mea"&gt;by reading sections to her and by outlining some of the chapters&lt;/fex&gt;.&lt;/ex&gt;&lt;/def-root&gt;</definition>
        <semType name="State_of_affairs" ID="177"/>
    </FE>
    <FE bgColor="7CCD73" fgColor="FFFFFF" coreType="Peripheral" cBy="JKR" cDate="03/22/2005 07:32:51 PST Tue" abbrev="ins" name="Instrument" ID="7650">
        <definition>&lt;def-root&gt; An entity used by the &lt;fen&gt;Helper&lt;/fen&gt; in service of the &lt;fen&gt;Benefited_party&lt;/fen&gt;'s accomplishing their &lt;fen&gt;Goal&lt;/fen&gt;.

&lt;ex&gt;Actually, he was born in his parents' Dodge Durango, with Sheree Benefield beginning to give birth as his dad, Jon Benefield, held the wheel with his left hand, &lt;t&gt;helped&lt;/t&gt; her &lt;fex name="ins"&gt;with his right&lt;/fex&gt; and maneuvered the sport utility vehicle up the I-65 exit ramp at Warrior.&lt;/ex&gt;&lt;/def-root&gt;</definition>
        <semType name="Physical_entity" ID="70"/>
    </FE>
    <FE bgColor="2E8B57" fgColor="FFFFFF" coreType="Extra-Thematic" cBy="JKR" cDate="03/22/2005 07:38:47 PST Tue" abbrev="dom" name="Domain" ID="7651">
        <definition>&lt;def-root&gt;The aspect of accomplishing the &lt;fen&gt;Goal&lt;/fen&gt; to which the &lt;fen&gt;Helper&lt;/fen&gt;'s assistance is relevant.

&lt;ex&gt;How can you be &lt;t&gt;helped&lt;/t&gt; &lt;fex name="dom"&gt;spiritually&lt;/fex&gt; by his music, when he is defying God?s Word
with his very appearance?&lt;/ex&gt;

&lt;/def-root&gt;</definition>
    </FE>
    <FE bgColor="808080" fgColor="FFFFFF" coreType="Peripheral" cBy="JKR" cDate="03/22/2005 07:46:04 PST Tue" abbrev="deg" name="Degree" ID="7652">
        <definition>&lt;def-root&gt;The measure to which the &lt;fen&gt;Helper&lt;/fen&gt;'s assistance brings the &lt;fen&gt;Benefited_party&lt;/fen&gt; closer to accomplishing their &lt;fen&gt;Goal&lt;/fen&gt;.

&lt;ex&gt;The Algebra Buster software &lt;t&gt;helped&lt;/t&gt; my daughter &lt;fex name="deg"&gt;very much&lt;/fex&gt;. &lt;/ex&gt;&lt;/def-root&gt;</definition>
        <semType name="Degree" ID="172"/>
    </FE>
    <FE bgColor="d0d0d0" fgColor="000000" coreType="Peripheral" cBy="RLG" cDate="03/29/2005 08:01:46 PST Tue" abbrev="dur" name="Duration" ID="7680">
        <definition>&lt;def-root&gt;The time period during which the &lt;fen&gt;Helper&lt;/fen&gt; gives assistence to the &lt;fen&gt;Benefited_party&lt;/fen&gt;.

&lt;ex&gt;Several nations &lt;t&gt;helped&lt;/t&gt; ours &lt;fex name="dur"&gt;during our most difficult years&lt;/fex&gt;.&lt;/ex&gt;&lt;/def-root&gt;</definition>
        <semType name="Duration" ID="142"/>
    </FE>
    <FE bgColor="A52A2A" fgColor="FFFFFF" coreType="Peripheral" cBy="MJE" cDate="01/11/2006 12:42:40 PST Wed" abbrev="pur" name="Purpose" ID="9833">
        <definition>&lt;def-root&gt;The situation that the &lt;fen&gt;Helper&lt;/fen&gt; wishes to bring about by helping the &lt;fen&gt;Benefited_party&lt;/fen&gt; to acheive the &lt;fen&gt;Goal&lt;/fen&gt;.  Note that this FE should normally be used only when this situation is separate from the &lt;fen&gt;Goal&lt;/fen&gt;.

&lt;ex&gt;I &lt;t&gt;helped&lt;/t&gt; her with the problem &lt;fex name="pur"&gt;just to show her that it could be done&lt;/fex&gt;.&lt;/ex&gt;

&lt;/def-root&gt;</definition>
        <semType name="State_of_affairs" ID="177"/>
    </FE>
    <FE bgColor="FFD700" fgColor="000000" coreType="Extra-Thematic" cBy="KmG" cDate="04/18/2006 06:39:20 PDT Tue" abbrev="" name="Frequency" ID="10045">
        <definition>&lt;def-root&gt;The frame element is defined as the number of times an event occurs per some unit of time. A Frequency expression answers the questions how often. It is to be distinguished from Iteration, which pertains simply to the number of times an event occurs; Iteration expressions answer the question how many times.&lt;/def-root&gt;</definition>
    </FE>
    <FE bgColor="9400D3" fgColor="FFFFFF" coreType="Extra-Thematic" cBy="RLG" cDate="06/05/2006 02:53:27 PDT Mon" abbrev="exp" name="Explanation" ID="10239">
        <definition>&lt;def-root&gt;The Explanation denotes a proposition from which the main clause (headed by the target) logically follows. This often means that the Explanation causes the target's proposition, but not in all cases.

&lt;ex&gt;&lt;fex name="Explanation"&gt;Since the earthquake did so much damage&lt;/fex&gt;, even the federal government &lt;t&gt;aided&lt;/t&gt; in the recovery process.&lt;/ex&gt;&lt;/def-root&gt;</definition>
    </FE>
    <FEcoreSet>
        <memberFE name="Goal" ID="3501"/>
        <memberFE name="Focal_entity" ID="3632"/>
    </FEcoreSet>
    <frameRelation type="Inherits from">
        <relatedFrame ID="198">Intentionally_act</relatedFrame>
    </frameRelation>
    <frameRelation type="Is Inherited by">
        <relatedFrame ID="2000">Supporting</relatedFrame>
    </frameRelation>
    <frameRelation type="Perspective on"/>
    <frameRelation type="Is Perspectivized in"/>
    <frameRelation type="Uses">
        <relatedFrame ID="198">Intentionally_act</relatedFrame>
    </frameRelation>
    <frameRelation type="Is Used by"/>
    <frameRelation type="Subframe of"/>
    <frameRelation type="Has Subframe(s)"/>
    <frameRelation type="Precedes"/>
    <frameRelation type="Is Preceded by"/>
    <frameRelation type="Is Inchoative of"/>
    <frameRelation type="Is Causative of"/>
    <frameRelation type="See also"/>
    <lexUnit status="Finished_Initial" POS="V" name="assist.v" ID="7040" lemmaID="2164" cBy="MJE" cDate="08/05/2002 04:05:37 PDT Mon">
        <definition>COD: help by doing a share of work or by providing money or information. </definition>
        <sentenceCount annotated="41" total="383"/>
        <lexeme order="1" headword="false" breakBefore="false" POS="V" name="assist"/>
    </lexUnit>
    <lexUnit status="Finished_Initial" POS="V" name="help.v" ID="7041" lemmaID="17831" cBy="MJE" cDate="08/05/2002 04:05:47 PDT Mon">
        <definition>COD: make it easier for (someone) to do something. </definition>
        <sentenceCount annotated="191" total="368"/>
        <lexeme order="1" headword="false" breakBefore="false" POS="V" name="help"/>
    </lexUnit>
    <lexUnit status="Finished_Initial" POS="V" name="abet.v" ID="7042" lemmaID="100" cBy="MJE" cDate="08/05/2002 04:06:00 PDT Mon">
        <definition>COD: encourage or assist (someone) to do something wrong, in particular to commit a crime. </definition>
        <sentenceCount annotated="12" total="60"/>
        <lexeme order="1" headword="false" breakBefore="false" POS="V" name="abet"/>
        <semType name="Negative_judgment" ID="14"/>
    </lexUnit>
    <lexUnit status="Finished_Initial" POS="V" name="succor.v" ID="7043" lemmaID="38655" cBy="MJE" cDate="08/05/2002 04:06:22 PDT Mon">
        <definition>COD: assistance and support in times of hardship and distress </definition>
        <sentenceCount annotated="6" total="22"/>
        <lexeme order="1" headword="false" breakBefore="false" POS="V" name="succor"/>
    </lexUnit>
    <lexUnit status="Created" POS="A" name="helpful.a" ID="7046" lemmaID="17833" cBy="MJE" cDate="08/05/2002 04:08:16 PDT Mon">
        <definition>COD: giving or ready to give help. </definition>
        <sentenceCount annotated="3" total="3"/>
        <lexeme order="1" headword="false" breakBefore="false" POS="A" name="helpful"/>
    </lexUnit>
    <lexUnit status="Finished_Initial" POS="N" name="assistance.n" ID="11591" lemmaID="2165" cBy="RLG" cDate="02/22/2005 02:40:13 PST Tue">
        <definition>COD: the action of helping.</definition>
        <sentenceCount annotated="104" total="376"/>
        <lexeme order="1" headword="false" breakBefore="false" POS="N" name="assistance"/>
    </lexUnit>
    <lexUnit status="Finished_Initial" POS="V" name="aid.v" ID="11696" lemmaID="855" cBy="JKR" cDate="03/03/2005 01:45:34 PST Thu">
        <definition>COD: help</definition>
        <sentenceCount annotated="28" total="271"/>
        <lexeme order="1" headword="false" breakBefore="false" POS="V" name="aid"/>
    </lexUnit>
    <lexUnit status="Rules_Defined" POS="N" name="aid [act].n" ID="11699" lemmaID="49886" cBy="JKR" cDate="03/03/2005 01:47:37 PST Thu">
        <definition>COD: help or support</definition>
        <sentenceCount annotated="7" total="7"/>
        <lexeme order="1" headword="true" breakBefore="false" POS="N" name="aid"/>
    </lexUnit>
    <lexUnit status="Created" POS="V" name="help out.v" ID="11755" lemmaID="49900" cBy="JKR" cDate="03/22/2005 07:55:01 PST Tue">
        <definition>FN: help somebody in a predicament</definition>
        <sentenceCount annotated="3" total="3"/>
        <lexeme order="1" headword="true" breakBefore="false" POS="V" name="help"/>
        <lexeme order="2" headword="false" breakBefore="true" POS="ADV" name="out"/>
    </lexUnit>
    <lexUnit status="Created" POS="V" name="serve.v" ID="11869" lemmaID="35196" cBy="MiL" cDate="04/18/2005 05:03:47 PDT Mon">
        <definition>COD: perform duties or services for.</definition>
        <sentenceCount annotated="56" total="57"/>
        <lexeme order="1" headword="false" breakBefore="false" POS="V" name="serve"/>
    </lexUnit>
    <lexUnit status="Created" POS="V" name="cater.v" ID="11870" lemmaID="5753" cBy="MiL" cDate="04/18/2005 05:05:08 PDT Mon">
        <definition>COD:  provide with what is needed or required.</definition>
        <sentenceCount annotated="2" total="2"/>
        <lexeme order="1" headword="false" breakBefore="false" POS="V" name="cater"/>
    </lexUnit>
    <lexUnit status="Created" POS="N" name="help.n" ID="12165" lemmaID="50051" cBy="JKR" cDate="06/02/2005 03:28:26 PDT Thu">
        <definition>FN: assistance</definition>
        <sentenceCount annotated="19" total="19"/>
        <lexeme order="1" headword="true" breakBefore="false" POS="N" name="help"/>
    </lexUnit>
    <lexUnit status="Rules_Defined" incorporatedFE="Focal_entity" POS="N" name="aid [entity].n" ID="13123" lemmaID="854" cBy="RLG" cDate="03/20/2006 06:54:29 PST Mon">
        <definition>FN: material given as assistance (especially to a nation or large region).</definition>
        <sentenceCount annotated="5" total="5"/>
        <lexeme order="1" headword="false" breakBefore="false" POS="N" name="aid"/>
    </lexUnit>
    <lexUnit status="Created" POS="V" name="aid and abet.v" ID="13144" lemmaID="50346" cBy="MJE" cDate="03/27/2006 11:28:27 PST Mon">
        <definition>COD: encourage or assist (someone) to do something wrong, in particular to commit a crime.</definition>
        <sentenceCount annotated="0" total="0"/>
        <lexeme order="1" headword="true" breakBefore="false" POS="V" name="aid"/>
        <lexeme order="2" headword="false" breakBefore="false" POS="C" name="and"/>
        <lexeme order="3" headword="false" breakBefore="false" POS="V" name="abet"/>
        <semType name="Negative_judgment" ID="14"/>
    </lexUnit>
</frame>