<?xml version="1.0" encoding="UTF-8" standalone="yes"?>
<?xml-stylesheet type="text/xsl" href="frame.xsl"?>
<frame cBy="MJE" cDate="09/06/2001 04:59:09 PDT Thu" name="Asymmetric_reciprocality" ID="226" xsi:schemaLocation="../schema/frame.xsd" xmlns="http://framenet.icsi.berkeley.edu" xmlns:xsi="http://www.w3.org/2001/XMLSchema-instance">
    <definition>&lt;def-root&gt;Perspective on Reciprocality in which &lt;fen&gt;Protagonist_1&lt;/fen&gt; acts on or is related to  &lt;fen&gt;Protagonist_2&lt;/fen&gt;.  The relation or event is construed as asymmetrical, inasmuch as &lt;fen&gt;Protagonist_1&lt;/fen&gt; is presented as more agentive, if agency is involved (such as in conversation, participating), and &lt;fen&gt;Protagonist_2&lt;/fen&gt; is presented as more passive.  In cases of comparison or other relations (e.g. resembling, being near), &lt;fen&gt;Protagonist_2&lt;/fen&gt; is construed as suitable as a reference for &lt;fen&gt;Protagonist_1&lt;/fen&gt;, often because &lt;fen&gt;Protagonist_2&lt;/fen&gt; is more temporally stable and/or is more salient and widely known.&lt;/def-root&gt;</definition>
    <semType name="Non-Lexical Frame" ID="16"/>
    <FE bgColor="FF0000" fgColor="FFFFFF" coreType="Core" cBy="MJE" cDate="09/06/2001 05:09:12 PDT Thu" abbrev="Prot-1" name="Protagonist_1" ID="1843">
        <definition>&lt;def-root&gt;The profiled participant in a reciprocal event, encoded as the subject of an active-form sentence or as a by-PP in a passive. 
&lt;ex&gt;"&lt;fex name="Protagonist_1"&gt;You&lt;/fex&gt; can't &lt;t&gt;argue&lt;/t&gt; politics with foreigners," sighed the policeman.&lt;/ex&gt;&lt;/def-root&gt;</definition>
        <requiresFE name="Protagonist_2" ID="1844"/>
    </FE>
    <FE bgColor="006400" fgColor="FFFFFF" coreType="Core" cBy="MJE" cDate="09/06/2001 05:09:12 PDT Thu" abbrev="Prot-2" name="Protagonist_2" ID="1844">
        <definition>&lt;def-root&gt;The participant involved (subordinately) with &lt;fen&gt;Protagonist_1&lt;/fen&gt; in a reciprocal event.  It is generally coded in a with-PP. 
&lt;ex&gt;We have been &lt;t&gt;arguing&lt;/t&gt; the point &lt;fex name="Protagonist_2"&gt;with the inspector at claims branch&lt;/fex&gt; for many many months and we just seem to go round in circles.&lt;/ex&gt; &lt;/def-root&gt;</definition>
        <requiresFE name="Protagonist_1" ID="1843"/>
    </FE>
    <frameRelation type="Inherits from"/>
    <frameRelation type="Is Inherited by"/>
    <frameRelation type="Perspective on">
        <relatedFrame ID="9">Reciprocality</relatedFrame>
    </frameRelation>
    <frameRelation type="Is Perspectivized in"/>
    <frameRelation type="Uses"/>
    <frameRelation type="Is Used by"/>
    <frameRelation type="Subframe of"/>
    <frameRelation type="Has Subframe(s)"/>
    <frameRelation type="Precedes"/>
    <frameRelation type="Is Preceded by"/>
    <frameRelation type="Is Inchoative of"/>
    <frameRelation type="Is Causative of"/>
    <frameRelation type="See also"/>
</frame>