<?xml version="1.0" encoding="UTF-8" standalone="yes"?>
<?xml-stylesheet type="text/xsl" href="frame.xsl"?>
<frame cBy="JKR" cDate="08/01/2002 05:17:50 PDT Thu" name="Atonement" ID="388" xsi:schemaLocation="../schema/frame.xsd" xmlns="http://framenet.icsi.berkeley.edu" xmlns:xsi="http://www.w3.org/2001/XMLSchema-instance">
    <definition>&lt;def-root&gt;An &lt;fen&gt;Agent&lt;/fen&gt; has committed a &lt;fen&gt;Wrong&lt;/fen&gt; in the past and is making &lt;fen&gt;Amends&lt;/fen&gt; for it. The &lt;fen&gt;Degree&lt;/fen&gt; to which the &lt;fen&gt;Amends&lt;/fen&gt; are adequate may also be expressed.

&lt;ex&gt;&lt;fex name="Agent"&gt;He&lt;/fex&gt; &lt;t&gt;atoned&lt;/t&gt; &lt;fex name="Wrong"&gt;for his sin&lt;/fex&gt; &lt;fex name="Amends"&gt;with good works&lt;/fex&gt;.&lt;/ex&gt;&lt;/def-root&gt;</definition>
    <FE bgColor="FF0000" fgColor="FFFFFF" coreType="Core" cBy="JKR" cDate="08/01/2002 05:28:13 PDT Thu" abbrev="Agent" name="Agent" ID="3485">
        <definition>&lt;def-root&gt;The &lt;fen&gt;Agent&lt;/fen&gt; has committed a &lt;fen&gt;Wrong&lt;/fen&gt; and is making &lt;fen&gt;Amends&lt;/fen&gt;.

&lt;ex&gt;&lt;fex name="Agent"&gt;Syria&lt;/fex&gt; has &lt;t&gt;atoned&lt;/t&gt; for its support of Iraq.&lt;/ex&gt;&lt;/def-root&gt;</definition>
        <semType name="Sentient" ID="5"/>
    </FE>
    <FE bgColor="0000FF" fgColor="FFFFFF" coreType="Core" cBy="JKR" cDate="08/01/2002 05:29:53 PDT Thu" abbrev="Wrong" name="Wrong" ID="3486">
        <definition>&lt;def-root&gt;&lt;fen&gt;Wrong&lt;/fen&gt; identifies the act committed by the &lt;fen&gt;Agent&lt;/fen&gt; for which &lt;fen&gt;Amends&lt;/fen&gt; are made.

&lt;ex&gt;Smithers is &lt;t&gt;atoning&lt;/t&gt; &lt;fex name="Wrong"&gt;for his misspent youth&lt;/fex&gt;.&lt;/ex&gt;&lt;/def-root&gt;</definition>
    </FE>
    <FE bgColor="008000" fgColor="FFFFFF" coreType="Core" cBy="JKR" cDate="08/01/2002 05:33:20 PDT Thu" abbrev="Amends" name="Amends" ID="3487">
        <definition>&lt;def-root&gt;&lt;fen&gt;Amends&lt;/fen&gt; marks expressions that indicate what the &lt;fen&gt;Agent&lt;/fen&gt; does to compensate for the &lt;fen&gt;Wrong&lt;/fen&gt; that was committed.

&lt;ex&gt;He &lt;t&gt;atoned&lt;/t&gt; for his sin &lt;fex name="Amends"&gt;with good works&lt;/fex&gt;. &lt;/ex&gt;&lt;/def-root&gt;</definition>
    </FE>
    <FE bgColor="FF69B4" fgColor="FFFFFF" coreType="Peripheral" cBy="JKR" cDate="08/01/2002 05:35:25 PDT Thu" abbrev="Degree" name="Degree" ID="3488">
        <definition>&lt;def-root&gt;This FE marks expressions that indicate the &lt;fen&gt;Degree&lt;/fen&gt; to which &lt;fen&gt;Amends&lt;/fen&gt; made are adequate for atoning the &lt;fen&gt;Wrong&lt;/fen&gt;.

&lt;ex&gt;The sacrifice &lt;fex name="Degree"&gt;fully&lt;/fex&gt; &lt;t&gt;atoned&lt;/t&gt; for his sin.&lt;/ex&gt;&lt;/def-root&gt;</definition>
        <semType name="Degree" ID="172"/>
    </FE>
    <FE bgColor="800080" fgColor="FFFFFF" coreType="Peripheral" cBy="MJE" cDate="01/13/2006 03:54:06 PST Fri" abbrev="pur" name="Purpose" ID="9838">
        <definition>&lt;def-root&gt;The situation that the &lt;fen&gt;Agent&lt;/fen&gt; hopes to bring about by atoning.

&lt;ex&gt;He &lt;t&gt;atoned&lt;/t&gt; for his sins &lt;fex name="pur"&gt;so that he could be inducted into the society&lt;/fex&gt;.&lt;/ex&gt;&lt;/def-root&gt;</definition>
        <semType name="State_of_affairs" ID="177"/>
    </FE>
    <FE bgColor="00BFFF" fgColor="FFFFFF" coreType="Peripheral" cBy="MJE" cDate="01/13/2006 03:55:58 PST Fri" abbrev="man" name="Manner" ID="9839">
        <definition>&lt;def-root&gt;Any description of the atonement which is not covered by more specific FEs, including secondary effects (&lt;ment&gt;quietly, loudly&lt;/ment&gt;), and general descriptions comparing events (&lt;ment&gt;the same way&lt;/ment&gt;). In addition, it may indicate salient characteristics of the &lt;fen&gt;Agent&lt;/fen&gt; that also affect the action (&lt;ment&gt;deliberately, eagerly, carefully&lt;/ment&gt;). 

&lt;/def-root&gt;</definition>
        <semType name="Manner" ID="173"/>
    </FE>
    <FE bgColor="FFA500" fgColor="FFFFFF" coreType="Peripheral" cBy="MJE" cDate="01/13/2006 03:57:38 PST Fri" abbrev="tim" name="Time" ID="9840">
        <definition>&lt;def-root&gt;The time at which the &lt;fen&gt;Agent&lt;/fen&gt; atones for the &lt;fen&gt;Wrong&lt;/fen&gt;.&lt;/def-root&gt;</definition>
        <semType name="Time" ID="141"/>
    </FE>
    <FE bgColor="7CCD73" fgColor="FFFFFF" coreType="Peripheral" cBy="MJE" cDate="01/13/2006 03:58:27 PST Fri" abbrev="pla" name="Place" ID="9841">
        <definition>&lt;def-root&gt;The location at which the &lt;fen&gt;Agent&lt;/fen&gt; expiates the &lt;fen&gt;Wrong&lt;/fen&gt;.&lt;/def-root&gt;</definition>
        <semType name="Locative_relation" ID="182"/>
    </FE>
    <frameRelation type="Inherits from">
        <relatedFrame ID="198">Intentionally_act</relatedFrame>
    </frameRelation>
    <frameRelation type="Is Inherited by"/>
    <frameRelation type="Perspective on"/>
    <frameRelation type="Is Perspectivized in"/>
    <frameRelation type="Uses">
        <relatedFrame ID="401">Forgiveness</relatedFrame>
    </frameRelation>
    <frameRelation type="Is Used by"/>
    <frameRelation type="Subframe of"/>
    <frameRelation type="Has Subframe(s)"/>
    <frameRelation type="Precedes"/>
    <frameRelation type="Is Preceded by"/>
    <frameRelation type="Is Inchoative of"/>
    <frameRelation type="Is Causative of"/>
    <frameRelation type="See also"/>
    <lexUnit status="Finished_Initial" POS="V" name="atone.v" ID="6975" lemmaID="2270" cBy="JKR" cDate="08/01/2002 05:18:51 PDT Thu">
        <definition>COD: make amends or reparation for</definition>
        <sentenceCount annotated="8" total="33"/>
        <lexeme order="1" headword="false" breakBefore="false" POS="V" name="atone"/>
    </lexUnit>
    <lexUnit status="Finished_Initial" POS="N" name="atonement.n" ID="6976" lemmaID="2271" cBy="JKR" cDate="08/01/2002 05:19:41 PDT Thu">
        <definition>COD: reparation for a wrong or injury.</definition>
        <sentenceCount annotated="8" total="140"/>
        <lexeme order="1" headword="false" breakBefore="false" POS="N" name="atonement"/>
    </lexUnit>
    <lexUnit status="Finished_Initial" POS="V" name="expiate.v" ID="6977" lemmaID="13550" cBy="JKR" cDate="08/01/2002 05:19:52 PDT Thu">
        <definition>COD: atone for (guilt or sin).</definition>
        <sentenceCount annotated="5" total="13"/>
        <lexeme order="1" headword="false" breakBefore="false" POS="V" name="expiate"/>
    </lexUnit>
    <lexUnit status="Finished_Initial" POS="N" name="expiation.n" ID="6978" lemmaID="13551" cBy="JKR" cDate="08/01/2002 05:20:43 PDT Thu">
        <definition>FN: the act of atoning for (guilt or sin).</definition>
        <sentenceCount annotated="4" total="12"/>
        <lexeme order="1" headword="false" breakBefore="false" POS="N" name="expiation"/>
    </lexUnit>
    <lexUnit status="Insufficient_Attestations" POS="A" name="expiatory.a" ID="6979" lemmaID="45986" cBy="JKR" cDate="08/01/2002 05:21:42 PDT Thu">
        <definition>FN: (of an act) done in atonement</definition>
        <sentenceCount annotated="0" total="0"/>
        <lexeme order="1" headword="false" breakBefore="false" POS="A" name="expiatory"/>
    </lexUnit>
    <lexUnit status="Insufficient_Attestations" POS="N" name="expiator.n" ID="6980" lemmaID="45987" cBy="JKR" cDate="08/01/2002 05:22:21 PDT Thu">
        <definition>FN: a person who atones for guilt or sin</definition>
        <sentenceCount annotated="0" total="0"/>
        <lexeme order="1" headword="false" breakBefore="false" POS="N" name="expiator"/>
    </lexUnit>
    <lexUnit status="Insufficient_Attestations" POS="N" name="atoner.n" ID="6981" lemmaID="45988" cBy="JKR" cDate="08/01/2002 05:24:55 PDT Thu">
        <definition>FN: a person who atones for a sin or guilt</definition>
        <sentenceCount annotated="0" total="0"/>
        <lexeme order="1" headword="false" breakBefore="false" POS="N" name="atoner"/>
    </lexUnit>
</frame>