<?xml version="1.0" encoding="UTF-8" standalone="yes"?>
<?xml-stylesheet type="text/xsl" href="frame.xsl"?>
<frame cBy="MJE" cDate="09/08/2016 11:28:24 PDT Thu" name="Attempt_action_scenario" ID="3020" xsi:schemaLocation="../schema/frame.xsd" xmlns="http://framenet.icsi.berkeley.edu" xmlns:xsi="http://www.w3.org/2001/XMLSchema-instance">
    <definition>&lt;def-root&gt;This frame represents the core action of an Attempt, where an &lt;fen&gt;Agent&lt;/fen&gt; has a &lt;fen&gt;Goal&lt;/fen&gt; and performs some &lt;fen&gt;Means&lt;/fen&gt; action that they believe will achieve the &lt;fen&gt;Goal&lt;/fen&gt;.  See its two perspectivized frames for further information.&lt;/def-root&gt;</definition>
    <semType name="Non-Lexical Frame" ID="16"/>
    <FE bgColor="FF0000" fgColor="FFFFFF" coreType="Core" cBy="MJE" cDate="09/08/2016 11:28:24 PDT Thu" abbrev="Agt" name="Agent" ID="16893">
        <definition>&lt;def-root&gt;The &lt;fen&gt;Agent&lt;/fen&gt; makes an attempt to achieve a &lt;fen&gt;Goal&lt;/fen&gt; via some &lt;fen&gt;Means&lt;/fen&gt;
&lt;ex&gt;&lt;fex name="Agent"&gt;John&lt;/fex&gt; &lt;t&gt;attempted&lt;/t&gt; to climb Mt. Everest.&lt;/ex&gt;
&lt;/def-root&gt;</definition>
        <semType name="Sentient" ID="5"/>
    </FE>
    <FE bgColor="00BFFF" fgColor="FFFFFF" coreType="Core-Unexpressed" cBy="MJE" cDate="09/08/2016 11:28:24 PDT Thu" abbrev="Goal" name="Goal" ID="16894">
        <definition>&lt;def-root&gt;The &lt;fen&gt;Goal&lt;/fen&gt; is what the &lt;fen&gt;Agent&lt;/fen&gt; attempts to achieve.

&lt;ex&gt;John &lt;t&gt;attempted&lt;/t&gt; &lt;fex name="Goal"&gt;to climb Mt. Everest&lt;/fex&gt;.&lt;/ex&gt;&lt;/def-root&gt;</definition>
        <semType name="State_of_affairs" ID="177"/>
    </FE>
    <FE bgColor="808080" fgColor="FFFFFF" coreType="Extra-Thematic" cBy="MJE" cDate="09/08/2016 11:28:24 PDT Thu" abbrev="Otcm" name="Outcome" ID="16895">
        <definition>&lt;def-root&gt;The &lt;fen&gt;Outcome&lt;/fen&gt; is the failure or success of an attempt to achieve a &lt;fen&gt;Goal&lt;/fen&gt;.
&lt;ex&gt;John's third &lt;fex name="Outcome"&gt;failed&lt;/fex&gt; &lt;t&gt;attempt&lt;/t&gt; began propitiously.&lt;/ex&gt;&lt;/def-root&gt;</definition>
    </FE>
    <FE bgColor="A52A2A" fgColor="FFFFFF" coreType="Peripheral" cBy="MJE" cDate="09/08/2016 11:28:24 PDT Thu" abbrev="Means" name="Means" ID="16896">
        <definition>&lt;def-root&gt;This FE identifies the &lt;fen&gt;Means&lt;/fen&gt; by which an attempt occurs.&lt;/def-root&gt;</definition>
        <semType name="State_of_affairs" ID="177"/>
    </FE>
    <FE bgColor="FFA500" fgColor="FFFFFF" coreType="Peripheral" cBy="MJE" cDate="09/08/2016 11:28:24 PDT Thu" abbrev="Time" name="Time" ID="16898">
        <definition>&lt;def-root&gt;This FE identifies the &lt;fen&gt;Time&lt;/fen&gt; when the attempt occurs.&lt;/def-root&gt;</definition>
        <semType name="Time" ID="141"/>
    </FE>
    <FE bgColor="00008B" fgColor="FFFFFF" coreType="Extra-Thematic" cBy="MJE" cDate="09/08/2016 11:28:24 PDT Thu" abbrev="Dep" name="Depictive" ID="16899">
        <definition>&lt;def-root&gt;The &lt;fen&gt;Depictive&lt;/fen&gt; is a phrase which describes the &lt;fen&gt;Agent&lt;/fen&gt;.&lt;/def-root&gt;</definition>
    </FE>
    <FE bgColor="008000" fgColor="FFFFFF" coreType="Peripheral" cBy="MJE" cDate="09/08/2016 11:28:24 PDT Thu" abbrev="Place" name="Place" ID="16900">
        <definition>&lt;def-root&gt;The place where an attempt is made.

&lt;ex&gt;&lt;fex name="Place"&gt;On the bridge&lt;/fex&gt; he &lt;t&gt;attempted&lt;/t&gt; to put the wig on.&lt;/ex&gt;&lt;/def-root&gt;</definition>
        <semType name="Locative_relation" ID="182"/>
    </FE>
    <FE bgColor="FF00FF" fgColor="FFFFFF" coreType="Peripheral" cBy="MJE" cDate="09/08/2016 11:28:24 PDT Thu" abbrev="man" name="Manner" ID="16901">
        <definition>&lt;def-root&gt;The &lt;fen&gt;Manner&lt;/fen&gt; in which the &lt;fen&gt;Agent&lt;/fen&gt; makes the attempt.

&lt;ex&gt;He &lt;ment&gt;made&lt;/ment&gt; his final &lt;t&gt;attempt&lt;/t&gt; &lt;fex name="man"&gt;secretly&lt;/fex&gt;.&lt;/ex&gt;&lt;/def-root&gt;</definition>
        <semType name="Manner" ID="173"/>
    </FE>
    <FE bgColor="800080" fgColor="FFFFFF" coreType="Extra-Thematic" cBy="MJE" cDate="09/08/2016 11:28:24 PDT Thu" abbrev="dur" name="Duration" ID="16902">
        <definition>&lt;def-root&gt;The time peiod over which the attempts take place.&lt;/def-root&gt;</definition>
        <semType name="Duration" ID="142"/>
    </FE>
    <FE bgColor="90876C" fgColor="FFFFFF" coreType="Peripheral" cBy="MJE" cDate="09/08/2016 11:28:24 PDT Thu" abbrev="" name="Purpose" ID="16903">
        <definition>&lt;def-root&gt;The reason for which the &lt;fen&gt;Agent&lt;/fen&gt; attempts the &lt;fen&gt;Goal&lt;/fen&gt;. &lt;/def-root&gt;</definition>
    </FE>
    <FE bgColor="EEE8AA" fgColor="000000" coreType="Extra-Thematic" cBy="MJE" cDate="09/08/2016 11:28:24 PDT Thu" abbrev="part" name="Particular_iteration" ID="16904">
        <definition>&lt;def-root&gt;Expressions marked with this extra-thematic FE modify a non-iterative use of the target, and indicate that it is conceived as embedded within an iterated series of similar events or states. In addition, most expressions of Particular_iteration indicate which instance of the series is being referred to.&lt;/def-root&gt;</definition>
    </FE>
    <FE bgColor="FFFF00" fgColor="000000" coreType="Extra-Thematic" cBy="MJE" cDate="09/08/2016 11:28:24 PDT Thu" abbrev="" name="Circumstances" ID="16905">
        <definition>&lt;def-root&gt;The state of the world (at a particular time and place) which is independent of the the attempt of the &lt;fen&gt;Agent&lt;/fen&gt; to achieve the &lt;fen&gt;Goal&lt;/fen&gt;. &lt;/def-root&gt;</definition>
    </FE>
    <FE bgColor="7FFF00" fgColor="000000" coreType="Extra-Thematic" cBy="MJE" cDate="09/08/2016 11:28:24 PDT Thu" abbrev="Con" name="Condition" ID="16907">
        <definition>&lt;def-root&gt;The conditions under which the the &lt;fen&gt;Agent&lt;/fen&gt; attempts the &lt;fen&gt;Goal&lt;/fen&gt;.&lt;/def-root&gt;</definition>
    </FE>
    <FE bgColor="9400D3" fgColor="FFFFFF" coreType="Extra-Thematic" cBy="MJE" cDate="09/08/2016 11:28:24 PDT Thu" abbrev="Freq" name="Frequency" ID="16908">
        <definition>&lt;def-root&gt;This frame element is defined as the number of times the Attemping event occurs per some unit of time. &lt;/def-root&gt;</definition>
    </FE>
    <frameRelation type="Inherits from"/>
    <frameRelation type="Is Inherited by"/>
    <frameRelation type="Perspective on"/>
    <frameRelation type="Is Perspectivized in">
        <relatedFrame ID="116">Attempt</relatedFrame>
        <relatedFrame ID="2132">Attempt_means</relatedFrame>
    </frameRelation>
    <frameRelation type="Uses"/>
    <frameRelation type="Is Used by"/>
    <frameRelation type="Subframe of">
        <relatedFrame ID="1683">Attempting_and_resolving_scenario</relatedFrame>
    </frameRelation>
    <frameRelation type="Has Subframe(s)"/>
    <frameRelation type="Precedes">
        <relatedFrame ID="1682">Result_of_attempt_scenario</relatedFrame>
    </frameRelation>
    <frameRelation type="Is Preceded by"/>
    <frameRelation type="Is Inchoative of"/>
    <frameRelation type="Is Causative of"/>
    <frameRelation type="See also"/>
</frame>