<?xml version="1.0" encoding="UTF-8" standalone="yes"?>
<?xml-stylesheet type="text/xsl" href="frame.xsl"?>
<frame cBy="RLG" cDate="02/17/2010 02:12:51 PST Wed" name="Attempt_obtain_mineral_scenario" ID="2221" xsi:schemaLocation="../schema/frame.xsd" xmlns="http://framenet.icsi.berkeley.edu" xmlns:xsi="http://www.w3.org/2001/XMLSchema-instance">
    <definition>&lt;def-root&gt;An &lt;fen&gt;Agent&lt;/fen&gt; attempts to obtain a non-renewable resource, often solid minerals or metals, but also oil, water, and other valuable substances.&lt;/def-root&gt;</definition>
    <semType name="Non-Lexical Frame" ID="16"/>
    <FE bgColor="FF0000" fgColor="FFFFFF" coreType="Core" cBy="RLG" cDate="02/17/2010 02:12:51 PST Wed" abbrev="Agt" name="Agent" ID="13579">
        <definition>&lt;def-root&gt;The &lt;fen&gt;Agent&lt;/fen&gt; makes an attempt to obtain minerals.&lt;/def-root&gt;</definition>
        <semType name="Sentient" ID="5"/>
    </FE>
    <FE bgColor="808080" fgColor="FFFFFF" coreType="Peripheral" cBy="RLG" cDate="02/17/2010 02:12:51 PST Wed" abbrev="Otcm" name="Outcome" ID="13581">
        <definition>&lt;def-root&gt;The &lt;fen&gt;Outcome&lt;/fen&gt; is the failure or success of an attempt to achieve a &lt;fen&gt;Goal&lt;/fen&gt;.
&lt;/def-root&gt;</definition>
    </FE>
    <FE bgColor="A52A2A" fgColor="FFFFFF" coreType="Peripheral" cBy="RLG" cDate="02/17/2010 02:12:51 PST Wed" abbrev="Means" name="Means" ID="13582">
        <definition>&lt;def-root&gt;This FE identifies the &lt;fen&gt;Means&lt;/fen&gt; action performed by the &lt;fen&gt;Agent&lt;/fen&gt; which they hope will let them obtain the Mineral.&lt;/def-root&gt;</definition>
        <semType name="State_of_affairs" ID="177"/>
    </FE>
    <FE bgColor="FFA500" fgColor="FFFFFF" coreType="Peripheral" cBy="RLG" cDate="02/17/2010 02:12:51 PST Wed" abbrev="Time" name="Time" ID="13583">
        <definition>&lt;def-root&gt;This FE identifies the &lt;fen&gt;Time&lt;/fen&gt; when the attempt occurs.&lt;/def-root&gt;</definition>
        <semType name="Time" ID="141"/>
    </FE>
    <FE bgColor="008000" fgColor="FFFFFF" coreType="Peripheral" cBy="RLG" cDate="02/17/2010 02:12:51 PST Wed" abbrev="Place" name="Place" ID="13584">
        <definition>&lt;def-root&gt;The place where an attempt is made.&lt;/def-root&gt;</definition>
        <semType name="Locative_relation" ID="182"/>
    </FE>
    <FE bgColor="800080" fgColor="FFFFFF" coreType="Extra-Thematic" cBy="RLG" cDate="02/17/2010 02:12:51 PST Wed" abbrev="dur" name="Duration" ID="13585">
        <definition>&lt;def-root&gt;The time period over which the attempts take place.&lt;/def-root&gt;</definition>
        <semType name="Duration" ID="142"/>
    </FE>
    <FE bgColor="0000FF" fgColor="FFFFFF" coreType="Core" cBy="RLG" cDate="02/17/2010 02:17:10 PST Wed" abbrev="min" name="Mineral" ID="13586">
        <definition>&lt;def-root&gt;The valuable resource which the &lt;fen&gt;Agent&lt;/fen&gt; attempts to acquire.&lt;/def-root&gt;</definition>
    </FE>
    <frameRelation type="Inherits from">
        <relatedFrame ID="1683">Attempting_and_resolving_scenario</relatedFrame>
    </frameRelation>
    <frameRelation type="Is Inherited by">
        <relatedFrame ID="2285">Mining</relatedFrame>
    </frameRelation>
    <frameRelation type="Perspective on"/>
    <frameRelation type="Is Perspectivized in"/>
    <frameRelation type="Uses"/>
    <frameRelation type="Is Used by"/>
    <frameRelation type="Subframe of"/>
    <frameRelation type="Has Subframe(s)"/>
    <frameRelation type="Precedes"/>
    <frameRelation type="Is Preceded by"/>
    <frameRelation type="Is Inchoative of"/>
    <frameRelation type="Is Causative of"/>
    <frameRelation type="See also"/>
</frame>