<?xml version="1.0" encoding="UTF-8" standalone="yes"?>
<?xml-stylesheet type="text/xsl" href="frame.xsl"?>
<frame cBy="MJE" cDate="03/24/2007 02:11:15 PDT Sat" name="Attempt_distant_interaction_scenario" ID="1900" xsi:schemaLocation="../schema/frame.xsd" xmlns="http://framenet.icsi.berkeley.edu" xmlns:xsi="http://www.w3.org/2001/XMLSchema-instance">
    <definition>&lt;def-root&gt;An &lt;fen&gt;Agent&lt;/fen&gt; attempts to interact with a relatively distant or indirectly accessible &lt;fen&gt;Target&lt;/fen&gt; using some &lt;fen&gt;Instrument&lt;/fen&gt; (which may be a body part, e.g. &lt;ment&gt;hand&lt;/ment&gt;).  The &lt;fen&gt;Agent&lt;/fen&gt;'s ability to manipulate the &lt;fen&gt;Instrument&lt;/fen&gt; and put it in the &lt;fen&gt;Target&lt;/fen&gt; location is in question.  The most common types of distant interaction involve an &lt;fen&gt;Agent&lt;/fen&gt; attempting to move the &lt;fen&gt;Instrument&lt;/fen&gt; ballistically so that it contacts the &lt;fen&gt;Target&lt;/fen&gt; (e.g. Shooting_scenario), or an &lt;fen&gt;Agent&lt;/fen&gt; attempting to direct an &lt;fen&gt;Instrument&lt;/fen&gt; that enables perception at a &lt;fen&gt;Target_location&lt;/fen&gt; to be examined.&lt;/def-root&gt;</definition>
    <semType name="Non-Lexical Frame" ID="16"/>
    <FE bgColor="FF0000" fgColor="FFFFFF" coreType="Core" cBy="MJE" cDate="03/24/2007 02:11:15 PDT Sat" abbrev="Agt" name="Agent" ID="11303">
        <definition>&lt;def-root&gt;The &lt;fen&gt;Agent&lt;/fen&gt; tries to interact with the &lt;fen&gt;Target&lt;/fen&gt;.&lt;/def-root&gt;</definition>
        <semType name="Sentient" ID="5"/>
    </FE>
    <FE bgColor="00BFFF" fgColor="FFFFFF" coreType="Core-Unexpressed" cBy="MJE" cDate="03/24/2007 02:11:15 PDT Sat" abbrev="Goal" name="Target" ID="11304">
        <definition>&lt;def-root&gt;The &lt;fen&gt;Target&lt;/fen&gt; is the entity located in an indirectly accessible location relative to the &lt;fen&gt;Agent&lt;/fen&gt;.&lt;/def-root&gt;</definition>
    </FE>
    <FE bgColor="808080" fgColor="FFFFFF" coreType="Extra-Thematic" cBy="MJE" cDate="03/24/2007 02:11:15 PDT Sat" abbrev="Otcm" name="Outcome" ID="11305">
        <definition>&lt;def-root&gt;The &lt;fen&gt;Outcome&lt;/fen&gt; is the failure or success of an attempt.
&lt;/def-root&gt;</definition>
    </FE>
    <FE bgColor="A52A2A" fgColor="FFFFFF" coreType="Peripheral" cBy="MJE" cDate="03/24/2007 02:11:15 PDT Sat" abbrev="Means" name="Means" ID="11306">
        <definition>&lt;def-root&gt;This FE identifies the &lt;fen&gt;Means&lt;/fen&gt; by which an attempt occurs.&lt;/def-root&gt;</definition>
        <semType name="State_of_affairs" ID="177"/>
    </FE>
    <FE bgColor="FF69B4" fgColor="FFFFFF" coreType="Peripheral" cBy="MJE" cDate="03/24/2007 02:11:15 PDT Sat" abbrev="Degr" name="Degree" ID="11307">
        <definition>&lt;def-root&gt;This FE identifies the &lt;fen&gt;Degree&lt;/fen&gt; to which an attempt occurs.&lt;/def-root&gt;</definition>
        <semType name="Degree" ID="172"/>
    </FE>
    <FE bgColor="FFA500" fgColor="FFFFFF" coreType="Peripheral" cBy="MJE" cDate="03/24/2007 02:11:15 PDT Sat" abbrev="Time" name="Time" ID="11308">
        <definition>&lt;def-root&gt;This FE identifies the &lt;fen&gt;Time&lt;/fen&gt; when the attempt occurs.&lt;/def-root&gt;</definition>
        <semType name="Time" ID="141"/>
    </FE>
    <FE bgColor="00008B" fgColor="FFFFFF" coreType="Extra-Thematic" cBy="MJE" cDate="03/24/2007 02:11:15 PDT Sat" abbrev="Dep" name="Depictive" ID="11309">
        <definition>&lt;def-root&gt;The &lt;fen&gt;Depictive&lt;/fen&gt; is a phrase which describes the &lt;fen&gt;Agent&lt;/fen&gt; during the event.&lt;/def-root&gt;</definition>
    </FE>
    <FE bgColor="008000" fgColor="FFFFFF" coreType="Peripheral" cBy="MJE" cDate="03/24/2007 02:11:15 PDT Sat" abbrev="Place" name="Place" ID="11310">
        <definition>&lt;def-root&gt;The place where an attempt is made.

&lt;/def-root&gt;</definition>
        <semType name="Locative_relation" ID="182"/>
    </FE>
    <FE bgColor="FF00FF" fgColor="FFFFFF" coreType="Peripheral" cBy="MJE" cDate="03/24/2007 02:11:15 PDT Sat" abbrev="man" name="Manner" ID="11311">
        <definition>&lt;def-root&gt;The &lt;fen&gt;Manner&lt;/fen&gt; in which the &lt;fen&gt;Agent&lt;/fen&gt; makes the attempt.

&lt;/def-root&gt;</definition>
        <semType name="Manner" ID="173"/>
    </FE>
    <FE bgColor="800080" fgColor="FFFFFF" coreType="Extra-Thematic" cBy="MJE" cDate="03/24/2007 02:11:16 PDT Sat" abbrev="dur" name="Duration" ID="11312">
        <definition>&lt;def-root&gt;The time peiod over which the attempt or attempts take place.&lt;/def-root&gt;</definition>
        <semType name="Duration" ID="142"/>
    </FE>
    <FE bgColor="90876C" fgColor="FFFFFF" coreType="Extra-Thematic" cBy="MJE" cDate="03/24/2007 02:11:16 PDT Sat" abbrev="" name="Purpose" ID="11313">
        <definition>&lt;def-root&gt;The reason for which the &lt;fen&gt;Agent&lt;/fen&gt; attempts to interact with the &lt;fen&gt;Target&lt;/fen&gt;&lt;/def-root&gt;</definition>
    </FE>
    <FE bgColor="EEE8AA" fgColor="000000" coreType="Extra-Thematic" cBy="MJE" cDate="03/24/2007 02:11:16 PDT Sat" abbrev="" name="Particular_iteration" ID="11314">
        <definition>&lt;def-root&gt;Expressions marked with this extra-thematic FE modify a non-iterative use of the target, and indicate that it is conceived as embedded within an iterated series of similar events or states. In addition, most expressions of &lt;fen&gt;Particular_iteration&lt;/fen&gt; indicate which instance of the series is being referred to.&lt;/def-root&gt;</definition>
    </FE>
    <FE bgColor="FFFF00" fgColor="000000" coreType="Extra-Thematic" cBy="MJE" cDate="03/24/2007 02:11:16 PDT Sat" abbrev="" name="Circumstances" ID="11315">
        <definition>&lt;def-root&gt;The state of the world (at a particular time and place) which is independent of the the attempt of the &lt;fen&gt;Agent&lt;/fen&gt;.&lt;/def-root&gt;</definition>
    </FE>
    <FE bgColor="1E90FF" fgColor="FFFFFF" coreType="Core" cBy="MJE" cDate="03/24/2007 02:26:08 PDT Sat" abbrev="" name="Instrument" ID="11317">
        <definition>&lt;def-root&gt;The object manipulated by the &lt;fen&gt;Agent&lt;/fen&gt; in order to interact with the &lt;fen&gt;Target&lt;/fen&gt;.&lt;/def-root&gt;</definition>
    </FE>
    <FE bgColor="006400" fgColor="FFFFFF" coreType="Core" cBy="MJE" cDate="03/24/2007 03:06:46 PDT Sat" abbrev="targ_loc" name="Target_location" ID="11333">
        <definition>&lt;def-root&gt;The location that the &lt;fen&gt;Agent&lt;/fen&gt; is attempting to access using the &lt;fen&gt;Instrument&lt;/fen&gt;.
&lt;/def-root&gt;</definition>
    </FE>
    <frameRelation type="Inherits from">
        <relatedFrame ID="1683">Attempting_and_resolving_scenario</relatedFrame>
    </frameRelation>
    <frameRelation type="Is Inherited by">
        <relatedFrame ID="1727">Shooting_scenario</relatedFrame>
    </frameRelation>
    <frameRelation type="Perspective on"/>
    <frameRelation type="Is Perspectivized in"/>
    <frameRelation type="Uses">
        <relatedFrame ID="17">Manipulation</relatedFrame>
    </frameRelation>
    <frameRelation type="Is Used by"/>
    <frameRelation type="Subframe of"/>
    <frameRelation type="Has Subframe(s)">
        <relatedFrame ID="1901">Aiming</relatedFrame>
        <relatedFrame ID="1902">Hit_or_miss</relatedFrame>
    </frameRelation>
    <frameRelation type="Precedes"/>
    <frameRelation type="Is Preceded by"/>
    <frameRelation type="Is Inchoative of"/>
    <frameRelation type="Is Causative of"/>
    <frameRelation type="See also"/>
</frame>