<?xml version="1.0" encoding="UTF-8" standalone="yes"?>
<?xml-stylesheet type="text/xsl" href="frame.xsl"?>
<frame cBy="Tess" cDate="05/24/2001 01:17:31 PDT Thu" name="Attempt" ID="116" xsi:schemaLocation="../schema/frame.xsd" xmlns="http://framenet.icsi.berkeley.edu" xmlns:xsi="http://www.w3.org/2001/XMLSchema-instance">
    <definition>&lt;def-root&gt;An &lt;fen&gt;Agent&lt;/fen&gt; attempts to achieve a &lt;fen&gt;Goal&lt;/fen&gt;. The &lt;fen&gt;Outcome&lt;/fen&gt; may also be mentioned explicitly.

&lt;ex&gt;&lt;fex name="Agent"&gt;John&lt;/fex&gt; &lt;t&gt;attempted&lt;/t&gt; &lt;fex name="Goal"&gt;to climb Mt. Everest&lt;/fex&gt;.&lt;/ex&gt;

&lt;ex&gt;It was another &lt;fex name="Outcome"&gt;failed&lt;/fex&gt; &lt;t&gt;attempt&lt;/t&gt; &lt;fex name="Goal"&gt;to climb Mt. Everest&lt;/fex&gt;.&lt;/ex&gt;&lt;/def-root&gt;</definition>
    <FE bgColor="FF0000" fgColor="FFFFFF" coreType="Core" cBy="Tess" cDate="05/24/2001 01:19:49 PDT Thu" abbrev="Agt" name="Agent" ID="569">
        <definition>&lt;def-root&gt;The &lt;fen&gt;Agent&lt;/fen&gt; makes an attempt to achieve a &lt;fen&gt;Goal&lt;/fen&gt;.
&lt;ex&gt;&lt;fex name="Agent"&gt;John&lt;/fex&gt; &lt;t&gt;attempted&lt;/t&gt; to climb Mt. Everest.&lt;/ex&gt;
&lt;/def-root&gt;</definition>
        <semType name="Sentient" ID="5"/>
    </FE>
    <FE bgColor="00BFFF" fgColor="FFFFFF" coreType="Core-Unexpressed" cBy="Tess" cDate="05/24/2001 01:20:52 PDT Thu" abbrev="Goal" name="Goal" ID="570">
        <definition>&lt;def-root&gt;The &lt;fen&gt;Goal&lt;/fen&gt; is what the &lt;fen&gt;Agent&lt;/fen&gt; attempts to achieve.

&lt;ex&gt;John &lt;t&gt;attempted&lt;/t&gt; &lt;fex name="Goal"&gt;to climb Mt. Everest&lt;/fex&gt;.&lt;/ex&gt;&lt;/def-root&gt;</definition>
        <semType name="State_of_affairs" ID="177"/>
    </FE>
    <FE bgColor="808080" fgColor="FFFFFF" coreType="Extra-Thematic" cBy="Tess" cDate="05/24/2001 01:21:56 PDT Thu" abbrev="Otcm" name="Outcome" ID="571">
        <definition>&lt;def-root&gt;The &lt;fen&gt;Outcome&lt;/fen&gt; is the failure or success of an attempt to achieve a &lt;fen&gt;Goal&lt;/fen&gt;.
&lt;ex&gt;John's third &lt;fex name="Outcome"&gt;failed&lt;/fex&gt; &lt;t&gt;attempt&lt;/t&gt; began propitiously.&lt;/ex&gt;&lt;/def-root&gt;</definition>
    </FE>
    <FE bgColor="A52A2A" fgColor="FFFFFF" coreType="Peripheral" cBy="mCo" cDate="05/29/2001 04:01:15 PDT Tue" abbrev="Means" name="Means" ID="625">
        <definition>&lt;def-root&gt;This FE identifies the &lt;fen&gt;Means&lt;/fen&gt; by which an attempt occurs.&lt;/def-root&gt;</definition>
        <semType name="State_of_affairs" ID="177"/>
    </FE>
    <FE bgColor="FF69B4" fgColor="FFFFFF" coreType="Peripheral" cBy="MJE" cDate="05/31/2001 02:29:12 PDT Thu" abbrev="Effort" name="Effort" ID="651">
        <definition>&lt;def-root&gt;This FE identifies the effort expended in an attempt.&lt;/def-root&gt;</definition>
    </FE>
    <FE bgColor="FFA500" fgColor="FFFFFF" coreType="Peripheral" cBy="ACW" cDate="08/21/2002 01:18:56 PDT Wed" abbrev="Time" name="Time" ID="3599">
        <definition>&lt;def-root&gt;This FE identifies the &lt;fen&gt;Time&lt;/fen&gt; when the attempt occurs.&lt;/def-root&gt;</definition>
        <semType name="Time" ID="141"/>
    </FE>
    <FE bgColor="00008B" fgColor="FFFFFF" coreType="Extra-Thematic" cBy="ACW" cDate="08/21/2002 01:22:45 PDT Wed" abbrev="Dep" name="Depictive" ID="3600">
        <definition>&lt;def-root&gt;The &lt;fen&gt;Depictive&lt;/fen&gt; is a phrase which describes the &lt;fen&gt;Agent&lt;/fen&gt;.&lt;/def-root&gt;</definition>
    </FE>
    <FE bgColor="008000" fgColor="FFFFFF" coreType="Peripheral" cBy="Hay" cDate="10/02/2003 11:36:49 PDT Thu" abbrev="Place" name="Place" ID="5329">
        <definition>&lt;def-root&gt;The place where an attempt is made.

&lt;ex&gt;&lt;fex name="Place"&gt;On the bridge&lt;/fex&gt; he &lt;t&gt;attempted&lt;/t&gt; to put the wig on.&lt;/ex&gt;&lt;/def-root&gt;</definition>
        <semType name="Locative_relation" ID="182"/>
    </FE>
    <FE bgColor="FF00FF" fgColor="FFFFFF" coreType="Peripheral" cBy="RLG" cDate="05/12/2005 11:05:20 PDT Thu" abbrev="man" name="Manner" ID="7980">
        <definition>&lt;def-root&gt;The &lt;fen&gt;Manner&lt;/fen&gt; in which the &lt;fen&gt;Agent&lt;/fen&gt; makes the attempt.

&lt;ex&gt;He &lt;ment&gt;made&lt;/ment&gt; his final &lt;t&gt;attempt&lt;/t&gt; &lt;fex name="man"&gt;secretly&lt;/fex&gt;.&lt;/ex&gt;&lt;/def-root&gt;</definition>
        <semType name="Manner" ID="173"/>
    </FE>
    <FE bgColor="800080" fgColor="FFFFFF" coreType="Extra-Thematic" cBy="RLG" cDate="05/12/2005 04:37:42 PDT Thu" abbrev="dur" name="Duration" ID="7981">
        <definition>&lt;def-root&gt;The time peiod over which the attempts take place.&lt;/def-root&gt;</definition>
        <semType name="Duration" ID="142"/>
    </FE>
    <FE bgColor="90876C" fgColor="FFFFFF" coreType="Peripheral" cBy="KmG" cDate="05/31/2006 04:44:02 PDT Wed" abbrev="" name="Purpose" ID="10163">
        <definition>&lt;def-root&gt;The reason for which the &lt;fen&gt;Agent&lt;/fen&gt; attempts the &lt;fen&gt;Goal&lt;/fen&gt;. &lt;/def-root&gt;</definition>
    </FE>
    <FE bgColor="EEE8AA" fgColor="000000" coreType="Extra-Thematic" cBy="KmG" cDate="06/13/2006 03:29:28 PDT Tue" abbrev="part" name="Particular_iteration" ID="10282">
        <definition>&lt;def-root&gt;Expressions marked with this extra-thematic FE modify a non-iterative use of the target, and indicate that it is conceived as embedded within an iterated series of similar events or states. In addition, most expressions of Particular_iteration indicate which instance of the series is being referred to.&lt;/def-root&gt;</definition>
    </FE>
    <FE bgColor="FFFF00" fgColor="000000" coreType="Extra-Thematic" cBy="KmG" cDate="06/19/2006 10:15:47 PDT Mon" abbrev="" name="Circumstances" ID="10320">
        <definition>&lt;def-root&gt;The state of the world (at a particular time and place) which is independent of the the attempt of the &lt;fen&gt;Agent&lt;/fen&gt; to achieve the &lt;fen&gt;Goal&lt;/fen&gt;. &lt;/def-root&gt;</definition>
    </FE>
    <FE bgColor="2E8B57" fgColor="FFFFFF" coreType="Extra-Thematic" cBy="KmG" cDate="02/09/2007 11:57:31 PST Fri" abbrev="Dom" name="Domain" ID="11011">
        <definition>&lt;def-root&gt;The area of work to which the Attempt event belongs. 

&lt;ex&gt;This is a market society where paid work is generally valued more than any &lt;fex name="Domain"&gt;domestic&lt;/fex&gt; &lt;t&gt;endeavor&lt;/t&gt;.&lt;/ex&gt;

&lt;/def-root&gt;</definition>
    </FE>
    <FE bgColor="7FFF00" fgColor="000000" coreType="Extra-Thematic" cBy="MLC" cDate="07/21/2010 05:25:19 PDT Wed" abbrev="Con" name="Condition" ID="14058">
        <definition>&lt;def-root&gt;The conditions under which the the &lt;fen&gt;Agent&lt;/fen&gt; attempts the &lt;fen&gt;Goal&lt;/fen&gt;.&lt;/def-root&gt;</definition>
    </FE>
    <FE bgColor="9400D3" fgColor="FFFFFF" coreType="Extra-Thematic" cBy="AlK" cDate="07/22/2010 01:16:39 PDT Thu" abbrev="Freq" name="Frequency" ID="14060">
        <definition>&lt;def-root&gt;This frame element is defined as the number of times the Attemping event occurs per some unit of time. &lt;/def-root&gt;</definition>
    </FE>
    <FE bgColor="d0d0d0" fgColor="000000" coreType="Extra-Thematic" cBy="AlK" cDate="07/29/2010 05:02:51 PDT Thu" abbrev="Exp" name="Explanation" ID="14092">
        <definition>&lt;def-root&gt;The state of affairs that the &lt;fen&gt;Agent&lt;/fen&gt; is responding to in desiring the &lt;fen&gt;Goal&lt;/fen&gt;.&lt;/def-root&gt;</definition>
    </FE>
    <frameRelation type="Inherits from">
        <relatedFrame ID="198">Intentionally_act</relatedFrame>
    </frameRelation>
    <frameRelation type="Is Inherited by">
        <relatedFrame ID="1892">Work</relatedFrame>
        <relatedFrame ID="87">Attempt_suasion</relatedFrame>
    </frameRelation>
    <frameRelation type="Perspective on">
        <relatedFrame ID="3020">Attempt_action_scenario</relatedFrame>
    </frameRelation>
    <frameRelation type="Is Perspectivized in"/>
    <frameRelation type="Uses"/>
    <frameRelation type="Is Used by"/>
    <frameRelation type="Subframe of"/>
    <frameRelation type="Has Subframe(s)"/>
    <frameRelation type="Precedes"/>
    <frameRelation type="Is Preceded by"/>
    <frameRelation type="Is Inchoative of"/>
    <frameRelation type="Is Causative of"/>
    <frameRelation type="See also">
        <relatedFrame ID="2132">Attempt_means</relatedFrame>
    </frameRelation>
    <lexUnit status="Finished_Initial" POS="N" name="attempt.n" ID="2301" lemmaID="2290" cBy="Tess" cDate="05/24/2001 01:31:15 PDT Thu">
        <definition>COD: an act of attempting</definition>
        <sentenceCount annotated="113" total="376"/>
        <lexeme order="1" headword="false" breakBefore="false" POS="N" name="attempt"/>
    </lexUnit>
    <lexUnit status="Finished_Initial" POS="V" name="attempt.v" ID="2303" lemmaID="2291" cBy="Tess" cDate="05/24/2001 01:49:50 PDT Thu">
        <definition>COD: make an effort to achieve or complete</definition>
        <sentenceCount annotated="56" total="290"/>
        <lexeme order="1" headword="false" breakBefore="false" POS="V" name="attempt"/>
    </lexUnit>
    <lexUnit status="Finished_Initial" POS="V" name="endeavor.v" ID="2452" lemmaID="12719" cBy="Tess" cDate="05/30/2001 10:49:51 PDT Wed">
        <definition>COD: try hard to do or achieve something</definition>
        <sentenceCount annotated="13" total="71"/>
        <lexeme order="1" headword="false" breakBefore="false" POS="V" name="endeavor"/>
    </lexUnit>
    <lexUnit status="Finished_Initial" POS="N" name="endeavor.n" ID="2453" lemmaID="12718" cBy="Tess" cDate="05/30/2001 11:03:16 PDT Wed">
        <definition>COD: an act of endeavouring; an enterprise</definition>
        <sentenceCount annotated="16" total="208"/>
        <lexeme order="1" headword="false" breakBefore="false" POS="N" name="endeavor"/>
    </lexUnit>
    <lexUnit status="Finished_Initial" POS="V" name="try.v" ID="2465" lemmaID="41411" cBy="MJE" cDate="05/31/2001 02:26:46 PDT Thu">
        <definition>COD: make an attempt or effort to do something</definition>
        <sentenceCount annotated="149" total="402"/>
        <lexeme order="1" headword="false" breakBefore="false" POS="V" name="try"/>
    </lexUnit>
    <lexUnit status="Finished_Initial" POS="N" name="try.n" ID="2920" lemmaID="41410" cBy="MJE" cDate="07/08/2001 07:27:59 PDT Sun">
        <definition>COD: an effort to accomplish something; an attempt. </definition>
        <sentenceCount annotated="10" total="178"/>
        <lexeme order="1" headword="false" breakBefore="false" POS="N" name="try"/>
    </lexUnit>
    <lexUnit status="Finished_Initial" POS="N" name="effort.n" ID="10187" lemmaID="12294" cBy="TRn" cDate="03/04/2004 03:18:12 PST Thu">
        <definition>COD: a vigorous or determined attempt.</definition>
        <sentenceCount annotated="105" total="453"/>
        <lexeme order="1" headword="false" breakBefore="false" POS="N" name="effort"/>
    </lexUnit>
    <lexUnit status="Created" POS="N" name="go.n" ID="10531" lemmaID="16425" cBy="MJE" cDate="05/18/2004 12:04:36 PDT Tue">
        <definition>COD:  an attempt or trial.</definition>
        <sentenceCount annotated="0" total="0"/>
        <lexeme order="1" headword="false" breakBefore="false" POS="N" name="go"/>
    </lexUnit>
    <lexUnit status="Finished_Initial" POS="V" name="undertake.v" ID="11713" lemmaID="42015" cBy="JKR" cDate="03/03/2005 09:18:24 PST Thu">
        <definition>FN: attempt</definition>
        <sentenceCount annotated="26" total="222"/>
        <lexeme order="1" headword="false" breakBefore="false" POS="V" name="undertake"/>
    </lexUnit>
    <lexUnit status="Created" POS="N" name="stab.n" ID="13507" lemmaID="37674" cBy="RLG" cDate="08/21/2006 11:32:03 PDT Mon">
        <definition>COD: an attempt to do.</definition>
        <sentenceCount annotated="0" total="0"/>
        <lexeme order="1" headword="false" breakBefore="false" POS="N" name="stab"/>
    </lexUnit>
    <lexUnit status="Created" POS="N" name="shot.n" ID="13508" lemmaID="35667" cBy="RLG" cDate="08/21/2006 11:32:27 PDT Mon">
        <definition>COD: an attempt to do something.</definition>
        <sentenceCount annotated="0" total="0"/>
        <lexeme order="1" headword="false" breakBefore="false" POS="N" name="shot"/>
        <semType name="Bound_dependent_LU" ID="224"/>
    </lexUnit>
    <lexUnit status="Created" POS="N" name="quest.n" ID="13777" lemmaID="31484" cBy="KmG" cDate="02/23/2007 02:16:05 PST Fri">
        <definition>COD: a long or arduous search.</definition>
        <sentenceCount annotated="2" total="2"/>
        <lexeme order="1" headword="false" breakBefore="false" POS="N" name="quest"/>
    </lexUnit>
    <lexUnit status="Created" POS="N" name="push.n" ID="16770" lemmaID="31271" cBy="RLG" cDate="11/03/2011 02:35:24 PDT Thu">
        <definition>FN: strenuous effort to reach a goal.</definition>
        <sentenceCount annotated="0" total="0"/>
        <lexeme order="1" headword="false" breakBefore="false" POS="N" name="push"/>
    </lexUnit>
</frame>