<?xml version="1.0" encoding="UTF-8" standalone="yes"?>
<?xml-stylesheet type="text/xsl" href="frame.xsl"?>
<frame cBy="MJE" cDate="04/12/2002 06:30:52 PDT Fri" name="Attention_getting" ID="305" xsi:schemaLocation="../schema/frame.xsd" xmlns="http://framenet.icsi.berkeley.edu" xmlns:xsi="http://www.w3.org/2001/XMLSchema-instance">
    <definition>&lt;def-root&gt;This frame covers terms used to get someone's attention, including &lt;fen&gt;Interjection&lt;/fen&gt;s (e.g. &lt;ment&gt;hey&lt;/ment&gt;, &lt;ment&gt;yo&lt;/ment&gt;) and certain terms of address (&lt;fen&gt;Address_term&lt;/fen&gt;), the latter of which may serve the function of attention getting.  

&lt;ex&gt;&lt;fex name="Interj"&gt;&lt;t&gt;Hey&lt;/t&gt;&lt;/fex&gt;.&lt;/ex&gt;
&lt;ex&gt;&lt;fex name="Interj"&gt;Hey&lt;/fex&gt;, &lt;fex name="Add_t"&gt;boy&lt;/fex&gt;.&lt;/ex&gt;
&lt;ex&gt;&lt;fex name="Interj"&gt;Hey&lt;/fex&gt;, &lt;fex name="Add_t"&gt;boy&lt;/fex&gt;, come over here now!&lt;/ex&gt;
 &lt;/def-root&gt;</definition>
    <FE bgColor="0000FF" fgColor="FFFFFF" coreType="Core" cBy="MRLP" cDate="08/27/2002 10:17:54 PDT Tue" abbrev="Add_t" name="Address_term" ID="3620">
        <definition>&lt;def-root&gt;This FE identifies the &lt;fen&gt;Address_term&lt;/fen&gt; as used to get someone's attention, and may be a proper name.
&lt;ex&gt;&lt;fex name="Add_t"&gt;Boy&lt;/fex&gt;, come over here right now!&lt;/ex&gt;
&lt;ex&gt;&lt;fex name="Add_t"&gt;Billy&lt;/fex&gt;, come over here right now!&lt;/ex&gt;

Tag this constiuent with the FE &lt;fen&gt;Interjection&lt;/fen&gt; on a secondary FE layer.

&lt;/def-root&gt;</definition>
    </FE>
    <FE bgColor="FF0000" fgColor="FFFFFF" coreType="Core" cBy="MRLP" cDate="08/27/2002 10:29:57 PDT Tue" abbrev="Interj" name="Interjection" ID="3621">
        <definition>&lt;def-root&gt;&lt;fen&gt;Interjection&lt;/fen&gt; identifies the attention getting element.
&lt;ex&gt;&lt;fex name="Interj"&gt;Hey&lt;/fex&gt;, boy, come over here now!&lt;/ex&gt;&lt;/def-root&gt;</definition>
    </FE>
    <frameRelation type="Inherits from"/>
    <frameRelation type="Is Inherited by"/>
    <frameRelation type="Perspective on"/>
    <frameRelation type="Is Perspectivized in"/>
    <frameRelation type="Uses">
        <relatedFrame ID="1253">Referring_by_name</relatedFrame>
    </frameRelation>
    <frameRelation type="Is Used by"/>
    <frameRelation type="Subframe of"/>
    <frameRelation type="Has Subframe(s)"/>
    <frameRelation type="Precedes"/>
    <frameRelation type="Is Preceded by"/>
    <frameRelation type="Is Inchoative of"/>
    <frameRelation type="Is Causative of"/>
    <frameRelation type="See also"/>
    <lexUnit status="Created" POS="N" name="pal.n" ID="5532" lemmaID="27554" cBy="MJE" cDate="04/12/2002 06:31:19 PDT Fri">
        <definition>FN: a close friend</definition>
        <sentenceCount annotated="0" total="0"/>
        <lexeme order="1" headword="false" breakBefore="false" POS="N" name="pal"/>
    </lexUnit>
    <lexUnit status="Needs_SCs" POS="N" name="sir.n" ID="5533" lemmaID="36035" cBy="MJE" cDate="04/12/2002 06:31:34 PDT Fri">
        <definition>COD: a polite or respectful form of address to a man.</definition>
        <sentenceCount annotated="2" total="62"/>
        <lexeme order="1" headword="false" breakBefore="false" POS="N" name="sir"/>
    </lexUnit>
    <lexUnit status="Created" POS="N" name="ma'am.n" ID="5534" lemmaID="23049" cBy="MJE" cDate="04/12/2002 06:31:45 PDT Fri">
        <definition>COD: a term of respectful address used for any woman. </definition>
        <sentenceCount annotated="0" total="0"/>
        <lexeme order="1" headword="false" breakBefore="false" POS="N" name="ma'am"/>
    </lexUnit>
    <lexUnit status="Created" POS="N" name="buddy.n" ID="5535" lemmaID="4803" cBy="MJE" cDate="04/12/2002 06:32:05 PDT Fri">
        <definition>FN: an informal term of address used primarily for younger men.  </definition>
        <sentenceCount annotated="0" total="0"/>
        <lexeme order="1" headword="false" breakBefore="false" POS="N" name="buddy"/>
    </lexUnit>
    <lexUnit status="Created" POS="N" name="kid.n" ID="5536" lemmaID="21294" cBy="MJE" cDate="04/12/2002 06:32:21 PDT Fri">
        <definition>FN: a term of address used for a child or young person.</definition>
        <sentenceCount annotated="0" total="0"/>
        <lexeme order="1" headword="false" breakBefore="false" POS="N" name="kid"/>
    </lexUnit>
    <lexUnit status="Created" POS="N" name="dude.n" ID="5537" lemmaID="11911" cBy="MJE" cDate="04/12/2002 06:32:31 PDT Fri">
        <definition>FN: an informal term of address (used primarily for men); a fellow</definition>
        <sentenceCount annotated="0" total="0"/>
        <lexeme order="1" headword="false" breakBefore="false" POS="N" name="dude"/>
    </lexUnit>
    <lexUnit status="Created" POS="N" name="boy.n" ID="5538" lemmaID="4372" cBy="MJE" cDate="04/12/2002 06:32:55 PDT Fri">
        <definition>FN: an informal, impolite term of address used for a male youth.</definition>
        <sentenceCount annotated="0" total="0"/>
        <lexeme order="1" headword="false" breakBefore="false" POS="N" name="boy"/>
    </lexUnit>
    <lexUnit status="Created" POS="N" name="guy.n" ID="5540" lemmaID="17129" cBy="KCo" cDate="04/15/2002 01:17:48 PDT Mon">
        <definition>FN: a term of address used for any man. </definition>
        <sentenceCount annotated="0" total="0"/>
        <lexeme order="1" headword="false" breakBefore="false" POS="N" name="guy"/>
    </lexUnit>
    <lexUnit status="Created" POS="N" name="miss.n" ID="5541" lemmaID="24556" cBy="KCo" cDate="04/15/2002 01:26:01 PDT Mon">
        <definition>COD: used to address a female shop assistant, teacher, etc. </definition>
        <sentenceCount annotated="0" total="0"/>
        <lexeme order="1" headword="false" breakBefore="false" POS="N" name="miss"/>
    </lexUnit>
    <lexUnit status="Created" POS="N" name="bro.n" ID="5542" lemmaID="45616" cBy="KCo" cDate="04/15/2002 01:38:30 PDT Mon">
        <definition>COD:  a friendly greeting or form of address. </definition>
        <sentenceCount annotated="0" total="0"/>
        <lexeme order="1" headword="false" breakBefore="false" POS="N" name="bro"/>
    </lexUnit>
    <lexUnit status="Created" POS="N" name="homes.n" ID="5543" lemmaID="45618" cBy="KCo" cDate="04/15/2002 01:58:44 PDT Mon">
        <definition>FN: a term of address used informally for a man</definition>
        <sentenceCount annotated="0" total="0"/>
        <lexeme order="1" headword="false" breakBefore="false" POS="N" name="homes"/>
    </lexUnit>
    <lexUnit status="Created" POS="INTJ" name="yoohoo.intj" ID="15532" lemmaID="51042" cBy="AlK" cDate="10/07/2009 01:44:43 PDT Wed">
        <definition>COD: a call to attract attention. </definition>
        <sentenceCount annotated="0" total="0"/>
        <lexeme order="1" headword="true" breakBefore="false" POS="INTJ" name="yoohoo"/>
    </lexUnit>
    <lexUnit status="Created" POS="INTJ" name="hello there.intj" ID="15533" lemmaID="51043" cBy="AlK" cDate="10/07/2009 01:48:47 PDT Wed">
        <definition>FN: an informal term of greeting</definition>
        <sentenceCount annotated="0" total="0"/>
        <lexeme order="1" headword="true" breakBefore="false" POS="INTJ" name="hello"/>
        <lexeme order="2" headword="false" breakBefore="false" POS="ADV" name="there"/>
    </lexUnit>
    <lexUnit status="Created" POS="INTJ" name="excuse me.intj" ID="15534" lemmaID="51044" cBy="AlK" cDate="10/07/2009 01:49:57 PDT Wed">
        <definition>FN: a formal address, usually prefacing a question or complaint to a stranger.</definition>
        <sentenceCount annotated="0" total="0"/>
        <lexeme order="1" headword="true" breakBefore="false" POS="V" name="excuse"/>
        <lexeme order="2" headword="false" breakBefore="false" POS="PRON" name="me"/>
    </lexUnit>
    <lexUnit status="Rules_Defined" POS="INTJ" name="hey.intj" ID="15796" lemmaID="17989" cBy="AnW" cDate="05/04/2010 04:42:41 PDT Tue">
        <definition>FN: an exclamation used to attract attention</definition>
        <sentenceCount annotated="0" total="0"/>
        <lexeme order="1" headword="false" breakBefore="false" POS="INTJ" name="hey"/>
    </lexUnit>
    <lexUnit status="Created" POS="N" name="officer.n" ID="16014" lemmaID="26573" cBy="AlK" cDate="08/12/2010 11:41:38 PDT Thu">
        <definition>FN: formal term of address for policemen</definition>
        <sentenceCount annotated="0" total="0"/>
        <lexeme order="1" headword="false" breakBefore="false" POS="N" name="officer"/>
    </lexUnit>
</frame>