<?xml version="1.0" encoding="UTF-8" standalone="yes"?>
<?xml-stylesheet type="text/xsl" href="frame.xsl"?>
<frame cBy="CVa" cDate="03/22/2012 11:23:37 PDT Thu" name="Attitude_description" ID="2713" xsi:schemaLocation="../schema/frame.xsd" xmlns="http://framenet.icsi.berkeley.edu" xmlns:xsi="http://www.w3.org/2001/XMLSchema-instance">
    <definition>&lt;def-root&gt;The lexical units in this frame are descriptions of a &lt;fen&gt;Cognizer&lt;/fen&gt;'s &lt;fen&gt;Attitude&lt;/fen&gt; about or outlook on a &lt;fen&gt;State_of_affairs&lt;/fen&gt;.   

&lt;ex&gt;&lt;/ex&gt;
&lt;ex&gt;&lt;fex name="Cog"&gt;Carl&lt;/fex&gt; is becoming &lt;fex name="Deg"&gt;more&lt;/fex&gt; &lt;t&gt;pessimistic&lt;/t&gt; &lt;fex name="State"&gt;about the negotiations&lt;/fex&gt; every day.&lt;/ex&gt;

&lt;ex&gt;The benefits of cluelessness come from living in a society where &lt;fex name="Cog"&gt;people&lt;/fex&gt; &lt;m&gt;take&lt;/m&gt; an &lt;t&gt;optimistic&lt;/t&gt; &lt;fex name="Att"&gt;view&lt;/fex&gt; &lt;fex name="State"&gt;of life&lt;/fex&gt;.&lt;/ex&gt;
&lt;ex&gt;&lt;/ex&gt;
The &lt;fen&gt;State_of_affairs&lt;/fen&gt; can be expressed without a &lt;fen&gt;Cognizer&lt;/fen&gt; in many cases, as shown in the following:
&lt;ex&gt;&lt;/ex&gt;
&lt;ex&gt;&lt;fex name="State"&gt;The situation&lt;/fex&gt; is &lt;fex name="Deg"&gt;fairly&lt;/fex&gt; &lt;t&gt;grim&lt;/t&gt; at the moment.&lt;/ex&gt;
&lt;ex&gt;&lt;/ex&gt;

&lt;/def-root&gt;</definition>
    <FE bgColor="FF0000" fgColor="FFFFFF" coreType="Core" cBy="CVa" cDate="03/22/2012 11:52:28 PDT Thu" abbrev="Cog" name="Cognizer" ID="15552">
        <definition>&lt;def-root&gt;The person whose &lt;fen&gt;Attitude&lt;/fen&gt; about a &lt;fen&gt;State_of_affairs&lt;/fen&gt; is being expressed.

&lt;ex&gt;&lt;fex name="Cog"&gt;Americans&lt;/fex&gt; are &lt;t&gt;optimistic&lt;/t&gt; despite the climbing unemployment rate.&lt;/ex&gt;&lt;/def-root&gt;</definition>
        <semType name="Sentient" ID="5"/>
    </FE>
    <FE bgColor="0000FF" fgColor="FFFFFF" coreType="Core" cBy="CVa" cDate="03/22/2012 12:23:41 PDT Thu" abbrev="Att" name="Attitude" ID="15553">
        <definition>&lt;def-root&gt;The outlook or viewpoint expressed by the &lt;fen&gt;Cognizer&lt;/fen&gt;.

&lt;ex&gt;Michelle had a somewhat &lt;t&gt;negative&lt;/t&gt; &lt;fex name="Attitude"&gt;outlook&lt;/fex&gt; on the direction her life was heading.&lt;/ex&gt;&lt;/def-root&gt;</definition>
    </FE>
    <FE bgColor="008000" fgColor="FFFFFF" coreType="Core" cBy="CVa" cDate="03/22/2012 12:28:28 PDT Thu" abbrev="State" name="State_of_affairs" ID="15554">
        <definition>&lt;def-root&gt;An event, topic, or situation about which the &lt;fen&gt;Cognizer&lt;/fen&gt; has an &lt;fen&gt;Attitude&lt;/fen&gt;.

&lt;ex&gt;&lt;fex name="State"&gt;The economy&lt;/fex&gt; &lt;m&gt;looks&lt;/m&gt; quite &lt;t&gt;grim&lt;/t&gt; at this moment.&lt;/ex&gt;&lt;/def-root&gt;</definition>
    </FE>
    <FE bgColor="FF00FF" fgColor="000000" coreType="Peripheral" cBy="CVa" cDate="03/22/2012 12:34:15 PDT Thu" abbrev="Deg" name="Degree" ID="15555">
        <definition>&lt;def-root&gt;The degree of the &lt;fen&gt;Attitude&lt;/fen&gt; description.  

&lt;ex&gt;The team was &lt;fex name="Deg"&gt;very&lt;/fex&gt; &lt;t&gt;hopeful&lt;/t&gt; about the prospective victory. &lt;/ex&gt;&lt;/def-root&gt;</definition>
    </FE>
    <FE bgColor="FFA500" fgColor="FFFFFF" coreType="Peripheral" cBy="CVa" cDate="08/13/2013 01:59:00 PDT Tue" abbrev="" name="Time" ID="15933">
        <definition>&lt;def-root&gt;The Time interval during which the &lt;fen&gt;Cognizer&lt;/fen&gt; has the &lt;fen&gt;Attitude&lt;/fen&gt; about the &lt;fen&gt;State_of_affairs&lt;/fen&gt;.&lt;/def-root&gt;</definition>
    </FE>
    <FEcoreSet>
        <memberFE name="State_of_affairs" ID="15554"/>
        <memberFE name="Cognizer" ID="15552"/>
    </FEcoreSet>
    <frameRelation type="Inherits from">
        <relatedFrame ID="369">Social_behavior_evaluation</relatedFrame>
    </frameRelation>
    <frameRelation type="Is Inherited by"/>
    <frameRelation type="Perspective on"/>
    <frameRelation type="Is Perspectivized in"/>
    <frameRelation type="Uses">
        <relatedFrame ID="1712">Emotions</relatedFrame>
    </frameRelation>
    <frameRelation type="Is Used by"/>
    <frameRelation type="Subframe of"/>
    <frameRelation type="Has Subframe(s)"/>
    <frameRelation type="Precedes"/>
    <frameRelation type="Is Preceded by"/>
    <frameRelation type="Is Inchoative of"/>
    <frameRelation type="Is Causative of"/>
    <frameRelation type="See also"/>
    <lexUnit status="Created" POS="A" name="optimistic.a" ID="16989" lemmaID="26864" cBy="CVa" cDate="03/22/2012 01:02:17 PDT Thu">
        <definition>FN: having a good outlook</definition>
        <sentenceCount annotated="1" total="1"/>
        <lexeme order="1" headword="false" breakBefore="false" POS="A" name="optimistic"/>
    </lexUnit>
    <lexUnit status="Created" POS="A" name="pessimistic.a" ID="16990" lemmaID="28639" cBy="CVa" cDate="03/22/2012 01:03:59 PDT Thu">
        <definition>FN: having a bad outlook</definition>
        <sentenceCount annotated="0" total="0"/>
        <lexeme order="1" headword="false" breakBefore="false" POS="A" name="pessimistic"/>
    </lexUnit>
    <lexUnit status="Created" POS="A" name="hopeful.a" ID="16991" lemmaID="18378" cBy="CVa" cDate="03/22/2012 01:04:29 PDT Thu">
        <definition>FN: having an optimistic outlook; being full of hope</definition>
        <sentenceCount annotated="1" total="1"/>
        <lexeme order="1" headword="false" breakBefore="false" POS="A" name="hopeful"/>
    </lexUnit>
    <lexUnit status="Created" POS="A" name="positive.a" ID="16992" lemmaID="29846" cBy="CVa" cDate="03/22/2012 01:06:44 PDT Thu">
        <definition>FN: having an optimistic outlook</definition>
        <sentenceCount annotated="0" total="0"/>
        <lexeme order="1" headword="false" breakBefore="false" POS="A" name="positive"/>
    </lexUnit>
    <lexUnit status="Created" POS="A" name="negative.a" ID="16993" lemmaID="25628" cBy="CVa" cDate="03/22/2012 01:08:21 PDT Thu">
        <definition>FN: having a pessimistic outlook</definition>
        <sentenceCount annotated="0" total="0"/>
        <lexeme order="1" headword="false" breakBefore="false" POS="A" name="negative"/>
    </lexUnit>
    <lexUnit status="Created" POS="A" name="hopeless.a" ID="16994" lemmaID="18382" cBy="CVa" cDate="03/22/2012 01:11:57 PDT Thu">
        <definition>FN: having a pessimistic outloock; lacking hope</definition>
        <sentenceCount annotated="0" total="0"/>
        <lexeme order="1" headword="false" breakBefore="false" POS="A" name="hopeless"/>
    </lexUnit>
    <lexUnit status="Created" POS="A" name="dark.a" ID="16995" lemmaID="9576" cBy="CVa" cDate="03/27/2012 11:07:09 PDT Tue">
        <definition>FN: having a depressed or gloomy attitude</definition>
        <sentenceCount annotated="2" total="2"/>
        <lexeme order="1" headword="false" breakBefore="false" POS="A" name="dark"/>
    </lexUnit>
</frame>