<?xml version="1.0" encoding="UTF-8" standalone="yes"?>
<?xml-stylesheet type="text/xsl" href="frame.xsl"?>
<frame cBy="JKR" cDate="06/29/2004 05:51:23 PDT Tue" name="Attributed_information" ID="1148" xsi:schemaLocation="../schema/frame.xsd" xmlns="http://framenet.icsi.berkeley.edu" xmlns:xsi="http://www.w3.org/2001/XMLSchema-instance">
    <definition>&lt;def-root&gt;A &lt;fen&gt;Proposition&lt;/fen&gt; is attributed to a &lt;fen&gt;Speaker&lt;/fen&gt; or a &lt;fen&gt;Text&lt;/fen&gt;.

&lt;ex&gt;&lt;t&gt;According&lt;/t&gt; &lt;t&gt;to&lt;/t&gt; &lt;fex name="spe"&gt;the Press Trust of India&lt;/fex&gt; &lt;fex name="tex"&gt;in an article published on its Web site Thursday&lt;/fex&gt;, &lt;fex name="pro"&gt;the woman has been identified as 31-year-old Aafia Siddiqui, who was being sought by U.S. officials last week along with two other men, including one whose last known address was in Miramar, Fla&lt;/fex&gt;.&lt;/ex&gt;

&lt;ex&gt; In addition, &lt;t&gt;according&lt;/t&gt; &lt;t&gt;to&lt;/t&gt; &lt;fex name="tex"&gt;Section I3.5b&lt;/fex&gt;, &lt;fex name="pro"&gt;the spacing of stud shear connectors along the length of a supporting beam shall not exceed 36?&lt;/fex&gt;. &lt;/ex&gt;

&lt;ex&gt;&lt;t&gt;According&lt;/t&gt; &lt;t&gt;to&lt;/t&gt; &lt;fex name="spe"&gt;the Pope&lt;/fex&gt;, &lt;fex name="pro"&gt;Muslims believe in the same God&lt;/fex&gt; and according to Jesus, Muslims are the greatest in Heaven.&lt;/ex&gt;&lt;/def-root&gt;</definition>
    <FE bgColor="0000FF" fgColor="FFFFFF" coreType="Core" cBy="JKR" cDate="06/29/2004 05:58:52 PDT Tue" abbrev="pro" name="Proposition" ID="6635">
        <definition>&lt;def-root&gt;The information attributed to the &lt;fen&gt;Speaker&lt;/fen&gt; or &lt;fen&gt;Text&lt;/fen&gt;.

&lt;ex&gt;&lt;fex name="pro"&gt;Parents are present at and involved in the purchase or rental of games 83 percent of the time&lt;/fex&gt;, &lt;t&gt;according&lt;/t&gt; &lt;t&gt;to&lt;/t&gt; a September 2000 Federal Trade Commission report &lt;/ex&gt;&lt;/def-root&gt;</definition>
    </FE>
    <FE bgColor="FF0000" fgColor="FFFFFF" coreType="Core" cBy="JKR" cDate="06/29/2004 06:01:47 PDT Tue" abbrev="spe" name="Speaker" ID="6636">
        <definition>&lt;def-root&gt;A sentient entity that has communicated the information encoded by the &lt;fen&gt;Proposition&lt;/fen&gt;.


&lt;ex&gt;With the first big batch of music now blocked from Napster's file-swapping network, the average number of songs available on the service has dropped precipitously, &lt;t&gt;according&lt;/t&gt; &lt;t&gt;to&lt;/t&gt; &lt;fex name="spe"&gt;at least one research company&lt;/fex&gt;.&lt;/ex&gt;&lt;/def-root&gt;</definition>
        <semType name="Sentient" ID="5"/>
    </FE>
    <FE bgColor="006400" fgColor="FFFFFF" coreType="Core" cBy="JKR" cDate="06/29/2004 06:03:41 PDT Tue" abbrev="tex" name="Text" ID="6637">
        <definition>&lt;def-root&gt;A written or verbal collection of statements, which imparts the information of the &lt;fen&gt;Proposition&lt;/fen&gt;.

&lt;ex&gt;The son of the Syrian defense minister received 6 million barrels, &lt;t&gt;according&lt;/t&gt; &lt;t&gt;to&lt;/t&gt; &lt;fex name="tex"&gt;the document&lt;/fex&gt;, worth about $3 million. &lt;/ex&gt;&lt;/def-root&gt;</definition>
    </FE>
    <FEcoreSet>
        <memberFE name="Speaker" ID="6636"/>
        <memberFE name="Text" ID="6637"/>
    </FEcoreSet>
    <frameRelation type="Inherits from"/>
    <frameRelation type="Is Inherited by"/>
    <frameRelation type="Perspective on"/>
    <frameRelation type="Is Perspectivized in"/>
    <frameRelation type="Uses">
        <relatedFrame ID="43">Statement</relatedFrame>
    </frameRelation>
    <frameRelation type="Is Used by"/>
    <frameRelation type="Subframe of"/>
    <frameRelation type="Has Subframe(s)"/>
    <frameRelation type="Precedes"/>
    <frameRelation type="Is Preceded by"/>
    <frameRelation type="Is Inchoative of"/>
    <frameRelation type="Is Causative of"/>
    <frameRelation type="See also"/>
    <lexUnit status="Finished_Initial" POS="PREP" name="according to.prep" ID="10677" lemmaID="49267" cBy="JKR" cDate="06/29/2004 06:07:38 PDT Tue">
        <definition>COD: as stated by or in.</definition>
        <sentenceCount annotated="67" total="215"/>
        <lexeme order="1" headword="true" breakBefore="false" POS="PREP" name="according"/>
        <lexeme order="2" headword="false" breakBefore="false" POS="PREP" name="to"/>
    </lexUnit>
    <lexUnit status="Created" POS="N" name="source.n" ID="13335" lemmaID="37054" cBy="MiL" cDate="06/27/2006 02:37:23 PDT Tue">
        <definition>COD: a person who provides information.</definition>
        <sentenceCount annotated="4" total="4"/>
        <lexeme order="1" headword="false" breakBefore="false" POS="N" name="source"/>
    </lexUnit>
    <lexUnit status="New" POS="N" name="viewpoint.n" ID="14871" lemmaID="43020" cBy="JKs" cDate="03/17/2008 02:23:08 PDT Mon">
        <definition>FN: a person or other type of source that provides the proposition</definition>
        <sentenceCount annotated="0" total="170"/>
        <lexeme order="1" headword="false" breakBefore="false" POS="N" name="viewpoint"/>
    </lexUnit>
    <lexUnit status="Created" POS="IDIO" name="on authority.idio" ID="18320" lemmaID="51960" cBy="MJE" cDate="09/22/2015 03:39:18 PDT Tue">
        <definition>FN: based on the statement (of).</definition>
        <sentenceCount annotated="0" total="0"/>
        <lexeme order="1" headword="true" breakBefore="false" POS="PREP" name="on"/>
        <lexeme order="2" headword="false" breakBefore="false" POS="N" name="authority"/>
    </lexUnit>
</frame>