<?xml version="1.0" encoding="UTF-8" standalone="yes"?>
<?xml-stylesheet type="text/xsl" href="frame.xsl"?>
<frame cBy="RLG" cDate="08/02/2011 02:03:44 PDT Tue" name="Awareness_status" ID="2593" xsi:schemaLocation="../schema/frame.xsd" xmlns="http://framenet.icsi.berkeley.edu" xmlns:xsi="http://www.w3.org/2001/XMLSchema-instance">
    <definition>&lt;def-root&gt;Some &lt;fen&gt;Content&lt;/fen&gt; is part of the mental model of a &lt;fen&gt;Cognizer&lt;/fen&gt;. The &lt;fen&gt;Cognizer&lt;/fen&gt; arrives at the mental model not by direct perception but by reasoning from perceived phenomena. Alternatively, the &lt;fen&gt;Role&lt;/fen&gt; of a particular object is known to be applicable to that object.

&lt;ex&gt;&lt;fex name="con"&gt;That fact&lt;/fex&gt; is &lt;t&gt;known&lt;/t&gt; &lt;fex name="cog"&gt;to many&lt;/fex&gt;.&lt;/ex&gt;

&lt;ex&gt;The &lt;t&gt;presumed&lt;/t&gt; &lt;fex name="rol"&gt;killer&lt;/fex&gt; was last seen driving south on the interstate.&lt;/ex&gt;&lt;/def-root&gt;</definition>
    <FE bgColor="FF0000" fgColor="FFFFFF" coreType="Peripheral" cBy="RLG" cDate="08/02/2011 02:03:44 PDT Tue" abbrev="cog" name="Cognizer" ID="14629">
        <definition>&lt;def-root&gt;The &lt;fen&gt;Cognizer&lt;/fen&gt; is the person who has (or lacks) awareness of the &lt;fen&gt;Content&lt;/fen&gt;.

&lt;ex&gt;That this chemical is dangerous to consume has been &lt;t&gt;known&lt;/t&gt; &lt;fex name="cog"&gt;to us&lt;/fex&gt; for a long time now.&lt;/ex&gt;&lt;/def-root&gt;</definition>
    </FE>
    <FE bgColor="0000FF" fgColor="FFFFFF" coreType="Core" cBy="RLG" cDate="08/02/2011 02:03:44 PDT Tue" abbrev="con" name="Content" ID="14630">
        <definition>&lt;def-root&gt;The fact or idea which the &lt;fen&gt;Cognizer&lt;/fen&gt; is aware of.

&lt;ex&gt;&lt;fex name="con"&gt;That most of them are dangerous&lt;/fex&gt; is not yet &lt;t&gt;known&lt;/t&gt;.&lt;/ex&gt;&lt;/def-root&gt;</definition>
        <semType name="Content" ID="55"/>
    </FE>
    <FE bgColor="FF69B4" fgColor="FFFFFF" coreType="Peripheral" cBy="RLG" cDate="08/02/2011 02:03:44 PDT Tue" abbrev="deg" name="Degree" ID="14633">
        <definition>&lt;def-root&gt;The degree to which the state of awareness holds.

&lt;ex&gt;That is &lt;fex name="deg"&gt;well&lt;/fex&gt; &lt;t&gt;known&lt;/t&gt;.&lt;/ex&gt;&lt;/def-root&gt;</definition>
    </FE>
    <FE bgColor="006400" fgColor="FFFFFF" coreType="Peripheral" cBy="RLG" cDate="08/02/2011 02:03:44 PDT Tue" abbrev="evid" name="Evidence" ID="14634">
        <definition>&lt;def-root&gt;The &lt;fen&gt;Cognizer&lt;/fen&gt;'s source of awareness about the &lt;fen&gt;Content&lt;/fen&gt;.&lt;/def-root&gt;</definition>
    </FE>
    <FE bgColor="00BFFF" fgColor="FFFFFF" coreType="Core" cBy="RLG" cDate="08/02/2011 02:03:44 PDT Tue" abbrev="rol" name="Role" ID="14636">
        <definition>&lt;def-root&gt;The category whose applicability to the &lt;fen&gt;Content&lt;/fen&gt; is known.

&lt;ex&gt;The patient arrived with a &lt;t&gt;suspected&lt;/t&gt; &lt;fex name="rol"&gt;broken leg&lt;/fex&gt;.&lt;/ex&gt;&lt;/def-root&gt;</definition>
    </FE>
    <FE bgColor="FFA500" fgColor="FFFFFF" coreType="Peripheral" cBy="RLG" cDate="08/02/2011 02:03:44 PDT Tue" abbrev="tim" name="Time" ID="14637">
        <definition>&lt;def-root&gt;The time when the &lt;fen&gt;Cognizer&lt;/fen&gt; has awareness (or lack thereof) of the &lt;fen&gt;Content&lt;/fen&gt;.

&lt;ex&gt;The &lt;fex name="tim"&gt;long&lt;/fex&gt; &lt;t&gt;suspected&lt;/t&gt; killer has now released a statement outlining his thoughts on the criminal case.&lt;/ex&gt;&lt;/def-root&gt;</definition>
    </FE>
    <frameRelation type="Inherits from"/>
    <frameRelation type="Is Inherited by"/>
    <frameRelation type="Perspective on"/>
    <frameRelation type="Is Perspectivized in"/>
    <frameRelation type="Uses">
        <relatedFrame ID="2592">Awareness_situation</relatedFrame>
    </frameRelation>
    <frameRelation type="Is Used by"/>
    <frameRelation type="Subframe of"/>
    <frameRelation type="Has Subframe(s)"/>
    <frameRelation type="Precedes"/>
    <frameRelation type="Is Preceded by"/>
    <frameRelation type="Is Inchoative of"/>
    <frameRelation type="Is Causative of"/>
    <frameRelation type="See also"/>
    <lexUnit status="Created" POS="A" name="known.a" ID="16446" lemmaID="21466" cBy="RLG" cDate="08/02/2011 02:22:32 PDT Tue">
        <definition>FN: considered true.</definition>
        <sentenceCount annotated="3" total="3"/>
        <lexeme order="1" headword="false" breakBefore="false" POS="A" name="known"/>
    </lexUnit>
    <lexUnit status="Created" POS="A" name="suspected.a" ID="16447" lemmaID="51336" cBy="RLG" cDate="08/02/2011 02:23:56 PDT Tue">
        <definition>FN: believed to be possibly true.</definition>
        <sentenceCount annotated="0" total="0"/>
        <lexeme order="1" headword="true" breakBefore="false" POS="A" name="suspected"/>
    </lexUnit>
    <lexUnit status="In_Use" POS="A" name="presumed.a" ID="16448" lemmaID="51337" cBy="RLG" cDate="08/02/2011 02:26:16 PDT Tue">
        <definition>FN: assumed to be true absent evidence to the contrary.</definition>
        <sentenceCount annotated="8" total="9"/>
        <lexeme order="1" headword="true" breakBefore="false" POS="A" name="presumed"/>
    </lexUnit>
    <lexUnit status="In_Use" POS="A" name="possible.a" ID="16620" lemmaID="29865" cBy="RLG" cDate="09/20/2011 11:20:58 PDT Tue">
        <definition>FN: believed to be possible.</definition>
        <sentenceCount annotated="25" total="118"/>
        <lexeme order="1" headword="false" breakBefore="false" POS="A" name="possible"/>
    </lexUnit>
</frame>