<?xml version="1.0" encoding="UTF-8" standalone="yes"?>
<?xml-stylesheet type="text/xsl" href="frame.xsl"?>
<frame cBy="RLG" cDate="11/03/2006 09:32:34 PST Fri" name="Be_subset_of" ID="1818" xsi:schemaLocation="../schema/frame.xsd" xmlns="http://framenet.icsi.berkeley.edu" xmlns:xsi="http://www.w3.org/2001/XMLSchema-instance">
    <definition>&lt;def-root&gt;A &lt;fen&gt;Part&lt;/fen&gt; is considered to be a member of the set described by the &lt;fen&gt;Total&lt;/fen&gt;. The relationship between &lt;fen&gt;Part&lt;/fen&gt; and &lt;fen&gt;Total&lt;/fen&gt; subset-superset rather than part-whole (as it is in the frames Part_whole and Including).

&lt;ex&gt;&lt;fex name="Part"&gt;Dr. Nelson&lt;/fex&gt; &lt;t&gt;numbers&lt;/t&gt; &lt;fex name="Total"&gt;among the world?s foremost geotechnical engineering experts&lt;/fex&gt;.&lt;/ex&gt;

&lt;ex&gt;&lt;fex name="Part"&gt;Restaurant-Pizzeria Dante&lt;/fex&gt; &lt;t&gt;counts&lt;/t&gt; &lt;fex name="Total"&gt;among the few restaurants of Florence where you can find good typical Tuscan and fish dishes and a first-class pizza&lt;/fex&gt;.&lt;/ex&gt;&lt;/def-root&gt;</definition>
    <FE bgColor="0000FF" fgColor="FFFFFF" coreType="Core" cBy="RLG" cDate="11/03/2006 09:32:34 PST Fri" abbrev="tot" name="Total" ID="10757">
        <definition>&lt;def-root&gt;The complex multi-part entity of which a constituent &lt;fen&gt;Part&lt;/fen&gt; is specified.

&lt;ex&gt;As a representative in Congress in the years 1783-85, Gerry &lt;t&gt;numbered&lt;/t&gt; &lt;fex name="Total"&gt;among those who had possessed talent as Revolutionary agitators and wartime leaders&lt;/fex&gt;.&lt;/ex&gt;&lt;/def-root&gt;</definition>
    </FE>
    <FE bgColor="FF0000" fgColor="FFFFFF" coreType="Core" cBy="RLG" cDate="11/03/2006 09:32:35 PST Fri" abbrev="par" name="Part" ID="10758">
        <definition>&lt;def-root&gt;A subset of the &lt;fen&gt;Total&lt;/fen&gt;.

&lt;ex&gt;Just be glad that &lt;fex name="par"&gt;you&lt;/fex&gt; number among the living.&lt;/ex&gt;&lt;/def-root&gt;</definition>
    </FE>
    <FE bgColor="00BFFF" fgColor="000000" coreType="Extra-Thematic" cBy="RLG" cDate="11/03/2006 09:32:35 PST Fri" abbrev="fre" name="Frequency" ID="10760">
        <definition>&lt;def-root&gt;This FE identifies the frequency with which the &lt;fen&gt;Part&lt;/fen&gt; is included in the &lt;fen&gt;Total&lt;/fen&gt;.

&lt;ex&gt;The sort of equipment that astronomers use to detect extrasolar objects &lt;fex name="fre"&gt;often&lt;/fex&gt; &lt;t&gt;counts&lt;/t&gt; among the equipment found in any radio enthusiast's workshop.&lt;/ex&gt;&lt;/def-root&gt;</definition>
    </FE>
    <FE bgColor="A52A2A" fgColor="FFFFFF" coreType="Extra-Thematic" cBy="RLG" cDate="11/03/2006 09:32:35 PST Fri" abbrev="con" name="Contrast_set" ID="10761">
        <definition>&lt;def-root&gt;This FE indicates other totalities that the &lt;fen&gt;Part&lt;/fen&gt; may also be a subset of.&lt;/def-root&gt;</definition>
    </FE>
    <FE bgColor="FFA500" fgColor="000000" coreType="Extra-Thematic" cBy="RLG" cDate="11/03/2006 09:32:35 PST Fri" abbrev="sub" name="Subregion" ID="10762">
        <definition>&lt;def-root&gt;This FE indicates the sub-location of the &lt;fen&gt;Total&lt;/fen&gt; in which the &lt;fen&gt;Part&lt;/fen&gt; is included. [MAY BE UNNECESSARY]&lt;/def-root&gt;</definition>
        <semType name="Locative_relation" ID="182"/>
    </FE>
    <FE bgColor="00008B" fgColor="FFFFFF" coreType="Extra-Thematic" cBy="RLG" cDate="11/03/2006 09:32:35 PST Fri" abbrev="" name="Explanation" ID="10763">
        <definition>&lt;def-root&gt;The Explanation denotes a proposition from which the main clause (headed by the target) logically follows. &lt;/def-root&gt;</definition>
    </FE>
    <FE bgColor="FF00FF" fgColor="FFFFFF" coreType="Peripheral" cBy="RLG" cDate="11/03/2006 09:32:35 PST Fri" abbrev="" name="Manner" ID="10764">
        <definition>&lt;def-root&gt;Any description of the inclusion event which is not covered by more specific FEs, including secondary effects (quietly, loudly), and general descriptions comparing events (the same way). &lt;/def-root&gt;</definition>
    </FE>
    <FE bgColor="FFA500" fgColor="FFFFFF" coreType="Peripheral" cBy="RLG" cDate="11/08/2006 10:50:25 PST Wed" abbrev="tim" name="Time" ID="10790">
        <definition>&lt;def-root&gt;The &lt;fen&gt;Time&lt;/fen&gt; at which the subset relation holds.

&lt;ex&gt;&lt;fex name="tim"&gt;At that time&lt;/fex&gt;, the factory &lt;t&gt;numbered&lt;/t&gt; among the largest in the western half of North America.&lt;/ex&gt;&lt;/def-root&gt;</definition>
    </FE>
    <FE bgColor="008000" fgColor="FFFFFF" coreType="Peripheral" cBy="RLG" cDate="11/08/2006 10:51:30 PST Wed" abbrev="pla" name="Place" ID="10791">
        <definition>&lt;def-root&gt;The &lt;fen&gt;Place&lt;/fen&gt; at which the subset relation holds.

&lt;ex&gt;&lt;fex name="pla"&gt;In Europe&lt;/fex&gt;, the sport &lt;t&gt;counts&lt;/t&gt; among the economic branches of industry which generate employment among the young people.&lt;/ex&gt;&lt;/def-root&gt;</definition>
    </FE>
    <frameRelation type="Inherits from">
        <relatedFrame ID="1822">Being_included</relatedFrame>
    </frameRelation>
    <frameRelation type="Is Inherited by">
        <relatedFrame ID="1026">Membership</relatedFrame>
    </frameRelation>
    <frameRelation type="Perspective on">
        <relatedFrame ID="1823">Set_relation</relatedFrame>
    </frameRelation>
    <frameRelation type="Is Perspectivized in"/>
    <frameRelation type="Uses"/>
    <frameRelation type="Is Used by"/>
    <frameRelation type="Subframe of"/>
    <frameRelation type="Has Subframe(s)"/>
    <frameRelation type="Precedes"/>
    <frameRelation type="Is Preceded by"/>
    <frameRelation type="Is Inchoative of"/>
    <frameRelation type="Is Causative of"/>
    <frameRelation type="See also"/>
    <lexUnit status="Finished_Initial" POS="V" name="number.v" ID="13655" lemmaID="26258" cBy="RLG" cDate="11/03/2006 10:02:29 PST Fri">
        <definition>FN: be a member a group.</definition>
        <sentenceCount annotated="6" total="120"/>
        <lexeme order="1" headword="false" breakBefore="false" POS="V" name="number"/>
    </lexUnit>
    <lexUnit status="Created" POS="V" name="count.v" ID="13656" lemmaID="8564" cBy="RLG" cDate="11/03/2006 10:03:12 PST Fri">
        <definition>FN: be a member of a group.</definition>
        <sentenceCount annotated="0" total="0"/>
        <lexeme order="1" headword="false" breakBefore="false" POS="V" name="count"/>
    </lexUnit>
    <lexUnit status="Created" POS="PREP" name="among.prep" ID="13929" lemmaID="1263" cBy="RLG" cDate="03/05/2007 06:18:31 PST Mon">
        <definition>COD: being a member or members of (a larger set).</definition>
        <sentenceCount annotated="7" total="7"/>
        <lexeme order="1" headword="false" breakBefore="false" POS="PREP" name="among"/>
    </lexUnit>
    <lexUnit status="Created" POS="N" name="subset.n" ID="13959" lemmaID="50545" cBy="RLG" cDate="03/13/2007 11:10:41 PDT Tue">
        <definition>COD: a part of a larger group of related things.</definition>
        <sentenceCount annotated="0" total="0"/>
        <lexeme order="1" headword="true" breakBefore="false" POS="N" name="subset"/>
    </lexUnit>
</frame>