<?xml version="1.0" encoding="UTF-8" standalone="yes"?>
<?xml-stylesheet type="text/xsl" href="frame.xsl"?>
<frame cBy="ChW" cDate="02/07/2001 04:11:52 PST Wed" name="Becoming_aware" ID="20" xsi:schemaLocation="../schema/frame.xsd" xmlns="http://framenet.icsi.berkeley.edu" xmlns:xsi="http://www.w3.org/2001/XMLSchema-instance">
    <definition>&lt;def-root&gt;Words in this frame have to do with a &lt;fen&gt;Cognizer&lt;/fen&gt; adding some &lt;fen&gt;Phenomenon&lt;/fen&gt; to their model of the world. They are similar to Coming-to-believe words, except the latter generally involve reasoning from Evidence. 
&lt;ex&gt;&lt;/ex&gt;
The words in this frame take direct objects that denote entities in the world, and indicate awareness of those entities, without necessarily giving any information about the content of the &lt;fen&gt;Cognizer&lt;/fen&gt;'s belief or knowledge. These words also resemble perception words, since creatures often become aware of things by perceiving them.

&lt;ex&gt;&lt;fex name="T"&gt;Later that night&lt;/fex&gt;, &lt;fex name="Cog"&gt;they&lt;/fex&gt; &lt;t&gt;found&lt;/t&gt; &lt;fex name="Phen"&gt;the barely-alive victim&lt;/fex&gt; &lt;fex name="Ground"&gt;inside the Red Hall estate flat&lt;/fex&gt;.&lt;/ex&gt;

&lt;ex&gt;&lt;fex name="T"&gt;Almost immediately&lt;/fex&gt;, &lt;fex name="Cog"&gt;the police&lt;/fex&gt; &lt;t&gt;discovered&lt;/t&gt; &lt;fex name="Phen"&gt;the wrought-iron crypt gate&lt;/fex&gt; &lt;fex name="State"&gt;swinging open&lt;/fex&gt;.&lt;/ex&gt;

&lt;ex&gt;&lt;fex name="Ground"&gt;In the bag on the table&lt;/fex&gt;&lt;fex name="Cog"&gt;I&lt;/fex&gt; could &lt;fex name="Deg"&gt;vaguely&lt;/fex&gt;&lt;t&gt;discern&lt;/t&gt; &lt;fex name="Phen"&gt;two bottles of wine and several cartons of cakes and other goodies&lt;/fex&gt;.&lt;/ex&gt;

&lt;ex&gt;&lt;fex name="Cog"&gt;People passing through&lt;/fex&gt; &lt;t&gt;recognize&lt;/t&gt; &lt;fex name="Phen"&gt;it&lt;/fex&gt; &lt;fex name="Ground"&gt;from afar&lt;/fex&gt;, &lt;fex name="Evid"&gt;by the clouds of coal dust darkening the air&lt;/fex&gt;.&lt;/ex&gt;


General Grammatical Observations: Passive forms of the verbs in this frame can occur with extraposed clauses expressing &lt;fen&gt;Phenomenon&lt;/fen&gt;:
&lt;ex&gt;That year it was &lt;t&gt;discovered&lt;/t&gt; &lt;fex name="Phen"&gt;that consumers preferred the older model&lt;/fex&gt;.&lt;/ex&gt;
&lt;ex&gt;It is not always &lt;t&gt;recognized&lt;/t&gt; &lt;fex name="Phen"&gt;how much work goes into a dinner party&lt;/fex&gt;.&lt;/ex&gt;&lt;/def-root&gt;</definition>
    <FE bgColor="FF0000" fgColor="FFFFFF" coreType="Core" cBy="ChW" cDate="02/07/2001 04:11:52 PST Wed" abbrev="Cog" name="Cognizer" ID="87">
        <definition>&lt;def-root&gt;The &lt;fen&gt;Cognizer&lt;/fen&gt; is the person who becomes aware of a &lt;fen&gt;Phenomenon&lt;/fen&gt;. It is normally expressed as an External Argument.

&lt;ex&gt;&lt;fex name="Cog"&gt;Pat&lt;/fex&gt; &lt;t&gt;discovered&lt;/t&gt; a great little restaurant in Soho.&lt;/ex&gt; &lt;/def-root&gt;</definition>
        <semType name="Sentient" ID="5"/>
    </FE>
    <FE bgColor="0000FF" fgColor="FFFFFF" coreType="Core" cBy="ChW" cDate="02/07/2001 04:11:52 PST Wed" abbrev="Phen" name="Phenomenon" ID="88">
        <definition>&lt;def-root&gt;Thm &lt;fen&gt;Phenomenon&lt;/fen&gt; is the entity or situation in the world of which a &lt;fen&gt;Cognizer&lt;/fen&gt; becomes aware. It is normally expressed as an Object:

&lt;ex&gt;Pat &lt;t&gt;discovered&lt;/t&gt; &lt;fex name="Phenomenon"&gt;a great little restaurant&lt;/fex&gt; in Soho.&lt;/ex&gt;&lt;/def-root&gt;</definition>
    </FE>
    <FE bgColor="7CCD7C" fgColor="FFFFFF" coreType="Peripheral" cBy="ChW" cDate="02/07/2001 04:11:52 PST Wed" abbrev="Ground" name="Ground" ID="89">
        <definition>&lt;def-root&gt;The &lt;fen&gt;Ground&lt;/fen&gt; is the background or context against which a &lt;fen&gt;Cognizer&lt;/fen&gt; becomes aware of a &lt;fen&gt;Phenomenon&lt;/fen&gt;. It is normally expressed by a locative PP:

&lt;ex&gt;Pat &lt;t&gt;discovered&lt;/t&gt; a great little restaurant &lt;fex name="Ground"&gt;in Soho&lt;/fex&gt;.&lt;/ex&gt;
&lt;ex&gt;I &lt;t&gt;noticed&lt;/t&gt; a hint of sarcasm &lt;fex name="Ground"&gt;in her voice&lt;/fex&gt;. &lt;/ex&gt;&lt;/def-root&gt;</definition>
    </FE>
    <FE bgColor="9F79EE" fgColor="FFFFFF" coreType="Peripheral" cBy="ChW" cDate="02/07/2001 04:11:53 PST Wed" abbrev="State" name="State" ID="90">
        <definition>&lt;def-root&gt;The &lt;fen&gt;State&lt;/fen&gt; indicates the state or situation of the &lt;fen&gt;Phenomenon&lt;/fen&gt; at the time when the &lt;fen&gt;Cognizer&lt;/fen&gt; becomes aware of it.  It is normally expressed by a Predicate expression (e.g. a PP or a participial VP):

&lt;ex&gt;We &lt;t&gt;discovered&lt;/t&gt; the children &lt;fex name="State"&gt;playing in the pantry&lt;/fex&gt;.&lt;/ex&gt;&lt;/def-root&gt;</definition>
    </FE>
    <FE bgColor="006400" fgColor="FFFFFF" coreType="Peripheral" cBy="ChW" cDate="02/07/2001 04:11:53 PST Wed" abbrev="Evid" name="Evidence" ID="91">
        <definition>&lt;def-root&gt;The &lt;fen&gt;Evidence&lt;/fen&gt; is some fact that allows the &lt;fen&gt;Cognizer&lt;/fen&gt; to become aware of something. It is normally expressed with PP-&lt;ment&gt;from&lt;/ment&gt;:

&lt;ex&gt;We &lt;t&gt;discovered&lt;/t&gt; &lt;fex name="Evidence"&gt;from their job performance&lt;/fex&gt; that they were well-trained.&lt;/ex&gt;
&lt;/def-root&gt;</definition>
    </FE>
    <FE bgColor="FF69B4" fgColor="FFFFFF" coreType="Peripheral" cBy="MJE" cDate="06/22/2001 08:01:24 PDT Fri" abbrev="Deg" name="Degree" ID="955">
        <definition>&lt;def-root&gt;This FE identifies the &lt;fen&gt;Degree&lt;/fen&gt; to which becoming aware is occurring.

&lt;ex&gt;Sue could &lt;fex name="Deg"&gt;faintly&lt;/fex&gt; &lt;t&gt;discern&lt;/t&gt; the shape of a skull under Cheeks ' plump face.&lt;/ex&gt;&lt;/def-root&gt;</definition>
        <semType name="Degree" ID="172"/>
    </FE>
    <FE bgColor="FF00FF" fgColor="FFFFFF" coreType="Peripheral" cBy="MJE" cDate="06/22/2001 08:01:24 PDT Fri" abbrev="Manr" name="Manner" ID="959">
        <definition>&lt;def-root&gt;This FE identifes the &lt;fen&gt;Manner&lt;/fen&gt; in which becoming aware occurs.

&lt;ex&gt;Pupils &lt;fex name="Manr"&gt;quickly&lt;/fex&gt; &lt;t&gt;discern&lt;/t&gt; what is acceptable to the teacher and merely aim to fulfil those expectations.&lt;/ex&gt;&lt;/def-root&gt;</definition>
        <semType name="Manner" ID="173"/>
    </FE>
    <FE bgColor="A52A2A" fgColor="FFFFFF" coreType="Core" cBy="MJE" cDate="06/22/2001 08:01:24 PDT Fri" abbrev="Mns" name="Means" ID="960">
        <definition>&lt;def-root&gt;This FE identifes the &lt;fen&gt;Means&lt;/fen&gt; by which the &lt;fen&gt;Cognizer&lt;/fen&gt; becomes aware of the &lt;fen&gt;Phenomenon&lt;/fen&gt;.

&lt;ex&gt;&lt;fex name="Mns"&gt;By opening the book to page 10&lt;/fex&gt;, you will &lt;t&gt;find&lt;/t&gt; the Van Eerdens' number.&lt;/ex&gt;&lt;/def-root&gt;</definition>
        <semType name="State_of_affairs" ID="177"/>
    </FE>
    <FE bgColor="800080" fgColor="FFFFFF" coreType="Core" cBy="MJE" cDate="06/22/2001 08:17:59 PDT Fri" abbrev="Top" name="Topic" ID="963">
        <definition>&lt;def-root&gt;&lt;fen&gt;Topic&lt;/fen&gt; indicates the general field within which the &lt;fen&gt;Phenomenon&lt;/fen&gt; is found.

&lt;ex&gt;Scientists attempt to make &lt;t&gt;discoveries&lt;/t&gt; &lt;fex name="Top"&gt;about the laws of nature&lt;/fex&gt;.&lt;/ex&gt;&lt;/def-root&gt;</definition>
    </FE>
    <FE bgColor="FFA500" fgColor="FFFFFF" coreType="Peripheral" cBy="ACW" cDate="08/22/2002 10:24:36 PDT Thu" abbrev="T" name="Time" ID="3607">
        <definition>&lt;def-root&gt;This FE identifies the &lt;fen&gt;Time&lt;/fen&gt; when the &lt;fen&gt;Cognizer&lt;/fen&gt; becomes aware of the &lt;fen&gt;Phenomenon&lt;/fen&gt;.

&lt;ex&gt;Robbie had wondered if they would be able to &lt;t&gt;find&lt;/t&gt; the path &lt;fex name="T"&gt;at night&lt;/fex&gt;.&lt;/ex&gt;&lt;/def-root&gt;</definition>
        <semType name="Time" ID="141"/>
    </FE>
    <FE bgColor="9400D3" fgColor="FFFFFF" coreType="Peripheral" cBy="MJE" cDate="10/12/2003 06:40:28 PDT Sun" abbrev="" name="Purpose" ID="5543">
        <definition>&lt;def-root&gt;The goal that the &lt;fen&gt;Cognizer&lt;/fen&gt; has in mind, which they believe to be accomplishable by finding the &lt;fen&gt;Phenomenon&lt;/fen&gt;.&lt;/def-root&gt;</definition>
        <semType name="State_of_affairs" ID="177"/>
    </FE>
    <FE bgColor="808080" fgColor="FFFFFF" coreType="Core" cBy="RLG" cDate="08/16/2005 02:39:34 PDT Tue" abbrev="ins" name="Instrument" ID="8876">
        <definition>&lt;def-root&gt;The &lt;fen&gt;Cognizer&lt;/fen&gt; uses an &lt;fen&gt;Instrument&lt;/fen&gt; to (enable themselves to) become aware of the &lt;fen&gt;Phenomenon&lt;/fen&gt;.  In some cases, the &lt;fen&gt;Instrument&lt;/fen&gt; may appear in subject position.

&lt;ex&gt;Olson says the deputy came out to the farm and &lt;t&gt;detected&lt;/t&gt; a radioactive substance &lt;fex name="ins"&gt;with his Geiger counter&lt;/fex&gt;.&lt;/ex&gt;&lt;/def-root&gt;</definition>
    </FE>
    <FE bgColor="EEE8AA" fgColor="000000" coreType="Extra-Thematic" cBy="KmG" cDate="05/31/2006 11:00:27 PDT Wed" abbrev="fre" name="Frequency" ID="10156">
        <definition>&lt;def-root&gt;his frame element is defined as the number of times an event occurs per some unit of time. A Frequency expression answers the question how often. &lt;/def-root&gt;</definition>
    </FE>
    <FE bgColor="FFFF00" fgColor="000000" coreType="Extra-Thematic" cBy="KmG" cDate="05/31/2006 11:17:14 PDT Wed" abbrev="cir" name="Circumstances" ID="10157">
        <definition>&lt;def-root&gt;Circumstances describe the state of the world (at a particular time and place) which is specifically independent of the event itself and any of its participants. &lt;/def-root&gt;</definition>
    </FE>
    <FE bgColor="90876C" fgColor="FFFFFF" coreType="Extra-Thematic" cBy="KmG" cDate="05/31/2006 11:20:17 PDT Wed" abbrev="exp" name="Explanation" ID="10158">
        <definition>&lt;def-root&gt;The &lt;fen&gt;Explanation&lt;/fen&gt; denotes a proposition from which the main clause (headed by the target) logically follows. This often means that the &lt;fen&gt;Explanation&lt;/fen&gt; causes the target's proposition, but not in all cases. &lt;/def-root&gt;</definition>
        <semType name="State_of_affairs" ID="177"/>
    </FE>
    <FE bgColor="00008B" fgColor="FFFFFF" coreType="Extra-Thematic" cBy="KmG" cDate="06/07/2006 02:19:11 PDT Wed" abbrev="par" name="Particular_iteration" ID="10255">
        <definition>&lt;def-root&gt;Expressions marked with this extra-thematic FE modify a non-iterative use of the target, and indicate that it is conceived as embedded within an iterated series of similar events or states. In addition, most expressions of Particular_iteration indicate which instance of the series is being referred to.&lt;/def-root&gt;</definition>
    </FE>
    <FE bgColor="2E8B57" fgColor="FFFFFF" coreType="Extra-Thematic" cBy="KmG" cDate="08/23/2006 03:10:46 PDT Wed" abbrev="per" name="Period_of_iterations" ID="10573">
        <definition>&lt;def-root&gt;This FE is minimally distinct from Duration and Duration_of final_state in that the clause described is conveyed to be iterative. 

&lt;/def-root&gt;</definition>
    </FE>
    <FEcoreSet>
        <memberFE name="Topic" ID="963"/>
        <memberFE name="Phenomenon" ID="88"/>
    </FEcoreSet>
    <FEcoreSet>
        <memberFE name="Instrument" ID="8876"/>
        <memberFE name="Cognizer" ID="87"/>
        <memberFE name="Means" ID="960"/>
    </FEcoreSet>
    <frameRelation type="Inherits from">
        <relatedFrame ID="8">Perception</relatedFrame>
    </frameRelation>
    <frameRelation type="Is Inherited by"/>
    <frameRelation type="Perspective on"/>
    <frameRelation type="Is Perspectivized in"/>
    <frameRelation type="Uses"/>
    <frameRelation type="Is Used by">
        <relatedFrame ID="31">Scrutiny</relatedFrame>
    </frameRelation>
    <frameRelation type="Subframe of"/>
    <frameRelation type="Has Subframe(s)"/>
    <frameRelation type="Precedes"/>
    <frameRelation type="Is Preceded by"/>
    <frameRelation type="Is Inchoative of"/>
    <frameRelation type="Is Causative of"/>
    <frameRelation type="See also"/>
    <lexUnit status="FN1_Sent" POS="V" name="discover.v" ID="173" lemmaID="10896" cBy="ChW" cDate="02/08/2001 01:27:43 PST Thu">
        <definition>COD: become aware of (a fact or situation). </definition>
        <sentenceCount annotated="73" total="610"/>
        <lexeme order="1" headword="false" breakBefore="false" POS="V" name="discover"/>
    </lexUnit>
    <lexUnit status="FN1_Sent" POS="N" name="discovery.n" ID="174" lemmaID="10899" cBy="ChW" cDate="02/08/2001 01:27:43 PST Thu">
        <definition>COD: the action or process of discovering or being discovered.</definition>
        <sentenceCount annotated="41" total="234"/>
        <lexeme order="1" headword="false" breakBefore="false" POS="N" name="discovery"/>
    </lexUnit>
    <lexUnit status="FN1_Sent" POS="V" name="find.v" ID="175" lemmaID="14391" cBy="ChW" cDate="02/08/2001 01:27:43 PST Thu">
        <definition>FN: to perceive a phenomenon, either by chance or deliberately </definition>
        <sentenceCount annotated="61" total="200"/>
        <lexeme order="1" headword="false" breakBefore="false" POS="V" name="find"/>
    </lexUnit>
    <lexUnit status="FN1_Sent" POS="V" name="note.v" ID="176" lemmaID="26175" cBy="ChW" cDate="02/08/2001 01:27:43 PST Thu">
        <definition>COD: pay attention to.</definition>
        <sentenceCount annotated="50" total="525"/>
        <lexeme order="1" headword="false" breakBefore="false" POS="V" name="note"/>
    </lexUnit>
    <lexUnit status="FN1_Sent" POS="V" name="notice.v" ID="177" lemmaID="26186" cBy="ChW" cDate="02/08/2001 01:27:43 PST Thu">
        <definition>COD: become aware of.</definition>
        <sentenceCount annotated="25" total="192"/>
        <lexeme order="1" headword="false" breakBefore="false" POS="V" name="notice"/>
    </lexUnit>
    <lexUnit status="FN1_Sent" POS="V" name="recognize.v" ID="178" lemmaID="43" cBy="ChW" cDate="02/08/2001 01:27:43 PST Thu">
        <definition>COD: identify as already known; know again.</definition>
        <sentenceCount annotated="46" total="464"/>
        <lexeme order="1" headword="false" breakBefore="false" POS="V" name="recognize"/>
    </lexUnit>
    <lexUnit status="FN1_Sent" POS="V" name="register.v" ID="179" lemmaID="32407" cBy="ChW" cDate="02/08/2001 01:27:43 PST Thu">
        <definition>COD: become aware of. </definition>
        <sentenceCount annotated="15" total="185"/>
        <lexeme order="1" headword="false" breakBefore="false" POS="V" name="register"/>
    </lexUnit>
    <lexUnit status="Needs_SCs" POS="V" name="descry.v" ID="4070" lemmaID="10322" cBy="JKR" cDate="09/21/2001 11:16:07 PDT Fri">
        <definition>COD: catch sight of.</definition>
        <sentenceCount annotated="1" total="6"/>
        <lexeme order="1" headword="false" breakBefore="false" POS="V" name="descry"/>
    </lexUnit>
    <lexUnit status="Finished_Initial" POS="V" name="spot.v" ID="4071" lemmaID="37494" cBy="JKR" cDate="09/21/2001 11:18:40 PDT Fri">
        <definition>COD: see, notice, or recognize (someone or something) that is difficult to detect or sought-after.</definition>
        <sentenceCount annotated="96" total="514"/>
        <lexeme order="1" headword="false" breakBefore="false" POS="V" name="spot"/>
    </lexUnit>
    <lexUnit status="Finished_Initial" POS="V" name="espy.v" ID="4072" lemmaID="13122" cBy="JKR" cDate="09/21/2001 11:42:26 PDT Fri">
        <definition>COD: catch sight of</definition>
        <sentenceCount annotated="5" total="22"/>
        <lexeme order="1" headword="false" breakBefore="false" POS="V" name="espy"/>
    </lexUnit>
    <lexUnit status="Finished_Initial" POS="V" name="discern.v" ID="4073" lemmaID="10834" cBy="JKR" cDate="09/21/2001 11:43:25 PDT Fri">
        <definition>FN: to recognize with the eyes or other senses</definition>
        <sentenceCount annotated="44" total="199"/>
        <lexeme order="1" headword="false" breakBefore="false" POS="V" name="discern"/>
    </lexUnit>
    <lexUnit status="Finished_Initial" POS="V" name="locate.v" ID="7465" lemmaID="22617" cBy="MJE" cDate="09/25/2002 06:39:13 PDT Wed">
        <definition>FN: to discover an entity or a piece of knowledge without attempting to do so</definition>
        <sentenceCount annotated="18" total="312"/>
        <lexeme order="1" headword="false" breakBefore="false" POS="V" name="locate"/>
    </lexUnit>
    <lexUnit status="Created" POS="V" name="pick up.v" ID="8191" lemmaID="47291" cBy="JKR" cDate="01/23/2003 04:51:12 PST Thu">
        <definition>FN: notice</definition>
        <sentenceCount annotated="0" total="0"/>
        <lexeme order="1" headword="true" breakBefore="false" POS="V" name="pick"/>
        <lexeme order="2" headword="false" breakBefore="true" POS="ADV" name="up"/>
    </lexUnit>
    <lexUnit status="Created" POS="V" name="spy out.v" ID="9871" lemmaID="48531" cBy="JKR" cDate="10/28/2003 04:55:03 PST Tue">
        <definition>FN: to catch sight of, discover</definition>
        <sentenceCount annotated="0" total="0"/>
        <lexeme order="1" headword="true" breakBefore="false" POS="V" name="spy"/>
        <lexeme order="2" headword="false" breakBefore="false" POS="ADV" name="out"/>
    </lexUnit>
    <lexUnit status="Created" POS="V" name="chance (on).v" ID="11931" lemmaID="6029" cBy="MiL" cDate="04/25/2005 03:53:04 PDT Mon">
        <definition>FN: discover unintentionally or unexpectedly</definition>
        <sentenceCount annotated="0" total="0"/>
        <lexeme order="1" headword="false" breakBefore="false" POS="V" name="chance"/>
    </lexUnit>
    <lexUnit status="Created" POS="V" name="come (across).v" ID="11933" lemmaID="7278" cBy="MiL" cDate="04/25/2005 04:12:03 PDT Mon">
        <definition>FN: encounter a new phenomenon</definition>
        <sentenceCount annotated="2" total="2"/>
        <lexeme order="1" headword="false" breakBefore="false" POS="V" name="come"/>
    </lexUnit>
    <lexUnit status="Created" POS="V" name="come (upon).v" ID="11934" lemmaID="7278" cBy="MiL" cDate="04/25/2005 04:13:10 PDT Mon">
        <definition>FN: discover a new phenomenon.</definition>
        <sentenceCount annotated="1" total="1"/>
        <lexeme order="1" headword="false" breakBefore="false" POS="V" name="come"/>
    </lexUnit>
    <lexUnit status="Created" POS="V" name="chance (across).v" ID="11935" lemmaID="6029" cBy="MiL" cDate="04/25/2005 04:16:58 PDT Mon">
        <definition>FN: to encounter a new phenomenon and attribute the encounter to luck</definition>
        <sentenceCount annotated="0" total="0"/>
        <lexeme order="1" headword="false" breakBefore="false" POS="V" name="chance"/>
    </lexUnit>
    <lexUnit status="Finished_Initial" POS="V" name="detect.v" ID="11936" lemmaID="10418" cBy="MiL" cDate="04/25/2005 04:22:49 PDT Mon">
        <definition>COD: discover or identify the presence or existence of.</definition>
        <sentenceCount annotated="38" total="276"/>
        <lexeme order="1" headword="false" breakBefore="false" POS="V" name="detect"/>
    </lexUnit>
    <lexUnit status="Finished_Initial" POS="V" name="encounter.v" ID="11937" lemmaID="12697" cBy="MiL" cDate="04/25/2005 04:25:17 PDT Mon">
        <definition>FN: unexpectedly discover</definition>
        <sentenceCount annotated="19" total="225"/>
        <lexeme order="1" headword="false" breakBefore="false" POS="V" name="encounter"/>
    </lexUnit>
    <lexUnit status="Insufficient_Attestations" POS="V" name="fall (on).v" ID="11939" lemmaID="13870" cBy="MiL" cDate="04/25/2005 04:48:43 PDT Mon">
        <definition>FN: (usually of eyes) encounter unexpectedly</definition>
        <sentenceCount annotated="0" total="167"/>
        <lexeme order="1" headword="false" breakBefore="false" POS="V" name="fall"/>
    </lexUnit>
    <lexUnit status="Needs_SCs" POS="V" name="happen (on).v" ID="11940" lemmaID="17414" cBy="MiL" cDate="04/25/2005 04:49:58 PDT Mon">
        <definition>COD:  come across by chance.</definition>
        <sentenceCount annotated="0" total="126"/>
        <lexeme order="1" headword="false" breakBefore="false" POS="V" name="happen"/>
    </lexUnit>
    <lexUnit status="Finished_Initial" POS="V" name="learn.v" ID="11941" lemmaID="21944" cBy="MiL" cDate="04/25/2005 05:05:11 PDT Mon">
        <definition>COD: become aware of by information or from observation.  </definition>
        <sentenceCount annotated="19" total="214"/>
        <lexeme order="1" headword="false" breakBefore="false" POS="V" name="learn"/>
    </lexUnit>
    <lexUnit status="Rules_Defined" POS="V" name="observe.v" ID="11942" lemmaID="26434" cBy="MiL" cDate="04/25/2005 05:06:39 PDT Mon">
        <definition>FN: detect a phenomenon</definition>
        <sentenceCount annotated="1" total="1"/>
        <lexeme order="1" headword="false" breakBefore="false" POS="V" name="observe"/>
    </lexUnit>
    <lexUnit status="Finished_Initial" POS="V" name="perceive.v" ID="11943" lemmaID="28394" cBy="MiL" cDate="04/25/2005 05:13:32 PDT Mon">
        <definition>COD: become aware or conscious of.</definition>
        <sentenceCount annotated="18" total="215"/>
        <lexeme order="1" headword="false" breakBefore="false" POS="V" name="perceive"/>
    </lexUnit>
    <lexUnit status="Finished_Initial" POS="V" name="find out.v" ID="11949" lemmaID="48452" cBy="MiL" cDate="04/25/2005 05:48:35 PDT Mon">
        <definition>FN: discover information or a fact.</definition>
        <sentenceCount annotated="29" total="307"/>
        <lexeme order="1" headword="true" breakBefore="false" POS="V" name="find"/>
        <lexeme order="2" headword="false" breakBefore="true" POS="ADV" name="out"/>
    </lexUnit>
    <lexUnit status="Add_Annotation" POS="V" name="tell.v" ID="15350" lemmaID="39772" cBy="JKs" cDate="06/11/2009 11:03:46 PDT Thu">
        <definition>FN: to recognize with one or more of the senses</definition>
        <sentenceCount annotated="8" total="8"/>
        <lexeme order="1" headword="false" breakBefore="false" POS="V" name="tell"/>
    </lexUnit>
    <lexUnit status="Created" POS="V" name="find (oneself).v" ID="16642" lemmaID="14391" cBy="CVa" cDate="09/27/2011 05:11:33 PDT Tue">
        <definition>FN: to percieve oneself as being in a certain location or state</definition>
        <sentenceCount annotated="4" total="4"/>
        <lexeme order="1" headword="false" breakBefore="false" POS="V" name="find"/>
    </lexUnit>
</frame>