<?xml version="1.0" encoding="UTF-8" standalone="yes"?>
<?xml-stylesheet type="text/xsl" href="frame.xsl"?>
<frame cBy="MJE" cDate="08/28/2015 10:15:42 PDT Fri" name="Becoming" ID="2971" xsi:schemaLocation="../schema/frame.xsd" xmlns="http://framenet.icsi.berkeley.edu" xmlns:xsi="http://www.w3.org/2001/XMLSchema-instance">
    <definition>&lt;def-root&gt;An &lt;fen&gt;Entity&lt;/fen&gt; ends up with some &lt;fen&gt;Final_quality&lt;/fen&gt;--a new fact about the &lt;fen&gt;Entity&lt;/fen&gt;. Alternatively, based on a cluster of changes of characteristics, the &lt;fen&gt;Entity&lt;/fen&gt;newly meets the conditions for being a member of a &lt;fen&gt;Final_category&lt;/fen&gt;.

&lt;ex&gt;&lt;fex name="Entity"&gt;The weather&lt;/fex&gt; &lt;t&gt;turned&lt;/t&gt; &lt;fex name="Final_quality"&gt;cold&lt;/fex&gt; .&lt;/ex&gt;
&lt;ex&gt;&lt;fex name="Entity"&gt;You&lt;/fex&gt; can &lt;t&gt;become&lt;/t&gt; &lt;fex name="Final_category"&gt;a firefighter&lt;/fex&gt; &lt;fex name="Time"&gt;today&lt;/fex&gt; !&lt;/ex&gt;

This frame should be compared with the Transition_to_state frame, which is more general in allowing arbitrary descriptions of a final situation:

&lt;ex&gt;We &lt;t&gt;ended up&lt;/t&gt; telling him to leave .&lt;/ex&gt;

There is no way to effectively paraphrase such a sentence in the Becoming frame.

&lt;/def-root&gt;</definition>
    <FE bgColor="008000" fgColor="FFFFFF" coreType="Peripheral" cBy="MJE" cDate="08/28/2015 10:15:42 PDT Fri" abbrev="Place" name="Place" ID="16594">
        <definition>&lt;def-root&gt;Where the change takes place.

&lt;ex&gt;He always &lt;t&gt;became&lt;/t&gt; uncomforatable &lt;fex name="Place"&gt;in bars&lt;/fex&gt; .&lt;/ex&gt;&lt;/def-root&gt;</definition>
        <semType name="Locative_relation" ID="182"/>
    </FE>
    <FE bgColor="FFA500" fgColor="FFFFFF" coreType="Peripheral" cBy="MJE" cDate="08/28/2015 10:15:42 PDT Fri" abbrev="tim" name="Time" ID="16595">
        <definition>&lt;def-root&gt;&gt;When the change occurs.

&lt;ex&gt;&lt;fex name="tim"&gt;By 1945&lt;/fex&gt; he had &lt;t&gt;become&lt;/t&gt; uncertain of the advisability of anyone having such a weapon.&lt;/ex&gt;&lt;/def-root&gt;</definition>
        <semType name="Time" ID="141"/>
    </FE>
    <FE bgColor="A52A2A" fgColor="FFFFFF" coreType="Extra-Thematic" cBy="MJE" cDate="08/28/2015 10:15:42 PDT Fri" abbrev="dur" name="Duration_of_final_state" ID="16596">
        <definition>&lt;def-root&gt;How long the &lt;fen&gt;Entity&lt;/fen&gt; remains in the &lt;fen&gt;Final_category&lt;/fen&gt;, &lt;fen&gt;Final_situation&lt;/fen&gt;, or &lt;fen&gt;Final_quality&lt;/fen&gt;.


&lt;ex&gt;He &lt;t&gt;became&lt;/t&gt; &lt;fex name="dur"&gt;for the next three years&lt;/fex&gt; the prophetic voice of the Salvadoran people until his assassination on March 24, 1980&lt;/ex&gt;&lt;/def-root&gt;</definition>
        <semType name="Duration" ID="142"/>
    </FE>
    <FE bgColor="FF00FF" fgColor="000000" coreType="Peripheral" cBy="MJE" cDate="08/28/2015 10:15:42 PDT Fri" abbrev="man" name="Manner" ID="16597">
        <definition>&lt;def-root&gt;Any description of the event which is not covered by more specific FEs, including epistemic modification (&lt;ment&gt;probably, presumably, mysteriously&lt;/ment&gt;), secondary effects (&lt;ment&gt;quietly, loudly&lt;/ment&gt;), and general descriptions comparing events (&lt;ment&gt;the same way&lt;/ment&gt;). In cases where the &lt;fen&gt;Entity&lt;/fen&gt; is intentional, &lt;fen&gt;Manner&lt;/fen&gt; may indicate salient characteristics of an intentional &lt;fen&gt;Entity&lt;/fen&gt; that also affect the event (&lt;ment&gt;presumptuously, coldly, deliberately, eagerly, carefully&lt;/ment&gt;). 

&lt;ex&gt;The majority &lt;fex name="man"&gt;slowly&lt;/fex&gt; &lt;t&gt;became&lt;/t&gt; more and more disenchanted with him.&lt;/ex&gt;&lt;/def-root&gt;</definition>
        <semType name="Manner" ID="173"/>
    </FE>
    <FE bgColor="FF0000" fgColor="FFFFFF" coreType="Core" cBy="MJE" cDate="08/28/2015 10:15:42 PDT Fri" abbrev="ent" name="Entity" ID="16598">
        <definition>&lt;def-root&gt;The &lt;fen&gt;Entity&lt;/fen&gt; which undergoes a change, newly ending up in the &lt;fen&gt;Final_category&lt;/fen&gt; or taking on a new &lt;fen&gt;Final_quality&lt;/fen&gt;.

&lt;ex&gt;&lt;fex name="ent"&gt;I&lt;/fex&gt; &lt;t&gt;grow&lt;/t&gt; impatient with your insolence.&lt;/ex&gt;&lt;/def-root&gt;</definition>
    </FE>
    <FE bgColor="7CCD7C" fgColor="FFFFFF" coreType="Core-Unexpressed" cBy="MJE" cDate="08/28/2015 10:15:42 PDT Fri" abbrev="finq" name="Final_quality" ID="16599">
        <definition>&lt;def-root&gt;A description of a characteristic of the &lt;fen&gt;Entity&lt;/fen&gt; after the change.

&lt;ex&gt;Suddenly , she &lt;t&gt;became&lt;/t&gt; &lt;fex name="Final_quality"&gt;impatient&lt;/fex&gt; .&lt;/ex&gt;
&lt;/def-root&gt;</definition>
    </FE>
    <FE bgColor="800080" fgColor="FFFFFF" coreType="Core-Unexpressed" cBy="MJE" cDate="08/28/2015 10:15:42 PDT Fri" abbrev="finc" name="Final_category" ID="16600">
        <definition>&lt;def-root&gt;The category that the &lt;fen&gt;Entity&lt;/fen&gt; ends up in after the change.  Typically, this entails taking on a number of new characteristics.

&lt;ex&gt;He never could understand how she &lt;t&gt;ended&lt;/t&gt; &lt;t&gt;up&lt;/t&gt; &lt;fex name="finc"&gt;an evangelist&lt;/fex&gt;.&lt;/ex&gt;&lt;/def-root&gt;</definition>
    </FE>
    <FE bgColor="0000FF" fgColor="FFFFFF" coreType="Extra-Thematic" cBy="MJE" cDate="08/28/2015 10:15:42 PDT Fri" abbrev="trp" name="Transitional_period" ID="16601">
        <definition>&lt;def-root&gt;The period during which the &lt;fen&gt;Entity&lt;/fen&gt; is in transition.

&lt;ex&gt;&lt;fex name="trp"&gt;Over the last 5 years&lt;/fex&gt;, I've &lt;t&gt;become&lt;/t&gt; sick and tired of your tomfoolery.&lt;/ex&gt;&lt;/def-root&gt;</definition>
    </FE>
    <FE bgColor="00BFFF" fgColor="000000" coreType="Extra-Thematic" cBy="MJE" cDate="08/28/2015 10:15:42 PDT Fri" abbrev="" name="Initial_state" ID="16602">
        <definition>&lt;def-root&gt;This FE describes the state of the &lt;fen&gt;Entity&lt;/fen&gt; before change occurs.&lt;/def-root&gt;</definition>
    </FE>
    <FE bgColor="9F79EE" fgColor="FFFFFF" coreType="Extra-Thematic" cBy="MJE" cDate="08/28/2015 10:15:42 PDT Fri" abbrev="cir" name="Circumstances" ID="16603">
        <definition>&lt;def-root&gt;This FE marks the set of conditions under which the &lt;fen&gt;Entity&lt;/fen&gt; enters the &lt;fen&gt;Final_category&lt;/fen&gt; or takes on the characteristic of the &lt;fen&gt;Final_quality&lt;/fen&gt;.&lt;/def-root&gt;</definition>
    </FE>
    <FE bgColor="A9A9A9" fgColor="000000" coreType="Extra-Thematic" cBy="MJE" cDate="08/28/2015 10:15:42 PDT Fri" abbrev="" name="Initial_category" ID="16604">
        <definition>&lt;def-root&gt;This FE describes the category of the &lt;fen&gt;Entity&lt;/fen&gt; before a change.&lt;/def-root&gt;</definition>
    </FE>
    <FE bgColor="d0d0d0" fgColor="000000" coreType="Extra-Thematic" cBy="MJE" cDate="08/28/2015 10:15:42 PDT Fri" abbrev="grp" name="Group" ID="16605">
        <definition>&lt;def-root&gt;A description of the kind of entities associated with instances of the &lt;fen&gt;Entity&lt;/fen&gt; and saliently affected by its change.&lt;/def-root&gt;</definition>
    </FE>
    <FE bgColor="90876C" fgColor="FFFFFF" coreType="Extra-Thematic" cBy="MJE" cDate="08/28/2015 10:15:42 PDT Fri" abbrev="Expl" name="Explanation" ID="16606">
        <definition>&lt;def-root&gt;Any eventuality or entity which brings about the change of the &lt;fen&gt;Entity&lt;/fen&gt;.

&lt;ex&gt;Smithers &lt;t&gt;became&lt;/t&gt; tired &lt;fex name="Explanation"&gt;from all the work he'd been doing&lt;/fex&gt;.&lt;/ex&gt;&lt;/def-root&gt;</definition>
        <semType name="State_of_affairs" ID="177"/>
    </FE>
    <frameRelation type="Inherits from">
        <relatedFrame ID="1070">Transition_to_state</relatedFrame>
    </frameRelation>
    <frameRelation type="Is Inherited by">
        <relatedFrame ID="2972">Transition_to_a_quality</relatedFrame>
    </frameRelation>
    <frameRelation type="Perspective on"/>
    <frameRelation type="Is Perspectivized in"/>
    <frameRelation type="Uses"/>
    <frameRelation type="Is Used by"/>
    <frameRelation type="Subframe of"/>
    <frameRelation type="Has Subframe(s)"/>
    <frameRelation type="Precedes"/>
    <frameRelation type="Is Preceded by"/>
    <frameRelation type="Is Inchoative of"/>
    <frameRelation type="Is Causative of"/>
    <frameRelation type="See also"/>
    <lexUnit status="Created" POS="V" name="become.v" ID="18221" lemmaID="3154" cBy="MJE" cDate="08/28/2015 10:38:20 PDT Fri">
        <definition>FN: end up being</definition>
        <sentenceCount annotated="209" total="425"/>
        <lexeme order="1" headword="false" breakBefore="false" POS="V" name="become"/>
    </lexUnit>
    <lexUnit status="Created" POS="V" name="turn.v" ID="18222" lemmaID="41527" cBy="MJE" cDate="08/28/2015 10:38:44 PDT Fri">
        <definition>FN: change in nature, state, form, or color.</definition>
        <sentenceCount annotated="14" total="201"/>
        <lexeme order="1" headword="false" breakBefore="false" POS="V" name="turn"/>
    </lexUnit>
</frame>