<?xml version="1.0" encoding="UTF-8" standalone="yes"?>
<?xml-stylesheet type="text/xsl" href="frame.xsl"?>
<frame cBy="MJE" cDate="08/05/2002 06:11:16 PDT Mon" name="Being_obligated" ID="392" xsi:schemaLocation="../schema/frame.xsd" xmlns="http://framenet.icsi.berkeley.edu" xmlns:xsi="http://www.w3.org/2001/XMLSchema-instance">
    <definition>&lt;def-root&gt;Under some &lt;fen&gt;Condition&lt;/fen&gt;, usually left implicit, a &lt;fen&gt;Responsible_party&lt;/fen&gt; is required to perform some &lt;fen&gt;Duty&lt;/fen&gt;.  If they do not perform the &lt;fen&gt;Duty&lt;/fen&gt;, there may be some undesirable &lt;fen&gt;Consequence&lt;/fen&gt;, which may or may not be stated overtly.

&lt;ex&gt;&lt;ment&gt;It&lt;/ment&gt; &lt;gov&gt;is&lt;/gov&gt; &lt;fex name="Responsible_party"&gt;my&lt;/fex&gt; &lt;t&gt;duty&lt;/t&gt; &lt;fex name="Duty"&gt;to fight any attack on the Brotherhood&lt;/fex&gt; .&lt;/ex&gt;
&lt;ex&gt;&lt;fex name="Resp"&gt;This country&lt;/fex&gt; has the &lt;t&gt;responsibility&lt;/t&gt; &lt;fex name="Duty"&gt;to support its citizens' right to express themselves&lt;/fex&gt;.&lt;/ex&gt;
&lt;ex&gt;&lt;fex name="Resp"&gt;I&lt;/fex&gt; am &lt;t&gt;obligated&lt;/t&gt; &lt;fex name="Duty"&gt;to pay&lt;/fex&gt; &lt;fex name="Con"&gt;or they'll double the fine&lt;/fex&gt;.&lt;/ex&gt;

NB:  Contrast this frame with Likelihood and Preconditions frames, which involve many of the same lemmas.

Many LUs which might be expected to be found here (should, must, have to) are actually in the Required_event frame. Our analysis is that these LUs do not evoke an obligation directly, although they are frequently used in contexts that are consistent with an understanding of obligation and are pragmatically strengthened to (defeasibly) imply an obligation. &lt;/def-root&gt;</definition>
    <FE bgColor="FF0000" fgColor="FFFFFF" coreType="Core" cBy="MJE" cDate="08/05/2002 06:14:43 PDT Mon" abbrev="Resp" name="Responsible_party" ID="3502">
        <definition>&lt;def-root&gt;The person who must perform the &lt;fen&gt;Duty&lt;/fen&gt;.
&lt;ex&gt;&lt;fex name="Resp"&gt;Everyone&lt;/fex&gt; has the &lt;t&gt;obligation&lt;/t&gt; to vote.&lt;/ex&gt;&lt;/def-root&gt;</definition>
    </FE>
    <FE bgColor="008000" fgColor="FFFFFF" coreType="Core" cBy="MJE" cDate="08/05/2002 06:17:19 PDT Mon" abbrev="Duty" name="Duty" ID="3503">
        <definition>&lt;def-root&gt;The action that the &lt;fen&gt;Responsible_party&lt;/fen&gt; is obligated to perform.
&lt;ex&gt;My &lt;t&gt;job&lt;/t&gt; is &lt;fex name="Duty"&gt;to get to the other side of the bridge&lt;/fex&gt;.&lt;/ex&gt;&lt;/def-root&gt;</definition>
    </FE>
    <FE bgColor="9400D3" fgColor="FFFFFF" coreType="Extra-Thematic" cBy="MJE" cDate="08/06/2002 12:41:12 PDT Tue" abbrev="con" name="Condition" ID="3505">
        <definition>&lt;def-root&gt;This FE indicates the &lt;fen&gt;Condition&lt;/fen&gt;s under which the &lt;fen&gt;Responsible_party&lt;/fen&gt; is obligated to perform the &lt;fen&gt;Duty&lt;/fen&gt;.

&lt;ex&gt;&lt;fex name="con"&gt;As a conscientious citizen&lt;/fex&gt;, it is your &lt;t&gt;duty&lt;/t&gt; to report any suspicious behavior.&lt;/ex&gt;&lt;/def-root&gt;</definition>
    </FE>
    <FE bgColor="00008B" fgColor="FFFFFF" coreType="Peripheral" cBy="MJE" cDate="08/07/2002 11:51:44 PDT Wed" abbrev="Con" name="Consequence" ID="3513">
        <definition>&lt;def-root&gt;The &lt;fen&gt;Consequence&lt;/fen&gt; will result if the &lt;fen&gt;Duty&lt;/fen&gt; is not performed.&lt;/def-root&gt;</definition>
    </FE>
    <FE bgColor="FFA500" fgColor="FFFFFF" coreType="Peripheral" cBy="JKR" cDate="06/09/2005 04:00:04 PDT Thu" abbrev="tim" name="Time" ID="8134">
        <definition>&lt;def-root&gt;The time interval during which the Responsibly_party is obligated to fulfill the Duty.


&lt;ex&gt;&lt;fex name="Time"&gt;At that time&lt;/fex&gt; men were &lt;t&gt;obligated&lt;/t&gt; to marry women from their own community.&lt;/ex&gt;&lt;/def-root&gt;</definition>
        <semType name="Time" ID="141"/>
    </FE>
    <FE bgColor="0000FF" fgColor="FFFFFF" coreType="Peripheral" cBy="JKR" cDate="06/09/2005 04:02:18 PDT Thu" abbrev="pla" name="Place" ID="8135">
        <definition>&lt;def-root&gt;A location in which the &lt;fen&gt;Responsible_party&lt;/fen&gt; has a specified &lt;fen&gt;Duty&lt;/fen&gt; .

&lt;ex&gt;I almost forgot to tell you that &lt;fex name="pla"&gt;in Sweden&lt;/fex&gt; we are &lt;t&gt;obligated&lt;/t&gt; to spend atleast 7.5 months in the army for training.&lt;/ex&gt;&lt;/def-root&gt;</definition>
        <semType name="Locative_relation" ID="182"/>
    </FE>
    <FE bgColor="FF69B4" fgColor="FFFFFF" coreType="Extra-Thematic" cBy="DYo" cDate="07/15/2009 01:30:05 PDT Wed" abbrev="" name="Frequency" ID="13313">
        <definition>&lt;def-root&gt;This frame element is defined as the number of times an event occurs per some unit of time. &lt;/def-root&gt;</definition>
    </FE>
    <frameRelation type="Inherits from"/>
    <frameRelation type="Is Inherited by"/>
    <frameRelation type="Perspective on">
        <relatedFrame ID="1493">Obligation_scenario</relatedFrame>
    </frameRelation>
    <frameRelation type="Is Perspectivized in"/>
    <frameRelation type="Uses"/>
    <frameRelation type="Is Used by">
        <relatedFrame ID="2628">Assigned_location</relatedFrame>
        <relatedFrame ID="2709">Temporary_leave</relatedFrame>
    </frameRelation>
    <frameRelation type="Subframe of"/>
    <frameRelation type="Has Subframe(s)"/>
    <frameRelation type="Precedes"/>
    <frameRelation type="Is Preceded by"/>
    <frameRelation type="Is Inchoative of"/>
    <frameRelation type="Is Causative of"/>
    <frameRelation type="See also">
        <relatedFrame ID="1381">Required_event</relatedFrame>
    </frameRelation>
    <lexUnit status="Finished_Initial" POS="A" name="obligated.a" ID="7051" lemmaID="46031" cBy="MJE" cDate="08/05/2002 06:24:35 PDT Mon">
        <definition>COD: compelled legally or morally</definition>
        <sentenceCount annotated="8" total="16"/>
        <lexeme order="1" headword="false" breakBefore="false" POS="A" name="obligated"/>
    </lexUnit>
    <lexUnit status="Created" POS="N" name="duty.n" ID="7116" lemmaID="12018" cBy="MJE" cDate="08/07/2002 12:39:02 PDT Wed">
        <definition>COD: a moral or legal obligation; a task required as part of one's job. </definition>
        <sentenceCount annotated="16" total="16"/>
        <lexeme order="1" headword="false" breakBefore="false" POS="N" name="duty"/>
    </lexUnit>
    <lexUnit status="Created" POS="N" name="job.n" ID="7117" lemmaID="20985" cBy="MJE" cDate="08/07/2002 12:39:22 PDT Wed">
        <definition>COD: a responsibility or duty. </definition>
        <sentenceCount annotated="2" total="2"/>
        <lexeme order="1" headword="false" breakBefore="false" POS="N" name="job"/>
    </lexUnit>
    <lexUnit status="Created" POS="N" name="task.n" ID="7119" lemmaID="39575" cBy="MJE" cDate="08/07/2002 12:46:01 PDT Wed">
        <definition>COD: a piece of work. </definition>
        <sentenceCount annotated="4" total="4"/>
        <lexeme order="1" headword="false" breakBefore="false" POS="N" name="task"/>
    </lexUnit>
    <lexUnit status="Created" POS="N" name="responsibility.n" ID="7120" lemmaID="32911" cBy="MJE" cDate="08/07/2002 12:48:15 PDT Wed">
        <definition>COD: a thing which one is required to do as part of a job, role, or legal obligation. </definition>
        <sentenceCount annotated="8" total="8"/>
        <lexeme order="1" headword="false" breakBefore="false" POS="N" name="responsibility"/>
    </lexUnit>
    <lexUnit status="Created" POS="N" name="obligation.n" ID="8003" lemmaID="26389" cBy="JKR" cDate="01/15/2003 05:20:20 PST Wed">
        <definition>COD: an act or course of action to which a person is morally or legally bound</definition>
        <sentenceCount annotated="6" total="7"/>
        <lexeme order="1" headword="false" breakBefore="false" POS="N" name="obligation"/>
    </lexUnit>
    <lexUnit status="Created" POS="A" name="bound.a" ID="8004" lemmaID="4304" cBy="JKR" cDate="01/15/2003 05:27:11 PST Wed">
        <definition>COD: obliged to do something</definition>
        <sentenceCount annotated="0" total="0"/>
        <lexeme order="1" headword="false" breakBefore="false" POS="A" name="bound"/>
    </lexUnit>
    <lexUnit status="Created" POS="N" name="assignment.n" ID="15547" lemmaID="2161" cBy="AnW" cDate="10/29/2009 04:13:32 PDT Thu">
        <definition>FN: a task or duty assigned to someone</definition>
        <sentenceCount annotated="0" total="0"/>
        <lexeme order="1" headword="false" breakBefore="false" POS="N" name="assignment"/>
    </lexUnit>
    <lexUnit status="Created" POS="N" name="mission.n" ID="15548" lemmaID="24564" cBy="AnW" cDate="10/29/2009 04:16:34 PDT Thu">
        <definition>COD: an important assignment</definition>
        <sentenceCount annotated="1" total="1"/>
        <lexeme order="1" headword="false" breakBefore="false" POS="N" name="mission"/>
    </lexUnit>
    <lexUnit status="Created" POS="N" name="commission.n" ID="15549" lemmaID="7359" cBy="AnW" cDate="10/29/2009 04:17:12 PDT Thu">
        <definition>COD: an order for something (usually a work of art)</definition>
        <sentenceCount annotated="0" total="0"/>
        <lexeme order="1" headword="false" breakBefore="false" POS="N" name="commission"/>
    </lexUnit>
    <lexUnit status="Created" POS="N" name="contract.n" ID="15550" lemmaID="8104" cBy="AnW" cDate="10/29/2009 04:19:11 PDT Thu">
        <definition>FN: a written or spoken agreement</definition>
        <sentenceCount annotated="0" total="0"/>
        <lexeme order="1" headword="false" breakBefore="false" POS="N" name="contract"/>
    </lexUnit>
    <lexUnit status="Created" POS="A" name="obliged.a" ID="18521" lemmaID="52064" cBy="HPh" cDate="12/17/2015 02:05:31 PST Thu">
        <definition>FN: to be morally or legally constrained or bound</definition>
        <sentenceCount annotated="0" total="0"/>
        <lexeme order="1" headword="true" breakBefore="false" POS="A" name="obliged"/>
    </lexUnit>
    <lexUnit status="Created" POS="N" name="imposition.n" ID="18522" lemmaID="19219" cBy="HPh" cDate="12/17/2015 02:08:22 PST Thu">
        <definition>FN: something imposed, as a burden or duty</definition>
        <sentenceCount annotated="0" total="0"/>
        <lexeme order="1" headword="false" breakBefore="false" POS="N" name="imposition"/>
    </lexUnit>
</frame>