<?xml version="1.0" encoding="UTF-8" standalone="yes"?>
<?xml-stylesheet type="text/xsl" href="frame.xsl"?>
<frame cBy="JKR" cDate="06/30/2005 12:21:18 PDT Thu" name="Being_active" ID="1540" xsi:schemaLocation="../schema/frame.xsd" xmlns="http://framenet.icsi.berkeley.edu" xmlns:xsi="http://www.w3.org/2001/XMLSchema-instance">
    <definition>&lt;def-root&gt;An &lt;fen&gt;Agent&lt;/fen&gt; is described as pursuing an &lt;fen&gt;Activity&lt;/fen&gt;, expending some effort. The &lt;fen&gt;Agent&lt;/fen&gt; may be active in a particular &lt;fen&gt;Role&lt;/fen&gt;. Alternatively, the &lt;fen&gt;Activity&lt;/fen&gt; itself may be described as having an &lt;fen&gt;Agent&lt;/fen&gt; who is expending effort.  In some cases, the Activity may involve a &lt;fen&gt;Salient_entity&lt;/fen&gt; which may stand in for it.

&lt;ex&gt;&lt;fex name="Agent"&gt;Sky, a Korean War veteran,&lt;/fex&gt; &lt;m&gt;was&lt;/m&gt; &lt;t&gt;active&lt;/t&gt; &lt;fex name="Activity"&gt;in his opposition to Vietnam&lt;/fex&gt; and continues to protest current combat in Iraq.&lt;/ex&gt;

&lt;ex&gt;&lt;fex name="Agent"&gt;She&lt;/fex&gt; &lt;m&gt;is&lt;/m&gt; &lt;t&gt;active&lt;/t&gt; &lt;fex name="Place"&gt;in the community&lt;/fex&gt; &lt;fex name="Activity"&gt;by establishing parent groups, life skills program, sharing circles and various Aboriginal cultural activities for young women.&lt;/fex&gt;.&lt;/ex&gt;

&lt;ex&gt;&lt;fex name="Agent"&gt;John Colville&lt;/fex&gt; &lt;m&gt;was&lt;/m&gt; quite &lt;t&gt;active&lt;/t&gt; &lt;fex name="Role"&gt;as a land speculator&lt;/fex&gt; &lt;fex name="Place"&gt;in both Virginia and Maryland&lt;/fex&gt;.&lt;/ex&gt;&lt;/def-root&gt;</definition>
    <FE bgColor="006400" fgColor="FFFFFF" coreType="Peripheral" cBy="JKR" cDate="06/30/2005 12:21:18 PDT Thu" abbrev="Dur" name="Duration" ID="8370">
        <definition>&lt;def-root&gt;This FE identifies the amount of &lt;fen&gt;Time&lt;/fen&gt; for which an &lt;fen&gt;Activity&lt;/fen&gt; is ongoing.

&lt;ex&gt;Upon his release from federal detention in 1947 he joined the IWW and has remained
&lt;t&gt;active&lt;/t&gt; &lt;fex name="Dur"&gt;for five decades&lt;/fex&gt; as a graphic artist, poet, and advisor.&lt;/ex&gt;&lt;/def-root&gt;</definition>
        <semType name="Duration" ID="142"/>
    </FE>
    <FE bgColor="0000FF" fgColor="FFFFFF" coreType="Core" cBy="JKR" cDate="06/30/2005 12:21:19 PDT Thu" abbrev="Activity" name="Activity" ID="8371">
        <definition>&lt;def-root&gt;This FE identifies the name of the ongoing &lt;fen&gt;Activity&lt;/fen&gt; in which an &lt;fen&gt;Agent&lt;/fen&gt; engages.

&lt;ex&gt;He is always &lt;t&gt;active&lt;/t&gt; &lt;fex name="Activity"&gt;demolishing the painted figures of men's faith&lt;/fex&gt; and then is astonished to find the faith still there clothed in new figure.&lt;/ex&gt;&lt;/def-root&gt;</definition>
        <excludesFE name="Role" ID="8381"/>
    </FE>
    <FE bgColor="008000" fgColor="FFFFFF" coreType="Peripheral" cBy="JKR" cDate="06/30/2005 12:21:19 PDT Thu" abbrev="Place" name="Place" ID="8372">
        <definition>&lt;def-root&gt;This FE identifies the &lt;fen&gt;Place&lt;/fen&gt; where the  &lt;fen&gt;Activity&lt;/fen&gt; is pursued.

&lt;ex&gt;He is retired from Whirlpool Corp. in Clyde and is &lt;t&gt;active&lt;/t&gt; &lt;fex name="Place"&gt;at the YMCA&lt;/fex&gt;. &lt;/ex&gt;&lt;/def-root&gt;</definition>
        <semType name="Locative_relation" ID="182"/>
    </FE>
    <FE bgColor="800080" fgColor="FFFFFF" coreType="Peripheral" cBy="JKR" cDate="06/30/2005 12:21:19 PDT Thu" abbrev="pur" name="Purpose" ID="8373">
        <definition>&lt;def-root&gt;This FE identifies the &lt;fen&gt;Purpose&lt;/fen&gt; for which an &lt;fen&gt;Agent&lt;/fen&gt; is engaged in an ongoing &lt;fen&gt;Activity&lt;/fen&gt;.

&lt;ex&gt;Throughout her life, Bertha was &lt;t&gt;active&lt;/t&gt; in civic organizations &lt;fex name="pur"&gt;in order to establish chiropractics in the public eye&lt;/fex&gt;.&lt;/ex&gt;&lt;/def-root&gt;</definition>
        <semType name="State_of_affairs" ID="177"/>
    </FE>
    <FE bgColor="FFA500" fgColor="FFFFFF" coreType="Peripheral" cBy="JKR" cDate="06/30/2005 12:21:19 PDT Thu" abbrev="Time" name="Time" ID="8374">
        <definition>&lt;def-root&gt;This FE identifies the &lt;fen&gt;Time&lt;/fen&gt; when the &lt;fen&gt;Activity&lt;/fen&gt; is pursued.

&lt;ex&gt;Commercial selling was &lt;t&gt;active&lt;/t&gt; &lt;fex name="Time"&gt;yesterday&lt;/fex&gt; but a lack of interest allowed the market to push sharply higher into the mid-session.&lt;/ex&gt;&lt;/def-root&gt;</definition>
        <semType name="Time" ID="141"/>
    </FE>
    <FE bgColor="FF00FF" fgColor="FFFFFF" coreType="Peripheral" cBy="JKR" cDate="06/30/2005 12:21:19 PDT Thu" abbrev="Manr" name="Manner" ID="8376">
        <definition>&lt;def-root&gt;Any description of the &lt;fen&gt;Activity&lt;/fen&gt; which is not covered by more specific FEs, including epistemic modification (&lt;ment&gt;probably&lt;/ment&gt;, &lt;ment&gt;presumably&lt;/ment&gt;, &lt;ment&gt;mysteriously&lt;/ment&gt;), and general descriptions comparing events (&lt;ment&gt;the same way&lt;/ment&gt;). It may indicate salient characteristics of an &lt;fen&gt;Agent&lt;/fen&gt; that  affect the action (&lt;ment&gt;presumptuously&lt;/ment&gt;, &lt;ment&gt;deliberately&lt;/ment&gt;). 

&lt;ex&gt;The Government was &lt;fex name="Manner"&gt;deliberately&lt;/fex&gt; &lt;t&gt;inactive&lt;/t&gt; in respect of Maori. language teacher training and teaching.&lt;/ex&gt;

&lt;/def-root&gt;</definition>
        <semType name="Manner" ID="173"/>
    </FE>
    <FE bgColor="FF0000" fgColor="FFFFFF" coreType="Core" cBy="JKR" cDate="06/30/2005 12:21:19 PDT Thu" abbrev="Agent" name="Agent" ID="8379">
        <definition>&lt;def-root&gt;The &lt;fen&gt;Agent&lt;/fen&gt; engages in an ongoing &lt;fen&gt;Activity&lt;/fen&gt;.


&lt;ex&gt;&lt;fex name="Agent"&gt;He&lt;/fex&gt; &lt;m&gt;was&lt;/m&gt; &lt;t&gt;active&lt;/t&gt; for six decades as a painter, graphic designer and theorist of art and design.&lt;/ex&gt;&lt;/def-root&gt;</definition>
        <semType name="Sentient" ID="5"/>
    </FE>
    <FE bgColor="1E90FF" fgColor="FFFFFF" coreType="Core" cBy="JKR" cDate="06/30/2005 12:55:43 PDT Thu" abbrev="sal" name="Salient_entity" ID="8380">
        <definition>&lt;def-root&gt;An entity acted upon by the &lt;fen&gt;Agent&lt;/fen&gt;.

&lt;ex&gt;&lt;fex name="sal"&gt;As many as 324 companies' stocks&lt;/fex&gt; were &lt;t&gt;active&lt;/t&gt; across the board.&lt;/ex&gt;&lt;/def-root&gt;</definition>
        <excludesFE name="Agent" ID="8379"/>
    </FE>
    <FE bgColor="9400D3" fgColor="FFFFFF" coreType="Core" cBy="JKR" cDate="06/30/2005 01:18:30 PDT Thu" abbrev="rol" name="Role" ID="8381">
        <definition>&lt;def-root&gt;This FE identifies the role filled by the &lt;fen&gt;Agent&lt;/fen&gt; which is saliently associated with an &lt;fen&gt;Activity&lt;/fen&gt;.

&lt;ex&gt;Jacques Fuller has been &lt;t&gt;active&lt;/t&gt; &lt;fex name="rol"&gt;as a sculptor&lt;/fex&gt; in Bloemfontein for almost two decades.&lt;/ex&gt;&lt;/def-root&gt;</definition>
    </FE>
    <FE bgColor="808080" fgColor="FFFFFF" coreType="Peripheral" cBy="RLG" cDate="12/05/2005 03:44:52 PST Mon" abbrev="deg" name="Degree" ID="9561">
        <definition>&lt;def-root&gt;The &lt;fen&gt;Degree&lt;/fen&gt; to which the &lt;fen&gt;Agent&lt;/fen&gt; or &lt;fen&gt;Salient_entity&lt;/fen&gt; is active.

&lt;ex&gt;Mick was an &lt;fex name="Degree"&gt;extremely&lt;/fex&gt; &lt;t&gt;active&lt;/t&gt; volunteer for the Air Force IT Day committee.&lt;/ex&gt;&lt;/def-root&gt;</definition>
        <semType name="Degree" ID="172"/>
    </FE>
    <FE bgColor="FFFF00" fgColor="000000" coreType="Extra-Thematic" cBy="KmG" cDate="05/19/2006 04:45:34 PDT Fri" abbrev="Eve" name="Event_description" ID="10095">
        <definition>&lt;def-root&gt;In general, this FE is used for phrases that describe the clause of the target as a whole. There are two somewhat distinct subgroups of sentence modifiers that cover this function.&lt;/def-root&gt;</definition>
    </FE>
    <FE bgColor="7CCD73" fgColor="000000" coreType="Extra-Thematic" cBy="KmG" cDate="05/19/2006 04:46:16 PDT Fri" abbrev="Fre" name="Frequency" ID="10096">
        <definition>&lt;def-root&gt;This frame element is defined as the number of times an event occurs per some unit of time. A Frequency expression answers the question how often. It is to be distinguished from &lt;fex name="Iterations"&gt;Iterations&lt;/fex&gt;, which pertains simply to the number of times an event occurs-Iteration expressions answer the question how many times. &lt;/def-root&gt;</definition>
    </FE>
    <FE bgColor="EEE8AA" fgColor="000000" coreType="Extra-Thematic" cBy="KmG" cDate="05/19/2006 04:46:46 PDT Fri" abbrev="Dep" name="Depictive" ID="10097">
        <definition>&lt;def-root&gt;This FE describes a participant of the state of affairs introduced by the target as being in some state during the action. The depicted state does not necessarily or usually facilitate or cause the state of affairs reported by the target. &lt;/def-root&gt;</definition>
    </FE>
    <FE bgColor="d0d0d0" fgColor="000000" coreType="Extra-Thematic" cBy="KmG" cDate="05/19/2006 04:50:23 PDT Fri" abbrev="Cir" name="Circumstances" ID="10098">
        <definition>&lt;def-root&gt;Circumstances describe the state of the world (at a particular time and place) which is specifically independent of the event itself and any of its participants. &lt;/def-root&gt;</definition>
    </FE>
    <FE bgColor="90876C" fgColor="FFFFFF" coreType="Extra-Thematic" cBy="KmG" cDate="05/19/2006 04:54:40 PDT Fri" abbrev="Exp" name="Explanation" ID="10099">
        <definition>&lt;def-root&gt;The &lt;fen&gt;Explanation&lt;/fen&gt; denotes a proposition from which the main clause (headed by the target) logically follows. This often means that the &lt;fen&gt;Explanation&lt;/fen&gt; causes the target's proposition, but not in all cases. &lt;/def-root&gt;</definition>
        <semType name="State_of_affairs" ID="177"/>
    </FE>
    <FE bgColor="FF69B4" fgColor="000000" coreType="Extra-Thematic" cBy="KmG" cDate="05/22/2006 09:51:49 PDT Mon" abbrev="Iter" name="Iterations" ID="10100">
        <definition>&lt;def-root&gt;The frame element &lt;fex name="Iterations"&gt;Iterations&lt;/fex&gt; is used for expressions that indicate the number of times an event or state (of the kind denoted by the target in its clause) has taken place or held.&lt;/def-root&gt;</definition>
    </FE>
    <frameRelation type="Inherits from">
        <relatedFrame ID="1015">Gradable_attributes</relatedFrame>
    </frameRelation>
    <frameRelation type="Is Inherited by"/>
    <frameRelation type="Perspective on"/>
    <frameRelation type="Is Perspectivized in"/>
    <frameRelation type="Uses">
        <relatedFrame ID="164">Activity_ongoing</relatedFrame>
    </frameRelation>
    <frameRelation type="Is Used by"/>
    <frameRelation type="Subframe of"/>
    <frameRelation type="Has Subframe(s)"/>
    <frameRelation type="Precedes"/>
    <frameRelation type="Is Preceded by"/>
    <frameRelation type="Is Inchoative of"/>
    <frameRelation type="Is Causative of"/>
    <frameRelation type="See also"/>
    <lexUnit status="Finished_Initial" POS="A" name="active.a" ID="12370" lemmaID="412" cBy="JKR" cDate="06/30/2005 01:23:51 PDT Thu">
        <definition>FN: participating vigorously in a particular sphere or activity.</definition>
        <sentenceCount annotated="62" total="429"/>
        <lexeme order="1" headword="false" breakBefore="false" POS="A" name="active"/>
    </lexUnit>
    <lexUnit status="Created" POS="A" name="inactive.a" ID="12371" lemmaID="19309" cBy="JKR" cDate="06/30/2005 01:24:01 PDT Thu">
        <definition>FN: not participating vigorously in a particular sphere or activity.</definition>
        <sentenceCount annotated="0" total="0"/>
        <lexeme order="1" headword="false" breakBefore="false" POS="A" name="inactive"/>
        <semType name="Negative" ID="99"/>
    </lexUnit>
    <lexUnit status="Created" POS="ADV" name="actively.adv" ID="16799" lemmaID="414" cBy="RLG" cDate="11/28/2011 09:47:30 PST Mon">
        <definition>FN: in a way characterized by vigorous or energetic work.</definition>
        <sentenceCount annotated="0" total="0"/>
        <lexeme order="1" headword="false" breakBefore="false" POS="ADV" name="actively"/>
    </lexUnit>
</frame>