<?xml version="1.0" encoding="UTF-8" standalone="yes"?>
<?xml-stylesheet type="text/xsl" href="frame.xsl"?>
<frame cBy="RLG" cDate="11/08/2006 10:44:46 PST Wed" name="Being_included" ID="1822" xsi:schemaLocation="../schema/frame.xsd" xmlns="http://framenet.icsi.berkeley.edu" xmlns:xsi="http://www.w3.org/2001/XMLSchema-instance">
    <definition>&lt;def-root&gt;A &lt;fen&gt;Part&lt;/fen&gt; is profiled as being a subset or constituent subpart of a &lt;fen&gt;Whole&lt;/fen&gt;. This is in contrast to Inclusion frame, wherein the same relation is seen from the point of view of the &lt;fen&gt;Whole&lt;/fen&gt;.&lt;/def-root&gt;</definition>
    <semType name="Non-Lexical Frame" ID="16"/>
    <FE bgColor="FF0000" fgColor="FFFFFF" coreType="Core" cBy="RLG" cDate="11/08/2006 10:44:46 PST Wed" abbrev="who" name="Whole" ID="10785">
        <definition>&lt;def-root&gt;The &lt;fen&gt;Whole&lt;/fen&gt; is the larger entity that includes the &lt;fen&gt;Part&lt;/fen&gt;.&lt;/def-root&gt;</definition>
    </FE>
    <FE bgColor="0000FF" fgColor="FFFFFF" coreType="Core" cBy="RLG" cDate="11/08/2006 10:44:46 PST Wed" abbrev="par" name="Part" ID="10786">
        <definition>&lt;def-root&gt;The &lt;fen&gt;Part&lt;/fen&gt; is either a subset or a constituent part of the &lt;fen&gt;Whole&lt;/fen&gt;.&lt;/def-root&gt;</definition>
    </FE>
    <frameRelation type="Inherits from"/>
    <frameRelation type="Is Inherited by">
        <relatedFrame ID="1818">Be_subset_of</relatedFrame>
        <relatedFrame ID="142">Part_piece</relatedFrame>
    </frameRelation>
    <frameRelation type="Perspective on">
        <relatedFrame ID="1821">Inclusion_scenario</relatedFrame>
    </frameRelation>
    <frameRelation type="Is Perspectivized in"/>
    <frameRelation type="Uses"/>
    <frameRelation type="Is Used by"/>
    <frameRelation type="Subframe of"/>
    <frameRelation type="Has Subframe(s)"/>
    <frameRelation type="Precedes"/>
    <frameRelation type="Is Preceded by"/>
    <frameRelation type="Is Inchoative of"/>
    <frameRelation type="Is Causative of"/>
    <frameRelation type="See also"/>
</frame>