<?xml version="1.0" encoding="UTF-8" standalone="yes"?>
<?xml-stylesheet type="text/xsl" href="frame.xsl"?>
<frame cBy="JKR" cDate="07/08/2004 05:27:51 PDT Thu" name="Being_obligatory" ID="1164" xsi:schemaLocation="../schema/frame.xsd" xmlns="http://framenet.icsi.berkeley.edu" xmlns:xsi="http://www.w3.org/2001/XMLSchema-instance">
    <definition>&lt;def-root&gt;Under some &lt;fen&gt;Condition&lt;/fen&gt;, usually left implicit, a &lt;fen&gt;Duty&lt;/fen&gt; needs to be fulfilled by a 
&lt;fen&gt;Responsible_party&lt;/fen&gt;. If the &lt;fen&gt;Duty&lt;/fen&gt; is not performed, there may be some undesirable &lt;fen&gt;Consequence&lt;/fen&gt; for the &lt;fen&gt;Responsible_party&lt;/fen&gt;, which may or may not be stated overtly.
Compare this frame to the Being_obligated frame.



&lt;ex&gt;It would &lt;t&gt;behoove&lt;/t&gt; &lt;fex name="res"&gt;us&lt;/fex&gt; &lt;fex name="dut"&gt;to comprehend and personalize what Jesus had to tell his disciples&lt;/fex&gt;&lt;/ex&gt;

&lt;ex&gt;Fressed too much at the &lt;t&gt;obligatory&lt;/t&gt; &lt;fex name="dut"&gt;BBQ&lt;/fex&gt;. &lt;fex name="res"&gt;INI&lt;/fex&gt;&lt;/ex&gt;

&lt;ex&gt;When I was in HS, &lt;fex name="dut"&gt;marching band&lt;/fex&gt; &lt;m&gt;was&lt;/m&gt; &lt;t&gt;mandatory&lt;/t&gt; in order to participate in any of the other ensembles &lt;fex name="res"&gt;INI&lt;/fex&gt;&lt;/ex&gt;

&lt;ex&gt;Should &lt;fex name="dut"&gt;insurance&lt;/fex&gt; &lt;m&gt;be&lt;/m&gt; &lt;t&gt;compulsory&lt;/t&gt;?&lt;/ex&gt;&lt;/def-root&gt;</definition>
    <FE bgColor="800080" fgColor="FFFFFF" coreType="Extra-Thematic" cBy="JKR" cDate="07/08/2004 05:28:22 PDT Thu" abbrev="cond" name="Condition" ID="6771">
        <definition>&lt;def-root&gt;This FE indicates the &lt;fen&gt;Condition&lt;/fen&gt; under which the  &lt;fen&gt;Duty&lt;/fen&gt; is required of the &lt;fen&gt;Responsible_party&lt;/fen&gt;.

&lt;ex&gt;The use of a spirometer is &lt;t&gt;mandatory&lt;/t&gt; &lt;fex name="Condition"&gt;if early stages of chronic obstructive lung disease are to be detected&lt;/fex&gt;.&lt;/ex&gt;&lt;/def-root&gt;</definition>
    </FE>
    <FE bgColor="FFA500" fgColor="FFFFFF" coreType="Peripheral" cBy="JKR" cDate="07/08/2004 05:29:23 PDT Thu" abbrev="cons" name="Consequence" ID="6772">
        <definition>&lt;def-root&gt;The &lt;fen&gt;Consequence&lt;/fen&gt; will result if the &lt;fen&gt;Duty&lt;/fen&gt; is not performed.

&lt;ex&gt;Attendance of the 341 meeting of creditors is &lt;t&gt;mandatory&lt;/t&gt; &lt;fex name="cons"&gt;or you will not receive your discharge&lt;/fex&gt;.&lt;/ex&gt;&lt;/def-root&gt;</definition>
    </FE>
    <FE bgColor="FF0000" fgColor="FFFFFF" coreType="Core" cBy="JKR" cDate="07/08/2004 05:32:48 PDT Thu" abbrev="dut" name="Duty" ID="6773">
        <definition>&lt;def-root&gt;The action that the &lt;fen&gt;Responsible_party&lt;/fen&gt; is obligated to perform.


&lt;ex&gt;&lt;fex name="dut"&gt;Getting a shot against yellow fever&lt;/fex&gt; is &lt;t&gt;obligatory&lt;/t&gt; for travellers to Benin. &lt;/ex&gt;&lt;/def-root&gt;</definition>
    </FE>
    <FE bgColor="008000" fgColor="FFFFFF" coreType="Core" cBy="JKR" cDate="07/08/2004 05:34:26 PDT Thu" abbrev="res" name="Responsible_party" ID="6774">
        <definition>&lt;def-root&gt;The person who must perform the &lt;fen&gt;Duty&lt;/fen&gt;.

&lt;ex&gt;The use of TM software is &lt;t&gt;obligatory&lt;/t&gt; &lt;fex name="res"&gt;for every freelance translator working on projects for our company&lt;/fex&gt;.&lt;/ex&gt;&lt;/def-root&gt;</definition>
    </FE>
    <FE bgColor="0000FF" fgColor="FFFFFF" coreType="Peripheral" cBy="JKR" cDate="07/21/2004 05:35:38 PDT Wed" abbrev="tim" name="Time" ID="6975">
        <definition>&lt;def-root&gt;The time interval during which the &lt;fen&gt;Duty&lt;/fen&gt; is mandatory.

&lt;ex&gt;&lt;fex name="tim"&gt;These days&lt;/fex&gt;, wearing a seat-belt is &lt;t&gt;mandatory&lt;/t&gt;.&lt;/ex&gt;&lt;/def-root&gt;</definition>
        <semType name="Time" ID="141"/>
    </FE>
    <FE bgColor="FF00FF" fgColor="FFFFFF" coreType="Peripheral" cBy="JKR" cDate="10/04/2004 06:38:03 PDT Mon" abbrev="pla" name="Place" ID="7163">
        <definition>&lt;def-root&gt;A location in which the &lt;fen&gt;Duty&lt;/fen&gt;  obtains.

&lt;ex&gt;Gymnasium is not &lt;t&gt;obligatory&lt;/t&gt; &lt;fex name="pla"&gt;in Sweden&lt;/fex&gt;, but nearly everyone attends gymnasium&lt;/ex&gt;&lt;/def-root&gt;</definition>
        <semType name="Locative_relation" ID="182"/>
    </FE>
    <FE bgColor="A9A9A9" fgColor="FFFFFF" coreType="Peripheral" cBy="MJE" cDate="06/10/2005 02:59:53 PDT Fri" abbrev="pur" name="Purpose" ID="8146">
        <definition>&lt;def-root&gt;The positive consequence of the &lt;fen&gt;Duty&lt;/fen&gt; being fulfilled.

&lt;ex&gt;Not acting as a savior is compulsory &lt;fex name="pur"&gt;to avoid misunderstanding and loss of confidence in partnership, which many American investors, particularly African Americans, may experience&lt;/fex&gt;.&lt;/ex&gt;&lt;/def-root&gt;</definition>
        <semType name="State_of_affairs" ID="177"/>
    </FE>
    <FE bgColor="90876C" fgColor="FFFFFF" coreType="Extra-Thematic" cBy="MJE" cDate="06/10/2005 03:07:02 PDT Fri" abbrev="exp" name="Explanation" ID="8147">
        <definition>&lt;def-root&gt;The reason why the &lt;fen&gt;Duty&lt;/fen&gt; is necessary for the &lt;fen&gt;Responsible_party&lt;/fen&gt;. 

&lt;ex&gt;Rigorous posttreatment follow-up is &lt;t&gt;mandatory&lt;/t&gt;, &lt;fex name="exp"&gt;because long-term recurrence rates after treatment of melanoma in situ with imiquimod are yet unknown&lt;/fex&gt;. &lt;/ex&gt;
&lt;/def-root&gt;</definition>
        <semType name="State_of_affairs" ID="177"/>
    </FE>
    <frameRelation type="Inherits from"/>
    <frameRelation type="Is Inherited by"/>
    <frameRelation type="Perspective on">
        <relatedFrame ID="1493">Obligation_scenario</relatedFrame>
    </frameRelation>
    <frameRelation type="Is Perspectivized in"/>
    <frameRelation type="Uses"/>
    <frameRelation type="Is Used by"/>
    <frameRelation type="Subframe of"/>
    <frameRelation type="Has Subframe(s)"/>
    <frameRelation type="Precedes"/>
    <frameRelation type="Is Preceded by"/>
    <frameRelation type="Is Inchoative of"/>
    <frameRelation type="Is Causative of"/>
    <frameRelation type="See also"/>
    <lexUnit status="Finished_Initial" POS="A" name="mandatory.a" ID="10770" lemmaID="23330" cBy="JKR" cDate="07/08/2004 06:40:03 PDT Thu">
        <definition>COD: required by law or mandate; compulsory</definition>
        <sentenceCount annotated="42" total="195"/>
        <lexeme order="1" headword="false" breakBefore="false" POS="A" name="mandatory"/>
    </lexUnit>
    <lexUnit status="Finished_Initial" POS="A" name="compulsory.a" ID="10771" lemmaID="7560" cBy="JKR" cDate="07/08/2004 06:40:56 PDT Thu">
        <definition>COD: required by law or rule; obligatory</definition>
        <sentenceCount annotated="87" total="228"/>
        <lexeme order="1" headword="false" breakBefore="false" POS="A" name="compulsory"/>
    </lexUnit>
    <lexUnit status="Finished_Initial" POS="A" name="obligatory.a" ID="10772" lemmaID="26390" cBy="JKR" cDate="07/08/2004 06:41:41 PDT Thu">
        <definition>COD: compulsory</definition>
        <sentenceCount annotated="26" total="366"/>
        <lexeme order="1" headword="false" breakBefore="false" POS="A" name="obligatory"/>
    </lexUnit>
    <lexUnit status="Finished_Initial" POS="A" name="incumbent.a" ID="10773" lemmaID="19556" cBy="JKR" cDate="07/08/2004 06:43:09 PDT Thu">
        <definition>COD: necessary for (someone) as duty or responsibility</definition>
        <sentenceCount annotated="12" total="68"/>
        <lexeme order="1" headword="false" breakBefore="false" POS="A" name="incumbent"/>
    </lexUnit>
    <lexUnit status="Insufficient_Attestations" POS="V" name="behoove.v" ID="10774" lemmaID="3267" cBy="JKR" cDate="07/08/2004 06:51:27 PDT Thu">
        <definition>FN: to be necessary for</definition>
        <sentenceCount annotated="0" total="0"/>
        <lexeme order="1" headword="false" breakBefore="false" POS="V" name="behoove"/>
    </lexUnit>
    <lexUnit status="Created" POS="A" name="binding.a" ID="15551" lemmaID="3614" cBy="AnW" cDate="10/29/2009 04:22:30 PDT Thu">
        <definition>COD: (of an agreement) involving a contractual obligation</definition>
        <sentenceCount annotated="0" total="0"/>
        <lexeme order="1" headword="false" breakBefore="false" POS="A" name="binding"/>
    </lexUnit>
    <lexUnit status="Created" POS="A" name="voluntary.a" ID="17510" lemmaID="43234" cBy="MJE" cDate="06/27/2014 06:08:08 PDT Fri">
        <definition>FN: non-compulsory.</definition>
        <sentenceCount annotated="0" total="0"/>
        <lexeme order="1" headword="false" breakBefore="false" POS="A" name="voluntary"/>
        <semType name="Negative" ID="99"/>
    </lexUnit>
</frame>