<?xml version="1.0" encoding="UTF-8" standalone="yes"?>
<?xml-stylesheet type="text/xsl" href="frame.xsl"?>
<frame cBy="JKR" cDate="09/13/2001 03:08:25 PDT Thu" name="Being_named" ID="228" xsi:schemaLocation="../schema/frame.xsd" xmlns="http://framenet.icsi.berkeley.edu" xmlns:xsi="http://www.w3.org/2001/XMLSchema-instance">
    <definition>&lt;def-root&gt;This frame concerns entities conventionally being referred to by particular names.

&lt;ex&gt;&lt;fex name="Entity"&gt;Her&lt;/fex&gt; &lt;t&gt;name&lt;/t&gt; &lt;m&gt;was&lt;/m&gt; &lt;fex name="Name"&gt;Lola&lt;/fex&gt;.&lt;/ex&gt;
&lt;/def-root&gt;</definition>
    <FE bgColor="0000FF" fgColor="FFFFFF" coreType="Core" cBy="JKR" cDate="09/13/2001 03:16:58 PDT Thu" abbrev="Name" name="Name" ID="1858">
        <definition>&lt;def-root&gt;&lt;fen&gt;Name&lt;/fen&gt; identifies the linguistic expression used to refer to Entities.

&lt;ex&gt;My &lt;t&gt;name&lt;/t&gt; is &lt;fex name="Name"&gt;Bond&lt;/fex&gt;.&lt;/ex&gt;&lt;/def-root&gt;</definition>
    </FE>
    <FE bgColor="9F79EE" fgColor="FFFFFF" coreType="Core" cBy="JKR" cDate="09/13/2001 03:18:36 PDT Thu" abbrev="Entity" name="Entity" ID="1859">
        <definition>&lt;def-root&gt;The &lt;fen&gt;Entity&lt;/fen&gt; is the person the speaker intends to refer to by using a particular name.

&lt;ex&gt;&lt;fex name="Entity"&gt;You&lt;/fex&gt; have an unusual &lt;t&gt;surname&lt;/t&gt;.&lt;/ex&gt;&lt;/def-root&gt;</definition>
    </FE>
    <FE bgColor="008000" fgColor="FFFFFF" coreType="Peripheral" cBy="JKR" cDate="09/13/2001 05:14:18 PDT Thu" abbrev="Lang" name="Language" ID="1868">
        <definition>&lt;def-root&gt;&lt;fen&gt;Language&lt;/fen&gt; is used for a person or thing to whose name the &lt;fen&gt;Name&lt;/fen&gt; of the &lt;fen&gt;Entity&lt;/fen&gt; is taken or in honor of.

&lt;ex&gt;&lt;fex name="Lang"&gt;Spanish and Indian&lt;/fex&gt; &lt;t&gt;names&lt;/t&gt; were precedents to other non-English-sounding names.&lt;/ex&gt;&lt;/def-root&gt;</definition>
    </FE>
    <FE bgColor="800080" fgColor="FFFFFF" coreType="Peripheral" cBy="MJE" cDate="12/14/2001 10:41:57 PST Fri" abbrev="Type" name="Type" ID="2163">
        <definition>&lt;def-root&gt;The FE &lt;fen&gt;Type&lt;/fen&gt; denotes sub-type of names.

&lt;ex&gt;My &lt;fex name="Type"&gt;given&lt;/fex&gt; &lt;t&gt;name&lt;/t&gt; used to be John.&lt;/ex&gt;&lt;/def-root&gt;</definition>
    </FE>
    <FE bgColor="FFA500" fgColor="000000" coreType="Extra-Thematic" cBy="PKe" cDate="01/18/2012 05:03:29 PST Wed" abbrev="des" name="Descriptor" ID="15409">
        <definition>&lt;def-root&gt;Describes the &lt;fen&gt;Name&lt;/fen&gt; in some manner.

&lt;ex&gt;&lt;fex name="Entity"&gt;His&lt;/fex&gt; &lt;fex name="Descriptor"&gt;favorite&lt;/fex&gt; &lt;t&gt;nickname&lt;/t&gt; is &lt;fex name="Name"&gt;'The Dark Knight'&lt;/fex&gt;.&lt;/ex&gt;&lt;/def-root&gt;</definition>
    </FE>
    <FE bgColor="FFFF00" fgColor="000000" coreType="Peripheral" cBy="PKe" cDate="02/01/2012 12:02:24 PST Wed" abbrev="con" name="Context" ID="15430">
        <definition>&lt;def-root&gt;The context is the region or domain in which the name applies.

&lt;ex&gt;The &lt;fex name="con"&gt;Spanish&lt;/fex&gt; &lt;t&gt;name&lt;/t&gt; &lt;fex name="Name"&gt;'Juan'&lt;/fex&gt; begins with an English 'w'.&lt;/ex&gt;&lt;/def-root&gt;</definition>
    </FE>
    <FE bgColor="2E8B57" fgColor="000000" coreType="Extra-Thematic" cBy="PKe" cDate="02/01/2012 12:10:51 PST Wed" abbrev="ent" name="Etymological_root" ID="15431">
        <definition>&lt;def-root&gt;The source language or inspiration for the Name.

&lt;ex&gt;&lt;fex name="Entity"&gt;His&lt;/fex&gt; &lt;t&gt;name&lt;/t&gt; &lt;fex name="Context"&gt;in Spanish&lt;/fex&gt; is &lt;fex name="Name"&gt;'Santiago'&lt;/fex&gt;, &lt;fex name="ent"&gt;from the Latin&lt;/fex&gt;.&lt;/ex&gt;
&lt;/def-root&gt;</definition>
    </FE>
    <frameRelation type="Inherits from"/>
    <frameRelation type="Is Inherited by">
        <relatedFrame ID="2390">Appellations</relatedFrame>
    </frameRelation>
    <frameRelation type="Perspective on"/>
    <frameRelation type="Is Perspectivized in"/>
    <frameRelation type="Uses"/>
    <frameRelation type="Is Used by">
        <relatedFrame ID="1252">Namesake</relatedFrame>
        <relatedFrame ID="1253">Referring_by_name</relatedFrame>
    </frameRelation>
    <frameRelation type="Subframe of"/>
    <frameRelation type="Has Subframe(s)"/>
    <frameRelation type="Precedes"/>
    <frameRelation type="Is Preceded by"/>
    <frameRelation type="Is Inchoative of"/>
    <frameRelation type="Is Causative of"/>
    <frameRelation type="See also"/>
    <lexUnit status="Finished_Initial" POS="N" name="pseudonym.n" ID="3930" lemmaID="30985" cBy="JKR" cDate="09/13/2001 04:03:17 PDT Thu">
        <definition>COD: a fictitious name, especially one used by an author</definition>
        <sentenceCount annotated="12" total="75"/>
        <lexeme order="1" headword="false" breakBefore="false" POS="N" name="pseudonym"/>
    </lexUnit>
    <lexUnit status="Finished_Initial" POS="N" name="name.n" ID="3931" lemmaID="25401" cBy="JKR" cDate="09/13/2001 04:04:15 PDT Thu">
        <definition>COD: a word or set of words by which someone or something is known, addressed, or referred to</definition>
        <sentenceCount annotated="103" total="341"/>
        <lexeme order="1" headword="false" breakBefore="false" POS="N" name="name"/>
    </lexUnit>
    <lexUnit status="Finished_Initial" POS="N" name="nickname.n" ID="3932" lemmaID="25817" cBy="JKR" cDate="09/13/2001 04:06:35 PDT Thu">
        <definition>COD: a familiar or humorous name for a person or thing</definition>
        <sentenceCount annotated="21" total="142"/>
        <lexeme order="1" headword="false" breakBefore="false" POS="N" name="nickname"/>
    </lexUnit>
    <lexUnit status="Finished_Initial" POS="N" name="surname.n" ID="3933" lemmaID="38987" cBy="JKR" cDate="09/13/2001 04:08:06 PDT Thu">
        <definition>COD: a hereditary name common to all members of a family, as distinct from a forename</definition>
        <sentenceCount annotated="14" total="105"/>
        <lexeme order="1" headword="false" breakBefore="false" POS="N" name="surname"/>
    </lexUnit>
    <lexUnit status="Finished_Initial" POS="N" name="forename.n" ID="3934" lemmaID="15074" cBy="JKR" cDate="09/13/2001 04:08:45 PDT Thu">
        <definition>COD: another term for first name</definition>
        <sentenceCount annotated="4" total="16"/>
        <lexeme order="1" headword="false" breakBefore="false" POS="N" name="forename"/>
    </lexUnit>
    <lexUnit status="Finished_Initial" POS="N" name="maiden name.n" ID="3935" lemmaID="45166" cBy="JKR" cDate="09/13/2001 04:10:02 PDT Thu">
        <definition>COD: the surname that a married woman used before she was married. </definition>
        <sentenceCount annotated="6" total="43"/>
        <lexeme order="1" headword="false" breakBefore="false" POS="N" name="maiden"/>
        <lexeme order="2" headword="true" breakBefore="false" POS="N" name="name"/>
    </lexUnit>
    <lexUnit status="Finished_Initial" POS="N" name="Christian name.n" ID="3936" lemmaID="45167" cBy="JKR" cDate="09/13/2001 04:11:59 PDT Thu">
        <definition>FN: a name conferred on a person at baptism or confirmation</definition>
        <sentenceCount annotated="8" total="110"/>
        <lexeme order="1" headword="false" breakBefore="false" POS="N" name="Christian"/>
        <lexeme order="2" headword="true" breakBefore="false" POS="N" name="name"/>
    </lexUnit>
    <lexUnit status="Finished_Initial" POS="N" name="family name.n" ID="3937" lemmaID="45168" cBy="JKR" cDate="09/13/2001 04:13:41 PDT Thu">
        <definition>COD:  a surname</definition>
        <sentenceCount annotated="7" total="74"/>
        <lexeme order="1" headword="false" breakBefore="false" POS="N" name="family"/>
        <lexeme order="2" headword="true" breakBefore="false" POS="N" name="name"/>
    </lexUnit>
    <lexUnit status="Insufficient_Attestations" POS="N" name="nom de plume.n" ID="3938" lemmaID="45169" cBy="JKR" cDate="09/13/2001 04:15:55 PDT Thu">
        <definition>COD: a pen name</definition>
        <sentenceCount annotated="0" total="0"/>
        <lexeme order="1" headword="false" breakBefore="false" POS="N" name="nom de plume"/>
    </lexUnit>
    <lexUnit status="Insufficient_Attestations" POS="N" name="nom de guerre.n" ID="3939" lemmaID="45170" cBy="JKR" cDate="09/13/2001 04:17:44 PDT Thu">
        <definition>COD: an assumed name under which a person engages in combat. </definition>
        <sentenceCount annotated="0" total="0"/>
        <lexeme order="1" headword="false" breakBefore="false" POS="N" name="nom de guerre"/>
    </lexUnit>
    <lexUnit status="Finished_Initial" POS="N" name="moniker.n" ID="3941" lemmaID="45171" cBy="JKR" cDate="09/13/2001 04:49:37 PDT Thu">
        <definition>COD: a name. </definition>
        <sentenceCount annotated="6" total="15"/>
        <lexeme order="1" headword="false" breakBefore="false" POS="N" name="moniker"/>
    </lexUnit>
    <lexUnit status="Finished_Initial" POS="N" name="pen name.n" ID="3942" lemmaID="45172" cBy="JKR" cDate="09/13/2001 05:03:04 PDT Thu">
        <definition>COD: a literary pseudonym.</definition>
        <sentenceCount annotated="13" total="44"/>
        <lexeme order="1" headword="false" breakBefore="false" POS="N" name="pen"/>
        <lexeme order="2" headword="true" breakBefore="false" POS="N" name="name"/>
    </lexUnit>
    <lexUnit status="Finished_Initial" POS="N" name="first name.n" ID="3943" lemmaID="45173" cBy="JKR" cDate="09/13/2001 05:16:21 PDT Thu">
        <definition>COD: a personal name given to someone at birth or baptism and used before a family name</definition>
        <sentenceCount annotated="13" total="124"/>
        <lexeme order="1" headword="false" breakBefore="false" POS="A" name="first"/>
        <lexeme order="2" headword="true" breakBefore="false" POS="N" name="name"/>
    </lexUnit>
    <lexUnit status="Finished_Initial" POS="N" name="last name.n" ID="3944" lemmaID="45174" cBy="JKR" cDate="09/13/2001 05:19:33 PDT Thu">
        <definition>COD: one's surname. </definition>
        <sentenceCount annotated="9" total="29"/>
        <lexeme order="1" headword="false" breakBefore="false" POS="A" name="last"/>
        <lexeme order="2" headword="true" breakBefore="false" POS="N" name="name"/>
    </lexUnit>
    <lexUnit status="Finished_Initial" POS="N" name="middle name.n" ID="3945" lemmaID="45175" cBy="JKR" cDate="09/13/2001 05:20:42 PDT Thu">
        <definition>COD: a person's name placed after the first name and before the surname. </definition>
        <sentenceCount annotated="11" total="25"/>
        <lexeme order="1" headword="false" breakBefore="false" POS="A" name="middle"/>
        <lexeme order="2" headword="true" breakBefore="false" POS="N" name="name"/>
    </lexUnit>
    <lexUnit status="Finished_Initial" POS="N" name="stage name.n" ID="5239" lemmaID="45532" cBy="MJE" cDate="03/14/2002 06:51:53 PST Thu">
        <definition>COD: a name assumed for professional purposes by an actor</definition>
        <sentenceCount annotated="4" total="15"/>
        <lexeme order="1" headword="false" breakBefore="false" POS="N" name="stage"/>
        <lexeme order="2" headword="true" breakBefore="false" POS="N" name="name"/>
    </lexUnit>
    <lexUnit status="Finished_Initial" POS="N" name="alias.n" ID="5240" lemmaID="996" cBy="MJE" cDate="03/14/2002 07:12:34 PST Thu">
        <definition>COD:  a false or assumed identity. </definition>
        <sentenceCount annotated="4" total="49"/>
        <lexeme order="1" headword="false" breakBefore="false" POS="N" name="alias"/>
    </lexUnit>
    <lexUnit status="Finished_Initial" POS="N" name="given name.n" ID="5241" lemmaID="45533" cBy="MJE" cDate="03/14/2002 07:14:33 PST Thu">
        <definition>COD: another term for first name.</definition>
        <sentenceCount annotated="6" total="12"/>
        <lexeme order="1" headword="false" breakBefore="false" POS="A" name="given"/>
        <lexeme order="2" headword="true" breakBefore="false" POS="N" name="name"/>
    </lexUnit>
    <lexUnit status="Finished_Initial" POS="A" name="entitled.a" ID="5474" lemmaID="45607" cBy="MJE" cDate="04/10/2002 05:23:30 PDT Wed">
        <definition>FN: named</definition>
        <sentenceCount annotated="10" total="111"/>
        <lexeme order="1" headword="false" breakBefore="false" POS="A" name="entitled"/>
    </lexUnit>
    <lexUnit status="Finished_Initial" POS="A" name="named.a" ID="5544" lemmaID="45619" cBy="MJE" cDate="04/15/2002 02:06:16 PDT Mon">
        <definition>FN: having as name.</definition>
        <sentenceCount annotated="10" total="51"/>
        <lexeme order="1" headword="false" breakBefore="false" POS="A" name="named"/>
    </lexUnit>
    <lexUnit status="Finished_Initial" POS="N" name="codename.n" ID="5549" lemmaID="45622" cBy="MJE" cDate="04/15/2002 03:25:56 PDT Mon">
        <definition>FN: secret name usually given by an official government agency.</definition>
        <sentenceCount annotated="6" total="24"/>
        <lexeme order="1" headword="false" breakBefore="false" POS="N" name="codename"/>
    </lexUnit>
    <lexUnit status="Finished_Initial" POS="A" name="codenamed.a" ID="5550" lemmaID="45623" cBy="MJE" cDate="04/15/2002 03:33:41 PDT Mon">
        <definition>FN: having as codename</definition>
        <sentenceCount annotated="11" total="51"/>
        <lexeme order="1" headword="false" breakBefore="false" POS="A" name="codenamed"/>
    </lexUnit>
    <lexUnit status="Finished_Initial" POS="N" name="pet name.n" ID="7452" lemmaID="46119" cBy="JKR" cDate="09/25/2002 05:10:30 PDT Wed">
        <definition>FN: a term of endearment used to refer to somebody</definition>
        <sentenceCount annotated="5" total="19"/>
        <lexeme order="1" headword="false" breakBefore="false" POS="N" name="pet"/>
        <lexeme order="2" headword="true" breakBefore="false" POS="N" name="name"/>
    </lexUnit>
    <lexUnit status="Insufficient_Attestations" POS="N" name="cognomen.n" ID="7453" lemmaID="7096" cBy="JKR" cDate="09/25/2002 05:22:36 PDT Wed">
        <definition>COD:  an extra personal name given to an ancient Roman citizen, functioning rather like a nickname and often passed down from father to son.  [</definition>
        <sentenceCount annotated="0" total="0"/>
        <lexeme order="1" headword="false" breakBefore="false" POS="N" name="cognomen"/>
    </lexUnit>
    <lexUnit status="Insufficient_Attestations" POS="N" name="agnomen.n" ID="7454" lemmaID="46120" cBy="JKR" cDate="09/25/2002 05:24:50 PDT Wed">
        <definition>FN: an additional cognomen given to a Roman citizen, mostly in recognition of achievement</definition>
        <sentenceCount annotated="0" total="0"/>
        <lexeme order="1" headword="false" breakBefore="false" POS="N" name="agnomen"/>
    </lexUnit>
    <lexUnit status="Insufficient_Attestations" POS="N" name="by-name.n" ID="7455" lemmaID="46121" cBy="JKR" cDate="09/25/2002 05:27:00 PDT Wed">
        <definition>FN: a nickname</definition>
        <sentenceCount annotated="0" total="0"/>
        <lexeme order="1" headword="false" breakBefore="false" POS="N" name="by-name"/>
    </lexUnit>
    <lexUnit status="Insufficient_Attestations" POS="N" name="caconym.n" ID="7456" lemmaID="46122" cBy="JKR" cDate="09/25/2002 05:28:27 PDT Wed">
        <definition>FN: an erroneously given name, especially in a classification system</definition>
        <sentenceCount annotated="0" total="0"/>
        <lexeme order="1" headword="false" breakBefore="false" POS="N" name="caconym"/>
    </lexUnit>
    <lexUnit status="Insufficient_Attestations" POS="N" name="praenomen.n" ID="7457" lemmaID="46123" cBy="JKR" cDate="09/25/2002 05:30:44 PDT Wed">
        <definition>COD:   the first or personal name given to a citizen of ancient Rome</definition>
        <sentenceCount annotated="0" total="0"/>
        <lexeme order="1" headword="false" breakBefore="false" POS="N" name="praenomen"/>
    </lexUnit>
    <lexUnit status="Finished_Initial" POS="N" name="misnomer.n" ID="7459" lemmaID="24539" cBy="JKR" cDate="09/25/2002 05:40:44 PDT Wed">
        <definition>COD:  a wrong or inaccurate name or term</definition>
        <sentenceCount annotated="12" total="61"/>
        <lexeme order="1" headword="false" breakBefore="false" POS="N" name="misnomer"/>
    </lexUnit>
    <lexUnit status="Finished_Initial" POS="N" name="married name.n" ID="7460" lemmaID="46125" cBy="JKR" cDate="09/25/2002 05:45:25 PDT Wed">
        <definition>FN: the name a person acquires as a consequence of getting married</definition>
        <sentenceCount annotated="6" total="17"/>
        <lexeme order="1" headword="false" breakBefore="false" POS="A" name="married"/>
        <lexeme order="2" headword="true" breakBefore="false" POS="N" name="name"/>
    </lexUnit>
    <lexUnit status="Insufficient_Attestations" POS="N" name="allonym.n" ID="7462" lemmaID="46127" cBy="JKR" cDate="09/25/2002 06:14:33 PDT Wed">
        <definition>FN: the name of a person assumed by an author </definition>
        <sentenceCount annotated="0" total="0"/>
        <lexeme order="1" headword="false" breakBefore="false" POS="N" name="allonym"/>
    </lexUnit>
    <lexUnit status="Finished_Initial" POS="N" name="soubriquet.n" ID="7463" lemmaID="37018" cBy="JKR" cDate="09/25/2002 06:18:12 PDT Wed">
        <definition>COD: a person's nickname</definition>
        <sentenceCount annotated="6" total="31"/>
        <lexeme order="1" headword="false" breakBefore="false" POS="N" name="soubriquet"/>
    </lexUnit>
    <lexUnit status="Finished_Initial" POS="A" name="nee.a" ID="7464" lemmaID="46128" cBy="JKR" cDate="09/25/2002 06:22:44 PDT Wed">
        <definition>FN: used to introduce a woman's maiden name</definition>
        <sentenceCount annotated="5" total="23"/>
        <lexeme order="1" headword="false" breakBefore="false" POS="A" name="nee"/>
    </lexUnit>
    <lexUnit status="Finished_Initial" POS="N" name="brand name.n" ID="7467" lemmaID="46129" cBy="JKR" cDate="09/26/2002 03:14:31 PDT Thu">
        <definition>COD: a name given by the maker to a product or range of products.</definition>
        <sentenceCount annotated="28" total="133"/>
        <lexeme order="1" headword="false" breakBefore="false" POS="V" name="brand"/>
        <lexeme order="2" headword="true" breakBefore="false" POS="N" name="name"/>
    </lexUnit>
    <lexUnit status="Created" POS="N" name="patronymic.n" ID="7468" lemmaID="28088" cBy="JKR" cDate="09/26/2002 03:28:39 PDT Thu">
        <definition>COD: a name derived from the name of a father or ancestor, e.g. Johnson, O'Brien, Ivanovich.</definition>
        <sentenceCount annotated="0" total="0"/>
        <lexeme order="1" headword="false" breakBefore="false" POS="N" name="patronymic"/>
    </lexUnit>
    <lexUnit status="Created" POS="N" name="metronymic.n" ID="7469" lemmaID="46131" cBy="JKR" cDate="09/26/2002 03:30:09 PDT Thu">
        <definition>COD:  a name derived from the name of a mother or female ancestor</definition>
        <sentenceCount annotated="0" total="0"/>
        <lexeme order="1" headword="false" breakBefore="false" POS="N" name="metronymic"/>
    </lexUnit>
    <lexUnit status="Finished_Initial" POS="N" name="trivial name.n" ID="7470" lemmaID="46132" cBy="JKR" cDate="09/26/2002 03:39:39 PDT Thu">
        <definition>FN: the name of something in popular rather than technical or scientific speech</definition>
        <sentenceCount annotated="4" total="18"/>
        <lexeme order="1" headword="false" breakBefore="false" POS="A" name="trivial"/>
        <lexeme order="2" headword="true" breakBefore="false" POS="N" name="name"/>
    </lexUnit>
    <lexUnit status="Created" POS="N" name="eponym.n" ID="7472" lemmaID="12980" cBy="JKR" cDate="09/26/2002 05:34:11 PDT Thu">
        <definition>COD:  a word or name derived from the name of a person.</definition>
        <sentenceCount annotated="0" total="0"/>
        <lexeme order="1" headword="false" breakBefore="false" POS="N" name="eponym"/>
    </lexUnit>
    <lexUnit status="Finished_Initial" POS="A" name="also known as.a" ID="7478" lemmaID="46135" cBy="JKR" cDate="09/27/2002 11:05:01 PDT Fri">
        <definition>FN: used to introduce an alternative name for an entity</definition>
        <sentenceCount annotated="10" total="53"/>
        <lexeme order="1" headword="false" breakBefore="false" POS="ADV" name="also"/>
        <lexeme order="2" headword="true" breakBefore="false" POS="A" name="known"/>
        <lexeme order="3" headword="false" breakBefore="false" POS="C" name="as"/>
    </lexUnit>
    <lexUnit status="Finished_Initial" POS="A" name="aka.a" ID="7479" lemmaID="46136" cBy="JKR" cDate="09/27/2002 11:21:46 PDT Fri">
        <definition>COD: also known as</definition>
        <sentenceCount annotated="9" total="41"/>
        <lexeme order="1" headword="false" breakBefore="false" POS="A" name="aka"/>
    </lexUnit>
    <lexUnit status="Insufficient_Attestations" POS="V" name="go.v" ID="7830" lemmaID="16426" cBy="JKR" cDate="12/11/2002 12:30:04 PST Wed">
        <definition>COD: be known or called by (a specified name)</definition>
        <sentenceCount annotated="0" total="52"/>
        <lexeme order="1" headword="false" breakBefore="false" POS="V" name="go"/>
    </lexUnit>
    <lexUnit status="Finished_Initial" POS="A" name="nameless.a" ID="8900" lemmaID="25406" cBy="RLG" cDate="06/18/2003 02:52:24 PDT Wed">
        <definition>COD:  having no name or no known name</definition>
        <sentenceCount annotated="9" total="69"/>
        <lexeme order="1" headword="false" breakBefore="false" POS="A" name="nameless"/>
    </lexUnit>
    <lexUnit status="Finished_Initial" POS="A" name="known.a" ID="11461" lemmaID="21466" cBy="JKR" cDate="12/15/2004 07:03:38 PST Wed">
        <definition>FN: used to introduce a name for an entity</definition>
        <sentenceCount annotated="29" total="247"/>
        <lexeme order="1" headword="false" breakBefore="false" POS="A" name="known"/>
    </lexUnit>
    <lexUnit status="Created" POS="A" name="so-called.a" ID="12279" lemmaID="36764" cBy="MJE" cDate="06/21/2005 06:48:58 PDT Tue">
        <definition>COD: commonly designated by the name or term specified.</definition>
        <sentenceCount annotated="3" total="3"/>
        <lexeme order="1" headword="false" breakBefore="false" POS="A" name="so-called"/>
    </lexUnit>
    <lexUnit status="Created" POS="A" name="designated.a" ID="12659" lemmaID="50218" cBy="RLG" cDate="08/22/2005 02:24:52 PDT Mon">
        <definition>FN: having as a name.</definition>
        <sentenceCount annotated="2" total="2"/>
        <lexeme order="1" headword="true" breakBefore="false" POS="A" name="designated"/>
    </lexUnit>
    <lexUnit status="Created" POS="N" name="full name.n" ID="16641" lemmaID="51417" cBy="MLC" cDate="09/27/2011 01:24:42 PDT Tue">
        <definition>FN: the entire legal name of a person (which may include a first, middle, and last name)</definition>
        <sentenceCount annotated="0" total="0"/>
        <lexeme order="1" headword="false" breakBefore="false" POS="A" name="full"/>
        <lexeme order="2" headword="true" breakBefore="false" POS="N" name="name"/>
    </lexUnit>
</frame>