<?xml version="1.0" encoding="UTF-8" standalone="yes"?>
<?xml-stylesheet type="text/xsl" href="frame.xsl"?>
<frame cBy="MJE" cDate="02/13/2004 05:18:44 PST Fri" name="Being_located" ID="960" xsi:schemaLocation="../schema/frame.xsd" xmlns="http://framenet.icsi.berkeley.edu" xmlns:xsi="http://www.w3.org/2001/XMLSchema-instance">
    <definition>&lt;def-root&gt;A &lt;fen&gt;Theme&lt;/fen&gt; is in a stable position with respect to a &lt;fen&gt;Location&lt;/fen&gt;.

&lt;ex&gt;&lt;fex name="Theme"&gt;Our offices&lt;/fex&gt; are &lt;t&gt;located&lt;/t&gt; &lt;fex name="Location"&gt;about two miles south of I-85&lt;/fex&gt; .&lt;/ex&gt;
&lt;/def-root&gt;</definition>
    <FE bgColor="0000FF" fgColor="FFFFFF" coreType="Core" cBy="MJE" cDate="02/13/2004 05:19:29 PST Fri" abbrev="" name="Theme" ID="5880">
        <definition>&lt;def-root&gt;An entity which is at a particular Location&lt;/def-root&gt;</definition>
        <semType name="Physical_object" ID="68"/>
    </FE>
    <FE bgColor="9400D3" fgColor="FFFFFF" coreType="Peripheral" cBy="MJE" cDate="02/13/2004 05:22:41 PST Fri" abbrev="" name="Place" ID="5881">
        <definition>&lt;def-root&gt;The location (generally presumed to be known to the interlocutor) with respect to which the location of the &lt;fen&gt;Theme&lt;/fen&gt; can be understood.&lt;/def-root&gt;</definition>
        <semType name="Locative_relation" ID="182"/>
    </FE>
    <FE bgColor="800080" fgColor="FFFFFF" coreType="Extra-Thematic" cBy="MJE" cDate="02/13/2004 05:44:21 PST Fri" abbrev="Dep" name="Dependent_state" ID="5882">
        <definition>&lt;def-root&gt;A state (of the &lt;fen&gt;Theme&lt;/fen&gt;) that results as a consequence of the &lt;fen&gt;Theme&lt;/fen&gt; being situated at the &lt;fen&gt;Location&lt;/fen&gt;.

&lt;ex&gt;The inn was &lt;fex name="Dep"&gt;well&lt;/fex&gt; &lt;t&gt;situated&lt;/t&gt; &lt;fex name="Dep"&gt;to take advantage of the visiting tourists&lt;/fex&gt;.&lt;/ex&gt;&lt;/def-root&gt;</definition>
    </FE>
    <FE bgColor="FFA500" fgColor="FFFFFF" coreType="Peripheral" cBy="MJE" cDate="03/28/2007 07:18:19 PDT Wed" abbrev="" name="Time" ID="11489">
        <definition>&lt;def-root&gt;The time at which the &lt;fen&gt;Theme&lt;/fen&gt; is at the &lt;fen&gt;Location&lt;/fen&gt;.&lt;/def-root&gt;</definition>
    </FE>
    <FE bgColor="008000" fgColor="FFFFFF" coreType="Core" cBy="MJE" cDate="03/28/2007 07:43:35 PDT Wed" abbrev="" name="Location" ID="11490">
        <definition>&lt;def-root&gt;A salient entity that the &lt;fen&gt;Theme&lt;/fen&gt; is located with respect to.&lt;/def-root&gt;</definition>
        <semType name="Location" ID="54"/>
    </FE>
    <FE bgColor="9F79EE" fgColor="000000" coreType="Extra-Thematic" cBy="JKs" cDate="06/27/2008 10:38:00 PDT Fri" abbrev="" name="Cotheme" ID="12935">
        <definition>&lt;def-root&gt;This frame element is used to denote phrases that specifically entail an entity which is conceived as moving relative to another entity.&lt;/def-root&gt;</definition>
    </FE>
    <FE bgColor="808080" fgColor="FFFFFF" coreType="Extra-Thematic" cBy="RLG" cDate="05/03/2012 11:26:52 PDT Thu" abbrev="" name="Depictive" ID="15655">
        <definition>&lt;def-root&gt;A Depictive expression describes a state or condition of the &lt;fen&gt;Theme&lt;/fen&gt; independent of its location.

&lt;ex&gt;The rubble of the buildings &lt;t&gt;lies&lt;/t&gt; &lt;fex name="Depictive"&gt;in a heap&lt;/fex&gt; just outside the city.&lt;/ex&gt;&lt;/def-root&gt;</definition>
    </FE>
    <frameRelation type="Inherits from">
        <relatedFrame ID="150">State</relatedFrame>
    </frameRelation>
    <frameRelation type="Is Inherited by">
        <relatedFrame ID="1911">Visiting</relatedFrame>
        <relatedFrame ID="1922">Presence</relatedFrame>
    </frameRelation>
    <frameRelation type="Perspective on"/>
    <frameRelation type="Is Perspectivized in"/>
    <frameRelation type="Uses">
        <relatedFrame ID="199">Locative_relation</relatedFrame>
    </frameRelation>
    <frameRelation type="Is Used by">
        <relatedFrame ID="237">Bounded_entity</relatedFrame>
    </frameRelation>
    <frameRelation type="Subframe of"/>
    <frameRelation type="Has Subframe(s)"/>
    <frameRelation type="Precedes"/>
    <frameRelation type="Is Preceded by"/>
    <frameRelation type="Is Inchoative of"/>
    <frameRelation type="Is Causative of"/>
    <frameRelation type="See also"/>
    <lexUnit status="Finished_Initial" POS="A" name="located.a" ID="10024" lemmaID="22618" cBy="MJE" cDate="02/13/2004 05:30:09 PST Fri">
        <definition>FN: situated at a particular location.</definition>
        <sentenceCount annotated="35" total="253"/>
        <lexeme order="1" headword="false" breakBefore="false" POS="A" name="located"/>
    </lexUnit>
    <lexUnit status="Created" POS="A" name="situated.a" ID="10025" lemmaID="36064" cBy="MJE" cDate="02/13/2004 05:31:53 PST Fri">
        <definition>FN: located in a place.</definition>
        <sentenceCount annotated="8" total="8"/>
        <lexeme order="1" headword="false" breakBefore="false" POS="A" name="situated"/>
    </lexUnit>
    <lexUnit status="In_Use" POS="V" name="lie.v" ID="10026" lemmaID="22250" cBy="MJE" cDate="02/13/2004 05:33:00 PST Fri">
        <definition>COD: be situated in a specified position or direction.</definition>
        <sentenceCount annotated="32" total="124"/>
        <lexeme order="1" headword="false" breakBefore="false" POS="V" name="lie"/>
    </lexUnit>
    <lexUnit status="Created" POS="V" name="stand.v" ID="10027" lemmaID="37785" cBy="MJE" cDate="02/13/2004 05:48:05 PST Fri">
        <definition>FN: be situated in a particular position.</definition>
        <sentenceCount annotated="5" total="5"/>
        <lexeme order="1" headword="false" breakBefore="false" POS="V" name="stand"/>
    </lexUnit>
    <lexUnit status="Finished_Initial" POS="V" name="sit.v" ID="14174" lemmaID="36054" cBy="KmG" cDate="03/27/2007 04:56:08 PDT Tue">
        <definition>COD: be or remain in a particular position or state.</definition>
        <sentenceCount annotated="14" total="314"/>
        <lexeme order="1" headword="false" breakBefore="false" POS="V" name="sit"/>
    </lexUnit>
    <lexUnit status="Created" POS="N" name="whereabouts.n" ID="16531" lemmaID="43924" cBy="RLG" cDate="08/24/2011 02:45:36 PDT Wed">
        <definition>FN: an individual's location.</definition>
        <sentenceCount annotated="0" total="0"/>
        <lexeme order="1" headword="false" breakBefore="false" POS="N" name="whereabouts"/>
    </lexUnit>
    <lexUnit status="Created" POS="N" name="twenty.n" ID="16533" lemmaID="51375" cBy="RLG" cDate="08/24/2011 03:07:08 PDT Wed">
        <definition>FN: whereabouts.</definition>
        <sentenceCount annotated="0" total="0"/>
        <lexeme order="1" headword="true" breakBefore="false" POS="N" name="twenty"/>
    </lexUnit>
    <lexUnit status="Created" POS="V" name="find.v" ID="16621" lemmaID="14391" cBy="CVa" cDate="09/20/2011 04:39:59 PDT Tue">
        <definition>FN: to be occupying a location (usually a reflexive verb)</definition>
        <sentenceCount annotated="6" total="6"/>
        <lexeme order="1" headword="false" breakBefore="false" POS="V" name="find"/>
    </lexUnit>
</frame>