<?xml version="1.0" encoding="UTF-8" standalone="yes"?>
<?xml-stylesheet type="text/xsl" href="frame.xsl"?>
<frame cBy="MJE" cDate="03/06/2002 02:54:30 PST Wed" name="Being_employed" ID="282" xsi:schemaLocation="../schema/frame.xsd" xmlns="http://framenet.icsi.berkeley.edu" xmlns:xsi="http://www.w3.org/2001/XMLSchema-instance">
    <definition>&lt;def-root&gt;An &lt;fen&gt;Employee&lt;/fen&gt; has a &lt;fen&gt;Position&lt;/fen&gt; doing work in a particular &lt;fen&gt;Field&lt;/fen&gt;, or doing work on a particular &lt;fen&gt;Task&lt;/fen&gt;, for which an &lt;fen&gt;Employer&lt;/fen&gt; gives &lt;fen&gt;Compensation&lt;/fen&gt; to the &lt;fen&gt;Employee&lt;/fen&gt;.

&lt;ex&gt; &lt;fex name="Employee"&gt;Undocumented foreigners&lt;/fex&gt; are &lt;t&gt;working&lt;/t&gt; &lt;fex name="Position"&gt;as  building contractors&lt;/fex&gt; &lt;fex name="Employer"&gt;for Laing Builders&lt;/fex&gt;.&lt;/ex&gt;&lt;/def-root&gt;</definition>
    <FE bgColor="9F79EE" fgColor="FFFFFF" coreType="Peripheral" cBy="MJE" cDate="05/14/2002 12:32:28 PDT Tue" abbrev="Compens" name="Compensation" ID="2795">
        <definition>&lt;def-root&gt;The &lt;fen&gt;Compensation&lt;/fen&gt; is the payment that the &lt;fen&gt;Employee&lt;/fen&gt; receives for performing a &lt;fen&gt;Task&lt;/fen&gt;.

&lt;ex&gt;Louise &lt;t&gt;works&lt;/t&gt; as an engineer &lt;fex name="Compens"&gt;for $1,000&lt;/fex&gt;&lt;/ex&gt;&lt;/def-root&gt;</definition>
    </FE>
    <FE bgColor="0000FF" fgColor="FFFFFF" coreType="Core" cBy="MJE" cDate="05/14/2002 12:32:28 PDT Tue" abbrev="Empee" name="Employee" ID="2796">
        <definition>&lt;def-root&gt;The &lt;fen&gt;Employee&lt;/fen&gt; is obligated to perform a &lt;fen&gt;Task&lt;/fen&gt; in order to receive &lt;fen&gt;Compensation&lt;/fen&gt;.

&lt;ex&gt;&lt;fex name="Empee"&gt;My Mom&lt;/fex&gt; &lt;t&gt;works&lt;/t&gt; for the Michigan Department of Agriculture.&lt;/ex&gt;&lt;/def-root&gt;</definition>
    </FE>
    <FE bgColor="FF0000" fgColor="FFFFFF" coreType="Core" cBy="MJE" cDate="05/14/2002 12:32:28 PDT Tue" abbrev="Emper" name="Employer" ID="2797">
        <definition>&lt;def-root&gt;The &lt;fen&gt;Employer&lt;/fen&gt; gives &lt;fen&gt;Compensation&lt;/fen&gt; to an &lt;fen&gt;Employee&lt;/fen&gt;.

&lt;ex&gt;My mom &lt;t&gt;works&lt;/t&gt; &lt;fex name="Emper"&gt;for an Eye Doctor&lt;/fex&gt;.&lt;/ex&gt;&lt;/def-root&gt;</definition>
    </FE>
    <FE bgColor="FF00FF" fgColor="FFFFFF" coreType="Peripheral" cBy="MJE" cDate="05/14/2002 12:32:28 PDT Tue" abbrev="Mnr" name="Manner" ID="2798">
        <definition>&lt;def-root&gt;This FE identifies the &lt;fen&gt;Manner&lt;/fen&gt; in which an &lt;fen&gt;Employee&lt;/fen&gt; works for an &lt;fen&gt;Employer&lt;/fen&gt;.

&lt;ex&gt; Last weekend, the commercial TV station Nova broadcast testimonies of young Czechs
who have &lt;t&gt;worked&lt;/t&gt; &lt;fex name="Mnr"&gt;illegally&lt;/fex&gt; for America's largest retailer, Wal-Mart.&lt;/ex&gt;&lt;/def-root&gt;</definition>
        <semType name="Manner" ID="173"/>
    </FE>
    <FE bgColor="008000" fgColor="FFFFFF" coreType="Core" cBy="MJE" cDate="05/14/2002 12:32:28 PDT Tue" abbrev="pla_emp" name="Place_of_employment" ID="2799">
        <definition>&lt;def-root&gt;This FE identifies the &lt;fen&gt;Place_of_employment&lt;/fen&gt; of the &lt;fen&gt;Employee&lt;/fen&gt;.

&lt;ex&gt;The undocumented foreigners were &lt;t&gt;working&lt;/t&gt; &lt;fex name="Place_of_employment"&gt;at the organic farm&lt;/fex&gt;.&lt;/ex&gt;&lt;/def-root&gt;</definition>
        <semType name="Location" ID="54"/>
    </FE>
    <FE bgColor="9400D3" fgColor="FFFFFF" coreType="Core" cBy="MJE" cDate="05/14/2002 12:32:28 PDT Tue" abbrev="Posit" name="Position" ID="2800">
        <definition>&lt;def-root&gt;The label given to a particular type of employment.


&lt;ex&gt;Louise &lt;t&gt;works&lt;/t&gt; &lt;fex name="Posit"&gt;as an engineer&lt;/fex&gt;.&lt;/ex&gt;&lt;/def-root&gt;</definition>
    </FE>
    <FE bgColor="800080" fgColor="FFFFFF" coreType="Extra-Thematic" cBy="MJE" cDate="05/14/2002 12:32:28 PDT Tue" abbrev="Purp" name="Purpose" ID="2801">
        <definition>&lt;def-root&gt;This FE identifies the &lt;fen&gt;Purpose&lt;/fen&gt; for which an &lt;fen&gt;Employee&lt;/fen&gt;  is in employment.

&lt;ex&gt;He &lt;t&gt;waited&lt;/t&gt; &lt;t&gt;tables&lt;/t&gt; &lt;fex name="Purp"&gt;to finance his education at St. Lawrence University, where he was a top-notch wrestler&lt;/fex&gt;.&lt;/ex&gt;&lt;/def-root&gt;</definition>
        <semType name="State_of_affairs" ID="177"/>
    </FE>
    <FE bgColor="808080" fgColor="FFFFFF" coreType="Core" cBy="MJE" cDate="05/14/2002 12:32:28 PDT Tue" abbrev="Task" name="Task" ID="2802">
        <definition>&lt;def-root&gt;The &lt;fen&gt;Employee&lt;/fen&gt; is obligated to perform the &lt;fen&gt;Task&lt;/fen&gt; to recieve &lt;fen&gt;Compensation&lt;/fen&gt; from the &lt;fen&gt;Employer&lt;/fen&gt; .  &lt;ex&gt;My dad &lt;t&gt;works&lt;/t&gt; &lt;fex name="Task"&gt;building houses.&lt;/fex&gt;&lt;/ex&gt;&lt;/def-root&gt;</definition>
    </FE>
    <FE bgColor="FFA500" fgColor="FFFFFF" coreType="Peripheral" cBy="MJE" cDate="05/14/2002 12:32:28 PDT Tue" abbrev="Time" name="Time" ID="2803">
        <definition>&lt;def-root&gt;This FE identifies the &lt;fen&gt;Time&lt;/fen&gt; period during which an &lt;fen&gt;Employee&lt;/fen&gt;  works for an &lt;fen&gt;Employer&lt;/fen&gt;.

&lt;ex&gt;&lt;fex name="Time"&gt;From 2000-2001&lt;/fex&gt;, Mr. Eckhardt &lt;t&gt;clerked&lt;/t&gt; for The Honorable Jerry A. Funk,
United States Bankruptcy Judge, Middle District of Florida.&lt;/ex&gt;&lt;/def-root&gt;</definition>
        <semType name="Time" ID="141"/>
    </FE>
    <FE bgColor="00BFFF" fgColor="FFFFFF" coreType="Core" cBy="MJE" cDate="05/14/2002 12:58:31 PDT Tue" abbrev="Field" name="Field" ID="2804">
        <definition>&lt;def-root&gt;This FE identifies the &lt;fen&gt;Field&lt;/fen&gt; in which one works.

&lt;ex&gt;Undocumented foreigners &lt;t&gt;work&lt;/t&gt; &lt;fex name="Field"&gt;in construction&lt;/fex&gt; for years.&lt;/ex&gt;&lt;/def-root&gt;</definition>
    </FE>
    <FE bgColor="006400" fgColor="FFFFFF" coreType="Peripheral" cBy="MJE" cDate="05/15/2002 03:15:57 PDT Wed" abbrev="Dur" name="Duration" ID="2850">
        <definition>&lt;def-root&gt;This FE identifies the amount of &lt;fen&gt;Time&lt;/fen&gt; for which the &lt;fen&gt;Employee&lt;/fen&gt; continues being employed.

&lt;ex&gt;She &lt;t&gt;worked&lt;/t&gt; &lt;fex name="Dur"&gt;for 10 years&lt;/fex&gt; in private and hospital practice and 19 years in teaching and administration.&lt;/ex&gt;&lt;/def-root&gt;</definition>
        <semType name="Duration" ID="142"/>
    </FE>
    <FE bgColor="FF69B4" fgColor="FFFFFF" coreType="Peripheral" cBy="JKR" cDate="05/28/2002 05:39:54 PDT Tue" abbrev="Rank" name="Rank" ID="2854">
        <definition>&lt;def-root&gt;&lt;fen&gt;Rank&lt;/fen&gt; is the position in a hierarchy that an &lt;fen&gt;Employee&lt;/fen&gt; occupies within the organization of the &lt;fen&gt;Employer&lt;/fen&gt;.


&lt;ex&gt;Sue has the &lt;fex name="Rank"&gt; top&lt;/fex&gt; &lt;t&gt;job&lt;/t&gt; in the company.&lt;/ex&gt;&lt;/def-root&gt;</definition>
    </FE>
    <FE bgColor="A52A2A" fgColor="FFFFFF" coreType="Peripheral" cBy="ACW" cDate="06/10/2002 03:13:12 PDT Mon" abbrev="Type" name="Type" ID="3008">
        <definition>&lt;def-root&gt;This FE identifies the &lt;fen&gt;Type&lt;/fen&gt; of the profession.

&lt;ex&gt;He's harkening back to a time before Bush became president and he had a &lt;fex name="Type"&gt;white collar&lt;/fex&gt; &lt;t&gt;job&lt;/t&gt; and wore a suit.&lt;/ex&gt;&lt;/def-root&gt;</definition>
    </FE>
    <FE bgColor="00008B" fgColor="FFFFFF" coreType="Peripheral" cBy="Tess" cDate="06/12/2002 09:55:08 PDT Wed" abbrev="CB" name="Contract_basis" ID="3026">
        <definition>&lt;def-root&gt;The &lt;fen&gt;Contract_basis&lt;/fen&gt; describes the conditions of employment with respect to permanency, hours per time period, or payment basis.

&lt;ex&gt;As much as possible, however, do not attempt to run a full-time business in addition to holding a &lt;fex name="CB"&gt;full-time&lt;/fex&gt; &lt;t&gt;job&lt;/t&gt; .&lt;/ex&gt;&lt;/def-root&gt;</definition>
    </FE>
    <FE bgColor="1E90FF" fgColor="000000" coreType="Peripheral" cBy="RLG" cDate="06/12/2006 02:41:30 PDT Mon" abbrev="pla" name="Place" ID="10275">
        <definition>&lt;def-root&gt;The location where the &lt;fen&gt;Employee&lt;/fen&gt; works.

&lt;ex&gt;Most people &lt;t&gt;work&lt;/t&gt; &lt;fex name="pla"&gt;in the city&lt;/fex&gt;.&lt;/ex&gt;&lt;/def-root&gt;</definition>
        <semType name="Locative_relation" ID="182"/>
    </FE>
    <FE bgColor="FFFF00" fgColor="800080" coreType="Extra-Thematic" cBy="KmG" cDate="10/16/2007 01:15:57 PDT Tue" abbrev="" name="Frequency" ID="11997">
        <definition>&lt;def-root&gt;How often the &lt;fen&gt;Employee&lt;/fen&gt; works.&lt;/def-root&gt;</definition>
    </FE>
    <FE bgColor="FF69B4" fgColor="000000" coreType="Extra-Thematic" cBy="KmG" cDate="10/16/2007 01:38:27 PDT Tue" abbrev="" name="Event_description" ID="11999">
        <definition>&lt;def-root&gt;This FE gives a description of the Being_employed event. &lt;/def-root&gt;</definition>
    </FE>
    <FE bgColor="7CCD73" fgColor="00008B" coreType="Extra-Thematic" cBy="KmG" cDate="10/30/2007 06:30:43 PDT Tue" abbrev="" name="Circumstances" ID="12040">
        <definition>&lt;def-root&gt;Circumstances describe the state of the world (at a particular time and place) which is specifically independent of the event itself and any of its participants.&lt;/def-root&gt;</definition>
    </FE>
    <FE bgColor="FFD700" fgColor="00008B" coreType="Extra-Thematic" cBy="KmG" cDate="10/30/2007 07:50:23 PDT Tue" abbrev="" name="Particular_iteration" ID="12041">
        <definition>&lt;def-root&gt;Expressions marked with this extra-thematic FE modify a non-iterative use of the target, and indicate that it is conceived as embedded within an iterated series of similar events or states.&lt;/def-root&gt;</definition>
    </FE>
    <FEcoreSet>
        <memberFE name="Place_of_employment" ID="2799"/>
        <memberFE name="Employer" ID="2797"/>
        <memberFE name="Task" ID="2802"/>
        <memberFE name="Position" ID="2800"/>
        <memberFE name="Field" ID="2804"/>
    </FEcoreSet>
    <frameRelation type="Inherits from"/>
    <frameRelation type="Is Inherited by"/>
    <frameRelation type="Perspective on">
        <relatedFrame ID="871">Employment_continue</relatedFrame>
    </frameRelation>
    <frameRelation type="Is Perspectivized in"/>
    <frameRelation type="Uses"/>
    <frameRelation type="Is Used by"/>
    <frameRelation type="Subframe of">
        <relatedFrame ID="1061">Employee_scenario</relatedFrame>
    </frameRelation>
    <frameRelation type="Has Subframe(s)"/>
    <frameRelation type="Precedes">
        <relatedFrame ID="325">Quitting</relatedFrame>
    </frameRelation>
    <frameRelation type="Is Preceded by">
        <relatedFrame ID="324">Get_a_job</relatedFrame>
    </frameRelation>
    <frameRelation type="Is Inchoative of"/>
    <frameRelation type="Is Causative of"/>
    <frameRelation type="See also"/>
    <lexUnit status="Finished_Initial" POS="V" name="work.v" ID="5780" lemmaID="44462" cBy="MJE" cDate="05/14/2002 12:38:59 PDT Tue">
        <definition>COD: do work, especially as one's job. </definition>
        <sentenceCount annotated="46" total="478"/>
        <lexeme order="1" headword="false" breakBefore="false" POS="V" name="work"/>
    </lexUnit>
    <lexUnit status="Finished_Initial" POS="N" name="work.n" ID="5781" lemmaID="45680" cBy="MJE" cDate="05/14/2002 12:40:29 PDT Tue">
        <definition>FN: activity as a means of earning income.</definition>
        <sentenceCount annotated="31" total="367"/>
        <lexeme order="1" headword="false" breakBefore="false" POS="N" name="work"/>
    </lexUnit>
    <lexUnit status="Finished_Initial" POS="N" name="employ.n" ID="5783" lemmaID="12631" cBy="MJE" cDate="05/14/2002 01:01:02 PDT Tue">
        <definition>COD: the state of being employed; employment.</definition>
        <sentenceCount annotated="6" total="35"/>
        <lexeme order="1" headword="false" breakBefore="false" POS="N" name="employ"/>
    </lexUnit>
    <lexUnit status="Insufficient_Attestations" POS="IDIO" name="wait tables.idio" ID="5784" lemmaID="45682" cBy="MJE" cDate="05/14/2002 03:00:50 PDT Tue">
        <definition>COD: act as a waiter or waitress</definition>
        <sentenceCount annotated="0" total="0"/>
        <lexeme order="1" headword="true" breakBefore="false" POS="V" name="wait"/>
        <lexeme order="2" headword="false" breakBefore="false" POS="N" name="tables"/>
    </lexUnit>
    <lexUnit status="Finished_Initial" POS="N" name="job.n" ID="5785" lemmaID="20985" cBy="MJE" cDate="05/14/2002 03:03:15 PDT Tue">
        <definition>COD: a paid position of regular employment.</definition>
        <sentenceCount annotated="123" total="392"/>
        <lexeme order="1" headword="false" breakBefore="false" POS="N" name="job"/>
    </lexUnit>
    <lexUnit status="Insufficient_Attestations" POS="V" name="clerk.v" ID="5925" lemmaID="6763" cBy="JKR" cDate="05/31/2002 03:32:52 PDT Fri">
        <definition>COD: work as a clerk.</definition>
        <sentenceCount annotated="0" total="0"/>
        <lexeme order="1" headword="false" breakBefore="false" POS="V" name="clerk"/>
    </lexUnit>
    <lexUnit status="Insufficient_Attestations" POS="V" name="temp.v" ID="5930" lemmaID="45708" cBy="JKR" cDate="05/31/2002 03:51:52 PDT Fri">
        <definition>COD: no obj. work as a temp.</definition>
        <sentenceCount annotated="0" total="0"/>
        <lexeme order="1" headword="false" breakBefore="false" POS="V" name="temp"/>
    </lexUnit>
    <lexUnit status="Finished_Initial" POS="N" name="stint.n" ID="6050" lemmaID="38085" cBy="JKR" cDate="06/07/2002 06:01:10 PDT Fri">
        <definition>COD: an allotted period of work. </definition>
        <sentenceCount annotated="43" total="156"/>
        <lexeme order="1" headword="false" breakBefore="false" POS="N" name="stint"/>
    </lexUnit>
    <lexUnit status="Created" POS="A" name="employed.a" ID="10533" lemmaID="45683" cBy="JKR" cDate="05/18/2004 06:53:07 PDT Tue">
        <definition>FN: having a job</definition>
        <sentenceCount annotated="1" total="1"/>
        <lexeme order="1" headword="false" breakBefore="false" POS="A" name="employed"/>
    </lexUnit>
    <lexUnit status="Created" POS="V" name="subcontract.v" ID="11946" lemmaID="38510" cBy="MiL" cDate="04/25/2005 05:27:48 PDT Mon">
        <definition>COD: employ a firm or person outside one's company to do (work).</definition>
        <sentenceCount annotated="0" total="0"/>
        <lexeme order="1" headword="false" breakBefore="false" POS="V" name="subcontract"/>
    </lexUnit>
    <lexUnit status="Created" POS="V" name="farm (out).v" ID="11947" lemmaID="13954" cBy="MiL" cDate="04/25/2005 05:31:27 PDT Mon">
        <definition>COD: send out or subcontract work to others</definition>
        <sentenceCount annotated="0" total="0"/>
        <lexeme order="1" headword="false" breakBefore="false" POS="V" name="farm"/>
    </lexUnit>
    <lexUnit status="Created" POS="N" name="employment.n" ID="12590" lemmaID="12636" cBy="JKR" cDate="08/02/2005 05:34:00 PDT Tue">
        <definition>FN: being employed.</definition>
        <sentenceCount annotated="3" total="5"/>
        <lexeme order="1" headword="false" breakBefore="false" POS="N" name="employment"/>
    </lexUnit>
    <lexUnit status="Created" POS="N" name="unemployment.n" ID="12592" lemmaID="42077" cBy="JKR" cDate="08/02/2005 05:43:27 PDT Tue">
        <definition>COD: the state of being unemployed.</definition>
        <sentenceCount annotated="0" total="0"/>
        <lexeme order="1" headword="false" breakBefore="false" POS="N" name="unemployment"/>
        <semType name="Negative" ID="99"/>
    </lexUnit>
    <lexUnit status="Created" POS="A" name="unemployed.a" ID="12593" lemmaID="42075" cBy="JKR" cDate="08/02/2005 05:44:07 PDT Tue">
        <definition>COD: without a paid job but available to work.</definition>
        <sentenceCount annotated="1" total="1"/>
        <lexeme order="1" headword="false" breakBefore="false" POS="A" name="unemployed"/>
        <semType name="Negative" ID="99"/>
    </lexUnit>
    <lexUnit status="Created" POS="A" name="jobless.a" ID="12594" lemmaID="20991" cBy="JKR" cDate="08/02/2005 05:46:45 PDT Tue">
        <definition>FN: having no job</definition>
        <sentenceCount annotated="2" total="2"/>
        <lexeme order="1" headword="false" breakBefore="false" POS="A" name="jobless"/>
    </lexUnit>
    <lexUnit status="Created" POS="N" name="position.n" ID="17297" lemmaID="29842" cBy="CVa" cDate="01/29/2013 05:55:26 PST Tue">
        <definition>FN: a job</definition>
        <sentenceCount annotated="1" total="1"/>
        <lexeme order="1" headword="false" breakBefore="false" POS="N" name="position"/>
    </lexUnit>
    <lexUnit status="Created" POS="PREP" name="at.prep" ID="17471" lemmaID="2238" cBy="MJE" cDate="05/13/2014 04:18:24 PDT Tue">
        <definition>FN: employed by; with a position at (a large institution or significant company).</definition>
        <sentenceCount annotated="0" total="0"/>
        <lexeme order="1" headword="false" breakBefore="false" POS="PREP" name="at"/>
    </lexUnit>
</frame>