<?xml version="1.0" encoding="UTF-8" standalone="yes"?>
<?xml-stylesheet type="text/xsl" href="frame.xsl"?>
<frame cBy="ACW" cDate="06/07/2002 04:04:02 PDT Fri" name="Being_rotted" ID="346" xsi:schemaLocation="../schema/frame.xsd" xmlns="http://framenet.icsi.berkeley.edu" xmlns:xsi="http://www.w3.org/2001/XMLSchema-instance">
    <definition>&lt;def-root&gt;An organic item, the &lt;fen&gt;Patient&lt;/fen&gt;, has undergone the natural process of rotting  and decaying with a possible expression of the &lt;fen&gt;Degree&lt;/fen&gt; to which the rotting has occurred. &lt;ex&gt;&lt;fex name="Patient"&gt;The coconut milk&lt;/fex&gt; became &lt;t&gt;rancid&lt;/t&gt;.&lt;/ex&gt;&lt;/def-root&gt;</definition>
    <FE bgColor="0000FF" fgColor="FFFFFF" coreType="Core" cBy="ACW" cDate="06/07/2002 04:06:34 PDT Fri" abbrev="Pat" name="Patient" ID="3000">
        <definition>&lt;def-root&gt;The &lt;fen&gt;Patient&lt;/fen&gt; is the organic matter that has decayed. &lt;ex&gt;&lt;fex name="Patient"&gt;The coconut milk&lt;/fex&gt; became &lt;t&gt;rancid&lt;/t&gt;.&lt;/ex&gt;&lt;/def-root&gt;</definition>
    </FE>
    <FE bgColor="FF69B4" fgColor="FFFFFF" coreType="Peripheral" cBy="ACW" cDate="06/07/2002 04:06:44 PDT Fri" abbrev="Degr" name="Degree" ID="3001">
        <definition>&lt;def-root&gt;This FE identifies the &lt;fen&gt;Degree&lt;/fen&gt; to which rotting has occurred.
&lt;ex&gt;The coconut milk was &lt;fex name="Degree"&gt;so&lt;/fex&gt; &lt;t&gt;rancid&lt;/t&gt;.&lt;/ex&gt;&lt;/def-root&gt;</definition>
        <semType name="Degree" ID="172"/>
    </FE>
    <frameRelation type="Inherits from">
        <relatedFrame ID="1015">Gradable_attributes</relatedFrame>
    </frameRelation>
    <frameRelation type="Is Inherited by"/>
    <frameRelation type="Perspective on"/>
    <frameRelation type="Is Perspectivized in"/>
    <frameRelation type="Uses">
        <relatedFrame ID="332">Being_wet</relatedFrame>
    </frameRelation>
    <frameRelation type="Is Used by"/>
    <frameRelation type="Subframe of"/>
    <frameRelation type="Has Subframe(s)"/>
    <frameRelation type="Precedes"/>
    <frameRelation type="Is Preceded by"/>
    <frameRelation type="Is Inchoative of"/>
    <frameRelation type="Is Causative of"/>
    <frameRelation type="See also"/>
    <lexUnit status="Finished_Initial" POS="A" name="rotted.a" ID="6043" lemmaID="45730" cBy="ACW" cDate="06/07/2002 04:12:35 PDT Fri">
        <definition>COD: suffering from decay. </definition>
        <sentenceCount annotated="14" total="86"/>
        <lexeme order="1" headword="false" breakBefore="false" POS="A" name="rotted"/>
    </lexUnit>
    <lexUnit status="Finished_Initial" POS="A" name="rancid.a" ID="6045" lemmaID="31778" cBy="ACW" cDate="06/07/2002 04:15:07 PDT Fri">
        <definition>COD: (of foods containing fat or oil) smelling or tasting unpleasant as a result of being stale</definition>
        <sentenceCount annotated="17" total="56"/>
        <lexeme order="1" headword="false" breakBefore="false" POS="A" name="rancid"/>
    </lexUnit>
    <lexUnit status="Finished_Initial" POS="A" name="decayed.a" ID="6046" lemmaID="45731" cBy="ACW" cDate="06/07/2002 04:17:49 PDT Fri">
        <definition>FN: rotten</definition>
        <sentenceCount annotated="17" total="100"/>
        <lexeme order="1" headword="false" breakBefore="false" POS="A" name="decayed"/>
    </lexUnit>
    <lexUnit status="Finished_Initial" POS="A" name="rotten.a" ID="6048" lemmaID="33573" cBy="ACW" cDate="06/07/2002 04:25:04 PDT Fri">
        <definition>COD: suffering from decay. </definition>
        <sentenceCount annotated="20" total="132"/>
        <lexeme order="1" headword="false" breakBefore="false" POS="A" name="rotten"/>
    </lexUnit>
    <lexUnit status="Finished_Initial" POS="A" name="mouldy.a" ID="6190" lemmaID="25056" cBy="ACW" cDate="06/18/2002 01:54:38 PDT Tue">
        <definition>COD: covered with mould. </definition>
        <sentenceCount annotated="19" total="74"/>
        <lexeme order="1" headword="false" breakBefore="false" POS="A" name="moldy"/>
    </lexUnit>
    <lexUnit status="Finished_Initial" POS="A" name="putrid.a" ID="6191" lemmaID="31308" cBy="ACW" cDate="06/18/2002 01:57:23 PDT Tue">
        <definition>COD: decaying or rotting and emitting a fetid smell. </definition>
        <sentenceCount annotated="10" total="38"/>
        <lexeme order="1" headword="false" breakBefore="false" POS="A" name="putrid"/>
    </lexUnit>
</frame>