<?xml version="1.0" encoding="UTF-8" standalone="yes"?>
<?xml-stylesheet type="text/xsl" href="frame.xsl"?>
<frame cBy="JKR" cDate="05/06/2005 12:28:36 PDT Fri" name="Being_up_to_it" ID="1440" xsi:schemaLocation="../schema/frame.xsd" xmlns="http://framenet.icsi.berkeley.edu" xmlns:xsi="http://www.w3.org/2001/XMLSchema-instance">
    <definition>&lt;def-root&gt; An &lt;fen&gt;Entity&lt;/fen&gt; meets the pre-conditions for participating in an &lt;fen&gt;Activity&lt;/fen&gt; that is judged to be difficult for it to participate in, either due to inherent properties of the &lt;fen&gt;Entity&lt;/fen&gt; or temporary &lt;fen&gt;Circumstances&lt;/fen&gt;. A &lt;fen&gt;Degree&lt;/fen&gt; modifier may indicate by how much the &lt;fen&gt;Entity&lt;/fen&gt; exceeds or falls short of the minimum requirements.

&lt;ex&gt;&lt;fex name="Entity"&gt;Little Tommy&lt;/fex&gt; was not &lt;t&gt;up&lt;/t&gt; &lt;t&gt;to&lt;/t&gt; &lt;fex name="Activity"&gt;getting out of bed&lt;/fex&gt; &lt;fex name="Explanation"&gt;because he was quite sick&lt;/fex&gt;.&lt;/ex&gt;
&lt;/def-root&gt;</definition>
    <FE bgColor="FF0000" fgColor="FFFFFF" coreType="Core" cBy="JKR" cDate="05/06/2005 12:28:37 PDT Fri" abbrev="Ent" name="Entity" ID="7949">
        <definition>&lt;def-root&gt;The &lt;fen&gt;Entity&lt;/fen&gt; whose meeting or falling short of pre-conditions is assessed.

&lt;ex&gt;&lt;fex name="Entity"&gt;Little Tommy&lt;/fex&gt; was not &lt;t&gt;up&lt;/t&gt; &lt;t&gt;to&lt;/t&gt; getting out of bed.&lt;/ex&gt;&lt;/def-root&gt;</definition>
    </FE>
    <FE bgColor="008000" fgColor="FFFFFF" coreType="Core" cBy="JKR" cDate="05/06/2005 12:28:38 PDT Fri" abbrev="act" name="Activity" ID="7950">
        <definition>&lt;def-root&gt;The &lt;fen&gt;Activity&lt;/fen&gt; that the &lt;fen&gt;Entity&lt;/fen&gt; may participate in.

&lt;ex&gt;He was a very meek and shy person, and always felt that he was not &lt;t&gt;equal&lt;/t&gt; &lt;fex name="act"&gt;to the task set before him&lt;/fex&gt;.&lt;/ex&gt;&lt;/def-root&gt;</definition>
    </FE>
    <FE bgColor="FF00FF" fgColor="FFFFFF" coreType="Peripheral" cBy="JKR" cDate="05/06/2005 12:28:39 PDT Fri" abbrev="Deg" name="Degree" ID="7951">
        <definition>&lt;def-root&gt;The extent to which the &lt;fen&gt;Entity&lt;/fen&gt; exceeds or falls short of the minimum requirements for participating in the &lt;fen&gt;Activity&lt;/fen&gt;.

&lt;ex&gt;Blind parents are &lt;fex name="Deg"&gt;very much&lt;/fex&gt; &lt;t&gt;up&lt;/t&gt; &lt;t&gt;to&lt;/t&gt; driving their kids to soccer practice.&lt;/ex&gt;&lt;/def-root&gt;</definition>
        <semType name="Degree" ID="172"/>
    </FE>
    <FE bgColor="0000FF" fgColor="FFFFFF" coreType="Extra-Thematic" cBy="JKR" cDate="05/06/2005 12:28:39 PDT Fri" abbrev="cir" name="Circumstances" ID="7952">
        <definition>&lt;def-root&gt;The &lt;fen&gt;Circumstances&lt;/fen&gt; under which the &lt;fen&gt;Entity&lt;/fen&gt; meets or fails to meet the pre-conditions.

&lt;ex&gt;Bill was not equal to the task &lt;fex name="cir"&gt;with the distraction of the alien landing&lt;/fex&gt;.&lt;/ex&gt;&lt;/def-root&gt;</definition>
    </FE>
    <FE bgColor="90876C" fgColor="FFFFFF" coreType="Extra-Thematic" cBy="JKR" cDate="05/06/2005 12:28:39 PDT Fri" abbrev="Exp" name="Explanation" ID="7953">
        <definition>&lt;def-root&gt;An entity, event, or state that causes the &lt;fen&gt;Entity&lt;/fen&gt; to  meet or fail to meet the pre-conditions for participating in an &lt;fen&gt;Activity&lt;/fen&gt;. 

&lt;ex&gt;&lt;fex name="Explanation"&gt;Because of his mother's death&lt;/fex&gt;, Smithers was not &lt;t&gt;up&lt;/t&gt; &lt;t&gt;to&lt;/t&gt; taking the final exam.&lt;/ex&gt;&lt;/def-root&gt;</definition>
    </FE>
    <FE bgColor="FF69B4" fgColor="FFFFFF" coreType="Extra-Thematic" cBy="JKR" cDate="05/06/2005 12:28:39 PDT Fri" abbrev="rel" name="Relevant_feature" ID="7954">
        <definition>&lt;def-root&gt;A characteristic or behavior of the &lt;fen&gt;Entity&lt;/fen&gt; that is considered when judging whether the &lt;fen&gt;Entity&lt;/fen&gt; might participate in the &lt;fen&gt;Activity&lt;/fen&gt;.

&lt;ex&gt;The robot is &lt;t&gt;up&lt;/t&gt; &lt;t&gt;to&lt;/t&gt; the task &lt;fex name="rel"&gt;in intelligence&lt;/fex&gt; but completely socially inept.&lt;/ex&gt;&lt;/def-root&gt;</definition>
    </FE>
    <frameRelation type="Inherits from">
        <relatedFrame ID="990">Capability</relatedFrame>
    </frameRelation>
    <frameRelation type="Is Inherited by"/>
    <frameRelation type="Perspective on"/>
    <frameRelation type="Is Perspectivized in"/>
    <frameRelation type="Uses"/>
    <frameRelation type="Is Used by"/>
    <frameRelation type="Subframe of"/>
    <frameRelation type="Has Subframe(s)"/>
    <frameRelation type="Precedes"/>
    <frameRelation type="Is Preceded by"/>
    <frameRelation type="Is Inchoative of"/>
    <frameRelation type="Is Causative of"/>
    <frameRelation type="See also"/>
    <lexUnit status="Created" POS="A" name="sufficient.a" ID="12032" lemmaID="38690" cBy="JKR" cDate="05/06/2005 12:59:50 PDT Fri">
        <definition>FN: qualified or competent to deal with a challenge</definition>
        <sentenceCount annotated="0" total="0"/>
        <lexeme order="1" headword="false" breakBefore="false" POS="A" name="sufficient"/>
    </lexUnit>
    <lexUnit status="Needs_SCs" POS="PREP" name="up to.prep" ID="12033" lemmaID="50006" cBy="JKR" cDate="05/06/2005 02:09:35 PDT Fri">
        <definition>FN: capable of undertaking a specified difficult activity</definition>
        <sentenceCount annotated="1" total="206"/>
        <lexeme order="1" headword="false" breakBefore="false" POS="ADV" name="up"/>
        <lexeme order="2" headword="true" breakBefore="false" POS="PREP" name="to"/>
    </lexUnit>
    <lexUnit status="Rules_Defined" POS="A" name="equal.a" ID="12036" lemmaID="12986" cBy="JKR" cDate="05/06/2005 06:02:55 PDT Fri">
        <definition>COD: having the ability or resources to meet a challenge</definition>
        <sentenceCount annotated="0" total="0"/>
        <lexeme order="1" headword="false" breakBefore="false" POS="A" name="equal"/>
    </lexUnit>
</frame>