<?xml version="1.0" encoding="UTF-8" standalone="yes"?>
<?xml-stylesheet type="text/xsl" href="frame.xsl"?>
<frame cBy="JKR" cDate="06/17/2002 03:58:35 PDT Mon" name="Beyond_compare" ID="356" xsi:schemaLocation="../schema/frame.xsd" xmlns="http://framenet.icsi.berkeley.edu" xmlns:xsi="http://www.w3.org/2001/XMLSchema-instance">
    <definition>&lt;def-root&gt;Compared to its &lt;fen&gt;Competitors&lt;/fen&gt;, a &lt;fen&gt;Standard&lt;/fen&gt; is at the high end of a scale with respect to some &lt;fen&gt;Variable&lt;/fen&gt;. The &lt;fen&gt;Competitors&lt;/fen&gt; are frequently not realized syntactically.
&lt;ex&gt;The taxpayer is supporting &lt;fex name="Standard"&gt;a system&lt;/fex&gt; &lt;t&gt;unmatched&lt;/t&gt; &lt;fex name="Variable"&gt;in wastefulness &lt;/fex&gt;.&lt;/ex&gt;
&lt;ex&gt;The drawing room was a place of &lt;t&gt;unmatched&lt;/t&gt; &lt;fex name="Variable"&gt;squalor&lt;/fex&gt;.&lt;/ex&gt;
&lt;ex&gt; She was envious of her mother's &lt;t&gt;matchless&lt;/t&gt; &lt;fex name="Variable"&gt;beauty&lt;/fex&gt;.&lt;/ex&gt;

&lt;ex&gt;&lt;/ex&gt;When there is no overt &lt;fen&gt;Variable&lt;/fen&gt; it must be understood from the context. &lt;ex&gt;&lt;fex name="Standard"&gt;He&lt;/fex&gt; was &lt;t&gt;unmatched&lt;/t&gt;  &lt;fex name="Competitors"&gt; by any other  politician of his time&lt;/fex&gt;.&lt;/ex&gt;

&lt;ex&gt;&lt;/ex&gt;When the target occurs as the modifier of a predicate nominal, it  is tagged as &lt;fen&gt;Standard&lt;/fen&gt;, rather than &lt;fen&gt;Variable&lt;/fen&gt;.
 &lt;ex&gt;They were &lt;t&gt;matchless&lt;/t&gt; &lt;fex name="Standard"&gt;needlers of each other&lt;/fex&gt;.&lt;/ex&gt;&lt;/def-root&gt;</definition>
    <FE bgColor="800080" fgColor="FFFFFF" coreType="Core" cBy="JKR" cDate="06/17/2002 05:47:44 PDT Mon" abbrev="Stndrd" name="Standard" ID="3088">
        <definition>&lt;def-root&gt;The &lt;fen&gt;Standard&lt;/fen&gt; is the entity that is located closest to the end of the scale evoked by some &lt;fen&gt;Variable&lt;/fen&gt;.
&lt;ex&gt;&lt;fex name="Standard"&gt;Hilary&lt;/fex&gt; was &lt;t&gt;unmatched&lt;/t&gt; by any politician in the country.&lt;/ex&gt;
&lt;/def-root&gt;</definition>
    </FE>
    <FE bgColor="0000FF" fgColor="FFFFFF" coreType="Core" cBy="JKR" cDate="06/17/2002 05:52:07 PDT Mon" abbrev="Vrble" name="Variable" ID="3089">
        <definition>&lt;def-root&gt;The &lt;fen&gt;Variable&lt;/fen&gt; is a property that evokes a scale along which the &lt;fen&gt;Standard&lt;/fen&gt; is located closest to one extreme in  comparison to its &lt;fen&gt;Competitors&lt;/fen&gt;. 
&lt;ex&gt;Hilary possessed &lt;t&gt;matchless&lt;/t&gt; &lt;fex name="Variable"&gt;integrity&lt;/fex&gt;.&lt;/ex&gt;
&lt;/def-root&gt;</definition>
    </FE>
    <FE bgColor="FF0000" fgColor="FFFFFF" coreType="Core" cBy="JKR" cDate="06/17/2002 05:55:17 PDT Mon" abbrev="Compet" name="Competitors" ID="3090">
        <definition>&lt;def-root&gt;The FE &lt;fen&gt;Competitors&lt;/fen&gt; denotes the entities that are exceeded by the &lt;fen&gt;Standard&lt;/fen&gt; with regard to the &lt;fen&gt;Variable&lt;/fen&gt;.

&lt;ex&gt;Hilary was &lt;t&gt;unmatched&lt;/t&gt; &lt;fex name="Competitors"&gt;by any politician in the country&lt;/fex&gt;.&lt;/ex&gt;
&lt;ex&gt;He is &lt;t&gt;unrivalled&lt;/t&gt; &lt;fex name="Compet"&gt;even among tennis players&lt;/fex&gt; for his temper.&lt;/ex&gt;&lt;/def-root&gt;</definition>
    </FE>
    <FE bgColor="008000" fgColor="FFFFFF" coreType="Peripheral" cBy="MJE" cDate="07/21/2004 03:33:21 PDT Wed" abbrev="dom" name="Domain" ID="6971">
        <definition>&lt;def-root&gt;The spatial or temporal context in which the &lt;fen&gt;Standard&lt;/fen&gt; is not matched by any &lt;fen&gt;Competitors&lt;/fen&gt;.

&lt;ex&gt;Our commitment to service and quality is legendary and &lt;t&gt;unmatched&lt;/t&gt; &lt;fex name="dom"&gt;in Pakistan&lt;/fex&gt;.&lt;/ex&gt;&lt;/def-root&gt;</definition>
    </FE>
    <FEcoreSet>
        <memberFE name="Variable" ID="3089"/>
        <memberFE name="Standard" ID="3088"/>
    </FEcoreSet>
    <frameRelation type="Inherits from"/>
    <frameRelation type="Is Inherited by"/>
    <frameRelation type="Perspective on"/>
    <frameRelation type="Is Perspectivized in"/>
    <frameRelation type="Uses">
        <relatedFrame ID="358">Surpassing</relatedFrame>
    </frameRelation>
    <frameRelation type="Is Used by"/>
    <frameRelation type="Subframe of"/>
    <frameRelation type="Has Subframe(s)"/>
    <frameRelation type="Precedes"/>
    <frameRelation type="Is Preceded by"/>
    <frameRelation type="Is Inchoative of"/>
    <frameRelation type="Is Causative of"/>
    <frameRelation type="See also"/>
    <lexUnit status="Finished_Initial" POS="A" name="unmatched.a" ID="6156" lemmaID="42262" cBy="JKR" cDate="06/17/2002 03:58:51 PDT Mon">
        <definition>COD: not matched or equalled. </definition>
        <sentenceCount annotated="14" total="50"/>
        <lexeme order="1" headword="false" breakBefore="false" POS="A" name="unmatched"/>
    </lexUnit>
    <lexUnit status="Finished_Initial" POS="A" name="unrivalled.a" ID="6157" lemmaID="42341" cBy="JKR" cDate="06/17/2002 03:59:55 PDT Mon">
        <definition>COD: surpassing all others</definition>
        <sentenceCount annotated="27" total="138"/>
        <lexeme order="1" headword="false" breakBefore="false" POS="A" name="unrivaled"/>
    </lexUnit>
    <lexUnit status="Finished_Initial" POS="A" name="peerless.a" ID="6158" lemmaID="28256" cBy="JKR" cDate="06/17/2002 04:00:15 PDT Mon">
        <definition>FN: unrivalled</definition>
        <sentenceCount annotated="5" total="17"/>
        <lexeme order="1" headword="false" breakBefore="false" POS="A" name="peerless"/>
    </lexUnit>
    <lexUnit status="Finished_Initial" POS="A" name="matchless.a" ID="6160" lemmaID="23667" cBy="JKR" cDate="06/17/2002 04:02:34 PDT Mon">
        <definition>COD: unequalled; incomparable. </definition>
        <sentenceCount annotated="5" total="26"/>
        <lexeme order="1" headword="false" breakBefore="false" POS="A" name="matchless"/>
    </lexUnit>
    <lexUnit status="Finished_Initial" POS="A" name="incomparable.a" ID="6162" lemmaID="19457" cBy="JKR" cDate="06/17/2002 04:04:44 PDT Mon">
        <definition>COD: without an equal in quality or extent; matchless</definition>
        <sentenceCount annotated="16" total="45"/>
        <lexeme order="1" headword="false" breakBefore="false" POS="A" name="incomparable"/>
    </lexUnit>
    <lexUnit status="Insufficient_Attestations" POS="A" name="nonpareil.a" ID="6163" lemmaID="45752" cBy="JKR" cDate="06/17/2002 04:05:12 PDT Mon">
        <definition>COD: unrivalled. </definition>
        <sentenceCount annotated="1" total="4"/>
        <lexeme order="1" headword="false" breakBefore="false" POS="A" name="nonpareil"/>
    </lexUnit>
    <lexUnit status="Needs_SCs" POS="A" name="without peer.a" ID="6194" lemmaID="45757" cBy="JKR" cDate="06/18/2002 02:25:47 PDT Tue">
        <definition>FN: having no equal</definition>
        <sentenceCount annotated="2" total="3"/>
        <lexeme order="1" headword="true" breakBefore="false" POS="PREP" name="without"/>
        <lexeme order="2" headword="false" breakBefore="false" POS="N" name="peer"/>
    </lexUnit>
    <lexUnit status="Finished_Initial" POS="A" name="without equal.a" ID="6196" lemmaID="45759" cBy="JKR" cDate="06/18/2002 02:27:49 PDT Tue">
        <definition>FN: having no peer, unmatched</definition>
        <sentenceCount annotated="5" total="15"/>
        <lexeme order="1" headword="true" breakBefore="false" POS="PREP" name="without"/>
        <lexeme order="2" headword="false" breakBefore="false" POS="A" name="equal"/>
    </lexUnit>
    <lexUnit status="Rules_Defined" POS="A" name="without match.a" ID="6197" lemmaID="45760" cBy="JKR" cDate="06/18/2002 02:28:41 PDT Tue">
        <definition>FN: unmatched, unrivalled</definition>
        <sentenceCount annotated="0" total="0"/>
        <lexeme order="1" headword="true" breakBefore="false" POS="PREP" name="without"/>
        <lexeme order="2" headword="false" breakBefore="false" POS="N" name="match"/>
    </lexUnit>
    <lexUnit status="Needs_SCs" POS="A" name="without compare.a" ID="6208" lemmaID="45767" cBy="JKR" cDate="06/18/2002 03:04:47 PDT Tue">
        <definition>FN: unmatched</definition>
        <sentenceCount annotated="1" total="2"/>
        <lexeme order="1" headword="true" breakBefore="false" POS="PREP" name="without"/>
        <lexeme order="2" headword="false" breakBefore="false" POS="N" name="compare"/>
    </lexUnit>
    <lexUnit status="Finished_Initial" POS="A" name="unequalled.a" ID="10544" lemmaID="49133" cBy="JKR" cDate="05/24/2004 10:48:13 PDT Mon">
        <definition>COD: superior to all others in performance or extent</definition>
        <sentenceCount annotated="9" total="44"/>
        <lexeme order="1" headword="true" breakBefore="false" POS="A" name="unequalled"/>
    </lexUnit>
    <lexUnit status="Created" POS="A" name="beyond compare.a" ID="18378" lemmaID="51984" cBy="MJE" cDate="09/24/2015 07:14:00 PDT Thu">
        <definition>FN: unmatched, unequalled</definition>
        <sentenceCount annotated="0" total="0"/>
        <lexeme order="1" headword="true" breakBefore="false" POS="PREP" name="beyond"/>
        <lexeme order="2" headword="false" breakBefore="false" POS="N" name="compare"/>
    </lexUnit>
</frame>