<?xml version="1.0" encoding="UTF-8" standalone="yes"?>
<?xml-stylesheet type="text/xsl" href="frame.xsl"?>
<frame cBy="WmS" cDate="05/16/2012 11:57:04 PDT Wed" name="Biological_mechanisms" ID="2750" xsi:schemaLocation="../schema/frame.xsd" xmlns="http://framenet.icsi.berkeley.edu" xmlns:xsi="http://www.w3.org/2001/XMLSchema-instance">
    <definition>&lt;def-root&gt;A trigger mechanism brings about a change in a biological system.

&lt;ex&gt;&lt;fex name="Trigger"&gt;The reflex&lt;/fex&gt; &lt;t&gt;increases&lt;/t&gt; &lt;fex name="Systemic_effect"&gt;cardiac output&lt;/fex&gt;.&lt;/ex&gt;&lt;/def-root&gt;</definition>
    <FE bgColor="008000" fgColor="FFFFFF" coreType="Peripheral" cBy="WmS" cDate="05/16/2012 11:59:41 PDT Wed" abbrev="" name="Trigger" ID="15710">
        <definition>&lt;def-root&gt;The force that brings about the change in the &lt;fen&gt;Systemic_effect&lt;/fen&gt;.&lt;/def-root&gt;</definition>
    </FE>
    <FE bgColor="FF0000" fgColor="FFFFFF" coreType="Core" cBy="WmS" cDate="05/16/2012 12:04:35 PDT Wed" abbrev="" name="Systemic_effect" ID="15711">
        <definition>&lt;def-root&gt;The biological entity that is affected by the &lt;fen&gt;Trigger&lt;/fen&gt;.&lt;/def-root&gt;</definition>
    </FE>
    <FE bgColor="0000FF" fgColor="FFFFFF" coreType="Peripheral" cBy="WmS" cDate="06/20/2012 01:13:21 PDT Wed" abbrev="" name="Place" ID="15751">
        <definition>&lt;def-root&gt;Location where the &lt;fen&gt;Systemic_effect&lt;/fen&gt; takes place.&lt;/def-root&gt;</definition>
    </FE>
    <frameRelation type="Inherits from"/>
    <frameRelation type="Is Inherited by"/>
    <frameRelation type="Perspective on"/>
    <frameRelation type="Is Perspectivized in"/>
    <frameRelation type="Uses"/>
    <frameRelation type="Is Used by"/>
    <frameRelation type="Subframe of"/>
    <frameRelation type="Has Subframe(s)"/>
    <frameRelation type="Precedes"/>
    <frameRelation type="Is Preceded by"/>
    <frameRelation type="Is Inchoative of"/>
    <frameRelation type="Is Causative of"/>
    <frameRelation type="See also"/>
    <lexUnit status="Created" POS="V" name="increase.v" ID="17093" lemmaID="19534" cBy="WmS" cDate="05/16/2012 12:45:20 PDT Wed">
        <definition>to raise
</definition>
        <sentenceCount annotated="0" total="0"/>
        <lexeme order="1" headword="false" breakBefore="false" POS="V" name="increase"/>
    </lexUnit>
    <lexUnit status="Created" POS="V" name="impair.v" ID="17105" lemmaID="19094" cBy="WmS" cDate="05/22/2012 03:05:47 PDT Tue">
        <definition>hindered
</definition>
        <sentenceCount annotated="0" total="0"/>
        <lexeme order="1" headword="false" breakBefore="false" POS="V" name="impair"/>
    </lexUnit>
    <lexUnit status="Created" POS="V" name="stimulate.v" ID="17111" lemmaID="38067" cBy="WmS" cDate="05/30/2012 12:46:35 PDT Wed">
        <definition>to make more active</definition>
        <sentenceCount annotated="0" total="0"/>
        <lexeme order="1" headword="false" breakBefore="false" POS="V" name="stimulate"/>
    </lexUnit>
    <lexUnit status="Created" POS="V" name="inhibit.v" ID="17112" lemmaID="19950" cBy="WmS" cDate="05/30/2012 01:16:53 PDT Wed">
        <definition>to hinder</definition>
        <sentenceCount annotated="0" total="0"/>
        <lexeme order="1" headword="false" breakBefore="false" POS="V" name="inhibit"/>
    </lexUnit>
    <lexUnit status="Created" POS="V" name="catalyze.v" ID="17143" lemmaID="51552" cBy="WmS" cDate="06/20/2012 12:59:50 PDT Wed">
        <definition>to increase the rate of a chemical reaction</definition>
        <sentenceCount annotated="0" total="0"/>
        <lexeme order="1" headword="true" breakBefore="false" POS="V" name="catalyze"/>
    </lexUnit>
</frame>