<?xml version="1.0" encoding="UTF-8" standalone="yes"?>
<?xml-stylesheet type="text/xsl" href="frame.xsl"?>
<frame cBy="MJE" cDate="08/01/2001 06:09:20 PDT Wed" name="Biological_area" ID="193" xsi:schemaLocation="../schema/frame.xsd" xmlns="http://framenet.icsi.berkeley.edu" xmlns:xsi="http://www.w3.org/2001/XMLSchema-instance">
    <definition>&lt;def-root&gt; This frame contains words that denote large ecological areas as well as smaller locations characterized by the type of life present--in other words, geography locations as defined by biota.

&lt;ex&gt;I've spent a long time in the &lt;fex name="Descriptor"&gt;rugged&lt;/fex&gt; &lt;fex name="Locale"&gt;&lt;t&gt;prairies&lt;/t&gt;&lt;/fex&gt; &lt;fex name="Container_possessor"&gt;of northern Llorwyn&lt;/fex&gt;.&lt;/ex&gt;&lt;/def-root&gt;</definition>
    <FE bgColor="9400D3" fgColor="FFFFFF" coreType="Peripheral" cBy="MJE" cDate="08/10/2001 05:00:30 PDT Fri" abbrev="Cnst" name="Constituent_parts" ID="1575">
        <definition>&lt;def-root&gt;&lt;fen&gt;Constituent_parts&lt;/fen&gt; make up a &lt;fen&gt;Locale&lt;/fen&gt;. 
&lt;ex&gt;This is the  oldest  &lt;fex name="Cnst"&gt;oak&lt;/fex&gt; &lt;t&gt;forest&lt;/t&gt; in California.&lt;/ex&gt;&lt;/def-root&gt;</definition>
    </FE>
    <FE bgColor="800080" fgColor="FFFFFF" coreType="Peripheral" cBy="MJE" cDate="08/10/2001 05:00:30 PDT Fri" abbrev="ContP" name="Container_possessor" ID="1576">
        <definition>&lt;def-root&gt;&lt;fen&gt;Container_possessor&lt;/fen&gt; is the location of which the &lt;fen&gt;Locale&lt;/fen&gt; is a part.

&lt;ex&gt;Jon explored the &lt;t&gt;forests&lt;/t&gt; &lt;fex name="ContP"&gt;of California&lt;/fex&gt;.&lt;/ex&gt;&lt;/def-root&gt;</definition>
    </FE>
    <FE bgColor="008000" fgColor="FFFFFF" coreType="Peripheral" cBy="MJE" cDate="08/10/2001 05:00:30 PDT Fri" abbrev="FormC" name="Formational_cause" ID="1577">
        <definition>&lt;def-root&gt;&lt;fen&gt;Formational_cause&lt;/fen&gt; brings about the features of the &lt;fen&gt;Locale&lt;/fen&gt;.
&lt;ex&gt;Jon explored the &lt;fex name="FormC"&gt;sun-scorched&lt;/fex&gt; &lt;t&gt;savanna&lt;/t&gt;.&lt;/ex&gt;
This FE is also used for words  that indicate no salient formation.
&lt;ex&gt;Jon explored the &lt;fex name="FormC"&gt;virgin&lt;/fex&gt; &lt;t&gt;woodland&lt;/t&gt;.&lt;/ex&gt;&lt;/def-root&gt;</definition>
    </FE>
    <FE bgColor="0000FF" fgColor="FFFFFF" coreType="Core" cBy="MJE" cDate="08/10/2001 05:00:30 PDT Fri" abbrev="Locl" name="Locale" ID="1578">
        <definition>&lt;def-root&gt;This FE identifies a stable bounded area, and is typically the designation of the nouns of Locale-derived frames.
&lt;ex&gt;There used to be a &lt;fex name="Locale"&gt;&lt;t&gt;forest&lt;/t&gt;&lt;/fex&gt; in that valley.&lt;/ex&gt;&lt;/def-root&gt;</definition>
        <semType name="Location" ID="54"/>
    </FE>
    <FE bgColor="A52A2A" fgColor="FFFFFF" coreType="Peripheral" cBy="MJE" cDate="08/13/2001 11:30:47 PDT Mon" abbrev="Name" name="Name" ID="1597">
        <definition>&lt;def-root&gt;This FE indicates the &lt;fen&gt;Name&lt;/fen&gt;s of &lt;fen&gt;Locale&lt;/fen&gt;s. &lt;ex&gt;Jon explored the &lt;t&gt;forests&lt;/t&gt; &lt;fex name="Name"&gt;of California&lt;/fex&gt;.&lt;/ex&gt; &lt;ex&gt;Jon hiked around &lt;fex name="Name"&gt;Muir&lt;/fex&gt; &lt;t&gt;Woods&lt;/t&gt;. &lt;/ex&gt;  &lt;/def-root&gt;</definition>
    </FE>
    <FE bgColor="00BFFF" fgColor="FFFFFF" coreType="Peripheral" cBy="MJE" cDate="08/13/2001 11:51:05 PDT Mon" abbrev="RelLoc" name="Relative_location" ID="1600">
        <definition>&lt;def-root&gt;&lt;fen&gt;Relative_location&lt;/fen&gt; identifies a place in respect to which a &lt;fen&gt;Locale&lt;/fen&gt; is located.

&lt;ex&gt;All the &lt;t&gt;swamps&lt;/t&gt; &lt;fex name="RelLoc"&gt;outside of Georgia&lt;/fex&gt; are dry.&lt;/ex&gt;&lt;/def-root&gt;</definition>
        <semType name="Locative_relation" ID="182"/>
    </FE>
    <FE bgColor="FFA500" fgColor="FFFFFF" coreType="Peripheral" cBy="MJE" cDate="09/28/2004 12:33:27 PDT Tue" abbrev="des" name="Descriptor" ID="7152">
        <definition>&lt;def-root&gt;Any description, characteristic, or property of the &lt;fen&gt;Locale&lt;/fen&gt; which is not covered by more specific FEs.

&lt;ex&gt;Apparently they found him at the bottom of a &lt;fex name="des"&gt;really deep&lt;/fex&gt; &lt;t&gt;bog&lt;/t&gt;.&lt;/ex&gt;&lt;/def-root&gt;</definition>
    </FE>
    <frameRelation type="Inherits from">
        <relatedFrame ID="192">Locale</relatedFrame>
    </frameRelation>
    <frameRelation type="Is Inherited by"/>
    <frameRelation type="Perspective on"/>
    <frameRelation type="Is Perspectivized in"/>
    <frameRelation type="Uses"/>
    <frameRelation type="Is Used by"/>
    <frameRelation type="Subframe of"/>
    <frameRelation type="Has Subframe(s)"/>
    <frameRelation type="Precedes"/>
    <frameRelation type="Is Preceded by"/>
    <frameRelation type="Is Inchoative of"/>
    <frameRelation type="Is Causative of"/>
    <frameRelation type="See also"/>
    <lexUnit status="Finished_Initial" POS="N" name="woodland.n" ID="3464" lemmaID="44414" cBy="MJE" cDate="08/01/2001 06:10:16 PDT Wed">
        <definition>COD: land covered with trees. </definition>
        <sentenceCount annotated="44" total="424"/>
        <lexeme order="1" headword="false" breakBefore="false" POS="N" name="woodland"/>
    </lexUnit>
    <lexUnit status="Finished_Initial" POS="N" name="mudflat.n" ID="3465" lemmaID="25146" cBy="MJE" cDate="08/01/2001 06:10:37 PDT Wed">
        <definition>COD: a stretch of muddy land left uncovered at low tide. </definition>
        <sentenceCount annotated="9" total="46"/>
        <lexeme order="1" headword="false" breakBefore="false" POS="N" name="mudflat"/>
    </lexUnit>
    <lexUnit status="Created" POS="N" name="swamp.n" ID="3466" lemmaID="39067" cBy="MJE" cDate="08/01/2001 06:10:53 PDT Wed">
        <definition>COD: an area of waterlogged ground; a bog or marsh. </definition>
        <sentenceCount annotated="1" total="1"/>
        <lexeme order="1" headword="false" breakBefore="false" POS="N" name="swamp"/>
    </lexUnit>
    <lexUnit status="Finished_Initial" POS="N" name="prairie.n" ID="3467" lemmaID="30025" cBy="MJE" cDate="08/01/2001 06:11:15 PDT Wed">
        <definition>COD: a large open area of grassland. </definition>
        <sentenceCount annotated="12" total="116"/>
        <lexeme order="1" headword="false" breakBefore="false" POS="N" name="prairie"/>
    </lexUnit>
    <lexUnit status="Finished_Initial" POS="N" name="desert.n" ID="3468" lemmaID="10329" cBy="MJE" cDate="08/01/2001 06:11:42 PDT Wed">
        <definition>COD: a waterless, desolate area of land with little or no vegetation, typically covered with sand. </definition>
        <sentenceCount annotated="48" total="424"/>
        <lexeme order="1" headword="false" breakBefore="false" POS="N" name="desert"/>
    </lexUnit>
    <lexUnit status="Finished_Initial" POS="N" name="forest.n" ID="3469" lemmaID="15089" cBy="MJE" cDate="08/01/2001 06:12:22 PDT Wed">
        <definition>COD: a large area covered chiefly with trees and undergrowth. </definition>
        <sentenceCount annotated="66" total="715"/>
        <lexeme order="1" headword="false" breakBefore="false" POS="N" name="forest"/>
    </lexUnit>
    <lexUnit status="Finished_Initial" POS="N" name="bog.n" ID="3470" lemmaID="4052" cBy="MJE" cDate="08/01/2001 06:12:39 PDT Wed">
        <definition>COD: an area of very soft wet muddy ground</definition>
        <sentenceCount annotated="24" total="176"/>
        <lexeme order="1" headword="false" breakBefore="false" POS="N" name="bog"/>
        <semType name="Body_of_water" ID="2"/>
    </lexUnit>
    <lexUnit status="Created" POS="N" name="wood.n" ID="3471" lemmaID="44401" cBy="MJE" cDate="08/01/2001 06:13:02 PDT Wed">
        <definition>COD:  a small forest. </definition>
        <sentenceCount annotated="1" total="1"/>
        <lexeme order="1" headword="false" breakBefore="false" POS="N" name="wood"/>
    </lexUnit>
    <lexUnit status="Finished_Initial" POS="N" name="jungle.n" ID="3472" lemmaID="21150" cBy="MJE" cDate="08/01/2001 06:13:26 PDT Wed">
        <definition>COD: an area of land with dense forest and tangled vegetation, typically in the tropics. </definition>
        <sentenceCount annotated="30" total="248"/>
        <lexeme order="1" headword="false" breakBefore="false" POS="N" name="jungle"/>
    </lexUnit>
    <lexUnit status="Finished_Initial" POS="N" name="swampland.n" ID="3473" lemmaID="45042" cBy="MJE" cDate="08/01/2001 06:16:33 PDT Wed">
        <definition>FN: a piece of land which happens to be swampy</definition>
        <sentenceCount annotated="5" total="16"/>
        <lexeme order="1" headword="false" breakBefore="false" POS="N" name="swampland"/>
    </lexUnit>
    <lexUnit status="Finished_Initial" POS="N" name="rainforest.n" ID="3474" lemmaID="45044" cBy="MJE" cDate="08/01/2001 06:24:47 PDT Wed">
        <definition>COD: a luxuriant, dense forest found in tropical areas with consistently heavy rainfall. </definition>
        <sentenceCount annotated="15" total="150"/>
        <lexeme order="1" headword="false" breakBefore="false" POS="N" name="rainforest"/>
    </lexUnit>
    <lexUnit status="Finished_Initial" POS="N" name="plain.n" ID="3475" lemmaID="29223" cBy="MJE" cDate="08/01/2001 06:25:18 PDT Wed">
        <definition>COD: a large area of flat land with few trees.</definition>
        <sentenceCount annotated="41" total="402"/>
        <lexeme order="1" headword="false" breakBefore="false" POS="N" name="plain"/>
    </lexUnit>
    <lexUnit status="Finished_Initial" POS="N" name="meadowland.n" ID="3476" lemmaID="45045" cBy="MJE" cDate="08/01/2001 06:27:41 PDT Wed">
        <definition>FN: grassland, often used for the cultivation of grass.</definition>
        <sentenceCount annotated="5" total="22"/>
        <lexeme order="1" headword="false" breakBefore="false" POS="N" name="meadowland"/>
    </lexUnit>
    <lexUnit status="Finished_Initial" POS="N" name="heathland.n" ID="3477" lemmaID="45046" cBy="MJE" cDate="08/01/2001 06:29:20 PDT Wed">
        <definition>COD: an area of open uncultivated land, typically on acid sandy soil and covered with heather, gorse, and coarse grasses</definition>
        <sentenceCount annotated="8" total="62"/>
        <lexeme order="1" headword="false" breakBefore="false" POS="N" name="heathland"/>
    </lexUnit>
    <lexUnit status="Finished_Initial" POS="N" name="copse.n" ID="3478" lemmaID="8312" cBy="MJE" cDate="08/01/2001 06:30:49 PDT Wed">
        <definition>COD: a small group of trees. </definition>
        <sentenceCount annotated="18" total="137"/>
        <lexeme order="1" headword="false" breakBefore="false" POS="N" name="coppice"/>
    </lexUnit>
    <lexUnit status="Finished_Initial" POS="N" name="glade.n" ID="3479" lemmaID="16282" cBy="MJE" cDate="08/01/2001 06:35:48 PDT Wed">
        <definition>COD: an open space in a wood or forest. </definition>
        <sentenceCount annotated="23" total="87"/>
        <lexeme order="1" headword="false" breakBefore="false" POS="N" name="glade"/>
    </lexUnit>
    <lexUnit status="Finished_Initial" POS="N" name="tundra.n" ID="3480" lemmaID="41478" cBy="MJE" cDate="08/01/2001 06:48:02 PDT Wed">
        <definition>COD: a vast, flat, treeless Arctic region of Europe, Asia, and North America in which the subsoil is permanently frozen. </definition>
        <sentenceCount annotated="19" total="103"/>
        <lexeme order="1" headword="false" breakBefore="false" POS="N" name="tundra"/>
    </lexUnit>
    <lexUnit status="Finished_Initial" POS="N" name="taiga.n" ID="3481" lemmaID="45047" cBy="MJE" cDate="08/01/2001 06:49:01 PDT Wed">
        <definition>COD: swampy coniferous forest of high northern latitudes, especially that between the tundra and steppes of Siberia. </definition>
        <sentenceCount annotated="4" total="9"/>
        <lexeme order="1" headword="false" breakBefore="false" POS="N" name="taiga"/>
    </lexUnit>
    <lexUnit status="Finished_Initial" POS="N" name="marsh.n" ID="3482" lemmaID="23552" cBy="MJE" cDate="08/01/2001 06:58:59 PDT Wed">
        <definition>COD: an area of low-lying land which is flooded in wet seasons or at high tide, and typically remains waterlogged at all times.</definition>
        <sentenceCount annotated="36" total="323"/>
        <lexeme order="1" headword="false" breakBefore="false" POS="N" name="marsh"/>
        <semType name="Body_of_water" ID="2"/>
    </lexUnit>
    <lexUnit status="Finished_Initial" POS="N" name="marshland.n" ID="3483" lemmaID="45048" cBy="MJE" cDate="08/01/2001 07:00:56 PDT Wed">
        <definition>FN: a piece of land that happens to be marshy</definition>
        <sentenceCount annotated="12" total="90"/>
        <lexeme order="1" headword="false" breakBefore="false" POS="N" name="marshland"/>
    </lexUnit>
    <lexUnit status="Finished_Initial" POS="N" name="fen.n" ID="3484" lemmaID="14169" cBy="MJE" cDate="08/01/2001 07:01:25 PDT Wed">
        <definition>COD: a low and marshy or frequently flooded area of land. </definition>
        <sentenceCount annotated="6" total="105"/>
        <lexeme order="1" headword="false" breakBefore="false" POS="N" name="fen"/>
    </lexUnit>
    <lexUnit status="Finished_Initial" POS="N" name="moor.n" ID="3485" lemmaID="24883" cBy="MJE" cDate="08/01/2001 07:08:39 PDT Wed">
        <definition>COD: a tract of open uncultivated upland, typically covered with heather.</definition>
        <sentenceCount annotated="45" total="272"/>
        <lexeme order="1" headword="false" breakBefore="false" POS="N" name="moor"/>
    </lexUnit>
    <lexUnit status="Finished_Initial" POS="N" name="grassland.n" ID="3486" lemmaID="16716" cBy="MJE" cDate="08/01/2001 07:09:57 PDT Wed">
        <definition>FN: a large area covered primarily with grass</definition>
        <sentenceCount annotated="10" total="151"/>
        <lexeme order="1" headword="false" breakBefore="false" POS="N" name="grassland"/>
    </lexUnit>
    <lexUnit status="Finished_Initial" POS="N" name="mead.n" ID="3487" lemmaID="23782" cBy="MJE" cDate="08/01/2001 07:12:45 PDT Wed">
        <definition>COD: a meadow. </definition>
        <sentenceCount annotated="5" total="150"/>
        <lexeme order="1" headword="false" breakBefore="false" POS="N" name="mead"/>
    </lexUnit>
    <lexUnit status="Needs_SCs" POS="N" name="lea.n" ID="3488" lemmaID="21903" cBy="MJE" cDate="08/01/2001 07:14:53 PDT Wed">
        <definition>COD: an open area of grassy or arable land. </definition>
        <sentenceCount annotated="1" total="15"/>
        <lexeme order="1" headword="false" breakBefore="false" POS="N" name="lea"/>
    </lexUnit>
    <lexUnit status="Finished_Initial" POS="N" name="veld.n" ID="3489" lemmaID="42793" cBy="MJE" cDate="08/01/2001 07:17:54 PDT Wed">
        <definition>COD: open, uncultivated country or grassland in southern Africa. </definition>
        <sentenceCount annotated="5" total="9"/>
        <lexeme order="1" headword="false" breakBefore="false" POS="N" name="veld"/>
    </lexUnit>
    <lexUnit status="Finished_Initial" POS="N" name="wold.n" ID="3490" lemmaID="44364" cBy="MJE" cDate="08/01/2001 07:24:35 PDT Wed">
        <definition>COD: a piece of high, open, uncultivated land or moor. </definition>
        <sentenceCount annotated="5" total="48"/>
        <lexeme order="1" headword="false" breakBefore="false" POS="N" name="wold"/>
    </lexUnit>
    <lexUnit status="Finished_Initial" POS="N" name="thicket.n" ID="3491" lemmaID="40128" cBy="MJE" cDate="08/01/2001 07:30:18 PDT Wed">
        <definition>COD: a dense group of bushes or trees. </definition>
        <sentenceCount annotated="24" total="146"/>
        <lexeme order="1" headword="false" breakBefore="false" POS="N" name="thicket"/>
    </lexUnit>
    <lexUnit status="Finished_Initial" POS="N" name="savanna.n" ID="3492" lemmaID="34240" cBy="MJE" cDate="08/01/2001 07:31:41 PDT Wed">
        <definition>COD: a grassy plain  in tropcial and subtropcial regions, with few trees</definition>
        <sentenceCount annotated="15" total="72"/>
        <lexeme order="1" headword="false" breakBefore="false" POS="N" name="savanna"/>
    </lexUnit>
    <lexUnit status="Finished_Initial" POS="N" name="mire.n" ID="3493" lemmaID="24437" cBy="MJE" cDate="08/01/2001 07:40:46 PDT Wed">
        <definition>COD: a stretch of swampy or boggy ground. </definition>
        <sentenceCount annotated="15" total="92"/>
        <lexeme order="1" headword="false" breakBefore="false" POS="N" name="mire"/>
    </lexUnit>
    <lexUnit status="Created" POS="N" name="bush.n" ID="3494" lemmaID="5021" cBy="MJE" cDate="08/01/2001 07:45:45 PDT Wed">
        <definition>COD: (in Australia and Africa) wild or uncultivated country. </definition>
        <sentenceCount annotated="0" total="0"/>
        <lexeme order="1" headword="false" breakBefore="false" POS="N" name="bush"/>
    </lexUnit>
    <lexUnit status="Insufficient_Attestations" POS="N" name="greenwood.n" ID="3495" lemmaID="16801" cBy="MJE" cDate="08/01/2001 07:49:22 PDT Wed">
        <definition>COD: a wood or forest in leaf, especially as a refuge for outlaws.</definition>
        <sentenceCount annotated="3" total="23"/>
        <lexeme order="1" headword="false" breakBefore="false" POS="N" name="greenwood"/>
    </lexUnit>
    <lexUnit status="Finished_Initial" POS="N" name="spinney.n" ID="3704" lemmaID="37344" cBy="MJE" cDate="08/10/2001 01:01:58 PDT Fri">
        <definition>COD:  a small area of trees and bushes. </definition>
        <sentenceCount annotated="6" total="23"/>
        <lexeme order="1" headword="false" breakBefore="false" POS="N" name="spinney"/>
    </lexUnit>
    <lexUnit status="Created" POS="N" name="scrub.n" ID="14498" lemmaID="50714" cBy="KmG" cDate="07/30/2007 03:29:58 PDT Mon">
        <definition>FN: a natural area defined by its abundance of shrubbery. </definition>
        <sentenceCount annotated="2" total="2"/>
        <lexeme order="1" headword="true" breakBefore="false" POS="N" name="scrub"/>
    </lexUnit>
    <lexUnit status="Created" POS="N" name="oasis.n" ID="14627" lemmaID="26349" cBy="KmG" cDate="11/01/2007 12:50:28 PDT Thu">
        <definition>FN: a green and fertile area in a desert</definition>
        <sentenceCount annotated="2" total="2"/>
        <lexeme order="1" headword="false" breakBefore="false" POS="N" name="oasis"/>
    </lexUnit>
    <lexUnit status="Created" POS="N" name="shrubbery.n" ID="17303" lemmaID="35738" cBy="CVa" cDate="01/29/2013 06:28:36 PST Tue">
        <definition>FN: an area filled with shrubs</definition>
        <sentenceCount annotated="1" total="1"/>
        <lexeme order="1" headword="false" breakBefore="false" POS="N" name="shrubbery"/>
    </lexUnit>
</frame>