<?xml version="1.0" encoding="UTF-8" standalone="yes"?>
<?xml-stylesheet type="text/xsl" href="frame.xsl"?>
<frame cBy="CVa" cDate="04/25/2013 02:29:51 PDT Thu" name="Birth_scenario" ID="2811" xsi:schemaLocation="../schema/frame.xsd" xmlns="http://framenet.icsi.berkeley.edu" xmlns:xsi="http://www.w3.org/2001/XMLSchema-instance">
    <definition>&lt;def-root&gt;An &lt;fen&gt;Offspring&lt;/fen&gt; is born to a &lt;fen&gt;Mother&lt;/fen&gt; and &lt;fen&gt;Father&lt;/fen&gt;, collectively referred to as &lt;fen&gt;Parents&lt;/fen&gt;. This event happens at a particular &lt;fen&gt;Time&lt;/fen&gt; and &lt;fen&gt;Place&lt;/fen&gt;.&lt;/def-root&gt;</definition>
    <semType name="Non-Lexical Frame" ID="16"/>
    <semType name="Non-perspectivalized_frame" ID="52"/>
    <FE bgColor="800080" fgColor="FFFFFF" coreType="Core" cBy="CVa" cDate="04/25/2013 02:33:29 PDT Thu" abbrev="Off" name="Offspring" ID="15886">
        <definition>&lt;def-root&gt;The living being that is produced by the &lt;fen&gt;Parents&lt;/fen&gt;. &lt;/def-root&gt;</definition>
    </FE>
    <FE bgColor="FF0000" fgColor="FFFFFF" coreType="Core" cBy="CVa" cDate="04/25/2013 02:35:47 PDT Thu" abbrev="" name="Mother" ID="15887">
        <definition>&lt;def-root&gt;The female being that produces the &lt;fen&gt;Offspring&lt;/fen&gt;.&lt;/def-root&gt;</definition>
        <excludesFE name="Parents" ID="15889"/>
    </FE>
    <FE bgColor="0000FF" fgColor="FFFFFF" coreType="Core" cBy="CVa" cDate="04/25/2013 02:36:38 PDT Thu" abbrev="" name="Father" ID="15888">
        <definition>&lt;def-root&gt;The male being that aids in the production of the &lt;fen&gt;Offspring&lt;/fen&gt;.&lt;/def-root&gt;</definition>
        <excludesFE name="Parents" ID="15889"/>
    </FE>
    <FE bgColor="008000" fgColor="FFFFFF" coreType="Core" cBy="CVa" cDate="04/25/2013 02:37:46 PDT Thu" abbrev="" name="Parents" ID="15889">
        <definition>&lt;def-root&gt;The &lt;fen&gt;Mother&lt;/fen&gt; and &lt;fen&gt;Father&lt;/fen&gt; collectively.&lt;/def-root&gt;</definition>
    </FE>
    <FE bgColor="FFD700" fgColor="000000" coreType="Peripheral" cBy="CVa" cDate="04/25/2013 02:38:55 PDT Thu" abbrev="" name="Time" ID="15890">
        <definition>&lt;def-root&gt;The time when the birth of the &lt;fen&gt;Offspring&lt;/fen&gt; takes place.&lt;/def-root&gt;</definition>
    </FE>
    <FE bgColor="808080" fgColor="FFFFFF" coreType="Peripheral" cBy="CVa" cDate="04/25/2013 02:39:48 PDT Thu" abbrev="" name="Place" ID="15891">
        <definition>&lt;def-root&gt;The place where the &lt;fen&gt;Offspring&lt;/fen&gt; is born.&lt;/def-root&gt;</definition>
    </FE>
    <FE bgColor="FF00FF" fgColor="FFFFFF" coreType="Peripheral" cBy="CVa" cDate="04/25/2013 02:45:33 PDT Thu" abbrev="" name="Manner" ID="15893">
        <definition>&lt;def-root&gt;The way in which the birthing event takes place.&lt;/def-root&gt;</definition>
    </FE>
    <frameRelation type="Inherits from">
        <relatedFrame ID="187">Event</relatedFrame>
    </frameRelation>
    <frameRelation type="Is Inherited by"/>
    <frameRelation type="Perspective on"/>
    <frameRelation type="Is Perspectivized in">
        <relatedFrame ID="281">Giving_birth</relatedFrame>
        <relatedFrame ID="793">Being_born</relatedFrame>
    </frameRelation>
    <frameRelation type="Uses"/>
    <frameRelation type="Is Used by"/>
    <frameRelation type="Subframe of">
        <relatedFrame ID="2917">Sexual_reproduction_scenario</relatedFrame>
    </frameRelation>
    <frameRelation type="Has Subframe(s)"/>
    <frameRelation type="Precedes"/>
    <frameRelation type="Is Preceded by"/>
    <frameRelation type="Is Inchoative of"/>
    <frameRelation type="Is Causative of"/>
    <frameRelation type="See also"/>
</frame>