<?xml version="1.0" encoding="UTF-8" standalone="yes"?>
<?xml-stylesheet type="text/xsl" href="frame.xsl"?>
<frame cBy="AlK" cDate="08/04/2010 11:15:12 PDT Wed" name="Bond_maturation" ID="2371" xsi:schemaLocation="../schema/frame.xsd" xmlns="http://framenet.icsi.berkeley.edu" xmlns:xsi="http://www.w3.org/2001/XMLSchema-instance">
    <definition>&lt;def-root&gt;A &lt;fen&gt;Financial_instrument&lt;/fen&gt; (a bond or insurance) fulfills a condition at a certain &lt;fen&gt;Time&lt;/fen&gt; after which the &lt;fen&gt;Issuer&lt;/fen&gt; of the &lt;fen&gt;Financial_instrument&lt;/fen&gt; is legally obligated to pay the &lt;fen&gt;Holder&lt;/fen&gt; a monetary &lt;fen&gt;Value&lt;/fen&gt;, based on the instrument's original &lt;fen&gt;Principle&lt;/fen&gt; and the &lt;fen&gt;Interest&lt;/fen&gt; rate.

&lt;ex&gt;&lt;fex name="Financial_instrument"&gt;The bond&lt;/fex&gt; had &lt;t&gt;matured&lt;/t&gt; &lt;fex name="Value"&gt;to its full value&lt;/fex&gt; &lt;fex name=""&gt;at 30 years&lt;/fex&gt;.&lt;/ex&gt;&lt;/def-root&gt;</definition>
    <FE bgColor="800080" fgColor="FFFFFF" coreType="Core" cBy="AlK" cDate="08/04/2010 12:30:04 PDT Wed" abbrev="" name="Financial_instrument" ID="14126">
        <definition>&lt;def-root&gt;The bond, insurance, or debt security which a Holder buys from an Issuer.

&lt;ex&gt;&lt;fex name="Financial_instrument"&gt;West Shore Railroad bonds&lt;/fex&gt; never &lt;t&gt;mature&lt;/t&gt;.&lt;/ex&gt;&lt;/def-root&gt;</definition>
    </FE>
    <FE bgColor="FFA500" fgColor="FFFFFF" coreType="Core" cBy="AlK" cDate="08/04/2010 01:52:56 PDT Wed" abbrev="" name="Time" ID="14127">
        <definition>&lt;def-root&gt;When the &lt;fen&gt;Financial_instrument&lt;/fen&gt; reaches maturity.

&lt;ex&gt;Treasury bonds &lt;t&gt;mature&lt;/t&gt; &lt;fex name="Time"&gt;after 30 years&lt;/fex&gt;.&lt;/ex&gt;&lt;/def-root&gt;</definition>
    </FE>
    <FE bgColor="FF0000" fgColor="FFFFFF" coreType="Peripheral" cBy="AlK" cDate="08/04/2010 03:44:01 PDT Wed" abbrev="" name="Issuer" ID="14130">
        <definition>&lt;def-root&gt;The entity which is obligated to pay the &lt;fen&gt;Holder&lt;/fen&gt; after the &lt;fen&gt;Financial_instrument&lt;/fen&gt; matures.&lt;/def-root&gt;</definition>
    </FE>
    <FE bgColor="0000FF" fgColor="FFFFFF" coreType="Peripheral" cBy="AlK" cDate="08/04/2010 03:46:22 PDT Wed" abbrev="" name="Holder" ID="14131">
        <definition>&lt;def-root&gt;The entity which owns the &lt;fen&gt;Financial_instrument&lt;/fen&gt; and is owed money from the &lt;fen&gt;Issuer&lt;/fen&gt;.&lt;/def-root&gt;</definition>
    </FE>
    <FE bgColor="008000" fgColor="FFFFFF" coreType="Peripheral" cBy="AlK" cDate="08/04/2010 03:48:36 PDT Wed" abbrev="" name="Value" ID="14132">
        <definition>&lt;def-root&gt;What the &lt;fen&gt;Financial_instrument&lt;/fen&gt; is worth after maturity.

&lt;ex&gt;The bond &lt;t&gt;matured&lt;/t&gt;&lt;fex name="Value"&gt;to the full amount&lt;/fex&gt; in 2009.&lt;/ex&gt;&lt;/def-root&gt;</definition>
    </FE>
    <FE bgColor="9400D3" fgColor="FFFFFF" coreType="Peripheral" cBy="AlK" cDate="08/04/2010 03:58:22 PDT Wed" abbrev="" name="Principle" ID="14133">
        <definition>&lt;def-root&gt;The amount that the &lt;fen&gt;Holder&lt;/fen&gt; originally paid to own the &lt;fen&gt;Financial_instrument&lt;/fen&gt;.&lt;/def-root&gt;</definition>
    </FE>
    <FE bgColor="1E90FF" fgColor="FFFFFF" coreType="Peripheral" cBy="AlK" cDate="08/04/2010 03:59:15 PDT Wed" abbrev="" name="Interest" ID="14134">
        <definition>&lt;def-root&gt;The growth rate on the &lt;fen&gt;Principle&lt;/fen&gt; that results in the final &lt;fen&gt;Value&lt;/fen&gt; of the &lt;fen&gt;Financial_instrument&lt;/fen&gt;.&lt;/def-root&gt;</definition>
    </FE>
    <frameRelation type="Inherits from"/>
    <frameRelation type="Is Inherited by"/>
    <frameRelation type="Perspective on"/>
    <frameRelation type="Is Perspectivized in"/>
    <frameRelation type="Uses">
        <relatedFrame ID="2370">Repayment</relatedFrame>
    </frameRelation>
    <frameRelation type="Is Used by"/>
    <frameRelation type="Subframe of"/>
    <frameRelation type="Has Subframe(s)"/>
    <frameRelation type="Precedes"/>
    <frameRelation type="Is Preceded by"/>
    <frameRelation type="Is Inchoative of"/>
    <frameRelation type="Is Causative of"/>
    <frameRelation type="See also"/>
    <lexUnit status="Needs_SCs" POS="V" name="mature.v" ID="15992" lemmaID="23721" cBy="AlK" cDate="08/05/2010 11:47:30 PDT Thu">
        <definition>FN: be due for payment</definition>
        <sentenceCount annotated="1" total="1"/>
        <lexeme order="1" headword="false" breakBefore="false" POS="V" name="mature"/>
    </lexUnit>
    <lexUnit status="Created" POS="N" name="maturity.n" ID="15993" lemmaID="23724" cBy="AlK" cDate="08/05/2010 11:49:32 PDT Thu">
        <definition>FN: the date at which a security is due for payment</definition>
        <sentenceCount annotated="21" total="21"/>
        <lexeme order="1" headword="false" breakBefore="false" POS="N" name="maturity"/>
    </lexUnit>
    <lexUnit status="Created" POS="V" name="endow.v" ID="15994" lemmaID="12729" cBy="AlK" cDate="08/05/2010 11:50:05 PDT Thu">
        <definition>FN: having conditions fulfilled obligating payment </definition>
        <sentenceCount annotated="0" total="0"/>
        <lexeme order="1" headword="false" breakBefore="false" POS="V" name="endow"/>
    </lexUnit>
</frame>