<?xml version="1.0" encoding="UTF-8" standalone="yes"?>
<?xml-stylesheet type="text/xsl" href="frame.xsl"?>
<frame cBy="CVa" cDate="11/16/2012 09:28:37 PST Fri" name="Borrowing" ID="2783" xsi:schemaLocation="../schema/frame.xsd" xmlns="http://framenet.icsi.berkeley.edu" xmlns:xsi="http://www.w3.org/2001/XMLSchema-instance">
    <definition>&lt;def-root&gt;The &lt;fen&gt;Borrower&lt;/fen&gt; takes possession of a &lt;fen&gt;Theme&lt;/fen&gt; with the knowledge that the &lt;fen&gt;Borrower&lt;/fen&gt; will have to give the &lt;fen&gt;Theme&lt;/fen&gt; back to the &lt;fen&gt;Lender&lt;/fen&gt; after a &lt;fen&gt;Duration&lt;/fen&gt; of time.  This frame differs from the Lending frame in that this frame profiles the Borrower in active sentences, whereas the Lending frame profiles the Lender.
&lt;ex&gt;&lt;/ex&gt;
For the time being, this frame includes both the transfer event itself and the end state of the event, as shown in the first two examples following:

&lt;ex&gt;&lt;fex name="Borrower"&gt;I&lt;/fex&gt; am &lt;t&gt;borrowing&lt;/t&gt; &lt;fex name="Theme"&gt;the book about modal particles&lt;/fex&gt; &lt;fex name="Lender"&gt;from the professor&lt;/fex&gt;.&lt;/ex&gt;

&lt;ex&gt;&lt;fex name="Borrower"&gt;I&lt;/fex&gt; &lt;t&gt;borrowed&lt;/t&gt; &lt;fex name="Theme"&gt;the book&lt;/fex&gt; &lt;fex name="Lender"&gt;from him&lt;/fex&gt; and returned it &lt;fex name="Time"&gt;a long time ago&lt;/fex&gt;.&lt;/ex&gt;

&lt;ex&gt;Not only did &lt;fex name="Borr"&gt;I&lt;/fex&gt; have to &lt;t&gt;borrow&lt;/t&gt; &lt;fex name="Theme"&gt;a gown&lt;/fex&gt;, but I was also lent a jacket!&lt;/ex&gt;

&lt;ex&gt;&lt;fex name="Borr"&gt;The girl&lt;/fex&gt; &lt;t&gt;borrowed&lt;/t&gt; &lt;fex name="Theme"&gt;the car&lt;/fex&gt; &lt;fex name="Lender"&gt;from her sister&lt;/fex&gt; &lt;fex name="Duration"&gt;for a couple days&lt;/fex&gt;.&lt;/ex&gt;

Along with other ways of temporarily taking possession (e.g. "putting something in your pocket for a while"), this frame is used non-literally to refer to Stealing.  In this use, the &lt;fen&gt;Borrower&lt;/fen&gt; is a thief, the &lt;fen&gt;Lender&lt;/fen&gt; is a Victim, and the &lt;fen&gt;Theme&lt;/fen&gt; is the Goods:

&lt;ex&gt;Were n't nobody lookin' so &lt;fex name="Borrower"&gt;I&lt;/fex&gt; &lt;t&gt;borrowed&lt;/t&gt; &lt;fex name="Theme"&gt;it&lt;/fex&gt; &lt;fex name="Lender"&gt;off her&lt;/fex&gt; .&lt;/ex&gt;&lt;/def-root&gt;</definition>
    <FE bgColor="800080" fgColor="FFFFFF" coreType="Core" cBy="CVa" cDate="11/16/2012 09:30:12 PST Fri" abbrev="Borr" name="Borrower" ID="15808">
        <definition>&lt;def-root&gt;The person who receives the &lt;fen&gt;Theme&lt;/fen&gt; from the &lt;fen&gt;Lender&lt;/fen&gt; for a &lt;fen&gt;Duration&lt;/fen&gt;.

&lt;ex&gt;&lt;fex name="Borr"&gt;Tracy&lt;/fex&gt; &lt;t&gt;borrowed&lt;/t&gt; that book from Leonard last week.&lt;/ex&gt;&lt;/def-root&gt;</definition>
    </FE>
    <FE bgColor="FFA500" fgColor="000000" coreType="Peripheral" cBy="CVa" cDate="11/16/2012 09:31:13 PST Fri" abbrev="Dur" name="Duration" ID="15809">
        <definition>&lt;def-root&gt;The amount of time for which the &lt;fen&gt;Borrower&lt;/fen&gt; has possession of the &lt;fen&gt;Theme&lt;/fen&gt;.&lt;/def-root&gt;</definition>
        <semType name="Duration" ID="142"/>
    </FE>
    <FE bgColor="FF0000" fgColor="FFFFFF" coreType="Core" cBy="CVa" cDate="11/16/2012 09:32:17 PST Fri" abbrev="Lend" name="Lender" ID="15810">
        <definition>&lt;def-root&gt;The person or institution who gives the &lt;fen&gt;Theme&lt;/fen&gt; to the &lt;fen&gt;Borrower&lt;/fen&gt; for a &lt;fen&gt;Duration&lt;/fen&gt;.
&lt;ex&gt;Tracy &lt;t&gt;borrowed&lt;/t&gt; that book &lt;fex name="Lend"&gt;from Leonard&lt;/fex&gt; last week.&lt;/ex&gt;&lt;/def-root&gt;</definition>
        <semType name="Source" ID="151"/>
    </FE>
    <FE bgColor="0000FF" fgColor="FFFFFF" coreType="Core" cBy="CVa" cDate="11/16/2012 09:33:10 PST Fri" abbrev="Th" name="Theme" ID="15811">
        <definition>&lt;def-root&gt;The object that the &lt;fen&gt;Borrower&lt;/fen&gt; receives from the &lt;fen&gt;Lender&lt;/fen&gt; for a &lt;fen&gt;Duration&lt;/fen&gt;.&lt;/def-root&gt;</definition>
    </FE>
    <FE bgColor="808080" fgColor="FFFFFF" coreType="Peripheral" cBy="CVa" cDate="11/16/2012 10:41:41 PST Fri" abbrev="Purp" name="Purpose" ID="15812">
        <definition>&lt;def-root&gt;The aim of the &lt;fen&gt;Borrower&lt;/fen&gt; which they believe will be accomplished by possessing the &lt;fen&gt;Theme&lt;/fen&gt;.&lt;/def-root&gt;</definition>
    </FE>
    <FE bgColor="EEE8AA" fgColor="000000" coreType="Peripheral" cBy="CVa" cDate="11/16/2012 11:10:20 PST Fri" abbrev="Time" name="Time" ID="15813">
        <definition>&lt;def-root&gt;When the borrowing even occurs.&lt;/def-root&gt;</definition>
    </FE>
    <FE bgColor="00BFFF" fgColor="FFFFFF" coreType="Peripheral" cBy="CVa" cDate="11/20/2012 06:34:02 PST Tue" abbrev="Means" name="Means_of_transfer" ID="15820">
        <definition>&lt;def-root&gt;The means by which the transfer of the &lt;fen&gt;Theme&lt;/fen&gt; took place.

&lt;ex&gt;I &lt;t&gt;borrowed&lt;/t&gt; money from my dad &lt;fex name="Means"&gt;via Western Union&lt;/fex&gt;.&lt;/ex&gt;&lt;/def-root&gt;</definition>
    </FE>
    <FE bgColor="008000" fgColor="FFFFFF" coreType="Peripheral" cBy="CVa" cDate="11/20/2012 06:35:57 PST Tue" abbrev="Pla" name="Place" ID="15821">
        <definition>&lt;def-root&gt;The location in which the &lt;fen&gt;Borrower&lt;/fen&gt; gets the &lt;fen&gt;Theme&lt;/fen&gt; from the &lt;fen&gt;Lender&lt;/fen&gt;.

&lt;ex&gt;I am &lt;t&gt;borrowing&lt;/t&gt; his car &lt;fex name="Pla"&gt;at the airport&lt;/fex&gt;.&lt;/ex&gt;&lt;/def-root&gt;</definition>
    </FE>
    <FE bgColor="FF69B4" fgColor="000000" coreType="Peripheral" cBy="CVa" cDate="11/20/2012 06:38:32 PST Tue" abbrev="Man" name="Manner" ID="15822">
        <definition>&lt;def-root&gt;The way in which the &lt;fen&gt;Borrower&lt;/fen&gt; gains possession of the &lt;fen&gt;Theme&lt;/fen&gt; from the &lt;fen&gt;Lender&lt;/fen&gt;.

&lt;ex&gt;I &lt;fex name="Man"&gt;hastily &lt;/fex&gt;&lt;t&gt;borrowed&lt;/t&gt; the keys from his belt.&lt;/ex&gt;&lt;/def-root&gt;</definition>
        <semType name="Manner" ID="173"/>
    </FE>
    <frameRelation type="Inherits from">
        <relatedFrame ID="411">Receiving</relatedFrame>
    </frameRelation>
    <frameRelation type="Is Inherited by"/>
    <frameRelation type="Perspective on">
        <relatedFrame ID="2780">Temporary_transfer_scenario</relatedFrame>
    </frameRelation>
    <frameRelation type="Is Perspectivized in"/>
    <frameRelation type="Uses"/>
    <frameRelation type="Is Used by"/>
    <frameRelation type="Subframe of"/>
    <frameRelation type="Has Subframe(s)"/>
    <frameRelation type="Precedes"/>
    <frameRelation type="Is Preceded by"/>
    <frameRelation type="Is Inchoative of"/>
    <frameRelation type="Is Causative of"/>
    <frameRelation type="See also"/>
    <lexUnit status="Finished_Initial" POS="V" name="borrow.v" ID="17183" lemmaID="4244" cBy="CVa" cDate="11/16/2012 09:49:30 PST Fri">
        <definition>FN: to take possession of something with the knowledge that it must be given back</definition>
        <sentenceCount annotated="15" total="201"/>
        <lexeme order="1" headword="false" breakBefore="false" POS="V" name="borrow"/>
    </lexUnit>
</frame>