<?xml version="1.0" encoding="UTF-8" standalone="yes"?>
<?xml-stylesheet type="text/xsl" href="frame.xsl"?>
<frame cBy="MJE" cDate="02/25/2008 06:52:34 PST Mon" name="Bounded_region" ID="2019" xsi:schemaLocation="../schema/frame.xsd" xmlns="http://framenet.icsi.berkeley.edu" xmlns:xsi="http://www.w3.org/2001/XMLSchema-instance">
    <definition>&lt;def-root&gt;An &lt;fen&gt;Exterior&lt;/fen&gt;, &lt;fen&gt;Surface&lt;/fen&gt;, &lt;fen&gt;Boundary&lt;/fen&gt;, and &lt;fen&gt;Interior&lt;/fen&gt; are picked out relative to the &lt;fen&gt;Ground&lt;/fen&gt;.  This &lt;fen&gt;Ground&lt;/fen&gt; may either occupy only the &lt;fen&gt;Boundary&lt;/fen&gt; (in which case the &lt;fen&gt;Interior&lt;/fen&gt; is negative space) or the &lt;fen&gt;Ground&lt;/fen&gt; may fill the &lt;fen&gt;Interior&lt;/fen&gt;.&lt;/def-root&gt;</definition>
    <semType name="Non-Lexical Frame" ID="16"/>
    <FE bgColor="FF0000" fgColor="FFFFFF" coreType="Core" cBy="MJE" cDate="02/25/2008 06:52:34 PST Mon" abbrev="" name="Interior" ID="12255">
        <definition>&lt;def-root&gt;A region of space located inside a &lt;fen&gt;Ground&lt;/fen&gt;.&lt;/def-root&gt;</definition>
    </FE>
    <FE bgColor="0000FF" fgColor="FFFFFF" coreType="Core" cBy="MJE" cDate="02/25/2008 06:52:34 PST Mon" abbrev="" name="Ground" ID="12256">
        <definition>&lt;def-root&gt;An entity whose location is relatively well-known and which, thus, can serve as a land-mark to identify the &lt;fen&gt;Interior&lt;/fen&gt;, &lt;fen&gt;Surface&lt;/fen&gt;, &lt;fen&gt;Boundary&lt;/fen&gt;, or &lt;fen&gt;Exterior&lt;/fen&gt; regions.&lt;/def-root&gt;</definition>
    </FE>
    <FE bgColor="A52A2A" fgColor="FFFFFF" coreType="Core" cBy="MJE" cDate="02/25/2008 06:56:39 PST Mon" abbrev="" name="Surface" ID="12257">
        <definition>&lt;def-root&gt;The region located outside of, but in contact with, the &lt;fen&gt;Ground&lt;/fen&gt;.&lt;/def-root&gt;</definition>
    </FE>
    <FE bgColor="800080" fgColor="FFFFFF" coreType="Core" cBy="MJE" cDate="02/25/2008 06:58:06 PST Mon" abbrev="" name="Boundary" ID="12258">
        <definition>&lt;def-root&gt;The region associated with the boundary of the &lt;fen&gt;Ground&lt;/fen&gt;.&lt;/def-root&gt;</definition>
    </FE>
    <FE bgColor="008000" fgColor="FFFFFF" coreType="Core" cBy="MJE" cDate="02/25/2008 06:59:41 PST Mon" abbrev="" name="Exterior" ID="12259">
        <definition>&lt;def-root&gt;The region which is not located inside or in contact with the &lt;fen&gt;Ground&lt;/fen&gt;.&lt;/def-root&gt;</definition>
    </FE>
    <frameRelation type="Inherits from">
        <relatedFrame ID="2016">Image_schema</relatedFrame>
    </frameRelation>
    <frameRelation type="Is Inherited by">
        <relatedFrame ID="2027">Region_with_portal</relatedFrame>
    </frameRelation>
    <frameRelation type="Perspective on"/>
    <frameRelation type="Is Perspectivized in"/>
    <frameRelation type="Uses"/>
    <frameRelation type="Is Used by">
        <relatedFrame ID="1178">Interior_profile_relation</relatedFrame>
    </frameRelation>
    <frameRelation type="Subframe of"/>
    <frameRelation type="Has Subframe(s)"/>
    <frameRelation type="Precedes"/>
    <frameRelation type="Is Preceded by"/>
    <frameRelation type="Is Inchoative of"/>
    <frameRelation type="Is Causative of"/>
    <frameRelation type="See also"/>
</frame>