<?xml version="1.0" encoding="UTF-8" standalone="yes"?>
<?xml-stylesheet type="text/xsl" href="frame.xsl"?>
<frame cBy="RLG" cDate="11/29/2006 05:58:06 PST Wed" name="Breaking_apart" ID="1862" xsi:schemaLocation="../schema/frame.xsd" xmlns="http://framenet.icsi.berkeley.edu" xmlns:xsi="http://www.w3.org/2001/XMLSchema-instance">
    <definition>&lt;def-root&gt;A Whole breaks apart into Pieces, resulting in the loss of the Whole (and in most cases, no piece that has a separate function).

&lt;ex&gt;&lt;fex name="Whole"&gt;The plane&lt;/fex&gt; &lt;fex name="Manner"&gt;violently&lt;/fex&gt; &lt;t&gt;broke apart&lt;/t&gt; &lt;fex name="Place"&gt;in mid-air&lt;/fex&gt;.&lt;/ex&gt;

&lt;ex&gt;And then, I finally realized that it must have been the case that &lt;fex name="who"&gt;a meteorite&lt;/fex&gt; &lt;t&gt;broke apart&lt;/t&gt; &lt;fex name="Pieces"&gt;into at least 3 large pieces&lt;/fex&gt;.&lt;/ex&gt;

Many of these verbs can also refer metaphorically to the breaking apart of institutions. (See the frame for "schism".)&lt;/def-root&gt;</definition>
    <FE bgColor="0000FF" fgColor="FFFFFF" coreType="Core" cBy="RLG" cDate="11/29/2006 05:59:37 PST Wed" abbrev="who" name="Whole" ID="10885">
        <definition>&lt;def-root&gt;The &lt;fen&gt;Whole&lt;/fen&gt; goes into &lt;fen&gt;Pieces&lt;/fen&gt; which were not (necessarily) definable subparts prior to breaking.&lt;/def-root&gt;</definition>
    </FE>
    <FE bgColor="d0d0d0" fgColor="000000" coreType="Core" cBy="RLG" cDate="11/29/2006 06:00:31 PST Wed" abbrev="pie" name="Pieces" ID="10886">
        <definition>&lt;def-root&gt;The &lt;fen&gt;Pieces&lt;/fen&gt; result from the breaking apart of the &lt;fen&gt;Whole&lt;/fen&gt;.&lt;/def-root&gt;</definition>
    </FE>
    <FE bgColor="800080" fgColor="FFFFFF" coreType="Peripheral" cBy="RLG" cDate="11/29/2006 06:04:20 PST Wed" abbrev="cri" name="Criterion" ID="10891">
        <definition>&lt;def-root&gt;This frame element expresses a property of the Parts or components of the &lt;fen&gt;Whole&lt;/fen&gt; which correlates with the locations (e.g.) of fragmentation on the &lt;fen&gt;Whole&lt;/fen&gt;.&lt;/def-root&gt;</definition>
    </FE>
    <FE bgColor="FF00FF" fgColor="FFFFFF" coreType="Peripheral" cBy="RLG" cDate="11/29/2006 06:04:44 PST Wed" abbrev="man" name="Manner" ID="10892">
        <definition>&lt;def-root&gt;Any description of the event or participants not covered by more specific Frame Elements.&lt;/def-root&gt;</definition>
    </FE>
    <FE bgColor="FFA500" fgColor="FFFFFF" coreType="Peripheral" cBy="RLG" cDate="11/29/2006 06:05:10 PST Wed" abbrev="tim" name="Time" ID="10894">
        <definition>&lt;def-root&gt;The time at which the breaking apart takes place.w&lt;/def-root&gt;</definition>
    </FE>
    <FE bgColor="008000" fgColor="FFFFFF" coreType="Peripheral" cBy="RLG" cDate="11/29/2006 06:05:31 PST Wed" abbrev="pla" name="Place" ID="10895">
        <definition>&lt;def-root&gt;The location at which the breaking apart takes place.&lt;/def-root&gt;</definition>
    </FE>
    <FE bgColor="FF0000" fgColor="FFFFFF" coreType="Peripheral" cBy="RLG" cDate="12/04/2006 03:42:55 PST Mon" abbrev="mea" name="Means" ID="10925">
        <definition>&lt;def-root&gt;An action, event, or state that enables the event of breaking apart.

&lt;ex&gt;The crew donned immersion suits and abandoned ship into a life raft as their vessel &lt;t&gt;broke&lt;/t&gt; &lt;t&gt;apart&lt;/t&gt; &lt;fex name="mea"&gt;by wave action&lt;/fex&gt;. &lt;/ex&gt;&lt;/def-root&gt;</definition>
    </FE>
    <frameRelation type="Inherits from"/>
    <frameRelation type="Is Inherited by"/>
    <frameRelation type="Perspective on">
        <relatedFrame ID="1861">Fragmentation_scenario</relatedFrame>
    </frameRelation>
    <frameRelation type="Is Perspectivized in"/>
    <frameRelation type="Uses"/>
    <frameRelation type="Is Used by"/>
    <frameRelation type="Subframe of"/>
    <frameRelation type="Has Subframe(s)"/>
    <frameRelation type="Precedes"/>
    <frameRelation type="Is Preceded by"/>
    <frameRelation type="Is Inchoative of"/>
    <frameRelation type="Is Causative of"/>
    <frameRelation type="See also"/>
    <lexUnit status="Needs_SCs" POS="V" name="break apart.v" ID="13696" lemmaID="50490" cBy="RLG" cDate="11/29/2006 06:06:52 PST Wed">
        <definition>FN: break into fragments.</definition>
        <sentenceCount annotated="0" total="120"/>
        <lexeme order="1" headword="true" breakBefore="false" POS="V" name="break"/>
        <lexeme order="2" headword="false" breakBefore="false" POS="A" name="apart"/>
    </lexUnit>
    <lexUnit status="Created" POS="V" name="break down.v" ID="13697" lemmaID="50491" cBy="RLG" cDate="11/29/2006 06:07:36 PST Wed">
        <definition>FN: come apart into small fragments.</definition>
        <sentenceCount annotated="0" total="0"/>
        <lexeme order="1" headword="true" breakBefore="false" POS="V" name="break"/>
        <lexeme order="2" headword="false" breakBefore="false" POS="ADV" name="down"/>
    </lexUnit>
    <lexUnit status="Created" POS="V" name="fragment.v" ID="15870" lemmaID="15302" cBy="AlK" cDate="07/15/2010 12:56:04 PDT Thu">
        <definition>COD: break into fragments.</definition>
        <sentenceCount annotated="0" total="0"/>
        <lexeme order="1" headword="false" breakBefore="false" POS="V" name="fragment"/>
    </lexUnit>
    <lexUnit status="Needs_SCs" POS="V" name="shatter.v" ID="15871" lemmaID="35419" cBy="AlK" cDate="07/15/2010 12:57:29 PDT Thu">
        <definition>COD: break suddenly and violently into pieces.</definition>
        <sentenceCount annotated="2" total="92"/>
        <lexeme order="1" headword="false" breakBefore="false" POS="V" name="shatter"/>
    </lexUnit>
    <lexUnit status="Created" POS="V" name="splinter.v" ID="15872" lemmaID="37412" cBy="AlK" cDate="07/15/2010 12:57:41 PDT Thu">
        <definition>FN: break into splinters.</definition>
        <sentenceCount annotated="0" total="0"/>
        <lexeme order="1" headword="false" breakBefore="false" POS="V" name="splinter"/>
    </lexUnit>
    <lexUnit status="Created" POS="V" name="snap.v" ID="15874" lemmaID="36595" cBy="AlK" cDate="07/15/2010 12:59:01 PDT Thu">
        <definition>FN: break quickly, often with a sharp sound (into two or more pieces).</definition>
        <sentenceCount annotated="0" total="0"/>
        <lexeme order="1" headword="false" breakBefore="false" POS="V" name="snap"/>
    </lexUnit>
    <lexUnit status="Created" POS="V" name="break.v" ID="15875" lemmaID="4496" cBy="AlK" cDate="07/15/2010 12:59:16 PDT Thu">
        <definition>COD: separate into pieces as a result of a blow, shock, or strain.</definition>
        <sentenceCount annotated="0" total="0"/>
        <lexeme order="1" headword="false" breakBefore="false" POS="V" name="break"/>
    </lexUnit>
    <lexUnit status="Created" POS="V" name="crumble.v" ID="17568" lemmaID="9122" cBy="CVa" cDate="07/07/2014 04:19:04 PDT Mon">
        <definition>FN: to fall apart into small fragments</definition>
        <sentenceCount annotated="0" total="0"/>
        <lexeme order="1" headword="false" breakBefore="false" POS="V" name="crumble"/>
    </lexUnit>
</frame>