<?xml version="1.0" encoding="UTF-8" standalone="yes"?>
<?xml-stylesheet type="text/xsl" href="frame.xsl"?>
<frame cBy="HCB" cDate="07/18/2001 12:07:15 PDT Wed" name="Building_subparts" ID="188" xsi:schemaLocation="../schema/frame.xsd" xmlns="http://framenet.icsi.berkeley.edu" xmlns:xsi="http://www.w3.org/2001/XMLSchema-instance">
    <definition>&lt;def-root&gt;This frame includes words that name subparts of buildings that can be occupied by people.

&lt;ex&gt;Mary left the &lt;fex name="Building_part"&gt;&lt;t&gt;room&lt;/t&gt;&lt;/fex&gt; in a huff.&lt;/ex&gt;&lt;/def-root&gt;</definition>
    <FE bgColor="FF0000" fgColor="FFFFFF" coreType="Core" cBy="MiL" cDate="12/08/2005 03:07:54 PST Thu" abbrev="" name="Building_part" ID="9680">
        <definition>&lt;def-root&gt;The place or area specified inside a structure.  The &lt;fen&gt;Building_part&lt;/fen&gt; of the &lt;fen&gt;Whole&lt;/fen&gt;.
&lt;ex&gt;She works in the cancer &lt;fex name="Building_part"&gt;&lt;t&gt;ward&lt;/t&gt;&lt;/fex&gt; of the local hospital.&lt;/ex&gt;&lt;/def-root&gt;</definition>
    </FE>
    <FE bgColor="0000FF" fgColor="FFFFFF" coreType="Peripheral" cBy="MiL" cDate="12/08/2005 03:08:37 PST Thu" abbrev="" name="Whole" ID="9681">
        <definition>&lt;def-root&gt;The entirety of a building whose &lt;fen&gt;Building_part&lt;/fen&gt; is discussed.
&lt;ex&gt;I live on the sixth &lt;t&gt;floor&lt;/t&gt; &lt;fex name="Whole"&gt;of the building&lt;/fex&gt;.&lt;/ex&gt;&lt;/def-root&gt;</definition>
    </FE>
    <FE bgColor="FFA500" fgColor="000000" coreType="Peripheral" cBy="MiL" cDate="12/08/2005 03:09:28 PST Thu" abbrev="" name="Use" ID="9682">
        <definition>&lt;def-root&gt;This FE identifies the purpose for which the &lt;fen&gt;Building_part&lt;/fen&gt; was constructed.&lt;/def-root&gt;</definition>
    </FE>
    <FE bgColor="008000" fgColor="FFFFFF" coreType="Extra-Thematic" cBy="MiL" cDate="12/08/2005 03:09:38 PST Thu" abbrev="" name="Type" ID="9683">
        <definition>&lt;def-root&gt;This FE designates the kind or &lt;fen&gt;Type&lt;/fen&gt; of &lt;fen&gt;Building_part&lt;/fen&gt;.
&lt;ex&gt;She works in the &lt;fex name="Type"&gt;cancer&lt;/fex&gt; &lt;t&gt;ward&lt;/t&gt; of the local hospital.&lt;/ex&gt;&lt;/def-root&gt;</definition>
    </FE>
    <FE bgColor="808080" fgColor="000000" coreType="Peripheral" cBy="CVa" cDate="08/09/2011 03:21:53 PDT Tue" abbrev="" name="Place" ID="14729">
        <definition>&lt;def-root&gt;This FE describes where the &lt;fen&gt;Building_part&lt;/fen&gt; is located.
&lt;ex&gt;The laundry room is located on the &lt;fex name="Place"&gt;lower&lt;/fex&gt; &lt;t&gt;level&lt;/t&gt; of this building.&lt;/ex&gt;&lt;/def-root&gt;</definition>
    </FE>
    <FE bgColor="800080" fgColor="FFFFFF" coreType="Extra-Thematic" cBy="CVa" cDate="11/30/2012 11:58:03 PST Fri" abbrev="Des" name="Descriptor" ID="15824">
        <definition>&lt;def-root&gt;A characterization of some property of the &lt;fen&gt;Building_part&lt;/fen&gt;.
&lt;ex&gt;The &lt;fex name="Des"&gt;enormous&lt;/fex&gt; &lt;t&gt;room&lt;/t&gt; was filled with light from a number of large windows that overlooked the bay.&lt;/ex&gt;&lt;/def-root&gt;</definition>
    </FE>
    <frameRelation type="Inherits from"/>
    <frameRelation type="Is Inherited by"/>
    <frameRelation type="Perspective on"/>
    <frameRelation type="Is Perspectivized in"/>
    <frameRelation type="Uses">
        <relatedFrame ID="192">Locale</relatedFrame>
    </frameRelation>
    <frameRelation type="Is Used by"/>
    <frameRelation type="Subframe of">
        <relatedFrame ID="173">Buildings</relatedFrame>
    </frameRelation>
    <frameRelation type="Has Subframe(s)"/>
    <frameRelation type="Precedes"/>
    <frameRelation type="Is Preceded by"/>
    <frameRelation type="Is Inchoative of"/>
    <frameRelation type="Is Causative of"/>
    <frameRelation type="See also"/>
    <lexUnit status="Finished_X-Gov" POS="N" name="room.n" ID="3159" lemmaID="33508" cBy="HCB" cDate="07/19/2001 10:28:55 PDT Thu">
        <definition>COD: a part of a building enclosed by walls, floor, and ceiling</definition>
        <sentenceCount annotated="195" total="1208"/>
        <lexeme order="1" headword="false" breakBefore="false" POS="N" name="room"/>
    </lexUnit>
    <lexUnit status="Finished_X-Gov" POS="N" name="antechamber.n" ID="3160" lemmaID="1518" cBy="HCB" cDate="07/19/2001 10:32:36 PDT Thu">
        <definition>COD: a small room leading to a main one. </definition>
        <sentenceCount annotated="7" total="34"/>
        <lexeme order="1" headword="false" breakBefore="false" POS="N" name="antechamber"/>
    </lexUnit>
    <lexUnit status="Finished_X-Gov" POS="N" name="anteroom.n" ID="3161" lemmaID="1531" cBy="HCB" cDate="07/19/2001 10:32:56 PDT Thu">
        <definition>COD: an antechamber, especially one serving as a waiting room, or a large room in an officers' mess adjacent to the dining room. </definition>
        <sentenceCount annotated="6" total="21"/>
        <lexeme order="1" headword="false" breakBefore="false" POS="N" name="anteroom"/>
    </lexUnit>
    <lexUnit status="Finished_X-Gov" POS="N" name="atelier.n" ID="3162" lemmaID="2243" cBy="HCB" cDate="07/19/2001 10:33:17 PDT Thu">
        <definition>COD: a workshop or studio. </definition>
        <sentenceCount annotated="1" total="16"/>
        <lexeme order="1" headword="false" breakBefore="false" POS="N" name="atelier"/>
    </lexUnit>
    <lexUnit status="Finished_X-Gov" POS="N" name="attic.n" ID="3163" lemmaID="2306" cBy="HCB" cDate="07/19/2001 10:33:52 PDT Thu">
        <definition>COD: a space or room inside or partly inside the roof of a building. </definition>
        <sentenceCount annotated="16" total="71"/>
        <lexeme order="1" headword="false" breakBefore="false" POS="N" name="attic"/>
    </lexUnit>
    <lexUnit status="Finished_X-Gov" POS="N" name="ballroom.n" ID="3164" lemmaID="2761" cBy="HCB" cDate="07/19/2001 10:34:53 PDT Thu">
        <definition>COD: a large room for formal dancing. </definition>
        <sentenceCount annotated="11" total="38"/>
        <lexeme order="1" headword="false" breakBefore="false" POS="N" name="ballroom"/>
    </lexUnit>
    <lexUnit status="Finished_X-Gov" POS="N" name="basement.n" ID="3165" lemmaID="2977" cBy="HCB" cDate="07/19/2001 10:35:12 PDT Thu">
        <definition>COD: a room or floor which is partly or entirely below ground level. </definition>
        <sentenceCount annotated="20" total="89"/>
        <lexeme order="1" headword="false" breakBefore="false" POS="N" name="basement"/>
    </lexUnit>
    <lexUnit status="Finished_X-Gov" POS="N" name="bathroom.n" ID="3166" lemmaID="3031" cBy="HCB" cDate="07/19/2001 10:35:33 PDT Thu">
        <definition>COD: a room containing a bath and usually also a washbasin and toilet. </definition>
        <sentenceCount annotated="30" total="207"/>
        <lexeme order="1" headword="false" breakBefore="false" POS="N" name="bathroom"/>
    </lexUnit>
    <lexUnit status="Finished_X-Gov" POS="N" name="bedroom.n" ID="3167" lemmaID="3180" cBy="HCB" cDate="07/19/2001 10:36:09 PDT Thu">
        <definition>COD: a room for sleeping in. </definition>
        <sentenceCount annotated="84" total="434"/>
        <lexeme order="1" headword="false" breakBefore="false" POS="N" name="bedroom"/>
    </lexUnit>
    <lexUnit status="Finished_X-Gov" POS="N" name="ben.n" ID="3168" lemmaID="3344" cBy="HCB" cDate="07/19/2001 10:36:36 PDT Thu">
        <definition>COD: the inner room in a two-roomed cottage.</definition>
        <sentenceCount annotated="1" total="22"/>
        <lexeme order="1" headword="false" breakBefore="false" POS="N" name="ben"/>
    </lexUnit>
    <lexUnit status="Finished_X-Gov" POS="N" name="boudoir.n" ID="3169" lemmaID="4286" cBy="HCB" cDate="07/19/2001 10:37:12 PDT Thu">
        <definition>COD: a woman's bedroom or small private room. </definition>
        <sentenceCount annotated="6" total="27"/>
        <lexeme order="1" headword="false" breakBefore="false" POS="N" name="boudoir"/>
    </lexUnit>
    <lexUnit status="Finished_X-Gov" POS="N" name="buttery.n" ID="3170" lemmaID="5071" cBy="HCB" cDate="07/19/2001 10:37:33 PDT Thu">
        <definition>COD: a room in a college where food is kept and sold to students. </definition>
        <sentenceCount annotated="7" total="21"/>
        <lexeme order="1" headword="false" breakBefore="false" POS="N" name="buttery"/>
    </lexUnit>
    <lexUnit status="Finished_X-Gov" POS="N" name="catacomb.n" ID="3171" lemmaID="5705" cBy="HCB" cDate="07/19/2001 10:38:05 PDT Thu">
        <definition>COD: an underground cemetery consisting of a gallery with recesses for tombs. </definition>
        <sentenceCount annotated="1" total="22"/>
        <lexeme order="1" headword="false" breakBefore="false" POS="N" name="catacomb"/>
    </lexUnit>
    <lexUnit status="Finished_X-Gov" POS="N" name="cell.n" ID="3174" lemmaID="5864" cBy="HCB" cDate="07/19/2001 10:39:26 PDT Thu">
        <definition>COD: a small room in which a prisoner is locked up or in which a monk or nun sleeps. </definition>
        <sentenceCount annotated="44" total="436"/>
        <lexeme order="1" headword="false" breakBefore="false" POS="N" name="cell"/>
    </lexUnit>
    <lexUnit status="Finished_X-Gov" POS="N" name="cellar.n" ID="3175" lemmaID="5865" cBy="HCB" cDate="07/19/2001 10:40:09 PDT Thu">
        <definition>COD: a storage space or room below ground level in a house. </definition>
        <sentenceCount annotated="21" total="75"/>
        <lexeme order="1" headword="false" breakBefore="false" POS="N" name="cellar"/>
    </lexUnit>
    <lexUnit status="Finished_X-Gov" POS="N" name="chamber.n" ID="3176" lemmaID="6009" cBy="HCB" cDate="07/19/2001 10:40:31 PDT Thu">
        <definition>COD: a large room used for formal or public events. </definition>
        <sentenceCount annotated="60" total="210"/>
        <lexeme order="1" headword="false" breakBefore="false" POS="N" name="chamber"/>
    </lexUnit>
    <lexUnit status="Finished_X-Gov" POS="N" name="chancellery.n" ID="3177" lemmaID="6032" cBy="HCB" cDate="07/19/2001 10:40:57 PDT Thu">
        <definition>COD: sn office attached to an embassy or consulate.</definition>
        <sentenceCount annotated="1" total="22"/>
        <lexeme order="1" headword="false" breakBefore="false" POS="N" name="chancellery"/>
    </lexUnit>
    <lexUnit status="Finished_X-Gov" POS="N" name="chapel.n" ID="3178" lemmaID="6062" cBy="HCB" cDate="07/19/2001 10:41:23 PDT Thu">
        <definition>COD: a part of a large church or cathedral with its own altar and dedication. </definition>
        <sentenceCount annotated="39" total="170"/>
        <lexeme order="1" headword="false" breakBefore="false" POS="N" name="chapel"/>
    </lexUnit>
    <lexUnit status="Insufficient_Attestations" POS="N" name="checkroom.n" ID="3179" lemmaID="6188" cBy="HCB" cDate="07/19/2001 10:41:45 PDT Thu">
        <definition>COD: a room where coats, luggage, etc. may be temporarily deposited for a fee. </definition>
        <sentenceCount annotated="0" total="0"/>
        <lexeme order="1" headword="false" breakBefore="false" POS="N" name="checkroom"/>
    </lexUnit>
    <lexUnit status="Finished_X-Gov" POS="N" name="cloakroom.n" ID="3180" lemmaID="6826" cBy="HCB" cDate="07/19/2001 10:42:07 PDT Thu">
        <definition>COD: a room in a public building where outdoor clothes and bags may be left. </definition>
        <sentenceCount annotated="13" total="36"/>
        <lexeme order="1" headword="false" breakBefore="false" POS="N" name="cloakroom"/>
    </lexUnit>
    <lexUnit status="Finished_X-Gov" POS="N" name="closet.n" ID="3181" lemmaID="6873" cBy="HCB" cDate="07/19/2001 10:42:29 PDT Thu">
        <definition>COD: a small room. </definition>
        <sentenceCount annotated="5" total="34"/>
        <lexeme order="1" headword="false" breakBefore="false" POS="N" name="closet"/>
    </lexUnit>
    <lexUnit status="Finished_X-Gov" POS="N" name="corridor.n" ID="3182" lemmaID="8444" cBy="HCB" cDate="07/19/2001 10:43:22 PDT Thu">
        <definition>COD:  long passage from which doors lead into rooms. </definition>
        <sentenceCount annotated="42" total="207"/>
        <lexeme order="1" headword="false" breakBefore="false" POS="N" name="corridor"/>
    </lexUnit>
    <lexUnit status="Finished_X-Gov" POS="N" name="den.n" ID="3183" lemmaID="10157" cBy="HCB" cDate="07/19/2001 10:44:02 PDT Thu">
        <definition>COD: a person's private room. </definition>
        <sentenceCount annotated="19" total="51"/>
        <lexeme order="1" headword="false" breakBefore="false" POS="N" name="den"/>
    </lexUnit>
    <lexUnit status="Finished_X-Gov" POS="N" name="foyer.n" ID="3184" lemmaID="15288" cBy="HCB" cDate="07/19/2001 10:44:28 PDT Thu">
        <definition>COD: an entrance hall or other open area in a public building, especially a hotel or theatre. </definition>
        <sentenceCount annotated="11" total="50"/>
        <lexeme order="1" headword="false" breakBefore="false" POS="N" name="foyer"/>
    </lexUnit>
    <lexUnit status="Finished_X-Gov" POS="N" name="garret.n" ID="3185" lemmaID="15935" cBy="HCB" cDate="07/19/2001 10:45:01 PDT Thu">
        <definition>COD: a top-floor or attic room, especially a small dismal one. </definition>
        <sentenceCount annotated="3" total="22"/>
        <lexeme order="1" headword="false" breakBefore="false" POS="N" name="garret"/>
    </lexUnit>
    <lexUnit status="Finished_X-Gov" POS="N" name="hallway.n" ID="3186" lemmaID="17305" cBy="HCB" cDate="07/19/2001 10:45:54 PDT Thu">
        <definition>COD: the room or space just inside the front entrance of a house</definition>
        <sentenceCount annotated="12" total="50"/>
        <lexeme order="1" headword="false" breakBefore="false" POS="N" name="hallway"/>
    </lexUnit>
    <lexUnit status="Finished_X-Gov" POS="N" name="kitchen.n" ID="3187" lemmaID="21373" cBy="HCB" cDate="07/19/2001 10:46:25 PDT Thu">
        <definition>COD: a room where food is prepared and cooked.</definition>
        <sentenceCount annotated="91" total="508"/>
        <lexeme order="1" headword="false" breakBefore="false" POS="N" name="kitchen"/>
    </lexUnit>
    <lexUnit status="Finished_X-Gov" POS="N" name="kitchenette.n" ID="3188" lemmaID="21374" cBy="HCB" cDate="07/19/2001 10:46:45 PDT Thu">
        <definition>COD: a small kitchen or part of a room equipped as a kitchen. </definition>
        <sentenceCount annotated="2" total="26"/>
        <lexeme order="1" headword="false" breakBefore="false" POS="N" name="kitchenette"/>
    </lexUnit>
    <lexUnit status="Finished_X-Gov" POS="N" name="larder.n" ID="3189" lemmaID="21719" cBy="HCB" cDate="07/19/2001 10:47:16 PDT Thu">
        <definition>COD: a room or large cupboard for storing food. </definition>
        <sentenceCount annotated="6" total="34"/>
        <lexeme order="1" headword="false" breakBefore="false" POS="N" name="larder"/>
    </lexUnit>
    <lexUnit status="Created" POS="N" name="laundry.n" ID="3190" lemmaID="21836" cBy="HCB" cDate="07/19/2001 10:47:48 PDT Thu">
        <definition>COD: a room or building where clothes and linen are washed and ironed. </definition>
        <sentenceCount annotated="0" total="0"/>
        <lexeme order="1" headword="false" breakBefore="false" POS="N" name="laundry"/>
    </lexUnit>
    <lexUnit status="Finished_X-Gov" POS="N" name="lift.n" ID="3191" lemmaID="22288" cBy="HCB" cDate="07/19/2001 10:48:34 PDT Thu">
        <definition>COD: a platform or compartment housed in a shaft for raising and lowering people or things. </definition>
        <sentenceCount annotated="28" total="139"/>
        <lexeme order="1" headword="false" breakBefore="false" POS="N" name="lift"/>
    </lexUnit>
    <lexUnit status="Finished_X-Gov" POS="N" name="elevator.n" ID="3192" lemmaID="12455" cBy="HCB" cDate="07/19/2001 10:48:54 PDT Thu">
        <definition>COD: a platform or compartment housed in a shaft for raising and lowering people or things</definition>
        <sentenceCount annotated="6" total="37"/>
        <lexeme order="1" headword="false" breakBefore="false" POS="N" name="elevator"/>
    </lexUnit>
    <lexUnit status="Finished_X-Gov" POS="N" name="lobby.n" ID="3193" lemmaID="22601" cBy="HCB" cDate="07/19/2001 10:50:12 PDT Thu">
        <definition>COD: a room out of which one or more other rooms or corridors lead, typically one near the entrance of a public building.</definition>
        <sentenceCount annotated="15" total="70"/>
        <lexeme order="1" headword="false" breakBefore="false" POS="N" name="lobby"/>
    </lexUnit>
    <lexUnit status="Finished_X-Gov" POS="N" name="loft.n" ID="3194" lemmaID="22653" cBy="HCB" cDate="07/19/2001 10:50:51 PDT Thu">
        <definition>COD: a room or storage space directly under the roof of a house or other building, or a gallery in a church or hall. </definition>
        <sentenceCount annotated="8" total="55"/>
        <lexeme order="1" headword="false" breakBefore="false" POS="N" name="loft"/>
    </lexUnit>
    <lexUnit status="Finished_X-Gov" POS="N" name="nursery.n" ID="3195" lemmaID="26295" cBy="HCB" cDate="07/19/2001 10:51:14 PDT Thu">
        <definition>COD: a room in a house for the special use of young children. </definition>
        <sentenceCount annotated="11" total="87"/>
        <lexeme order="1" headword="false" breakBefore="false" POS="N" name="nursery"/>
    </lexUnit>
    <lexUnit status="Finished_X-Gov" POS="N" name="office.n" ID="3196" lemmaID="26571" cBy="HCB" cDate="07/19/2001 10:51:38 PDT Thu">
        <definition>COD: a room, set of rooms, or building used as a place of business for non-manual work. </definition>
        <sentenceCount annotated="110" total="770"/>
        <lexeme order="1" headword="false" breakBefore="false" POS="N" name="office"/>
    </lexUnit>
    <lexUnit status="Finished_X-Gov" POS="N" name="pantry.n" ID="3197" lemmaID="27701" cBy="HCB" cDate="07/19/2001 10:52:04 PDT Thu">
        <definition>COD: a small room or cupboard in which food, crockery, and cutlery are kept. </definition>
        <sentenceCount annotated="4" total="28"/>
        <lexeme order="1" headword="false" breakBefore="false" POS="N" name="pantry"/>
    </lexUnit>
    <lexUnit status="Insufficient_Attestations" POS="N" name="parlor.n" ID="3198" lemmaID="27859" cBy="HCB" cDate="07/19/2001 10:52:22 PDT Thu">
        <definition>COD: a sitting room in a private house </definition>
        <sentenceCount annotated="0" total="3"/>
        <lexeme order="1" headword="false" breakBefore="false" POS="N" name="parlor"/>
    </lexUnit>
    <lexUnit status="Finished_X-Gov" POS="N" name="playroom.n" ID="3199" lemmaID="29332" cBy="HCB" cDate="07/19/2001 10:52:46 PDT Thu">
        <definition>COD: a room in a house that is set aside for children to play in. </definition>
        <sentenceCount annotated="3" total="26"/>
        <lexeme order="1" headword="false" breakBefore="false" POS="N" name="playroom"/>
    </lexUnit>
    <lexUnit status="Finished_X-Gov" POS="N" name="porch.n" ID="3200" lemmaID="29782" cBy="HCB" cDate="07/19/2001 10:53:20 PDT Thu">
        <definition>COD: a covered shelter projecting in front of the entrance of a building.</definition>
        <sentenceCount annotated="29" total="71"/>
        <lexeme order="1" headword="false" breakBefore="false" POS="N" name="porch"/>
    </lexUnit>
    <lexUnit status="Finished_X-Gov" POS="N" name="refectory.n" ID="3201" lemmaID="32298" cBy="HCB" cDate="07/19/2001 10:53:45 PDT Thu">
        <definition>COD: a room used for communal meals, especially in an educational or religious institution. </definition>
        <sentenceCount annotated="12" total="36"/>
        <lexeme order="1" headword="false" breakBefore="false" POS="N" name="refectory"/>
    </lexUnit>
    <lexUnit status="Finished_X-Gov" POS="N" name="repository.n" ID="3202" lemmaID="32717" cBy="HCB" cDate="07/19/2001 10:54:06 PDT Thu">
        <definition>COD: a place where or receptacle in which things are stored. </definition>
        <sentenceCount annotated="4" total="29"/>
        <lexeme order="1" headword="false" breakBefore="false" POS="N" name="repository"/>
    </lexUnit>
    <lexUnit status="Finished_X-Gov" POS="N" name="sacristy.n" ID="3203" lemmaID="33899" cBy="HCB" cDate="07/19/2001 10:54:31 PDT Thu">
        <definition>COD: a room in a church where a priest prepares for a service, and where vestments and other things used in worship are kept. </definition>
        <sentenceCount annotated="6" total="22"/>
        <lexeme order="1" headword="false" breakBefore="false" POS="N" name="sacristy"/>
    </lexUnit>
    <lexUnit status="Finished_X-Gov" POS="N" name="salon.n" ID="3204" lemmaID="34019" cBy="HCB" cDate="07/19/2001 10:55:03 PDT Thu">
        <definition>COD: a reception room in a large house. </definition>
        <sentenceCount annotated="11" total="62"/>
        <lexeme order="1" headword="false" breakBefore="false" POS="N" name="salon"/>
    </lexUnit>
    <lexUnit status="Finished_X-Gov" POS="N" name="scullery.n" ID="3205" lemmaID="34632" cBy="HCB" cDate="07/19/2001 10:55:28 PDT Thu">
        <definition>COD: a small kitchen or room at the back of a house used for washing dishes and other dirty household work. </definition>
        <sentenceCount annotated="9" total="32"/>
        <lexeme order="1" headword="false" breakBefore="false" POS="N" name="scullery"/>
    </lexUnit>
    <lexUnit status="Finished_X-Gov" POS="N" name="solarium.n" ID="3206" lemmaID="36840" cBy="HCB" cDate="07/19/2001 10:57:30 PDT Thu">
        <definition>COD: a room equipped with sunlamps or sunbeds, or a room with extensive areas of glass to admit sunlight. </definition>
        <sentenceCount annotated="2" total="21"/>
        <lexeme order="1" headword="false" breakBefore="false" POS="N" name="solarium"/>
    </lexUnit>
    <lexUnit status="Insufficient_Attestations" POS="N" name="stoop.n" ID="3207" lemmaID="38183" cBy="HCB" cDate="07/19/2001 10:57:53 PDT Thu">
        <definition>COD: a porch with steps in front of a house or other building. </definition>
        <sentenceCount annotated="0" total="0"/>
        <lexeme order="1" headword="false" breakBefore="false" POS="N" name="stoop"/>
    </lexUnit>
    <lexUnit status="Finished_X-Gov" POS="N" name="storeroom.n" ID="3208" lemmaID="38202" cBy="HCB" cDate="07/19/2001 10:58:18 PDT Thu">
        <definition>COD: a room in which items are stored. </definition>
        <sentenceCount annotated="10" total="33"/>
        <lexeme order="1" headword="false" breakBefore="false" POS="N" name="storeroom"/>
    </lexUnit>
    <lexUnit status="Finished_X-Gov" POS="N" name="studio.n" ID="3209" lemmaID="38428" cBy="HCB" cDate="07/19/2001 10:58:51 PDT Thu">
        <definition>COD: a room where an artist works or where dancers practise, or a room from which television or radio programmes are broadcast, or in which they are recorded. </definition>
        <sentenceCount annotated="53" total="259"/>
        <lexeme order="1" headword="false" breakBefore="false" POS="N" name="studio"/>
    </lexUnit>
    <lexUnit status="Finished_X-Gov" POS="N" name="study.n" ID="3210" lemmaID="38433" cBy="HCB" cDate="07/19/2001 10:59:11 PDT Thu">
        <definition>COD: a room for reading, writing, or academic work. </definition>
        <sentenceCount annotated="30" total="425"/>
        <lexeme order="1" headword="false" breakBefore="false" POS="N" name="study"/>
    </lexUnit>
    <lexUnit status="Finished_X-Gov" POS="N" name="veranda.n" ID="3211" lemmaID="42852" cBy="HCB" cDate="07/19/2001 10:59:51 PDT Thu">
        <definition>COD: a roofed platform along the outside of a house, level with the ground floor. </definition>
        <sentenceCount annotated="15" total="57"/>
        <lexeme order="1" headword="false" breakBefore="false" POS="N" name="veranda"/>
    </lexUnit>
    <lexUnit status="Finished_X-Gov" POS="N" name="vestibule.n" ID="3212" lemmaID="42932" cBy="HCB" cDate="07/19/2001 11:00:15 PDT Thu">
        <definition>COD: an antechamber or hall just inside the outer door of a building.</definition>
        <sentenceCount annotated="7" total="32"/>
        <lexeme order="1" headword="false" breakBefore="false" POS="N" name="vestibule"/>
    </lexUnit>
    <lexUnit status="Finished_X-Gov" POS="N" name="ward.n" ID="3213" lemmaID="43428" cBy="HCB" cDate="07/19/2001 11:00:38 PDT Thu">
        <definition>COD: a room in a hospital, typically one allocated to a particular type of patient. </definition>
        <sentenceCount annotated="41" total="171"/>
        <lexeme order="1" headword="false" breakBefore="false" POS="N" name="ward"/>
    </lexUnit>
    <lexUnit status="Finished_X-Gov" POS="N" name="wing.n" ID="3214" lemmaID="44245" cBy="HCB" cDate="07/19/2001 11:01:01 PDT Thu">
        <definition>COD: a part of a large building, especially one that projects from the main part. </definition>
        <sentenceCount annotated="36" total="225"/>
        <lexeme order="1" headword="false" breakBefore="false" POS="N" name="wing"/>
    </lexUnit>
    <lexUnit status="Finished_X-Gov" POS="N" name="workroom.n" ID="3215" lemmaID="44485" cBy="HCB" cDate="07/19/2001 11:01:19 PDT Thu">
        <definition>FN: a room in a building that is used especially for working</definition>
        <sentenceCount annotated="7" total="24"/>
        <lexeme order="1" headword="false" breakBefore="false" POS="N" name="workroom"/>
    </lexUnit>
    <lexUnit status="Finished_X-Gov" POS="N" name="workshop.n" ID="3216" lemmaID="44487" cBy="HCB" cDate="07/19/2001 11:01:41 PDT Thu">
        <definition>COD: a room or building in which goods are manufactured or repaired. </definition>
        <sentenceCount annotated="28" total="156"/>
        <lexeme order="1" headword="false" breakBefore="false" POS="N" name="workshop"/>
    </lexUnit>
    <lexUnit status="Finished_X-Gov" POS="N" name="banquet room.n" ID="3217" lemmaID="44988" cBy="HCB" cDate="07/19/2001 12:00:50 PDT Thu">
        <definition>FN: a part of a building which is designed for the serving of banquets.</definition>
        <sentenceCount annotated="1" total="1"/>
        <lexeme order="2" headword="false" breakBefore="false" POS="N" name="room"/>
        <lexeme order="1" headword="true" breakBefore="false" POS="N" name="banquet"/>
    </lexUnit>
    <lexUnit status="Finished_X-Gov" POS="N" name="dining room.n" ID="3218" lemmaID="44990" cBy="HCB" cDate="07/19/2001 12:02:46 PDT Thu">
        <definition>COD: a room in a house or hotel in which meals are eaten. </definition>
        <sentenceCount annotated="27" total="90"/>
        <lexeme order="1" headword="false" breakBefore="false" POS="N" name="dining"/>
        <lexeme order="2" headword="true" breakBefore="false" POS="N" name="room"/>
    </lexUnit>
    <lexUnit status="Finished_X-Gov" POS="N" name="dressing room.n" ID="3219" lemmaID="44991" cBy="HCB" cDate="07/19/2001 12:03:45 PDT Thu">
        <definition>COD: a room in which actors or sports players change clothes, or a small room attached to a bedroom, containing clothes. </definition>
        <sentenceCount annotated="8" total="65"/>
        <lexeme order="1" headword="false" breakBefore="false" POS="N" name="dressing"/>
        <lexeme order="2" headword="true" breakBefore="false" POS="N" name="room"/>
    </lexUnit>
    <lexUnit status="Finished_X-Gov" POS="N" name="family room.n" ID="3220" lemmaID="44992" cBy="HCB" cDate="07/19/2001 12:05:18 PDT Thu">
        <definition>FN: a room in a house intended for family members to get together informally in</definition>
        <sentenceCount annotated="2" total="23"/>
        <lexeme order="1" headword="false" breakBefore="false" POS="N" name="family"/>
        <lexeme order="2" headword="true" breakBefore="false" POS="N" name="room"/>
    </lexUnit>
    <lexUnit status="Finished_X-Gov" POS="N" name="guest room.n" ID="3221" lemmaID="44993" cBy="HCB" cDate="07/19/2001 01:13:43 PDT Thu">
        <definition>FN: room (in a house or hotel) used primarily as a sleeping place for guests.</definition>
        <sentenceCount annotated="4" total="26"/>
        <lexeme order="1" headword="false" breakBefore="false" POS="N" name="guest"/>
        <lexeme order="2" headword="true" breakBefore="false" POS="N" name="room"/>
    </lexUnit>
    <lexUnit status="Finished_X-Gov" POS="N" name="living room.n" ID="3222" lemmaID="44994" cBy="HCB" cDate="07/19/2001 01:18:43 PDT Thu">
        <definition>COD: room in a house for general everyday use. </definition>
        <sentenceCount annotated="2" total="60"/>
        <lexeme order="1" headword="false" breakBefore="false" POS="N" name="living"/>
        <lexeme order="2" headword="true" breakBefore="false" POS="N" name="room"/>
    </lexUnit>
    <lexUnit status="Finished_X-Gov" POS="N" name="master bedroom.n" ID="3223" lemmaID="44996" cBy="HCB" cDate="07/19/2001 01:20:05 PDT Thu">
        <definition>FN: a bedroom in a house that is usually for the head of a household </definition>
        <sentenceCount annotated="2" total="21"/>
        <lexeme order="1" headword="false" breakBefore="false" POS="N" name="master"/>
        <lexeme order="2" headword="true" breakBefore="false" POS="N" name="bedroom"/>
    </lexUnit>
    <lexUnit status="Finished_X-Gov" POS="N" name="powder room.n" ID="3224" lemmaID="44997" cBy="HCB" cDate="07/19/2001 01:21:17 PDT Thu">
        <definition>COD: a women's toilet in a public building. </definition>
        <sentenceCount annotated="3" total="9"/>
        <lexeme order="1" headword="false" breakBefore="false" POS="N" name="powder"/>
        <lexeme order="2" headword="true" breakBefore="false" POS="N" name="room"/>
    </lexUnit>
    <lexUnit status="Finished_X-Gov" POS="N" name="rest room.n" ID="3225" lemmaID="44998" cBy="HCB" cDate="07/19/2001 01:22:06 PDT Thu">
        <definition>COD: a toilet in a public building. </definition>
        <sentenceCount annotated="2" total="17"/>
        <lexeme order="1" headword="false" breakBefore="false" POS="N" name="rest"/>
        <lexeme order="2" headword="true" breakBefore="false" POS="N" name="room"/>
    </lexUnit>
    <lexUnit status="Finished_X-Gov" POS="N" name="rumpus room.n" ID="3226" lemmaID="44999" cBy="HCB" cDate="07/19/2001 01:23:16 PDT Thu">
        <definition>COD: a room for playing games or other noisy activities. </definition>
        <sentenceCount annotated="1" total="1"/>
        <lexeme order="1" headword="false" breakBefore="false" POS="N" name="rumpus"/>
        <lexeme order="2" headword="true" breakBefore="false" POS="N" name="room"/>
    </lexUnit>
    <lexUnit status="Finished_X-Gov" POS="N" name="sitting room.n" ID="3227" lemmaID="45000" cBy="HCB" cDate="07/19/2001 01:24:16 PDT Thu">
        <definition>COD: a room that is furnished for sitting and relaxing in. </definition>
        <sentenceCount annotated="8" total="52"/>
        <lexeme order="1" headword="false" breakBefore="false" POS="N" name="sitting"/>
        <lexeme order="2" headword="true" breakBefore="false" POS="N" name="room"/>
    </lexUnit>
    <lexUnit status="Created" POS="N" name="utility room.n" ID="3229" lemmaID="45002" cBy="HCB" cDate="07/19/2001 01:26:02 PDT Thu">
        <definition>COD: a room with appliances for washing and other domestic work. </definition>
        <sentenceCount annotated="0" total="0"/>
        <lexeme order="1" headword="false" breakBefore="false" POS="N" name="utility"/>
        <lexeme order="2" headword="true" breakBefore="false" POS="N" name="room"/>
    </lexUnit>
    <lexUnit status="Finished_X-Gov" POS="N" name="wine cellar.n" ID="3230" lemmaID="45003" cBy="HCB" cDate="07/19/2001 01:26:50 PDT Thu">
        <definition>COD: a cellar for storing wine. </definition>
        <sentenceCount annotated="4" total="21"/>
        <lexeme order="1" headword="false" breakBefore="false" POS="V" name="wine"/>
        <lexeme order="2" headword="true" breakBefore="false" POS="N" name="cellar"/>
    </lexUnit>
    <lexUnit status="Finished_X-Gov" POS="N" name="apartment.n" ID="3231" lemmaID="1638" cBy="HCB" cDate="07/19/2001 01:28:09 PDT Thu">
        <definition>COD: a private suite of rooms in a very large house. </definition>
        <sentenceCount annotated="62" total="218"/>
        <lexeme order="1" headword="false" breakBefore="false" POS="N" name="apartment"/>
    </lexUnit>
    <lexUnit status="Finished_X-Gov" POS="N" name="flat.n" ID="3232" lemmaID="14632" cBy="HCB" cDate="07/19/2001 01:28:38 PDT Thu">
        <definition>COD: a set of rooms comprising an individual place of residence within a larger building. </definition>
        <sentenceCount annotated="74" total="396"/>
        <lexeme order="1" headword="false" breakBefore="false" POS="N" name="flat"/>
    </lexUnit>
    <lexUnit status="Finished_X-Gov" POS="N" name="lavatory.n" ID="3233" lemmaID="21845" cBy="HCB" cDate="07/19/2001 01:29:40 PDT Thu">
        <definition>COD: a toilet. </definition>
        <sentenceCount annotated="13" total="44"/>
        <lexeme order="1" headword="false" breakBefore="false" POS="N" name="lavatory"/>
    </lexUnit>
    <lexUnit status="Created" POS="N" name="TV room.n" ID="7294" lemmaID="45001" cBy="ACW" cDate="08/19/2002 10:55:18 PDT Mon">
        <definition>FN: the room which houses a television set and is used primarily for watching television and relaxing</definition>
        <sentenceCount annotated="0" total="0"/>
        <lexeme order="1" headword="false" breakBefore="false" POS="N" name="tv"/>
        <lexeme order="2" headword="true" breakBefore="false" POS="N" name="room"/>
    </lexUnit>
    <lexUnit status="Created" POS="N" name="belfry.n" ID="10113" lemmaID="3284" cBy="TRn" cDate="02/26/2004 11:27:33 PST Thu">
        <definition>COD:  the place in a bell tower or steeple in which bells are housed.</definition>
        <sentenceCount annotated="4" total="4"/>
        <lexeme order="1" headword="false" breakBefore="false" POS="N" name="belfry"/>
    </lexUnit>
    <lexUnit status="Created" POS="N" name="tower.n" ID="10114" lemmaID="40864" cBy="TRn" cDate="02/26/2004 11:37:08 PST Thu">
        <definition>FN: a tall, narrow structure forming part of a building, typically a church or castle.</definition>
        <sentenceCount annotated="6" total="6"/>
        <lexeme order="1" headword="false" breakBefore="false" POS="N" name="tower"/>
    </lexUnit>
    <lexUnit status="Created" POS="N" name="altar.n" ID="10918" lemmaID="1133" cBy="MJE" cDate="08/19/2004 05:55:36 PDT Thu">
        <definition>FN: sanctified location in which religious ceremonies involving sanctified objects are performed</definition>
        <sentenceCount annotated="3" total="3"/>
        <lexeme order="1" headword="false" breakBefore="false" POS="N" name="altar"/>
    </lexUnit>
    <lexUnit status="Created" POS="N" name="laundry room.n" ID="14713" lemmaID="50804" cBy="JKs" cDate="01/25/2008 02:32:13 PST Fri">
        <definition>FN: the room in which the laundry is cleaned</definition>
        <sentenceCount annotated="1" total="1"/>
        <lexeme order="1" headword="false" breakBefore="false" POS="N" name="laundry"/>
        <lexeme order="2" headword="true" breakBefore="false" POS="N" name="room"/>
    </lexUnit>
    <lexUnit status="Created" POS="N" name="level.n" ID="16421" lemmaID="22152" cBy="MLC" cDate="07/27/2011 04:02:07 PDT Wed">
        <definition>FN: a story or vertical subpart of a building. </definition>
        <sentenceCount annotated="4" total="4"/>
        <lexeme order="1" headword="false" breakBefore="false" POS="N" name="level"/>
    </lexUnit>
    <lexUnit status="Created" POS="N" name="floor.n" ID="17624" lemmaID="14757" cBy="CVa" cDate="07/18/2014 01:29:27 PDT Fri">
        <definition>FN: a story of a building</definition>
        <sentenceCount annotated="3" total="3"/>
        <lexeme order="1" headword="false" breakBefore="false" POS="N" name="floor"/>
    </lexUnit>
    <lexUnit status="In_Use" POS="N" name="deck.n" ID="18480" lemmaID="9799" cBy="HPh" cDate="11/16/2015 02:47:50 PST Mon">
        <definition>FN: an open, unroofed platform extending from a house or other building</definition>
        <sentenceCount annotated="0" total="80"/>
        <lexeme order="1" headword="false" breakBefore="false" POS="N" name="deck"/>
    </lexUnit>
</frame>