<?xml version="1.0" encoding="UTF-8" standalone="yes"?>
<?xml-stylesheet type="text/xsl" href="frame.xsl"?>
<frame cBy="PKe" cDate="08/01/2011 03:17:41 PDT Mon" name="Business_closure" ID="2590" xsi:schemaLocation="../schema/frame.xsd" xmlns="http://framenet.icsi.berkeley.edu" xmlns:xsi="http://www.w3.org/2001/XMLSchema-instance">
    <definition>&lt;def-root&gt;A business locale, the &lt;fen&gt;Entity&lt;/fen&gt;, ceases to provide services and closes. 

&lt;ex&gt;&lt;fex name="ent"&gt;Exxon&lt;/fex&gt; &lt;t&gt;went under&lt;/t&gt;.&lt;/ex&gt;&lt;/def-root&gt;</definition>
    <FE bgColor="FF0000" fgColor="FFFFFF" coreType="Core" cBy="PKe" cDate="08/01/2011 03:29:08 PDT Mon" abbrev="ent" name="Entity" ID="14608">
        <definition>&lt;def-root&gt;The &lt;fen&gt;Entity&lt;/fen&gt; is rendered unable to continue its regular operations.

&lt;ex&gt;&lt;fex name="ent"&gt;The local McDonalds&lt;/fex&gt; &lt;t&gt;shut down&lt;/t&gt; &lt;fex name="Time"&gt;in 2008&lt;/fex&gt; &lt;fex name="Explanation"&gt;because the owner passed away and no one would set up to the plate&lt;/fex&gt;.&lt;/ex&gt;&lt;/def-root&gt;</definition>
    </FE>
    <FE bgColor="90876C" fgColor="FFFFFF" coreType="Extra-Thematic" cBy="PKe" cDate="08/01/2011 03:48:10 PDT Mon" abbrev="exp" name="Explanation" ID="14609">
        <definition>&lt;def-root&gt;The &lt;fen&gt;Explanation&lt;/fen&gt; is named as one of the causes of failure.

&lt;ex&gt;&lt;fex name="ent"&gt;The local McDonalds&lt;/fex&gt; &lt;t&gt;shut down&lt;/t&gt; in 2008 &lt;fex name="exp"&gt;because the owner died&lt;/fex&gt;.&lt;/ex&gt;&lt;/def-root&gt;</definition>
    </FE>
    <FE bgColor="00008B" fgColor="FFFFFF" coreType="Peripheral" cBy="PKe" cDate="08/01/2011 05:22:39 PDT Mon" abbrev="tim" name="Time" ID="14610">
        <definition>&lt;def-root&gt;The &lt;fen&gt;Time&lt;/fen&gt; of the failure.

&lt;ex&gt;&lt;fex name="ent"&gt;The local McDonalds&lt;/fex&gt; &lt;t&gt;shut down&lt;/t&gt; &lt;fex name="tim"&gt;in 2008 &lt;/fex&gt; because the owner died.&lt;/ex&gt;&lt;/def-root&gt;</definition>
    </FE>
    <FE bgColor="008000" fgColor="FFFFFF" coreType="Peripheral" cBy="PKe" cDate="08/15/2011 04:01:43 PDT Mon" abbrev="pla" name="Place" ID="14785">
        <definition>&lt;def-root&gt;The &lt;fen&gt;Place&lt;/fen&gt; of the failing entity.

&lt;ex&gt;&lt;fex name="ent"&gt;Every Ikea&lt;/fex&gt; &lt;t&gt;shut down&lt;/t&gt; &lt;fex name="pla"&gt;in Ohio&lt;/fex&gt; &lt;fex name="tim"&gt;last week&lt;/fex&gt;.&lt;/ex&gt;&lt;/def-root&gt;</definition>
    </FE>
    <FE bgColor="1E90FF" fgColor="FFFFFF" coreType="Extra-Thematic" cBy="PKe" cDate="08/15/2011 04:07:13 PDT Mon" abbrev="cir" name="Circumstances" ID="14786">
        <definition>&lt;def-root&gt;The &lt;fen&gt;Circumstances&lt;/fen&gt; that caused failure. Compared to &lt;fen&gt;Explanation&lt;/fen&gt;, this describes situations or environments that lead to failure, not a specific reason for failure.

&lt;ex&gt;&lt;fex name="ent"&gt;Shops&lt;/fex&gt; often &lt;t&gt;close down&lt;/t&gt; &lt;fex name="cir"&gt;amid political or economic turmoil&lt;/fex&gt;.&lt;/ex&gt;&lt;/def-root&gt;</definition>
    </FE>
    <FE bgColor="7FFF00" fgColor="000000" coreType="Peripheral" cBy="PKe" cDate="08/15/2011 04:12:25 PDT Mon" abbrev="man" name="Manner" ID="14787">
        <definition>&lt;def-root&gt;The &lt;fen&gt;Manner&lt;/fen&gt; describes the way in which the &lt;fen&gt;Entity&lt;/fen&gt; failed.

&lt;ex&gt;&lt;fex name="cir"&gt;When the housing bubble burst&lt;/fex&gt;, &lt;fex name="ent"&gt;his real estate chain&lt;/fex&gt; &lt;fex name="man"&gt;abruptly&lt;/fex&gt; &lt;t&gt;closed down&lt;/t&gt;.&lt;/ex&gt;&lt;/def-root&gt;</definition>
    </FE>
    <FE bgColor="FF00FF" fgColor="FFFFFF" coreType="Extra-Thematic" cBy="PKe" cDate="08/15/2011 04:16:31 PDT Mon" abbrev="conta" name="Containing_event" ID="14788">
        <definition>&lt;def-root&gt;The &lt;fen&gt;Containing_event&lt;/fen&gt; is an event within which the failure occurs.

&lt;ex&gt;&lt;fex name="ent"&gt;Businesses&lt;/fex&gt; &lt;fex name="pla"&gt;in the Congo&lt;/fex&gt; &lt;t&gt;failed&lt;/t&gt; &lt;fex name="Containing_event"&gt;during their civil war&lt;/fex&gt;.&lt;/ex&gt;&lt;/def-root&gt;</definition>
    </FE>
    <FE bgColor="FFA500" fgColor="000000" coreType="Extra-Thematic" cBy="PKe" cDate="08/15/2011 04:24:08 PDT Mon" abbrev="dep" name="Depictive" ID="14789">
        <definition>&lt;def-root&gt;A &lt;fen&gt;Depictive&lt;/fen&gt; describes something about the &lt;fen&gt;Entity&lt;/fen&gt;.

&lt;ex&gt;&lt;fex name="ent"&gt;The business&lt;/fex&gt;, &lt;fex name="dep"&gt;unable to maintain appeal in the E.U.&lt;/fex&gt;, &lt;t&gt;closed its doors&lt;/t&gt; &lt;fex name="tim"&gt;in 2003&lt;/fex&gt;.&lt;/ex&gt;&lt;/def-root&gt;</definition>
    </FE>
    <frameRelation type="Inherits from">
        <relatedFrame ID="2622">Endeavor_failure</relatedFrame>
        <relatedFrame ID="2620">Locale_closure</relatedFrame>
    </frameRelation>
    <frameRelation type="Is Inherited by"/>
    <frameRelation type="Perspective on"/>
    <frameRelation type="Is Perspectivized in"/>
    <frameRelation type="Uses"/>
    <frameRelation type="Is Used by"/>
    <frameRelation type="Subframe of"/>
    <frameRelation type="Has Subframe(s)"/>
    <frameRelation type="Precedes"/>
    <frameRelation type="Is Preceded by"/>
    <frameRelation type="Is Inchoative of"/>
    <frameRelation type="Is Causative of"/>
    <frameRelation type="See also">
        <relatedFrame ID="2622">Endeavor_failure</relatedFrame>
    </frameRelation>
    <lexUnit status="Created" POS="V" name="founder.v" ID="16511" lemmaID="15240" cBy="PKe" cDate="08/18/2011 05:06:00 PDT Thu">
        <definition>FN: Fail; Go under</definition>
        <sentenceCount annotated="0" total="0"/>
        <lexeme order="1" headword="false" breakBefore="false" POS="V" name="founder"/>
    </lexUnit>
    <lexUnit status="Created" POS="V" name="close its doors.v" ID="16516" lemmaID="51365" cBy="MJE" cDate="08/23/2011 04:15:35 PDT Tue">
        <definition>FN:A business location (or multiple locations) are closed permanently.</definition>
        <sentenceCount annotated="0" total="0"/>
        <lexeme order="1" headword="true" breakBefore="false" POS="V" name="close"/>
        <lexeme order="2" headword="false" breakBefore="true" POS="N" name="its"/>
        <lexeme order="3" headword="false" breakBefore="true" POS="N" name="doors"/>
    </lexUnit>
    <lexUnit status="Created" POS="V" name="close down.v" ID="16524" lemmaID="51369" cBy="PKe" cDate="08/23/2011 04:40:58 PDT Tue">
        <definition>FN: An Entity closes its physical locales and ceases operation.</definition>
        <sentenceCount annotated="0" total="0"/>
        <lexeme order="1" headword="true" breakBefore="false" POS="V" name="close"/>
        <lexeme order="2" headword="false" breakBefore="false" POS="ADV" name="down"/>
    </lexUnit>
</frame>