<?xml version="1.0" encoding="UTF-8" standalone="yes"?>
<?xml-stylesheet type="text/xsl" href="frame.xsl"?>
<frame cBy="ChW" cDate="02/07/2001 04:11:59 PST Wed" name="Candidness" ID="32" xsi:schemaLocation="../schema/frame.xsd" xmlns="http://framenet.icsi.berkeley.edu" xmlns:xsi="http://www.w3.org/2001/XMLSchema-instance">
    <definition>&lt;def-root&gt;This frame contains adjectives and nouns that describe the truth or sincerity of communication. These words, analogously to behaver-evaluating words, can apply either to &lt;fen&gt;Speaker&lt;/fen&gt;s or to the &lt;fen&gt;Message&lt;/fen&gt;s they produce. They can occur with &lt;ment&gt;about&lt;/ment&gt;-PPs expressing &lt;fen&gt;Topic&lt;/fen&gt;. 

&lt;ex&gt;&lt;fex name="Speaker"&gt;Evelyn&lt;/fex&gt; was &lt;t&gt;candid&lt;/t&gt; &lt;fex name="Addressee"&gt;with me&lt;/fex&gt; &lt;fex name="Topic"&gt;about the party&lt;/fex&gt;.&lt;/ex&gt;&lt;/def-root&gt;</definition>
    <FE bgColor="FF0000" fgColor="FFFFFF" coreType="Core" cBy="ChW" cDate="02/07/2001 04:11:59 PST Wed" abbrev="Spkr" name="Speaker" ID="131">
        <definition>&lt;def-root&gt;The &lt;fen&gt;Speaker&lt;/fen&gt; produces the &lt;fen&gt;Message&lt;/fen&gt;, the truth or sincerity of which is at issue. It is normally expressed as the External Argument of predicative uses of the &lt;t&gt;target&lt;/t&gt; word, or as the Nominal Head of prenominal uses.
&lt;ex&gt;&lt;fex name="Spkr"&gt;Evelyn&lt;/fex&gt; was &lt;t&gt;candid&lt;/t&gt; about the party.
&lt;/ex&gt;&lt;ex&gt;Evelyn is a &lt;t&gt;candid&lt;/t&gt; &lt;fex name="Spkr"&gt;person&lt;/fex&gt;.&lt;/ex&gt; &lt;/def-root&gt;</definition>
        <semType name="Sentient" ID="5"/>
    </FE>
    <FE bgColor="006400" fgColor="FFFFFF" coreType="Peripheral" cBy="ChW" cDate="02/07/2001 04:11:59 PST Wed" abbrev="Add" name="Addressee" ID="132">
        <definition>&lt;def-root&gt;The &lt;fen&gt;Addressee&lt;/fen&gt; is the person to whom the &lt;fen&gt;Message&lt;/fen&gt; is communicated. This FE often remains unexpressed. When expressed, it normally takes the form of a PP Complement headed by &lt;ment&gt;with&lt;/ment&gt;.
&lt;ex&gt;Evelyn was &lt;t&gt;candid&lt;/t&gt; &lt;fex name="Add"&gt;with me&lt;/fex&gt; about the party.&lt;/ex&gt; &lt;/def-root&gt;</definition>
        <semType name="Sentient" ID="5"/>
    </FE>
    <FE bgColor="0000FF" fgColor="FFFFFF" coreType="Core" cBy="ChW" cDate="02/07/2001 04:11:59 PST Wed" abbrev="Msg" name="Message" ID="133">
        <definition>&lt;def-root&gt;&lt;fen&gt;Message&lt;/fen&gt; is the communicative content whose truth or sincerity is at issue. This FE does not normally co-occur with the other FEs in this frame. When it does occur, it is normally the External Argument of a predicative use of the &lt;t&gt;Target&lt;/t&gt; word, or the modified Nominal Head in a prenominal use.
&lt;ex&gt;Evelyn made some &lt;t&gt;candid&lt;/t&gt; &lt;fex name="Msg"&gt;remarks&lt;/fex&gt;.
&lt;/ex&gt;&lt;ex&gt;&lt;fex name="Msg"&gt;Evelyn's remarks&lt;/fex&gt; were &lt;t&gt;candid&lt;/t&gt;.&lt;/ex&gt; &lt;/def-root&gt;</definition>
        <semType name="Message" ID="56"/>
    </FE>
    <FE bgColor="9F79EE" fgColor="FFFFFF" coreType="Core" cBy="ChW" cDate="02/07/2001 04:11:59 PST Wed" abbrev="Top" name="Topic" ID="134">
        <definition>&lt;def-root&gt;The &lt;fen&gt;Topic&lt;/fen&gt; is the subject matter to which the &lt;fen&gt;Message&lt;/fen&gt; pertains. It often occurs without the &lt;fen&gt;Message&lt;/fen&gt; FE in predicative uses of the &lt;t&gt;target&lt;/t&gt; word. It is normally expressed as a PP Complement headed by "about".
&lt;ex&gt;Evelyn was &lt;t&gt;candid&lt;/t&gt; &lt;fex name="Top"&gt;about the party&lt;/fex&gt;.&lt;/ex&gt; &lt;/def-root&gt;</definition>
    </FE>
    <FE bgColor="800080" fgColor="FFFFFF" coreType="Core" cBy="JKR" cDate="04/06/2001 11:47:16 PDT Fri" abbrev="Medium" name="Medium" ID="458">
        <definition>&lt;def-root&gt;&lt;fen&gt;Medium&lt;/fen&gt; is the physical or abstract setting in which the &lt;fen&gt;Message&lt;/fen&gt; is conveyed.
&lt;ex&gt;Evelyn made some &lt;t&gt;candid&lt;/t&gt; remarks &lt;fex name="Medium"&gt;in French&lt;/fex&gt;.&lt;/ex&gt;&lt;/def-root&gt;</definition>
    </FE>
    <FE bgColor="FF69B4" fgColor="FFFFFF" coreType="Peripheral" cBy="CFB" cDate="07/17/2001 11:44:43 PDT Tue" abbrev="Degr" name="Degree" ID="1448">
        <definition>&lt;def-root&gt;This FE identifies the &lt;fen&gt;Degree&lt;/fen&gt; to which a communication is candid--some are more candid than others.

&lt;ex&gt;Evelyn's remarks were &lt;fex name="Degree"&gt;very&lt;/fex&gt; &lt;t&gt;candid&lt;/t&gt;.&lt;/ex&gt;&lt;/def-root&gt;</definition>
        <semType name="Degree" ID="172"/>
    </FE>
    <FE bgColor="FF00FF" fgColor="FFFFFF" coreType="Peripheral" cBy="RLG" cDate="11/04/2002 08:26:52 PST Mon" abbrev="Mnr" name="Manner" ID="3876">
        <definition>&lt;def-root&gt;This FE indicates the manner of candidness.
&lt;ex&gt;"He was a fool," John pointed out with &lt;fex name="Mnr"&gt;ruthless&lt;/fex&gt; &lt;t&gt;candour&lt;/t&gt;.&lt;/ex&gt;&lt;/def-root&gt;</definition>
        <semType name="Manner" ID="173"/>
    </FE>
    <FEcoreSet>
        <memberFE name="Message" ID="133"/>
        <memberFE name="Topic" ID="134"/>
    </FEcoreSet>
    <FEcoreSet>
        <memberFE name="Medium" ID="458"/>
        <memberFE name="Speaker" ID="131"/>
    </FEcoreSet>
    <frameRelation type="Inherits from"/>
    <frameRelation type="Is Inherited by"/>
    <frameRelation type="Perspective on"/>
    <frameRelation type="Is Perspectivized in"/>
    <frameRelation type="Uses">
        <relatedFrame ID="6">Communication</relatedFrame>
    </frameRelation>
    <frameRelation type="Is Used by"/>
    <frameRelation type="Subframe of"/>
    <frameRelation type="Has Subframe(s)"/>
    <frameRelation type="Precedes"/>
    <frameRelation type="Is Preceded by"/>
    <frameRelation type="Is Inchoative of"/>
    <frameRelation type="Is Causative of"/>
    <frameRelation type="See also"/>
    <lexUnit status="FN1_Sent" POS="A" name="blunt.a" ID="459" lemmaID="3980" cBy="ChW" cDate="02/08/2001 01:28:10 PST Thu">
        <definition>COD: uncompromisingly forthright in manner. </definition>
        <sentenceCount annotated="23" total="74"/>
        <lexeme order="1" headword="false" breakBefore="false" POS="A" name="blunt"/>
    </lexUnit>
    <lexUnit status="FN1_Sent" POS="A" name="candid.a" ID="460" lemmaID="5350" cBy="ChW" cDate="02/08/2001 01:28:10 PST Thu">
        <definition>COD: truthful and straightforward; frank. </definition>
        <sentenceCount annotated="13" total="57"/>
        <lexeme order="1" headword="false" breakBefore="false" POS="A" name="candid"/>
    </lexUnit>
    <lexUnit status="FN1_Sent" POS="A" name="coy.a" ID="461" lemmaID="8725" cBy="ChW" cDate="02/08/2001 01:28:10 PST Thu">
        <definition>COD: reluctant to give details about something sensitive. </definition>
        <sentenceCount annotated="19" total="103"/>
        <lexeme order="1" headword="false" breakBefore="false" POS="A" name="coy"/>
    </lexUnit>
    <lexUnit status="FN1_Sent" POS="A" name="discreet.a" ID="462" lemmaID="10904" cBy="ChW" cDate="02/08/2001 01:28:10 PST Thu">
        <definition>COD: careful and prudent in one's speech or actions, especially so as to avoid giving offence or attracting attention. </definition>
        <sentenceCount annotated="12" total="76"/>
        <lexeme order="1" headword="false" breakBefore="false" POS="A" name="discreet"/>
    </lexUnit>
    <lexUnit status="FN1_Sent" POS="A" name="explicit.a" ID="463" lemmaID="13563" cBy="ChW" cDate="02/08/2001 01:28:10 PST Thu">
        <definition>COD: clear and detailed, with no room for confusion or doubt. </definition>
        <sentenceCount annotated="23" total="151"/>
        <lexeme order="1" headword="false" breakBefore="false" POS="A" name="explicit"/>
    </lexUnit>
    <lexUnit status="FN1_Sent" POS="A" name="forthcoming.a" ID="464" lemmaID="15178" cBy="ChW" cDate="02/08/2001 01:28:11 PST Thu">
        <definition>COD: willing to divulge information. </definition>
        <sentenceCount annotated="9" total="97"/>
        <lexeme order="1" headword="false" breakBefore="false" POS="A" name="forthcoming"/>
    </lexUnit>
    <lexUnit status="FN1_Sent" POS="A" name="forthright.a" ID="465" lemmaID="15179" cBy="ChW" cDate="02/08/2001 01:28:11 PST Thu">
        <definition>COD: direct and outspoken. </definition>
        <sentenceCount annotated="22" total="73"/>
        <lexeme order="1" headword="false" breakBefore="false" POS="A" name="forthright"/>
    </lexUnit>
    <lexUnit status="FN1_Sent" POS="A" name="frank.a" ID="466" lemmaID="15324" cBy="ChW" cDate="02/08/2001 01:28:11 PST Thu">
        <definition>COD: candid and honest.</definition>
        <sentenceCount annotated="38" total="115"/>
        <lexeme order="1" headword="false" breakBefore="false" POS="A" name="frank"/>
    </lexUnit>
    <lexUnit status="FN1_Sent" POS="A" name="honest.a" ID="467" lemmaID="18313" cBy="ChW" cDate="02/08/2001 01:28:11 PST Thu">
        <definition>COD: free of deceit; truthful and sincere. </definition>
        <sentenceCount annotated="26" total="149"/>
        <lexeme order="1" headword="false" breakBefore="false" POS="A" name="honest"/>
    </lexUnit>
    <lexUnit status="FN1_Sent" POS="A" name="open.a" ID="468" lemmaID="26778" cBy="ChW" cDate="02/08/2001 01:28:11 PST Thu">
        <definition>COD: frank and communicative. </definition>
        <sentenceCount annotated="16" total="183"/>
        <lexeme order="1" headword="false" breakBefore="false" POS="A" name="open"/>
    </lexUnit>
    <lexUnit status="FN1_Sent" POS="A" name="outspoken.a" ID="469" lemmaID="27158" cBy="ChW" cDate="02/08/2001 01:28:11 PST Thu">
        <definition>COD: frank in stating one's opinions. </definition>
        <sentenceCount annotated="34" total="96"/>
        <lexeme order="1" headword="false" breakBefore="false" POS="A" name="outspoken"/>
    </lexUnit>
    <lexUnit status="FN1_Sent" POS="A" name="secretive.a" ID="470" lemmaID="34786" cBy="ChW" cDate="02/08/2001 01:28:11 PST Thu">
        <definition>COD: inclined to conceal feelings and intentions or not to disclose information. </definition>
        <sentenceCount annotated="11" total="78"/>
        <lexeme order="1" headword="false" breakBefore="false" POS="A" name="secretive"/>
    </lexUnit>
    <lexUnit status="FN1_Sent" POS="A" name="sincere.a" ID="471" lemmaID="35971" cBy="ChW" cDate="02/08/2001 01:28:11 PST Thu">
        <definition>COD: proceeding from or characterized by genuine feelings; free from pretence or deceit. </definition>
        <sentenceCount annotated="18" total="86"/>
        <lexeme order="1" headword="false" breakBefore="false" POS="A" name="sincere"/>
    </lexUnit>
    <lexUnit status="FN1_Sent" POS="A" name="straightforward.a" ID="472" lemmaID="38246" cBy="ChW" cDate="02/08/2001 01:28:12 PST Thu">
        <definition>COD: honest and open. </definition>
        <sentenceCount annotated="10" total="106"/>
        <lexeme order="1" headword="false" breakBefore="false" POS="A" name="straightforward"/>
    </lexUnit>
    <lexUnit status="Finished_Initial" POS="A" name="truthful.a" ID="473" lemmaID="41407" cBy="ChW" cDate="02/08/2001 01:28:12 PST Thu">
        <definition>COD: telling or expressing the truth; honest.</definition>
        <sentenceCount annotated="24" total="76"/>
        <lexeme order="1" headword="false" breakBefore="false" POS="A" name="truthful"/>
    </lexUnit>
    <lexUnit status="Finished_Initial" POS="A" name="disingenuous.a" ID="5810" lemmaID="11012" cBy="Tess" cDate="05/21/2002 11:39:15 PDT Tue">
        <definition>COD: not candid or sincere, especially in pretending that one knows less about something than one really does</definition>
        <sentenceCount annotated="9" total="47"/>
        <lexeme order="1" headword="false" breakBefore="false" POS="A" name="disingenuous"/>
    </lexUnit>
    <lexUnit status="Finished_Initial" POS="A" name="evasive.a" ID="5811" lemmaID="13247" cBy="Tess" cDate="05/21/2002 02:49:19 PDT Tue">
        <definition>COD: tending to avoid commitment or self-revelation, especially by responding only indirectly. </definition>
        <sentenceCount annotated="22" total="73"/>
        <lexeme order="1" headword="false" breakBefore="false" POS="A" name="evasive"/>
    </lexUnit>
    <lexUnit status="Finished_Initial" POS="A" name="circumspect.a" ID="5812" lemmaID="6569" cBy="Tess" cDate="05/24/2002 10:49:43 PDT Fri">
        <definition>COD: cautious or prudent</definition>
        <sentenceCount annotated="8" total="61"/>
        <lexeme order="1" headword="false" breakBefore="false" POS="A" name="circumspect"/>
    </lexUnit>
    <lexUnit status="Finished_Initial" POS="N" name="honesty.n" ID="5813" lemmaID="18316" cBy="Tess" cDate="05/24/2002 10:51:12 PDT Fri">
        <definition>COD: the quality of being honest</definition>
        <sentenceCount annotated="19" total="161"/>
        <lexeme order="1" headword="false" breakBefore="false" POS="N" name="honesty"/>
    </lexUnit>
    <lexUnit status="Finished_Initial" POS="A" name="ingenuous.a" ID="5814" lemmaID="19917" cBy="Tess" cDate="05/24/2002 01:03:02 PDT Fri">
        <definition>COD: innocent, artless, and unsuspecting</definition>
        <sentenceCount annotated="8" total="30"/>
        <lexeme order="1" headword="false" breakBefore="false" POS="A" name="ingenuous"/>
    </lexUnit>
    <lexUnit status="Finished_Initial" POS="N" name="bluntness.n" ID="5815" lemmaID="3982" cBy="Tess" cDate="05/24/2002 01:05:30 PDT Fri">
        <definition>FN: the quality of being blunt</definition>
        <sentenceCount annotated="6" total="29"/>
        <lexeme order="1" headword="false" breakBefore="false" POS="N" name="bluntness"/>
    </lexUnit>
    <lexUnit status="Finished_Initial" POS="N" name="candour.n" ID="7651" lemmaID="46180" cBy="MJE" cDate="10/28/2002 06:25:34 PST Mon">
        <definition>COD: the quality of being open and honest. </definition>
        <sentenceCount annotated="12" total="69"/>
        <lexeme order="1" headword="false" breakBefore="false" POS="N" name="candour"/>
    </lexUnit>
    <lexUnit status="Created" POS="N" name="forthrightness.n" ID="11745" lemmaID="15180" cBy="JKR" cDate="03/11/2005 10:49:40 PST Fri">
        <definition>FN: being  direct and outspoken</definition>
        <sentenceCount annotated="1" total="1"/>
        <lexeme order="1" headword="false" breakBefore="false" POS="N" name="forthrightness"/>
    </lexUnit>
    <lexUnit status="Created" POS="A" name="straight.a" ID="11748" lemmaID="38241" cBy="MJE" cDate="03/22/2005 11:42:57 PST Tue">
        <definition>COD: not evasive; honest.</definition>
        <sentenceCount annotated="0" total="0"/>
        <lexeme order="1" headword="false" breakBefore="false" POS="A" name="straight"/>
    </lexUnit>
    <lexUnit status="Created" POS="A" name="earnest.a" ID="15575" lemmaID="12089" cBy="AnW" cDate="01/22/2010 01:33:55 PST Fri">
        <definition>COD: sincere and serious in intention</definition>
        <sentenceCount annotated="0" total="0"/>
        <lexeme order="1" headword="false" breakBefore="false" POS="A" name="earnest"/>
    </lexUnit>
    <lexUnit status="Created" POS="N" name="earnestness.n" ID="15576" lemmaID="12091" cBy="AnW" cDate="01/22/2010 02:00:55 PST Fri">
        <definition>FN: being serious and sincere in intention</definition>
        <sentenceCount annotated="0" total="0"/>
        <lexeme order="1" headword="false" breakBefore="false" POS="N" name="earnestness"/>
    </lexUnit>
    <lexUnit status="Created" POS="A" name="dishonest.a" ID="15577" lemmaID="10985" cBy="AnW" cDate="01/22/2010 02:01:19 PST Fri">
        <definition>COD: not honest, trustworthy, or sincere</definition>
        <sentenceCount annotated="0" total="0"/>
        <lexeme order="1" headword="false" breakBefore="false" POS="A" name="dishonest"/>
    </lexUnit>
    <lexUnit status="Created" POS="A" name="devious.a" ID="15578" lemmaID="10503" cBy="AnW" cDate="01/22/2010 02:05:23 PST Fri">
        <definition>FN: not straightfoward, characterized by insincerity or deceit</definition>
        <sentenceCount annotated="0" total="0"/>
        <lexeme order="1" headword="false" breakBefore="false" POS="A" name="devious"/>
    </lexUnit>
    <lexUnit status="Created" POS="A" name="true.a" ID="17054" lemmaID="41367" cBy="PKe" cDate="05/03/2012 03:08:33 PDT Thu">
        <definition>FN: Honest, forthright</definition>
        <sentenceCount annotated="0" total="0"/>
        <lexeme order="1" headword="false" breakBefore="false" POS="A" name="true"/>
    </lexUnit>
</frame>