<?xml version="1.0" encoding="UTF-8" standalone="yes"?>
<?xml-stylesheet type="text/xsl" href="frame.xsl"?>
<frame cBy="ACW" cDate="05/31/2002 12:02:06 PDT Fri" name="Cause_to_be_dry" ID="337" xsi:schemaLocation="../schema/frame.xsd" xmlns="http://framenet.icsi.berkeley.edu" xmlns:xsi="http://www.w3.org/2001/XMLSchema-instance">
    <definition>&lt;def-root&gt;An &lt;fen&gt;Agent&lt;/fen&gt; causes a &lt;fen&gt;Dryee&lt;/fen&gt; (either a surface or an entire entity, inside and out) to become dry. This should not include examples like "drying tears" or "drying spills" as these are in the Removing frame.

&lt;ex&gt;&lt;fex name="Agent"&gt;Michael&lt;/fex&gt; &lt;t&gt;dried&lt;/t&gt; &lt;fex name="Dryee"&gt;the clothes&lt;/fex&gt;.&lt;/ex&gt;
&lt;ex&gt;&lt;fex name="Agent"&gt;Abby&lt;/fex&gt; &lt;t&gt;dried&lt;/t&gt; &lt;t&gt;out&lt;/t&gt; &lt;fex name="Dryee"&gt;the room&lt;/fex&gt; &lt;fex name="Instrument"&gt;with a dehumidifier&lt;/fex&gt;.&lt;/ex&gt;&lt;/def-root&gt;</definition>
    <FE bgColor="FF0000" fgColor="FFFFFF" coreType="Core" cBy="ACW" cDate="05/31/2002 01:52:31 PDT Fri" abbrev="Agt" name="Agent" ID="2885">
        <definition>&lt;def-root&gt;The &lt;fen&gt;Agent&lt;/fen&gt; is the person performing the intentional act causing the &lt;fen&gt;Dryee&lt;/fen&gt; to become dry.
&lt;ex&gt;&lt;fex name="Agent"&gt; Michael&lt;/fex&gt; &lt;t&gt;dehydrated&lt;/t&gt; &lt;fex name="Dryee"&gt;the apples&lt;/fex&gt;.&lt;/ex&gt;
&lt;ex&gt;&lt;fex name="Agent"&gt;Abby&lt;/fex&gt; &lt;t&gt;dried&lt;/t&gt; &lt;t&gt;out&lt;/t&gt; &lt;fex name="Dryee"&gt;the room&lt;/fex&gt; &lt;fex name ="Instrument"&gt;with a dehumidifier&lt;/fex&gt;.&lt;/ex&gt;&lt;/def-root&gt;</definition>
        <semType name="Sentient" ID="5"/>
    </FE>
    <FE bgColor="0000FF" fgColor="FFFFFF" coreType="Core" cBy="ACW" cDate="05/31/2002 01:53:46 PDT Fri" abbrev="Dry" name="Dryee" ID="2886">
        <definition>&lt;def-root&gt;The &lt;fen&gt;Dryee&lt;/fen&gt; is the entity which has the water removed from it.
&lt;ex&gt;&lt;fex name="Agent"&gt;Michael&lt;/fex&gt; &lt;t&gt;dehydrated&lt;/t&gt; &lt;fex name="Dryee"&gt;the apples&lt;/fex&gt;.&lt;/ex&gt;
&lt;ex&gt;&lt;fex name="Agent"&gt;Abby&lt;/fex&gt; &lt;t&gt;dried&lt;/t&gt; &lt;t&gt;out&lt;/t&gt; &lt;fex name="Dryee"&gt;the room&lt;/fex&gt; &lt;fex name="Instrument"&gt;with a dehumidifier&lt;/fex&gt;.&lt;/ex&gt;&lt;/def-root&gt;</definition>
    </FE>
    <FE bgColor="808080" fgColor="000000" coreType="Peripheral" cBy="ACW" cDate="05/31/2002 03:36:49 PDT Fri" abbrev="Ins" name="Instrument" ID="2904">
        <definition>&lt;def-root&gt;This FE identifies the &lt;fen&gt;Instrument&lt;/fen&gt; with which an &lt;fen&gt;Agent&lt;/fen&gt; intentionally affects the &lt;fen&gt;Dryee&lt;/fen&gt;.

&lt;ex&gt;&lt;fex name="Agent"&gt;Abby&lt;/fex&gt; &lt;t&gt;dried&lt;/t&gt; &lt;t&gt;out&lt;/t&gt; &lt;fex name="Dryee"&gt;the room&lt;/fex&gt; &lt;fex name="Instrument"&gt;with a dehumidifier&lt;/fex&gt;.&lt;/ex&gt;&lt;/def-root&gt;</definition>
        <semType name="Physical_entity" ID="70"/>
    </FE>
    <FE bgColor="FF69B4" fgColor="FFFFFF" coreType="Peripheral" cBy="ACW" cDate="05/31/2002 03:36:50 PDT Fri" abbrev="Mnr" name="Manner" ID="2905">
        <definition>&lt;def-root&gt;This FE identifies the &lt;fen&gt;Manner&lt;/fen&gt; in which an the &lt;fen&gt;Agent&lt;/fen&gt; dries the &lt;fen&gt;Dryee&lt;/fen&gt;.&lt;/def-root &gt;</definition>
        <semType name="Manner" ID="173"/>
    </FE>
    <FE bgColor="A52A2A" fgColor="FFFFFF" coreType="Peripheral" cBy="ACW" cDate="05/31/2002 03:36:51 PDT Fri" abbrev="Mns" name="Means" ID="2906">
        <definition>&lt;def-root&gt;This FE identifies the &lt;fen&gt;Means&lt;/fen&gt; by which an &lt;fen&gt;Agent&lt;/fen&gt; intentionally affects the &lt;fen&gt;Dryee&lt;/fen&gt;.&lt;/def-root&gt;</definition>
        <semType name="State_of_affairs" ID="177"/>
    </FE>
    <FE bgColor="008000" fgColor="FFFFFF" coreType="Peripheral" cBy="ACW" cDate="05/31/2002 03:36:55 PDT Fri" abbrev="Place" name="Place" ID="2907">
        <definition>&lt;def-root&gt;This FE identifies the &lt;fen&gt;Place&lt;/fen&gt; where the &lt;fen&gt;Agent&lt;/fen&gt; intentionally affects the &lt;fen&gt;Dryee&lt;/fen&gt;.
&lt;/def-root&gt;</definition>
        <semType name="Locative_relation" ID="182"/>
    </FE>
    <FE bgColor="800080" fgColor="FFFFFF" coreType="Extra-Thematic" cBy="ACW" cDate="05/31/2002 03:36:56 PDT Fri" abbrev="Purp" name="Purpose" ID="2908">
        <definition>&lt;def-root&gt;This FE identifies the &lt;fen&gt;Purpose&lt;/fen&gt; for which &lt;fen&gt;Agent&lt;/fen&gt; intentionally affects the &lt;fen&gt;Dryee&lt;/fen&gt; and what the &lt;fen&gt;Agent&lt;/fen&gt; hopes to accomplish.&lt;/def-root&gt;</definition>
        <semType name="State_of_affairs" ID="177"/>
    </FE>
    <FE bgColor="FFA500" fgColor="FFFFFF" coreType="Peripheral" cBy="ACW" cDate="05/31/2002 03:36:58 PDT Fri" abbrev="Time" name="Time" ID="2909">
        <definition>&lt;def-root&gt;This FE identifies the &lt;fen&gt;Time&lt;/fen&gt; when the &lt;fen&gt;Agent&lt;/fen&gt; intentionally affects the &lt;fen&gt;Dryee&lt;/fen&gt;.&lt;/def-root&gt;</definition>
        <semType name="Time" ID="141"/>
    </FE>
    <FE bgColor="2E8B57" fgColor="FFFFFF" coreType="Core" cBy="ACW" cDate="06/07/2002 02:12:47 PDT Fri" abbrev="Cause" name="Cause" ID="2991">
        <definition>&lt;def-root&gt;An animate or inanimate entity, a force, or event that produces the state of dryness. Volitionality is not a necessary characteristic of &lt;fen&gt;Cause&lt;/fen&gt;s.  &lt;ex&gt;&lt;fex name ="Cause"&gt;The wind&lt;/fex&gt; &lt;t&gt;dried&lt;/t&gt; &lt;fex name = "Dryee"&gt;the porch&lt;/fex&gt;.&lt;/ex&gt;&lt;/def-root&gt;</definition>
        <excludesFE name="Agent" ID="2885"/>
    </FE>
    <FE bgColor="00008B" fgColor="FFFFFF" coreType="Extra-Thematic" cBy="ACW" cDate="06/12/2002 04:14:47 PDT Wed" abbrev="sub" name="Subregion" ID="3035">
        <definition>&lt;def-root&gt;The &lt;fen&gt;Subregion&lt;/fen&gt; describes which part of a larger whole is being affected.

&lt;ex&gt;The cloth was &lt;t&gt;dried&lt;/t&gt; &lt;fex name="sub"&gt;around the edges&lt;/fex&gt;.&lt;/ex&gt;&lt;/def-root&gt;</definition>
        <semType name="Locative_relation" ID="182"/>
    </FE>
    <FE bgColor="9F79EE" fgColor="FFFFFF" coreType="Peripheral" cBy="MJE" cDate="06/17/2002 03:33:44 PDT Mon" abbrev="Dur" name="Duration" ID="3087">
        <definition>&lt;def-root&gt;This FE identifies the length of &lt;fen&gt;Time&lt;/fen&gt; that the drying takes.&lt;/def-root&gt;</definition>
        <semType name="Duration" ID="142"/>
    </FE>
    <FE bgColor="00BFFF" fgColor="FFFFFF" coreType="Peripheral" cBy="MJE" cDate="06/18/2002 06:02:52 PDT Tue" abbrev="Temp" name="Temperature" ID="3113">
        <definition>&lt;def-root&gt;This FE identifies the &lt;fen&gt;Temperature&lt;/fen&gt; at which heat is applied to the &lt;fen&gt;Dryee&lt;/fen&gt;.

&lt;ex&gt;He &lt;t&gt;dried&lt;/t&gt; the apples in the oven for a day &lt;fex name="Temp"&gt;at 350 degrees&lt;/fex&gt;.&lt;/ex&gt;&lt;/def-root&gt;</definition>
        <semType name="Temperature" ID="233"/>
    </FE>
    <FE bgColor="FF00FF" fgColor="FFFFFF" coreType="Peripheral" cBy="Hay" cDate="10/02/2003 11:40:50 PDT Thu" abbrev="Degr" name="Degree" ID="5449">
        <definition>&lt;def-root&gt;The degree to which the &lt;fen&gt;Dryee&lt;/fen&gt; ends up dry.

&lt;ex&gt;First, the remains should be &lt;fex name="Degr"&gt;completely&lt;/fex&gt; &lt;t&gt;desiccated&lt;/t&gt; before you begin the extraction.&lt;/ex&gt;&lt;/def-root&gt;</definition>
        <semType name="Degree" ID="172"/>
    </FE>
    <frameRelation type="Inherits from">
        <relatedFrame ID="10">Transitive_action</relatedFrame>
    </frameRelation>
    <frameRelation type="Is Inherited by"/>
    <frameRelation type="Perspective on"/>
    <frameRelation type="Is Perspectivized in"/>
    <frameRelation type="Uses"/>
    <frameRelation type="Is Used by"/>
    <frameRelation type="Subframe of"/>
    <frameRelation type="Has Subframe(s)"/>
    <frameRelation type="Precedes"/>
    <frameRelation type="Is Preceded by"/>
    <frameRelation type="Is Inchoative of"/>
    <frameRelation type="Is Causative of">
        <relatedFrame ID="338">Being_dry</relatedFrame>
    </frameRelation>
    <frameRelation type="See also"/>
    <lexUnit status="Insufficient_Attestations" POS="V" name="desiccate.v" ID="5918" lemmaID="10341" cBy="ACW" cDate="05/31/2002 12:02:49 PDT Fri">
        <definition>COD: remove the moisture from. </definition>
        <sentenceCount annotated="3" total="6"/>
        <lexeme order="1" headword="false" breakBefore="false" POS="V" name="desiccate"/>
    </lexUnit>
    <lexUnit status="Finished_Initial" POS="V" name="dry.v" ID="5919" lemmaID="11869" cBy="ACW" cDate="05/31/2002 12:03:00 PDT Fri">
        <definition>COD: become or cause to become dry. </definition>
        <sentenceCount annotated="58" total="390"/>
        <lexeme order="1" headword="false" breakBefore="false" POS="V" name="dry"/>
    </lexUnit>
    <lexUnit status="Insufficient_Attestations" POS="V" name="dehumidify.v" ID="5946" lemmaID="45712" cBy="MJE" cDate="06/03/2002 02:13:28 PDT Mon">
        <definition>COD: remove moisture from</definition>
        <sentenceCount annotated="0" total="0"/>
        <lexeme order="1" headword="false" breakBefore="false" POS="V" name="dehumidify"/>
    </lexUnit>
    <lexUnit status="Finished_Initial" POS="V" name="dry out.v" ID="5951" lemmaID="45714" cBy="MJE" cDate="06/03/2002 02:27:11 PDT Mon">
        <definition>FN: a material becomes or cause a material to become dry</definition>
        <sentenceCount annotated="12" total="465"/>
        <lexeme order="1" headword="true" breakBefore="false" POS="V" name="dry"/>
        <lexeme order="2" headword="false" breakBefore="true" POS="ADV" name="out"/>
    </lexUnit>
    <lexUnit status="Finished_Initial" POS="V" name="dry off.v" ID="5953" lemmaID="45715" cBy="MJE" cDate="06/03/2002 02:42:08 PDT Mon">
        <definition>FN: the surface of something/ somebody become or cause the surface of soemthing /somebody to become dry</definition>
        <sentenceCount annotated="8" total="293"/>
        <lexeme order="1" headword="true" breakBefore="false" POS="V" name="dry"/>
        <lexeme order="2" headword="false" breakBefore="true" POS="ADV" name="off"/>
    </lexUnit>
    <lexUnit status="Finished_Initial" POS="V" name="dry up.v" ID="6004" lemmaID="45721" cBy="MJE" cDate="06/05/2002 12:28:35 PDT Wed">
        <definition>FN: cause liquid to become dry</definition>
        <sentenceCount annotated="10" total="78"/>
        <lexeme order="1" headword="true" breakBefore="false" POS="V" name="dry"/>
        <lexeme order="2" headword="false" breakBefore="true" POS="ADV" name="up"/>
    </lexUnit>
    <lexUnit status="Finished_Initial" POS="N" name="desiccation.n" ID="6011" lemmaID="45725" cBy="MJE" cDate="06/05/2002 01:19:44 PDT Wed">
        <definition>FN: the action of removing moisture from (the air or a gas)</definition>
        <sentenceCount annotated="8" total="32"/>
        <lexeme order="1" headword="false" breakBefore="false" POS="N" name="desiccation"/>
    </lexUnit>
    <lexUnit status="Insufficient_Attestations" POS="N" name="dehumidification.n" ID="6012" lemmaID="45726" cBy="MJE" cDate="06/05/2002 01:21:55 PDT Wed">
        <definition>FN: the action of removing moisture from (the air or a gas)</definition>
        <sentenceCount annotated="0" total="1"/>
        <lexeme order="1" headword="false" breakBefore="false" POS="N" name="dehumidification"/>
    </lexUnit>
    <lexUnit status="Finished_Initial" POS="V" name="dehydrate.v" ID="11135" lemmaID="9992" cBy="MiL" cDate="11/12/2004 01:06:30 PST Fri">
        <definition>FN: cause to lose a large amount of water</definition>
        <sentenceCount annotated="12" total="76"/>
        <lexeme order="1" headword="false" breakBefore="false" POS="V" name="dehydrate"/>
    </lexUnit>
    <lexUnit status="Created" POS="V" name="anhydrate.v" ID="13495" lemmaID="50429" cBy="RLG" cDate="08/18/2006 03:39:37 PDT Fri">
        <definition>FN: dehydrate.</definition>
        <sentenceCount annotated="0" total="0"/>
        <lexeme order="1" headword="true" breakBefore="false" POS="V" name="anhydrate"/>
    </lexUnit>
</frame>