<?xml version="1.0" encoding="UTF-8" standalone="yes"?>
<?xml-stylesheet type="text/xsl" href="frame.xsl"?>
<frame cBy="MJE" cDate="02/26/2002 05:54:29 PST Tue" name="Cause_to_move_in_place" ID="276" xsi:schemaLocation="../schema/frame.xsd" xmlns="http://framenet.icsi.berkeley.edu" xmlns:xsi="http://www.w3.org/2001/XMLSchema-instance">
    <definition>&lt;def-root&gt;An &lt;fen&gt;Agent&lt;/fen&gt; causes a &lt;fen&gt;Theme&lt;/fen&gt; to move with respect to a certain &lt;fen&gt;Fixed_location&lt;/fen&gt;, generally with a certain &lt;fen&gt;Periodicity&lt;/fen&gt;, without undergoing unbounded translational motion or significant alteration of configuration/shape.
&lt;ex&gt;&lt;fex name="Agent"&gt;Paul&lt;/fex&gt; &lt;t&gt;shook&lt;/t&gt; &lt;fex name="Theme"&gt;the remote control&lt;/fex&gt; &lt;fex name="Manner"&gt;frantically&lt;/fex&gt;.&lt;/ex&gt;&lt;/def-root&gt;</definition>
    <FE bgColor="0000FF" fgColor="FFFFFF" coreType="Core" cBy="MJE" cDate="02/26/2002 06:18:44 PST Tue" abbrev="Thm" name="Theme" ID="2388">
        <definition>&lt;def-root&gt;&lt;fen&gt;Theme&lt;/fen&gt; identifies the object involved in motion.&lt;/def-root&gt;</definition>
        <semType name="Physical_object" ID="68"/>
    </FE>
    <FE bgColor="008000" fgColor="FFFFFF" coreType="Peripheral" cBy="MJE" cDate="02/26/2002 06:19:23 PST Tue" abbrev="Place" name="Place" ID="2389">
        <definition>&lt;def-root&gt;This FE  identifies the &lt;fen&gt;Place&lt;/fen&gt; where the event occurs.&lt;/def-root&gt;</definition>
        <semType name="Locative_relation" ID="182"/>
    </FE>
    <FE bgColor="FFFF00" fgColor="000000" coreType="Peripheral" cBy="MJE" cDate="02/26/2002 06:19:25 PST Tue" abbrev="Dur" name="Duration" ID="2390">
        <definition>&lt;def-root&gt;The amount of time for which a state holds or a process is ongoing.&lt;/def-root&gt;</definition>
        <semType name="Duration" ID="142"/>
    </FE>
    <FE bgColor="A52A2A" fgColor="FFFFFF" coreType="Extra-Thematic" cBy="MJE" cDate="02/26/2002 06:19:28 PST Tue" abbrev="Exp" name="Explanation" ID="2391">
        <definition>&lt;def-root&gt;This FE identifies the &lt;fen&gt;Explanation&lt;/fen&gt; for which an event occurs.&lt;/def-root&gt;</definition>
        <semType name="State_of_affairs" ID="177"/>
    </FE>
    <FE bgColor="FFA500" fgColor="FFFFFF" coreType="Peripheral" cBy="MJE" cDate="02/26/2002 06:19:29 PST Tue" abbrev="Time" name="Time" ID="2392">
        <definition>&lt;def-root&gt;This FE identifies the &lt;fen&gt;Time&lt;/fen&gt; when the event occurs.&lt;/def-root&gt;</definition>
        <semType name="Time" ID="141"/>
    </FE>
    <FE bgColor="FF00FF" fgColor="FFFFFF" coreType="Peripheral" cBy="MJE" cDate="02/26/2002 06:19:38 PST Tue" abbrev="Manr" name="Manner" ID="2393">
        <definition>&lt;def-root&gt;Manner of performing an action&lt;/def-root&gt;</definition>
        <semType name="Manner" ID="173"/>
    </FE>
    <FE bgColor="A52A2A" fgColor="FFFFFF" coreType="Peripheral" cBy="MJE" cDate="02/26/2002 06:19:40 PST Tue" abbrev="Mns" name="Means" ID="2394">
        <definition>&lt;def-root&gt;The &lt;fen&gt;Means&lt;/fen&gt; is the way in which the motion in place is instigated.&lt;/def-root&gt;</definition>
        <semType name="State_of_affairs" ID="177"/>
    </FE>
    <FE bgColor="FF69B4" fgColor="FFFFFF" coreType="Peripheral" cBy="MJE" cDate="02/26/2002 06:19:51 PST Tue" abbrev="Degr" name="Degree" ID="2395">
        <definition>&lt;def-root&gt;Degree to which event occurs&lt;/def-root&gt;</definition>
        <semType name="Degree" ID="172"/>
    </FE>
    <FE bgColor="006400" fgColor="FFFFFF" coreType="Peripheral" cBy="MJE" cDate="02/26/2002 06:21:05 PST Tue" abbrev="Per" name="Periodicity" ID="2396">
        <definition>&lt;def-root&gt;The number of times the Theme returns to a state in a given duration.
&lt;ex&gt;It &lt;t&gt;turns&lt;/t&gt; &lt;fex name="Per"&gt;at 1000 rpms&lt;/fex&gt;.&lt;/ex&gt;&lt;/def-root&gt;</definition>
    </FE>
    <FE bgColor="9400D3" fgColor="FFFFFF" coreType="Peripheral" cBy="MJE" cDate="02/26/2002 06:48:29 PST Tue" abbrev="Fix_loc" name="Fixed_location" ID="2397">
        <definition>&lt;def-root&gt;The point or set of points that define the limits of motion for the Theme.  For spinning motions, it is the axis, for vibrating it is a boundary, for swinging it is a point.
&lt;ex&gt;She &lt;t&gt;twirled&lt;/t&gt; &lt;fex name="Fix_loc"&gt;around him&lt;/fex&gt; several times.&lt;/ex&gt;
&lt;ex&gt;Balls &lt;t&gt;spin&lt;/t&gt; &lt;fex name="Fix_loc"&gt;on their axes &lt;/fex&gt;.&lt;/ex&gt;
&lt;ex&gt;The window &lt;t&gt;vibrated&lt;/t&gt; &lt;fex name="Fix_loc"&gt;in the frame&lt;/fex&gt;.&lt;/ex&gt;
&lt;ex&gt;He &lt;t&gt;swung&lt;/t&gt; &lt;fex name="Fix_loc"&gt;by a single handhold&lt;/fex&gt;.&lt;/ex&gt;&lt;/def-root&gt;</definition>
    </FE>
    <FE bgColor="FF0000" fgColor="FFFFFF" coreType="Core" cBy="MJE" cDate="02/27/2002 03:10:48 PST Wed" abbrev="Agt" name="Agent" ID="2398">
        <definition>&lt;def-root&gt;The &lt;fen&gt;Agent&lt;/fen&gt; performs the intentional act.&lt;/def-root&gt;</definition>
        <semType name="Sentient" ID="5"/>
        <excludesFE name="Cause" ID="2408"/>
    </FE>
    <FE bgColor="808080" fgColor="FFFFFF" coreType="Peripheral" cBy="MJE" cDate="02/27/2002 03:10:50 PST Wed" abbrev="Ins" name="Instrument" ID="2399">
        <definition>&lt;def-root&gt;This FE identifies the &lt;fen&gt;Instrument&lt;/fen&gt; with which an intentional act is performed.&lt;/def-root&gt;</definition>
        <semType name="Physical_entity" ID="70"/>
    </FE>
    <FE bgColor="800080" fgColor="FFFFFF" coreType="Extra-Thematic" cBy="MJE" cDate="02/27/2002 03:11:38 PST Wed" abbrev="Purp" name="Purpose" ID="2401">
        <definition>&lt;def-root&gt;This FE identifies the &lt;fen&gt;Purpose&lt;/fen&gt; for which an intentional act is performed.
&lt;/def-root&gt;</definition>
        <semType name="State_of_affairs" ID="177"/>
    </FE>
    <FE bgColor="2E8B57" fgColor="FFFFFF" coreType="Peripheral" cBy="MJE" cDate="02/27/2002 03:14:05 PST Wed" abbrev="Ang" name="Angle" ID="2402">
        <definition>&lt;def-root&gt;&lt;fen&gt;Angle&lt;/fen&gt; identifies the amount that the &lt;fen&gt;Theme&lt;/fen&gt; turns.
&lt;ex&gt;&lt;t&gt;Spin&lt;/t&gt; the dial &lt;fex name="Ang"&gt;a quarter turn&lt;/fex&gt;.&lt;/ex&gt;&lt;/def-root&gt;</definition>
    </FE>
    <FE bgColor="1E90FF" fgColor="FFFFFF" coreType="Extra-Thematic" cBy="MJE" cDate="02/28/2002 04:14:17 PST Thu" abbrev="Locus" name="Locus" ID="2406">
        <definition>&lt;def-root&gt;The &lt;fen&gt;Agent&lt;/fen&gt;'s manipulation of an &lt;fen&gt;Theme&lt;/fen&gt; may be further specified as being localized to some part of the &lt;fen&gt;Theme&lt;/fen&gt;, a &lt;fen&gt;Locus&lt;/fen&gt;.  This FE is usually expressed as a PP Complement. 
&lt;ex&gt;Pat &lt;t&gt;squeezed&lt;/t&gt; Jo &lt;fex name="Locus"&gt;by the hand&lt;/fex&gt;.&lt;/ex&gt;&lt;/def-root&gt;</definition>
    </FE>
    <FE bgColor="00BFFF" fgColor="FFFFFF" coreType="Core" cBy="MJE" cDate="02/28/2002 04:14:29 PST Thu" abbrev="AgBP" name="Bodypart_of_agent" ID="2407">
        <definition>&lt;def-root&gt;This FE identifies the part of the Agent's body being used to manipulate the &lt;fen&gt;Theme&lt;/fen&gt;.  
&lt;ex&gt;Kim &lt;t&gt;twirled&lt;/t&gt; the glass &lt;fex name="Bodypart_of_agent"&gt;in his fingers&lt;/fex&gt;.&lt;/ex&gt;&lt;/def-root&gt;</definition>
        <excludesFE name="Cause" ID="2408"/>
    </FE>
    <FE bgColor="7CCD73" fgColor="FFFFFF" coreType="Core" cBy="MJE" cDate="02/28/2002 04:17:52 PST Thu" abbrev="Cause" name="Cause" ID="2408">
        <definition>&lt;def-root&gt;&lt;fen&gt;Cause&lt;/fen&gt; identifies the non-agentive force that causes the motion in place.
&lt;ex&gt;&lt;fex name="Cause"&gt;The wind&lt;/fex&gt; &lt;t&gt;vibrated&lt;/t&gt; the string.&lt;/ex&gt;
&lt;/def-root&gt;</definition>
    </FE>
    <FE bgColor="00008B" fgColor="FFFFFF" coreType="Peripheral" cBy="ACW" cDate="03/15/2002 10:49:45 PST Fri" abbrev="Dir" name="Direction" ID="2469">
        <definition>&lt;def-root&gt;This frame element is used for all path-like expressions, that express the &lt;fen&gt;Direction&lt;/fen&gt; of the swinging, vibrating or rotating.&lt;/def-root&gt;</definition>
    </FE>
    <FE bgColor="9F79EE" fgColor="FFFFFF" coreType="Extra-Thematic" cBy="ACW" cDate="03/15/2002 12:39:22 PST Fri" abbrev="Result" name="Result" ID="2470">
        <definition>&lt;def-root&gt;This FE identifies the &lt;fen&gt;Result&lt;/fen&gt; of an event.&lt;/def-root&gt;</definition>
    </FE>
    <FEcoreSet>
        <memberFE name="Bodypart_of_agent" ID="2407"/>
        <memberFE name="Agent" ID="2398"/>
        <memberFE name="Cause" ID="2408"/>
    </FEcoreSet>
    <frameRelation type="Inherits from">
        <relatedFrame ID="10">Transitive_action</relatedFrame>
    </frameRelation>
    <frameRelation type="Is Inherited by"/>
    <frameRelation type="Perspective on"/>
    <frameRelation type="Is Perspectivized in"/>
    <frameRelation type="Uses">
        <relatedFrame ID="164">Activity_ongoing</relatedFrame>
        <relatedFrame ID="17">Manipulation</relatedFrame>
    </frameRelation>
    <frameRelation type="Is Used by"/>
    <frameRelation type="Subframe of"/>
    <frameRelation type="Has Subframe(s)"/>
    <frameRelation type="Precedes"/>
    <frameRelation type="Is Preceded by"/>
    <frameRelation type="Is Inchoative of"/>
    <frameRelation type="Is Causative of">
        <relatedFrame ID="670">Moving_in_place</relatedFrame>
    </frameRelation>
    <frameRelation type="See also"/>
    <lexUnit status="Finished_Initial" POS="V" name="twirl.v" ID="5042" lemmaID="41634" cBy="MJE" cDate="02/26/2002 06:24:06 PST Tue">
        <definition>COD: spin something quickly and lightly round. </definition>
        <sentenceCount annotated="14" total="15"/>
        <lexeme order="1" headword="false" breakBefore="false" POS="V" name="twirl"/>
    </lexUnit>
    <lexUnit status="Created" POS="V" name="spin.v" ID="5043" lemmaID="37325" cBy="MJE" cDate="02/26/2002 06:26:09 PST Tue">
        <definition>COD: cause to turn round quickly</definition>
        <sentenceCount annotated="0" total="0"/>
        <lexeme order="1" headword="false" breakBefore="false" POS="V" name="spin"/>
    </lexUnit>
    <lexUnit status="Finished_Initial" POS="V" name="vibrate.v" ID="5044" lemmaID="42968" cBy="MJE" cDate="02/26/2002 06:29:38 PST Tue">
        <definition>COD: cause to move with small movements rapidly to and fro.</definition>
        <sentenceCount annotated="9" total="10"/>
        <lexeme order="1" headword="false" breakBefore="false" POS="V" name="vibrate"/>
    </lexUnit>
    <lexUnit status="Finished_Initial" POS="V" name="shake.v" ID="5045" lemmaID="35335" cBy="MJE" cDate="02/26/2002 06:36:43 PST Tue">
        <definition>FN: cause to tremble or vibrate or move something forcefully up and down or back and forth.</definition>
        <sentenceCount annotated="19" total="20"/>
        <lexeme order="1" headword="false" breakBefore="false" POS="V" name="shake"/>
    </lexUnit>
    <lexUnit status="Created" POS="V" name="swing.v" ID="5046" lemmaID="39170" cBy="MJE" cDate="02/26/2002 06:37:08 PST Tue">
        <definition>COD: move or cause to move back and forth or from side to side while or as if suspended</definition>
        <sentenceCount annotated="0" total="0"/>
        <lexeme order="1" headword="false" breakBefore="false" POS="V" name="swing"/>
    </lexUnit>
    <lexUnit status="Insufficient_Attestations" POS="V" name="seesaw.v" ID="5047" lemmaID="34865" cBy="MJE" cDate="02/26/2002 06:37:45 PST Tue">
        <definition>COD: change rapidly and repeatedly from one state or position to another and back again. </definition>
        <sentenceCount annotated="1" total="68"/>
        <lexeme order="1" headword="false" breakBefore="false" POS="V" name="seesaw"/>
    </lexUnit>
    <lexUnit status="Created" POS="V" name="turn.v" ID="5048" lemmaID="41527" cBy="MJE" cDate="02/26/2002 06:40:12 PST Tue">
        <definition>COD: move or cause to move in a circular direction wholly or partly around an axis. </definition>
        <sentenceCount annotated="1" total="1"/>
        <lexeme order="1" headword="false" breakBefore="false" POS="V" name="turn"/>
    </lexUnit>
    <lexUnit status="Finished_Initial" POS="V" name="rotate.v" ID="5049" lemmaID="33565" cBy="MJE" cDate="02/26/2002 06:40:31 PST Tue">
        <definition>COD: cause to move in a circle round an axis. </definition>
        <sentenceCount annotated="20" total="21"/>
        <lexeme order="1" headword="false" breakBefore="false" POS="V" name="rotate"/>
    </lexUnit>
    <lexUnit status="Created" POS="V" name="squeeze.v" ID="11136" lemmaID="37646" cBy="MiL" cDate="11/12/2004 01:18:02 PST Fri">
        <definition>COD: firmly press from opposite or all sides, typically with the fingers.</definition>
        <sentenceCount annotated="0" total="0"/>
        <lexeme order="1" headword="false" breakBefore="false" POS="V" name="squeeze"/>
    </lexUnit>
    <lexUnit status="Created" POS="V" name="swirl.v" ID="12107" lemmaID="39184" cBy="MiL" cDate="05/19/2005 03:30:56 PDT Thu">
        <definition>FN: cause to move in a circular or spiral form</definition>
        <sentenceCount annotated="0" total="0"/>
        <lexeme order="1" headword="false" breakBefore="false" POS="V" name="swirl"/>
    </lexUnit>
    <lexUnit status="Finished_Initial" POS="V" name="rock.v" ID="17515" lemmaID="33420" cBy="CVa" cDate="07/07/2014 11:15:43 PDT Mon">
        <definition>FN: to move something from side to side</definition>
        <sentenceCount annotated="8" total="62"/>
        <lexeme order="1" headword="false" breakBefore="false" POS="V" name="rock"/>
    </lexUnit>
    <lexUnit status="Created" POS="V" name="roll.v" ID="17516" lemmaID="33454" cBy="CVa" cDate="07/07/2014 11:16:48 PDT Mon">
        <definition>FN: to move something by turning over and over</definition>
        <sentenceCount annotated="0" total="0"/>
        <lexeme order="1" headword="false" breakBefore="false" POS="V" name="roll"/>
    </lexUnit>
    <lexUnit status="Finished_Initial" POS="V" name="wave.v" ID="17517" lemmaID="43588" cBy="CVa" cDate="07/07/2014 11:18:38 PDT Mon">
        <definition>FN: to move something back and forth with a swaying motion while remaining fixed to one point</definition>
        <sentenceCount annotated="8" total="50"/>
        <lexeme order="1" headword="false" breakBefore="false" POS="V" name="wave"/>
    </lexUnit>
    <lexUnit status="Created" POS="V" name="juggle.v" ID="18205" lemmaID="21116" cBy="MJE" cDate="07/31/2015 06:24:42 PDT Fri">
        <definition>FN: throw and catch repeatedly in a manner very demanding of dexterity, putting several objects in the air at once.</definition>
        <sentenceCount annotated="0" total="0"/>
        <lexeme order="1" headword="false" breakBefore="false" POS="V" name="juggle"/>
    </lexUnit>
    <lexUnit status="Created" POS="V" name="jiggle.v" ID="18206" lemmaID="20955" cBy="MJE" cDate="07/31/2015 06:25:12 PDT Fri">
        <definition>FN: cause to move slightly and relatively rapidly back and forth.</definition>
        <sentenceCount annotated="0" total="0"/>
        <lexeme order="1" headword="false" breakBefore="false" POS="V" name="jiggle"/>
    </lexUnit>
    <lexUnit status="Created" POS="V" name="wiggle.v" ID="18207" lemmaID="44154" cBy="MJE" cDate="07/31/2015 06:26:40 PDT Fri">
        <definition>FN: cause to move slightly back and forth.</definition>
        <sentenceCount annotated="0" total="0"/>
        <lexeme order="1" headword="false" breakBefore="false" POS="V" name="wiggle"/>
    </lexUnit>
</frame>