<?xml version="1.0" encoding="UTF-8" standalone="yes"?>
<?xml-stylesheet type="text/xsl" href="frame.xsl"?>
<frame cBy="ACW" cDate="03/20/2002 10:15:53 PST Wed" name="Cause_to_experience" ID="288" xsi:schemaLocation="../schema/frame.xsd" xmlns="http://framenet.icsi.berkeley.edu" xmlns:xsi="http://www.w3.org/2001/XMLSchema-instance">
    <definition>&lt;def-root&gt;An &lt;fen&gt;Agent&lt;/fen&gt; intentionally seeks to bring about an internal mental or emotional state in the &lt;fen&gt;Experiencer&lt;/fen&gt;.  This frame in closely related to  Experiencer_obj. 
&lt;ex&gt; &lt;fex name="Agent"&gt;Samantha&lt;/fex&gt; &lt;t&gt;terrorized&lt;/t&gt; &lt;fex name="Experiencer"&gt;the children&lt;/fex&gt; &lt;fex name="Resulting_action"&gt;into screaming&lt;/fex&gt;. &lt;/ex&gt;&lt;/def-root&gt;</definition>
    <FE bgColor="A52A2A" fgColor="FFFFFF" coreType="Peripheral" cBy="ACW" cDate="03/20/2002 10:17:30 PST Wed" abbrev="Mns" name="Means" ID="2494">
        <definition>&lt;def-root&gt;This FE identifies the &lt;fen&gt;Means&lt;/fen&gt; by which the &lt;fen&gt;Agent&lt;/fen&gt; intentionally tries to bring about an internal mental or emotional state.&lt;/def-root&gt;</definition>
        <semType name="State_of_affairs" ID="177"/>
    </FE>
    <FE bgColor="FF0000" fgColor="FFFFFF" coreType="Core" cBy="ACW" cDate="03/20/2002 10:18:08 PST Wed" abbrev="Agt" name="Agent" ID="2495">
        <definition>&lt;def-root&gt;The &lt;fen&gt;Agent&lt;/fen&gt; is an External Argument of the target word and purposefully arouses an emotional state. 
&lt;/def-root&gt;</definition>
        <semType name="Sentient" ID="5"/>
    </FE>
    <FE bgColor="0000FF" fgColor="FFFFFF" coreType="Core" cBy="ACW" cDate="03/20/2002 10:22:40 PST Wed" abbrev="Exp" name="Experiencer" ID="2496">
        <definition>&lt;def-root&gt;The &lt;fen&gt;Experiencer&lt;/fen&gt; is the person the &lt;fen&gt;Agent&lt;/fen&gt; causes to have a particular emotional state.&lt;/def-root&gt;</definition>
        <semType name="Sentient" ID="5"/>
    </FE>
    <FE bgColor="FF69B4" fgColor="FFFFFF" coreType="Peripheral" cBy="ACW" cDate="03/20/2002 10:25:04 PST Wed" abbrev="" name="Manner" ID="2497">
        <definition>&lt;def-root&gt;This Frame Element is for expressions that elaborate the manner in which the &lt;fen&gt;Agent&lt;/fen&gt; affects the &lt;fen&gt;Experiencer&lt;/fen&gt;.&lt;/def-root&gt;</definition>
        <semType name="Manner" ID="173"/>
    </FE>
    <FE bgColor="00BFFF" fgColor="FFFFFF" coreType="Extra-Thematic" cBy="ACW" cDate="06/07/2002 03:08:39 PDT Fri" abbrev="Action" name="Resulting_action" ID="2994">
        <definition>&lt;def-root&gt;What the &lt;fen&gt;Agent&lt;/fen&gt; intends to make the &lt;fen&gt;Experiencer&lt;/fen&gt; do by causing a certain experience and the &lt;fen&gt;Experiencer&lt;/fen&gt; actually does.&lt;/def-root&gt;</definition>
    </FE>
    <FE bgColor="FFA500" fgColor="FFFFFF" coreType="Peripheral" cBy="ACW" cDate="06/07/2002 03:29:52 PDT Fri" abbrev="Time" name="Time" ID="2995">
        <definition>&lt;def-root&gt;This FE identifies the &lt;fen&gt;Time&lt;/fen&gt; when the &lt;fen&gt;Agent&lt;/fen&gt; affects the &lt;fen&gt;Experiencer&lt;/fen&gt;.&lt;/def-root&gt;</definition>
        <semType name="Time" ID="141"/>
    </FE>
    <FE bgColor="008000" fgColor="FFFFFF" coreType="Peripheral" cBy="ACW" cDate="06/07/2002 03:29:53 PDT Fri" abbrev="Place" name="Place" ID="2996">
        <definition>&lt;def-root&gt;This FE identifies the &lt;fen&gt;Place&lt;/fen&gt; where the &lt;fen&gt;Agent&lt;/fen&gt; affects the &lt;fen&gt;Experiencer&lt;/fen&gt; &lt;/def-root &gt;</definition>
        <semType name="Locative_relation" ID="182"/>
    </FE>
    <FE bgColor="808080" fgColor="FFFFFF" coreType="Peripheral" cBy="ACW" cDate="06/07/2002 03:30:04 PDT Fri" abbrev="Ins" name="Instrument" ID="2997">
        <definition>&lt;def-root&gt;This FE identifies the &lt;fen&gt;Instrument&lt;/fen&gt; with which the &lt;fen&gt;Agent&lt;/fen&gt; brings about the emotional state.&lt;/def-root&gt;</definition>
        <semType name="Physical_entity" ID="70"/>
    </FE>
    <FE bgColor="800080" fgColor="FFFFFF" coreType="Peripheral" cBy="ACW" cDate="06/07/2002 03:34:59 PDT Fri" abbrev="Purp" name="Purpose" ID="2999">
        <definition>&lt;def-root&gt;This FE identifies the &lt;fen&gt;Purpose&lt;/fen&gt; for which an &lt;fen&gt;Agent&lt;/fen&gt; brings about the emotional state in the &lt;fen&gt;Experiencer&lt;/fen&gt;.&lt;/def-root&gt;</definition>
        <semType name="State_of_affairs" ID="177"/>
    </FE>
    <FE bgColor="FF69B4" fgColor="FFFFFF" coreType="Peripheral" cBy="Hay" cDate="10/02/2003 11:37:00 PDT Thu" abbrev="Degr" name="Degree" ID="5420">
        <definition>&lt;def-root&gt;Degree to which the &lt;fen&gt;Experiencer&lt;/fen&gt; ends up feeling an emotion.

&lt;ex&gt;He &lt;fex name="Degr"&gt;completely&lt;/fex&gt; &lt;t&gt;terrorized&lt;/t&gt; her.&lt;/ex&gt;&lt;/def-root&gt;</definition>
        <semType name="Degree" ID="172"/>
    </FE>
    <frameRelation type="Inherits from">
        <relatedFrame ID="230">Intentionally_affect</relatedFrame>
    </frameRelation>
    <frameRelation type="Is Inherited by"/>
    <frameRelation type="Perspective on"/>
    <frameRelation type="Is Perspectivized in"/>
    <frameRelation type="Uses"/>
    <frameRelation type="Is Used by"/>
    <frameRelation type="Subframe of"/>
    <frameRelation type="Has Subframe(s)"/>
    <frameRelation type="Precedes"/>
    <frameRelation type="Is Preceded by"/>
    <frameRelation type="Is Inchoative of"/>
    <frameRelation type="Is Causative of"/>
    <frameRelation type="See also"/>
    <lexUnit status="Finished_Initial" POS="V" name="terrorize.v" ID="5293" lemmaID="39936" cBy="ACW" cDate="03/20/2002 10:33:37 PST Wed">
        <definition>COD: create and maintain a feeling of terror in. </definition>
        <sentenceCount annotated="12" total="111"/>
        <lexeme order="1" headword="false" breakBefore="false" POS="V" name="terrorize"/>
    </lexUnit>
    <lexUnit status="Finished_Initial" POS="V" name="torment.v" ID="5295" lemmaID="40766" cBy="ACW" cDate="03/20/2002 10:39:37 PST Wed">
        <definition>COD:  annoy or tease unkindly. </definition>
        <sentenceCount annotated="7" total="149"/>
        <lexeme order="1" headword="false" breakBefore="false" POS="V" name="torment"/>
    </lexUnit>
    <lexUnit status="Created" POS="V" name="entertain.v" ID="7344" lemmaID="12850" cBy="MJE" cDate="08/28/2002 05:38:34 PDT Wed">
        <definition>COD: provide with amusement or enjoyment.</definition>
        <sentenceCount annotated="0" total="0"/>
        <lexeme order="1" headword="false" breakBefore="false" POS="V" name="entertain"/>
    </lexUnit>
    <lexUnit status="New" POS="V" name="amuse.v" ID="12087" lemmaID="1299" cBy="MiL" cDate="05/18/2005 04:38:21 PDT Wed">
        <definition>COD: cause to find something funny.</definition>
        <sentenceCount annotated="2" total="140"/>
        <lexeme order="1" headword="false" breakBefore="false" POS="V" name="amuse"/>
    </lexUnit>
    <lexUnit status="Created" POS="V" name="divert.v" ID="12088" lemmaID="11296" cBy="MiL" cDate="05/18/2005 04:43:28 PDT Wed">
        <definition>FN: entertain</definition>
        <sentenceCount annotated="0" total="0"/>
        <lexeme order="1" headword="false" breakBefore="false" POS="V" name="divert"/>
    </lexUnit>
</frame>