<?xml version="1.0" encoding="UTF-8" standalone="yes"?>
<?xml-stylesheet type="text/xsl" href="frame.xsl"?>
<frame cBy="ChW" cDate="02/07/2001 04:12:26 PST Wed" name="Cause_expansion" ID="77" xsi:schemaLocation="../schema/frame.xsd" xmlns="http://framenet.icsi.berkeley.edu" xmlns:xsi="http://www.w3.org/2001/XMLSchema-instance">
    <definition>&lt;def-root&gt;An  &lt;fen&gt;Agent&lt;/fen&gt; or non-human &lt;fen&gt;Cause&lt;/fen&gt; causes an &lt;fen&gt;Item&lt;/fen&gt; to change its physical size.  The &lt;fen&gt;Size_change&lt;/fen&gt; of an &lt;fen&gt;Item&lt;/fen&gt; may be explicitly indicated or characterized in terms of &lt;fen&gt;Initial_size&lt;/fen&gt; and/or &lt;fen&gt;Result_size&lt;/fen&gt;.  In the default case, expansion is along all dimensions, but sometimes the &lt;fen&gt;Dimension&lt;/fen&gt; of expansion is incorporated or made explicit.

&lt;ex&gt;If the design crashes too often, then try &lt;t&gt;lengthening&lt;/t&gt; &lt;fex name="Item"&gt;the wings&lt;/fex&gt; &lt;fex name="Size_change"&gt;by a few centimeters&lt;/fex&gt;, &lt;fex name="Result_size"&gt;to perhaps 30cm total&lt;/fex&gt;.  &lt;fex name="Agent"&gt;CNI&lt;/fex&gt; &lt;fex name="Dimension"&gt;INI&lt;/fex&gt; &lt;/ex&gt; 

&lt;ex&gt;As the juice churned with natural process of changing into wine, &lt;fex name="Cause"&gt;the gas it created&lt;/fex&gt; would &lt;t&gt;expand&lt;/t&gt; &lt;fex name="Item"&gt;the balloon&lt;/fex&gt;, and when the balloon eventually deflated, it was ready to drink.&lt;/ex&gt;&lt;/def-root&gt;</definition>
    <FE bgColor="FF0000" fgColor="FFFFFF" coreType="Core" cBy="ChW" cDate="02/07/2001 04:12:26 PST Wed" abbrev="Agt" name="Agent" ID="361">
        <definition>&lt;def-root&gt;With some words in this frame, an &lt;fen&gt;Agent&lt;/fen&gt; who causes the change in size of the &lt;fen&gt;Item&lt;/fen&gt; may be present. The &lt;fen&gt;Agent&lt;/fen&gt; typically occurs as the External Argument of a verb.

&lt;ex&gt;&lt;fex name="Agt"&gt;Management&lt;/fex&gt; &lt;t&gt;expanded&lt;/t&gt; the company.&lt;/ex&gt; &lt;/def-root&gt;</definition>
        <semType name="Sentient" ID="5"/>
    </FE>
    <FE bgColor="0000FF" fgColor="FFFFFF" coreType="Core" cBy="ChW" cDate="02/07/2001 04:12:26 PST Wed" abbrev="Item" name="Item" ID="362">
        <definition>&lt;def-root&gt;The &lt;fen&gt;Item&lt;/fen&gt; is frequently the External Argument of verbs or the NP Object if an &lt;fen&gt;Agent&lt;/fen&gt; is expressed.

&lt;ex&gt;&lt;fex name="Item"&gt;The company&lt;/fex&gt; &lt;t&gt;expanded&lt;/t&gt;.&lt;/ex&gt;
&lt;ex&gt;Management &lt;t&gt;expanded&lt;/t&gt; &lt;fex name="Item"&gt;the company&lt;/fex&gt;.&lt;/ex&gt; &lt;/def-root&gt;</definition>
    </FE>
    <FE bgColor="9F79EE" fgColor="FFFFFF" coreType="Peripheral" cBy="ChW" cDate="02/07/2001 04:12:27 PST Wed" abbrev="Initial" name="Initial_size" ID="363">
        <definition>&lt;def-root&gt;&lt;fen&gt;Initial_size&lt;/fen&gt; is rarely expressed without &lt;fen&gt;Result_size&lt;/fen&gt; also being explicit.  &lt;fen&gt;Initial_size&lt;/fen&gt; generally occurs in a PP-&lt;ment&gt;from&lt;/ment&gt; Complement.

&lt;ex&gt;The glacier &lt;t&gt;shrank&lt;/t&gt; &lt;fex name="Initial"&gt;from 1km square&lt;/fex&gt; to 400 square meters.&lt;/ex&gt;&lt;/def-root&gt;</definition>
    </FE>
    <FE bgColor="9400D3" fgColor="FFFFFF" coreType="Peripheral" cBy="ChW" cDate="02/07/2001 04:12:27 PST Wed" abbrev="Result" name="Result_size" ID="364">
        <definition>&lt;def-root&gt;&lt;fen&gt;Result_size&lt;/fen&gt; is typically expressed in a PP Complement headed by &lt;ment&gt;to&lt;/ment&gt;.

&lt;ex&gt;I  &lt;t&gt;grow&lt;/t&gt; vegetables &lt;fex name="Result"&gt;until they weigh 25 pounds&lt;/fex&gt;.&lt;/ex&gt; &lt;/def-root&gt;</definition>
    </FE>
    <FE bgColor="FF69B4" fgColor="FFFFFF" coreType="Peripheral" cBy="ChW" cDate="02/07/2001 04:12:27 PST Wed" abbrev="Sizec" name="Size_change" ID="365">
        <definition>&lt;def-root&gt;&lt;fen&gt;Size_change&lt;/fen&gt; identifies the amount by which the size of an &lt;fen&gt;Item&lt;/fen&gt; changes.

&lt;ex&gt;A &lt;fex name="Sizec"&gt;2-3cm&lt;/fex&gt; &lt;t&gt;expansion&lt;/t&gt; in width is required.&lt;/ex&gt;&lt;/def-root&gt;</definition>
    </FE>
    <FE bgColor="00BFFF" fgColor="FFFFFF" coreType="Peripheral" cBy="ChW" cDate="02/07/2001 04:12:27 PST Wed" abbrev="Dim" name="Dimension" ID="366">
        <definition>&lt;def-root&gt;Change of size may be limited to or described in terms of a single &lt;fen&gt;Dimension&lt;/fen&gt;. 

&lt;ex&gt;The image was &lt;t&gt;enlarged&lt;/t&gt; &lt;fex name="Dim"&gt;in height&lt;/fex&gt;.&lt;/ex&gt;
&lt;ex&gt;The machinist &lt;t&gt;narrowed&lt;/t&gt; the tube by 6 inches &lt;fex name="Dim"&gt;in diameter&lt;/fex&gt;.&lt;/ex&gt; &lt;/def-root&gt;</definition>
    </FE>
    <FE bgColor="A52A2A" fgColor="FFFFFF" coreType="Peripheral" cBy="BoC" cDate="07/02/2001 09:35:18 PDT Mon" abbrev="Mns" name="Means" ID="1217">
        <definition>&lt;def-root&gt;This FE identifies the &lt;fen&gt;Means&lt;/fen&gt; by which the &lt;fen&gt;Agent&lt;/fen&gt; brings about the expansion of the &lt;fen&gt;Item&lt;/fen&gt;.&lt;/def-root&gt;</definition>
        <semType name="State_of_affairs" ID="177"/>
    </FE>
    <FE bgColor="FF00FF" fgColor="FFFFFF" coreType="Peripheral" cBy="BoC" cDate="07/02/2001 09:35:25 PDT Mon" abbrev="Manr" name="Manner" ID="1219">
        <definition>&lt;def-root&gt;This FE identifies the &lt;fen&gt;Manner&lt;/fen&gt; of performing an action.&lt;/def-root&gt;</definition>
        <semType name="Manner" ID="173"/>
    </FE>
    <FE bgColor="1E90FF" fgColor="FFFFFF" coreType="Extra-Thematic" cBy="MJE" cDate="07/18/2001 03:16:55 PDT Wed" abbrev="co-v" name="Co-variable" ID="1533">
        <definition>&lt;def-root&gt;The feature that the size of the Item is varied in step with.

&lt;ex&gt;I &lt;t&gt;narrowed&lt;/t&gt; the viewport &lt;fex name="Co_Var"&gt;with the increasing glare&lt;/fex&gt;.&lt;/ex&gt;&lt;/def-root&gt;</definition>
    </FE>
    <FE bgColor="800080" fgColor="FFFFFF" coreType="Extra-Thematic" cBy="MJE" cDate="07/18/2001 03:17:55 PDT Wed" abbrev="Grp" name="Group" ID="1536">
        <definition>&lt;def-root&gt;This FE identifies the &lt;fen&gt;Group&lt;/fen&gt; in which an &lt;fen&gt;Item&lt;/fen&gt; changes size.

&lt;ex&gt;Tails &lt;t&gt;lengthened&lt;/t&gt; 10% &lt;fex name="Grp"&gt;among rats more than 3 days old&lt;/fex&gt;.&lt;/ex&gt;
&lt;/def-root&gt;</definition>
    </FE>
    <FE bgColor="808080" fgColor="FFFFFF" coreType="Peripheral" cBy="MJE" cDate="07/18/2001 03:18:14 PDT Wed" abbrev="Speed" name="Rate" ID="1538">
        <definition>&lt;def-root&gt;&lt;fen&gt;Rate&lt;/fen&gt; identifies the rate of change of the value.

&lt;ex&gt;The balloon &lt;t&gt;inflates&lt;/t&gt; &lt;fex name="Rate"&gt;about 2 cubic cm a minute&lt;/fex&gt;.&lt;/ex&gt;&lt;/def-root&gt;</definition>
    </FE>
    <FE bgColor="008000" fgColor="FFFFFF" coreType="Core" cBy="ACW" cDate="06/06/2003 11:24:31 PDT Fri" abbrev="" name="Cause" ID="4542">
        <definition>&lt;def-root&gt;The &lt;fen&gt;Cause&lt;/fen&gt; is a non-human entity which brings about the change in size.&lt;/def-root&gt;</definition>
        <excludesFE name="Agent" ID="361"/>
    </FE>
    <FE bgColor="7CCD73" fgColor="FFFFFF" coreType="Extra-Thematic" cBy="ACW" cDate="06/06/2003 11:25:28 PDT Fri" abbrev="" name="Elapsed_time" ID="4543">
        <definition>&lt;def-root&gt;The &lt;fen&gt;Elapsed_time&lt;/fen&gt; is the amonut of time in which the change occurs.
&lt;ex&gt;&lt;fex name="Item"&gt;The sun&lt;/fex&gt; would &lt;t&gt;shrink&lt;/t&gt; &lt;fex name="Result_size"&gt;to a point&lt;/fex&gt; &lt;fex name="Elapsed_time"&gt;in a matter of minutes&lt;/fex&gt;.&lt;/ex&gt;&lt;/def-root&gt;</definition>
    </FE>
    <FE bgColor="FFA500" fgColor="FFFFFF" coreType="Peripheral" cBy="MRLP" cDate="10/14/2003 02:34:04 PDT Tue" abbrev="Time" name="Time" ID="5560">
        <definition>&lt;def-root&gt;This FE identifies the &lt;fen&gt;Time&lt;/fen&gt; when the &lt;fen&gt;Agent&lt;/fen&gt; causes the &lt;fen&gt;Item&lt;/fen&gt; to expand.&lt;/def-root&gt;</definition>
        <semType name="Time" ID="141"/>
    </FE>
    <FE bgColor="008000" fgColor="FFFFFF" coreType="Peripheral" cBy="MRLP" cDate="10/14/2003 02:35:24 PDT Tue" abbrev="Place" name="Place" ID="5561">
        <definition>&lt;def-root&gt;This FE identifies the &lt;fen&gt;Place&lt;/fen&gt; where the &lt;fen&gt;Agent&lt;/fen&gt; cause the expansion of the &lt;fen&gt;Item&lt;/fen&gt;.&lt;/def-root&gt;</definition>
        <semType name="Locative_relation" ID="182"/>
    </FE>
    <FE bgColor="90876C" fgColor="FFFFFF" coreType="Extra-Thematic" cBy="MRLP" cDate="10/14/2003 02:41:56 PDT Tue" abbrev="exp" name="Explanation" ID="5562">
        <definition>&lt;def-root&gt;The &lt;fen&gt;Explanation&lt;/fen&gt; denotes a proposition from which the main clause (headed by the target) logically follows. This often means that the &lt;fen&gt;Explanation&lt;/fen&gt; causes the target's proposition, but not in all cases.&lt;/def-root&gt;</definition>
        <semType name="State_of_affairs" ID="177"/>
    </FE>
    <FE bgColor="800080" fgColor="FFFFFF" coreType="Peripheral" cBy="MRLP" cDate="10/14/2003 02:45:31 PDT Tue" abbrev="" name="Purpose" ID="5563">
        <definition>&lt;def-root&gt;This FE identifies the &lt;fen&gt;Purpose&lt;/fen&gt; for which the &lt;fen&gt;Agent&lt;/fen&gt; causes the expansion of the &lt;fen&gt;Item&lt;/fen&gt;.&lt;/def-root&gt;</definition>
        <semType name="State_of_affairs" ID="177"/>
    </FE>
    <FE bgColor="808080" fgColor="FFFFFF" coreType="Peripheral" cBy="MRLP" cDate="10/14/2003 02:47:47 PDT Tue" abbrev="Inst" name="Instrument" ID="5564">
        <definition>&lt;def-root&gt;This FE identifies the &lt;fen&gt;Instrument&lt;/fen&gt; with which the &lt;fen&gt;Agent&lt;/fen&gt; causes the expansion of the &lt;fen&gt;Item&lt;/fen&gt;.&lt;/def-root&gt;</definition>
        <semType name="Physical_entity" ID="70"/>
    </FE>
    <frameRelation type="Inherits from">
        <relatedFrame ID="10">Transitive_action</relatedFrame>
    </frameRelation>
    <frameRelation type="Is Inherited by"/>
    <frameRelation type="Perspective on"/>
    <frameRelation type="Is Perspectivized in"/>
    <frameRelation type="Uses"/>
    <frameRelation type="Is Used by"/>
    <frameRelation type="Subframe of"/>
    <frameRelation type="Has Subframe(s)"/>
    <frameRelation type="Precedes"/>
    <frameRelation type="Is Preceded by"/>
    <frameRelation type="Is Inchoative of"/>
    <frameRelation type="Is Causative of">
        <relatedFrame ID="725">Expansion</relatedFrame>
    </frameRelation>
    <frameRelation type="See also"/>
    <lexUnit status="FN1_Sent" POS="N" name="aggrandizement.n" ID="1646" lemmaID="3" cBy="ChW" cDate="02/08/2001 01:30:12 PST Thu">
        <definition>FN: the result of causing something to seem greater.</definition>
        <sentenceCount annotated="10" total="26"/>
        <lexeme order="1" headword="false" breakBefore="false" POS="N" name="aggrandizement"/>
    </lexUnit>
    <lexUnit status="Finished_Initial" POS="N" name="augmentation.n" ID="1647" lemmaID="2358" cBy="ChW" cDate="02/08/2001 01:30:12 PST Thu">
        <definition>FN: the action of augmenting.</definition>
        <sentenceCount annotated="7" total="43"/>
        <lexeme order="1" headword="false" breakBefore="false" POS="N" name="augmentation"/>
    </lexUnit>
    <lexUnit status="Insufficient_Attestations" POS="N" name="contraction.n" ID="1648" lemmaID="8108" cBy="ChW" cDate="02/08/2001 01:30:12 PST Thu">
        <definition>COD: the process of contracting [decreasing in size, number, or range]. </definition>
        <sentenceCount annotated="1" total="72"/>
        <lexeme order="1" headword="false" breakBefore="false" POS="N" name="contraction"/>
    </lexUnit>
    <lexUnit status="FN1_Sent" POS="V" name="dilate.v" ID="1649" lemmaID="10674" cBy="ChW" cDate="02/08/2001 01:30:12 PST Thu">
        <definition>FN: make wider, larger, or more open.</definition>
        <sentenceCount annotated="13" total="13"/>
        <lexeme order="1" headword="false" breakBefore="false" POS="V" name="dilate"/>
    </lexUnit>
    <lexUnit status="FN1_Sent" POS="V" name="enlarge.v" ID="1650" lemmaID="12792" cBy="ChW" cDate="02/08/2001 01:30:12 PST Thu">
        <definition>COD: make or become bigger.</definition>
        <sentenceCount annotated="16" total="17"/>
        <lexeme order="1" headword="false" breakBefore="false" POS="V" name="enlarge"/>
    </lexUnit>
    <lexUnit status="FN1_Sent" POS="N" name="enlargement.n" ID="1651" lemmaID="12793" cBy="ChW" cDate="02/08/2001 01:30:13 PST Thu">
        <definition>FN: to act of causing something to grow larger </definition>
        <sentenceCount annotated="18" total="18"/>
        <lexeme order="1" headword="false" breakBefore="false" POS="N" name="enlargement"/>
    </lexUnit>
    <lexUnit status="Finished_Initial" POS="V" name="expand.v" ID="1652" lemmaID="13500" cBy="ChW" cDate="02/08/2001 01:30:13 PST Thu">
        <definition>FN: to cause something to become larger in any dimension</definition>
        <sentenceCount annotated="51" total="56"/>
        <lexeme order="1" headword="false" breakBefore="false" POS="V" name="expand"/>
    </lexUnit>
    <lexUnit status="FN1_Sent" POS="N" name="expansion.n" ID="1653" lemmaID="13503" cBy="ChW" cDate="02/08/2001 01:30:13 PST Thu">
        <definition>COD: the action or an instance of expanding. </definition>
        <sentenceCount annotated="29" total="181"/>
        <lexeme order="1" headword="false" breakBefore="false" POS="N" name="expansion"/>
    </lexUnit>
    <lexUnit status="Finished_Initial" POS="N" name="growth.n" ID="1655" lemmaID="16947" cBy="ChW" cDate="02/08/2001 01:30:13 PST Thu">
        <definition>FN: the act of getting bigger</definition>
        <sentenceCount annotated="13" total="122"/>
        <lexeme order="1" headword="false" breakBefore="false" POS="N" name="growth"/>
    </lexUnit>
    <lexUnit status="FN1_Sent" POS="V" name="inflate.v" ID="1656" lemmaID="19869" cBy="ChW" cDate="02/08/2001 01:30:13 PST Thu">
        <definition>COD: to expand or cause to expand by filling with air or gas. </definition>
        <sentenceCount annotated="18" total="127"/>
        <lexeme order="1" headword="false" breakBefore="false" POS="V" name="inflate"/>
    </lexUnit>
    <lexUnit status="FN1_Sent" POS="V" name="lengthen.v" ID="1657" lemmaID="22076" cBy="ChW" cDate="02/08/2001 01:30:13 PST Thu">
        <definition>COD: make or become longer.</definition>
        <sentenceCount annotated="18" total="165"/>
        <lexeme order="1" headword="false" breakBefore="false" POS="V" name="lengthen"/>
    </lexUnit>
    <lexUnit status="Finished_Initial" POS="N" name="magnification.n" ID="1658" lemmaID="23144" cBy="ChW" cDate="02/08/2001 01:30:13 PST Thu">
        <definition>COD: making appear larger than it is</definition>
        <sentenceCount annotated="8" total="53"/>
        <lexeme order="1" headword="false" breakBefore="false" POS="N" name="magnification"/>
    </lexUnit>
    <lexUnit status="FN1_Sent" POS="V" name="magnify.v" ID="1659" lemmaID="23149" cBy="ChW" cDate="02/08/2001 01:30:13 PST Thu">
        <definition>COD: make (something) appear larger than it is, especially with a lens or microscope. </definition>
        <sentenceCount annotated="15" total="121"/>
        <lexeme order="1" headword="false" breakBefore="false" POS="V" name="magnify"/>
    </lexUnit>
    <lexUnit status="Finished_Initial" POS="N" name="reduction.n" ID="1660" lemmaID="32267" cBy="ChW" cDate="02/08/2001 01:30:13 PST Thu">
        <definition>COD: the action or fact of reducing something. </definition>
        <sentenceCount annotated="16" total="202"/>
        <lexeme order="1" headword="false" breakBefore="false" POS="N" name="reduction"/>
    </lexUnit>
    <lexUnit status="FN1_Sent" POS="V" name="shrink.v" ID="1661" lemmaID="35731" cBy="ChW" cDate="02/08/2001 01:30:13 PST Thu">
        <definition>COD: become or make smaller in size or amount; contract</definition>
        <sentenceCount annotated="7" total="136"/>
        <lexeme order="1" headword="false" breakBefore="false" POS="V" name="shrink"/>
    </lexUnit>
    <lexUnit status="FN1_Sent" POS="V" name="swell.v" ID="1662" lemmaID="39142" cBy="ChW" cDate="02/08/2001 01:30:14 PST Thu">
        <definition>FN: to make an entity greater size</definition>
        <sentenceCount annotated="6" total="308"/>
        <lexeme order="1" headword="false" breakBefore="false" POS="V" name="swell"/>
    </lexUnit>
    <lexUnit status="FN1_Sent" POS="V" name="widen.v" ID="1663" lemmaID="44136" cBy="ChW" cDate="02/08/2001 01:30:14 PST Thu">
        <definition>COD: make or become wider.</definition>
        <sentenceCount annotated="11" total="252"/>
        <lexeme order="1" headword="false" breakBefore="false" POS="V" name="widen"/>
    </lexUnit>
    <lexUnit status="Created" POS="V" name="narrow.v" ID="4730" lemmaID="25445" cBy="MJE" cDate="01/20/2002 02:37:37 PST Sun">
        <definition>COD: to become narrower</definition>
        <sentenceCount annotated="0" total="0"/>
        <lexeme order="1" headword="false" breakBefore="false" POS="V" name="narrow"/>
    </lexUnit>
    <lexUnit status="Created" POS="V" name="grow.v" ID="11318" lemmaID="16938" cBy="MiL" cDate="11/23/2004 04:17:18 PST Tue">
        <definition>FN: cause to increase in size</definition>
        <sentenceCount annotated="0" total="0"/>
        <lexeme order="1" headword="false" breakBefore="false" POS="V" name="grow"/>
    </lexUnit>
    <lexUnit status="Created" POS="V" name="blow up.v" ID="12041" lemmaID="50008" cBy="MiL" cDate="05/07/2005 04:59:54 PDT Sat">
        <definition>COD: inflate or enlarge something.</definition>
        <sentenceCount annotated="0" total="0"/>
        <lexeme order="1" headword="true" breakBefore="false" POS="V" name="blow"/>
        <lexeme order="2" headword="false" breakBefore="true" POS="ADV" name="up"/>
    </lexUnit>
    <lexUnit status="Created" POS="V" name="stretch.v" ID="15441" lemmaID="38324" cBy="RLG" cDate="07/28/2009 02:39:27 PDT Tue">
        <definition>FN: cause something to increase in surface area often by pulling apart from opposite sides.</definition>
        <sentenceCount annotated="0" total="0"/>
        <lexeme order="1" headword="false" breakBefore="false" POS="V" name="stretch"/>
    </lexUnit>
    <lexUnit status="Created" POS="V" name="compress.v" ID="18527" lemmaID="7546" cBy="HPh" cDate="12/17/2015 03:23:13 PST Thu">
        <definition>FN: to press together or condense</definition>
        <sentenceCount annotated="0" total="0"/>
        <lexeme order="1" headword="false" breakBefore="false" POS="V" name="compress"/>
    </lexUnit>
    <lexUnit status="Created" POS="N" name="compression.n" ID="18528" lemmaID="7549" cBy="HPh" cDate="12/17/2015 03:25:02 PST Thu">
        <definition>FN: the act of compressing, or state of being compressed</definition>
        <sentenceCount annotated="0" total="0"/>
        <lexeme order="1" headword="false" breakBefore="false" POS="N" name="compression"/>
    </lexUnit>
    <lexUnit status="Created" POS="V" name="condense.v" ID="18529" lemmaID="7662" cBy="HPh" cDate="12/17/2015 03:26:28 PST Thu">
        <definition>FN: to make more dense or compact</definition>
        <sentenceCount annotated="0" total="0"/>
        <lexeme order="1" headword="false" breakBefore="false" POS="V" name="condense"/>
    </lexUnit>
</frame>