<?xml version="1.0" encoding="UTF-8" standalone="yes"?>
<?xml-stylesheet type="text/xsl" href="frame.xsl"?>
<frame cBy="MJE" cDate="08/14/2002 11:51:50 PDT Wed" name="Cause_impact" ID="395" xsi:schemaLocation="../schema/frame.xsd" xmlns="http://framenet.icsi.berkeley.edu" xmlns:xsi="http://www.w3.org/2001/XMLSchema-instance">
    <definition>&lt;def-root&gt;An &lt;fen&gt;Agent&lt;/fen&gt; causes an &lt;fen&gt;Impactor&lt;/fen&gt; to make sudden, forcible contact with an &lt;fen&gt;Impactee&lt;/fen&gt;, or manipulates two (or more) &lt;fen&gt;Impactors&lt;/fen&gt; so that they make mutual forcible contact.  

&lt;ex&gt;&lt;fex name="Agent"&gt;He&lt;/fex&gt; &lt;t&gt;slammed&lt;/t&gt; &lt;fex name="Impactor"&gt;his fist&lt;/fex&gt; &lt;fex name="Result"&gt;down&lt;/fex&gt; &lt;fex name="Impactee"&gt;on the table&lt;/fex&gt; and bellowed something unintelligible.&lt;/ex&gt;&lt;/def-root&gt;</definition>
    <FE bgColor="9F79EE" fgColor="FFFFFF" coreType="Peripheral" cBy="MJE" cDate="08/14/2002 11:53:33 PDT Wed" abbrev="Frc" name="Force" ID="3542">
        <definition>&lt;def-root&gt;The &lt;fen&gt;Force&lt;/fen&gt; is the amount of force in the course of the impact.

&lt;ex&gt;He &lt;t&gt;smacked&lt;/t&gt; the bat &lt;fex name="Frc"&gt;hard&lt;/fex&gt; against the wall.&lt;/ex&gt;&lt;/def-root&gt;</definition>
    </FE>
    <FE bgColor="00008B" fgColor="FFFFFF" coreType="Core" cBy="MJE" cDate="08/14/2002 11:53:33 PDT Wed" abbrev="Imp2" name="Impactee" ID="3543">
        <definition>&lt;def-root&gt;The &lt;fen&gt;Impactee&lt;/fen&gt; is the entity which is hit by the &lt;fen&gt;Impactor&lt;/fen&gt;.

&lt;ex&gt;What I want to know is who &lt;t&gt;smacked&lt;/t&gt; &lt;fex name="Imp2"&gt;my head&lt;/fex&gt; with a 10-ton truck?&lt;/ex&gt;
&lt;ex&gt;He &lt;t&gt;slammed&lt;/t&gt; the lid down &lt;fex name="Imp2"&gt;on the top of the jar&lt;/fex&gt; so hard that it broke.&lt;/ex&gt;&lt;/def-root&gt;</definition>
    </FE>
    <FE bgColor="0000FF" fgColor="FFFFFF" coreType="Core" cBy="MJE" cDate="08/14/2002 11:53:33 PDT Wed" abbrev="Imp1" name="Impactor" ID="3544">
        <definition>&lt;def-root&gt;The &lt;fen&gt;Impactor&lt;/fen&gt; is the entity that hits the &lt;fen&gt;Impactee&lt;/fen&gt; because of the &lt;fen&gt;Agent&lt;/fen&gt;'s efforts.

&lt;ex&gt;Those hoodlums &lt;t&gt;strike&lt;/t&gt; my car &lt;fex name="Imp1"&gt;with water balloons&lt;/fex&gt; every day!&lt;/ex&gt;
&lt;ex&gt;Well, then he just &lt;t&gt;ran&lt;/t&gt; &lt;fex name="Imp1"&gt;the car&lt;/fex&gt; right into the wall.&lt;/ex&gt;&lt;/def-root&gt;</definition>
    </FE>
    <FE bgColor="00BFFF" fgColor="FFFFFF" coreType="Core" cBy="MJE" cDate="08/14/2002 11:53:33 PDT Wed" abbrev="Imps" name="Impactors" ID="3545">
        <definition>&lt;def-root&gt;The &lt;fen&gt;Impactors&lt;/fen&gt; are the multiple entities that collide.

&lt;ex&gt;Mr. Addams likes to &lt;t&gt;collide&lt;/t&gt; &lt;fex name="Imps"&gt;toy trains&lt;/fex&gt; at high speed.&lt;/ex&gt;&lt;/def-root&gt;</definition>
    </FE>
    <FE bgColor="FF00FF" fgColor="FFFFFF" coreType="Peripheral" cBy="MJE" cDate="08/14/2002 11:53:33 PDT Wed" abbrev="Manr" name="Manner" ID="3546">
        <definition>&lt;def-root&gt;The FE &lt;fen&gt;Manner&lt;/fen&gt; identifies the manner in which an &lt;fen&gt;Agent&lt;/fen&gt; intentionally affects a &lt;fen&gt;Impactee&lt;/fen&gt;.

&lt;ex&gt;They ` hot-wired " a prison van and &lt;fex name="Manr"&gt;repeatedly&lt;/fex&gt; &lt;t&gt;rammed&lt;/t&gt; it into a security gate.&lt;/ex&gt;&lt;/def-root&gt;</definition>
        <semType name="Manner" ID="173"/>
    </FE>
    <FE bgColor="008000" fgColor="FFFFFF" coreType="Peripheral" cBy="MJE" cDate="08/14/2002 11:53:33 PDT Wed" abbrev="Place" name="Place" ID="3547">
        <definition>&lt;def-root&gt;Where the event takes place.

&lt;ex&gt;Father Shanahan , of Rushey Mead , Leicester , &lt;t&gt;rammed&lt;/t&gt; his Datsun into another car &lt;fex name="Place"&gt;on the way to the city 's Gilroes cemetery&lt;/fex&gt;.&lt;/ex&gt;&lt;/def-root&gt;</definition>
        <semType name="Locative_relation" ID="182"/>
    </FE>
    <FE bgColor="A9A9A9" fgColor="FFFFFF" coreType="Extra-Thematic" cBy="MJE" cDate="08/14/2002 11:53:33 PDT Wed" abbrev="Result" name="Result" ID="3548">
        <definition>&lt;def-root&gt;This FE identifies the &lt;fen&gt;Result&lt;/fen&gt; of the impact.

&lt;ex&gt;I &lt;t&gt;slammed&lt;/t&gt; the door &lt;fex name="Result"&gt;shut&lt;/fex&gt;.&lt;/ex&gt;&lt;/def-root&gt;</definition>
    </FE>
    <FE bgColor="9400D3" fgColor="FFFFFF" coreType="Peripheral" cBy="MJE" cDate="08/14/2002 11:53:33 PDT Wed" abbrev="Speed" name="Speed" ID="3549">
        <definition>&lt;def-root&gt;This FE indicates the &lt;fen&gt;Speed&lt;/fen&gt; of the &lt;fen&gt;Impactor&lt;/fen&gt; (or &lt;fen&gt;Impactors&lt;/fen&gt; at impact.

&lt;ex&gt;The statue was &lt;t&gt;rammed&lt;/t&gt; into the wall &lt;fex name="Speed"&gt;at 30 mph&lt;/fex&gt;--a bit faster than John could have hurled it.&lt;/ex&gt;&lt;/def-root&gt;</definition>
        <semType name="Speed" ID="234"/>
    </FE>
    <FE bgColor="7FFF00" fgColor="000000" coreType="Extra-Thematic" cBy="MJE" cDate="08/14/2002 11:53:34 PDT Wed" abbrev="Sub_l" name="Subregion" ID="3550">
        <definition>&lt;def-root&gt;&lt;fen&gt;Subregion&lt;/fen&gt; identifies the part of the larger whole which was hit.

&lt;ex&gt;The gunman &lt;t&gt;grazed&lt;/t&gt; him &lt;fex name="Sub_l"&gt;on his left temple&lt;/fex&gt;.&lt;/ex&gt;
&lt;ex&gt;She &lt;t&gt;struck&lt;/t&gt; him hard &lt;fex name="Sub_l"&gt;across the left cheek&lt;/fex&gt; with the flat of her hand.&lt;/ex&gt;&lt;/def-root&gt;</definition>
        <semType name="Locative_relation" ID="182"/>
    </FE>
    <FE bgColor="FFA500" fgColor="FFFFFF" coreType="Peripheral" cBy="MJE" cDate="08/14/2002 11:53:34 PDT Wed" abbrev="Time" name="Time" ID="3551">
        <definition>&lt;def-root&gt;This FE identifies the &lt;fen&gt;Time&lt;/fen&gt;  when the impact occurs.

&lt;ex&gt;A postman &lt;t&gt;rammed&lt;/t&gt; his Fiat Panda into a getaway car &lt;fex name="Time"&gt;after spotting the burglars &lt;/fex&gt; .&lt;/ex&gt;&lt;/def-root&gt;</definition>
        <semType name="Time" ID="141"/>
    </FE>
    <FE bgColor="FF0000" fgColor="FFFFFF" coreType="Core" cBy="MJE" cDate="08/14/2002 11:54:27 PDT Wed" abbrev="Agt" name="Agent" ID="3553">
        <definition>&lt;def-root&gt;The &lt;fen&gt;Agent&lt;/fen&gt;  causes an impact.

&lt;ex&gt;&lt;fex name="Agent"&gt;One juggler&lt;/fex&gt; was &lt;t&gt;hitting&lt;/t&gt; the ceiling with every other ball.&lt;/ex&gt;&lt;/def-root&gt;</definition>
        <semType name="Sentient" ID="5"/>
        <excludesFE name="Cause" ID="6473"/>
    </FE>
    <FE bgColor="808080" fgColor="FFFFFF" coreType="Peripheral" cBy="MJE" cDate="08/28/2002 05:34:44 PDT Wed" abbrev="Ins" name="Instrument" ID="3661">
        <definition>&lt;def-root&gt;This FE identifies the &lt;fen&gt;Instrument&lt;/fen&gt; with which an &lt;fen&gt;Agent&lt;/fen&gt; intentionally affects an &lt;fen&gt;Impactee&lt;/fen&gt;.&lt;/def-root&gt;</definition>
        <semType name="Physical_entity" ID="70"/>
    </FE>
    <FE bgColor="FF69B4" fgColor="FFFFFF" coreType="Peripheral" cBy="MJE" cDate="08/28/2002 05:35:46 PDT Wed" abbrev="Mns" name="Means" ID="3662">
        <definition>&lt;def-root&gt;The FE &lt;fen&gt;Means&lt;/fen&gt; identifies the means by which an &lt;fen&gt;Agent&lt;/fen&gt; intentionally affects a &lt;fen&gt;Impactee&lt;/fen&gt;.&lt;/def-root&gt;</definition>
        <semType name="State_of_affairs" ID="177"/>
    </FE>
    <FE bgColor="800080" fgColor="FFFFFF" coreType="Extra-Thematic" cBy="MJE" cDate="08/28/2002 05:35:55 PDT Wed" abbrev="Purp" name="Purpose" ID="3663">
        <definition>&lt;def-root&gt;The FE &lt;fen&gt;Purpose&lt;/fen&gt; identifies the purpose for which an &lt;fen&gt;Agent&lt;/fen&gt; intentionally affects the &lt;fen&gt;Impactee&lt;/fen&gt;.

&lt;/def-root&gt;</definition>
        <semType name="State_of_affairs" ID="177"/>
    </FE>
    <FE bgColor="A52A2A" fgColor="FFFFFF" coreType="Extra-Thematic" cBy="MJE" cDate="10/08/2002 05:23:01 PDT Tue" abbrev="P_it" name="Period_of_iterations" ID="3786">
        <definition>&lt;def-root&gt;This FE identifies the  &lt;fen&gt;Period_of_iterations&lt;/fen&gt; during which the &lt;fen&gt;Agent&lt;/fen&gt; repeatedly causes impacts.&lt;/def-root&gt;</definition>
    </FE>
    <FE bgColor="7CCD73" fgColor="FFFFFF" coreType="Core" cBy="TRn" cDate="05/26/2004 01:43:20 PDT Wed" abbrev="Cau" name="Cause" ID="6473">
        <definition>&lt;def-root&gt;The &lt;fen&gt;Cause&lt;/fen&gt; marks expressions that indicate some non-intentional, 
typically non-human, force that causes an &lt;fen&gt;Impactor&lt;/fen&gt; to make sudden, 
forcible contact with an Impactee.

&lt;ex&gt;&lt;fex name="Cause"&gt;A violent explosion&lt;/fex&gt;&lt;t&gt;rattled&lt;/t&gt; the windows.&lt;/ex&gt;

&lt;/def-root&gt;</definition>
    </FE>
    <FEcoreSet>
        <memberFE name="Impactee" ID="3543"/>
        <memberFE name="Impactor" ID="3544"/>
        <memberFE name="Impactors" ID="3545"/>
    </FEcoreSet>
    <frameRelation type="Inherits from">
        <relatedFrame ID="10">Transitive_action</relatedFrame>
    </frameRelation>
    <frameRelation type="Is Inherited by"/>
    <frameRelation type="Perspective on"/>
    <frameRelation type="Is Perspectivized in"/>
    <frameRelation type="Uses"/>
    <frameRelation type="Is Used by">
        <relatedFrame ID="485">Hit_target</relatedFrame>
    </frameRelation>
    <frameRelation type="Subframe of"/>
    <frameRelation type="Has Subframe(s)"/>
    <frameRelation type="Precedes"/>
    <frameRelation type="Is Preceded by"/>
    <frameRelation type="Is Inchoative of"/>
    <frameRelation type="Is Causative of">
        <relatedFrame ID="311">Impact</relatedFrame>
    </frameRelation>
    <frameRelation type="See also">
        <relatedFrame ID="69">Make_noise</relatedFrame>
    </frameRelation>
    <lexUnit status="Finished_Initial" POS="V" name="hit.v" ID="7222" lemmaID="18154" cBy="MJE" cDate="08/14/2002 02:07:28 PDT Wed">
        <definition>COD: direct a blow at with one's hand or a tool or weapon.</definition>
        <sentenceCount annotated="14" total="421"/>
        <lexeme order="1" headword="false" breakBefore="false" POS="V" name="hit"/>
    </lexUnit>
    <lexUnit status="Needs_SCs" POS="V" name="smack.v" ID="7223" lemmaID="36469" cBy="MJE" cDate="08/14/2002 02:07:50 PDT Wed">
        <definition>FN: to cause an entity to strike another entity with a sharp slap</definition>
        <sentenceCount annotated="2" total="2"/>
        <lexeme order="1" headword="false" breakBefore="false" POS="V" name="smack"/>
    </lexUnit>
    <lexUnit status="Finished_Initial" POS="V" name="slam.v" ID="7224" lemmaID="36227" cBy="MJE" cDate="08/14/2002 02:08:20 PDT Wed">
        <definition>COD:  push or put somewhere with great force. </definition>
        <sentenceCount annotated="44" total="297"/>
        <lexeme order="1" headword="false" breakBefore="false" POS="V" name="slam"/>
    </lexUnit>
    <lexUnit status="Finished_Initial" POS="V" name="bang.v" ID="7225" lemmaID="2807" cBy="MJE" cDate="08/14/2002 02:08:53 PDT Wed">
        <definition>COD: strike or put down forcefully and noisily. </definition>
        <sentenceCount annotated="24" total="317"/>
        <lexeme order="1" headword="false" breakBefore="false" POS="V" name="bang"/>
    </lexUnit>
    <lexUnit status="Created" POS="V" name="crash.v" ID="7226" lemmaID="8803" cBy="MJE" cDate="08/14/2002 02:12:14 PDT Wed">
        <definition>FN: direct an object (esp. a motor vehicle) so that it collides noisily with something, generally resulting in damage.</definition>
        <sentenceCount annotated="1" total="1"/>
        <lexeme order="1" headword="false" breakBefore="false" POS="V" name="crash"/>
    </lexUnit>
    <lexUnit status="Created" POS="V" name="graze.v" ID="7227" lemmaID="16756" cBy="MJE" cDate="08/14/2002 02:12:38 PDT Wed">
        <definition>FN: cause something (esp. a projectile) to hit someone or something tangentially.</definition>
        <sentenceCount annotated="0" total="0"/>
        <lexeme order="1" headword="false" breakBefore="false" POS="V" name="graze"/>
    </lexUnit>
    <lexUnit status="Created" POS="V" name="plow.v" ID="7228" lemmaID="29419" cBy="MJE" cDate="08/14/2002 02:13:16 PDT Wed">
        <definition>FN: direct a vehicle so that it crashes destructively into something.</definition>
        <sentenceCount annotated="0" total="0"/>
        <lexeme order="1" headword="false" breakBefore="false" POS="V" name="plow"/>
    </lexUnit>
    <lexUnit status="Finished_Initial" POS="V" name="run.v" ID="7229" lemmaID="33776" cBy="MJE" cDate="08/14/2002 02:13:47 PDT Wed">
        <definition>FN: cause an object to collide with something.</definition>
        <sentenceCount annotated="6" total="370"/>
        <lexeme order="1" headword="false" breakBefore="false" POS="V" name="run"/>
    </lexUnit>
    <lexUnit status="Needs_SCs" POS="V" name="slap.v" ID="7230" lemmaID="36245" cBy="MJE" cDate="08/14/2002 02:14:28 PDT Wed">
        <definition>COD: hit or strike with the palm of one's hand or a flat object. </definition>
        <sentenceCount annotated="1" total="1"/>
        <lexeme order="1" headword="false" breakBefore="false" POS="V" name="slap"/>
    </lexUnit>
    <lexUnit status="Finished_Initial" POS="V" name="strike.v" ID="7231" lemmaID="38350" cBy="MJE" cDate="08/14/2002 02:14:46 PDT Wed">
        <definition>FN: to hit something hard against something else</definition>
        <sentenceCount annotated="19" total="266"/>
        <lexeme order="1" headword="false" breakBefore="false" POS="V" name="strike"/>
    </lexUnit>
    <lexUnit status="Created" POS="V" name="thud.v" ID="7232" lemmaID="40316" cBy="MJE" cDate="08/14/2002 02:15:05 PDT Wed">
        <definition>COD: move an object so that it strikes something with a loud, deep noise.</definition>
        <sentenceCount annotated="0" total="0"/>
        <lexeme order="1" headword="false" breakBefore="false" POS="V" name="thud"/>
    </lexUnit>
    <lexUnit status="Finished_Initial" POS="V" name="ram.v" ID="7242" lemmaID="31751" cBy="MJE" cDate="08/14/2002 06:16:27 PDT Wed">
        <definition>FN: violently force an object to collide with something else, often resulting in the object being embedded.</definition>
        <sentenceCount annotated="16" total="187"/>
        <lexeme order="1" headword="false" breakBefore="false" POS="V" name="ram"/>
    </lexUnit>
    <lexUnit status="Created" POS="V" name="clang.v" ID="9770" lemmaID="6637" cBy="JKR" cDate="10/15/2003 09:24:11 PDT Wed">
        <definition>FN: to hit something forcefully, somethimes against something else</definition>
        <sentenceCount annotated="1" total="1"/>
        <lexeme order="1" headword="false" breakBefore="false" POS="V" name="clang"/>
    </lexUnit>
    <lexUnit status="Created" POS="V" name="clash.v" ID="9771" lemmaID="6669" cBy="JKR" cDate="10/15/2003 09:24:20 PDT Wed">
        <definition>FN: to cause an object to forcefully strike another object</definition>
        <sentenceCount annotated="3" total="3"/>
        <lexeme order="1" headword="false" breakBefore="false" POS="V" name="clash"/>
    </lexUnit>
    <lexUnit status="Created" POS="V" name="clatter.v" ID="9772" lemmaID="6697" cBy="JKR" cDate="10/15/2003 09:24:27 PDT Wed">
        <definition>FN: to cause an object to hit another object</definition>
        <sentenceCount annotated="4" total="4"/>
        <lexeme order="1" headword="false" breakBefore="false" POS="V" name="clatter"/>
    </lexUnit>
    <lexUnit status="Created" POS="V" name="click.v" ID="9773" lemmaID="6772" cBy="JKR" cDate="10/15/2003 09:24:36 PDT Wed">
        <definition>FN: to cause two objects to briefly come into contact</definition>
        <sentenceCount annotated="13" total="13"/>
        <lexeme order="1" headword="false" breakBefore="false" POS="V" name="click"/>
    </lexUnit>
    <lexUnit status="Created" POS="V" name="clink.v" ID="9774" lemmaID="6803" cBy="JKR" cDate="10/15/2003 09:24:46 PDT Wed">
        <definition>FN: to cause one object to briefly touch another object</definition>
        <sentenceCount annotated="12" total="14"/>
        <lexeme order="1" headword="false" breakBefore="false" POS="V" name="clink"/>
    </lexUnit>
    <lexUnit status="Created" POS="V" name="rap.v" ID="9775" lemmaID="31812" cBy="JKR" cDate="10/15/2003 09:24:59 PDT Wed">
        <definition>FN: to cause an object to strike a hard surface with a series of rapid audible blows.</definition>
        <sentenceCount annotated="12" total="12"/>
        <lexeme order="1" headword="false" breakBefore="false" POS="V" name="rap"/>
    </lexUnit>
    <lexUnit status="Created" POS="V" name="rattle.v" ID="9776" lemmaID="31897" cBy="JKR" cDate="10/15/2003 09:25:44 PDT Wed">
        <definition>FN: to cause an entity to strike another entity, making a rapid succession of short, sharp knocking or clinking sounds</definition>
        <sentenceCount annotated="40" total="43"/>
        <lexeme order="1" headword="false" breakBefore="false" POS="V" name="rattle"/>
    </lexUnit>
    <lexUnit status="Created" POS="V" name="rustle.v" ID="9778" lemmaID="33829" cBy="JKR" cDate="10/15/2003 09:26:17 PDT Wed">
        <definition>FN: to cause two or more entities to touch, making a muffled crackling sound like that caused by the movement of dry leaves or paper.</definition>
        <sentenceCount annotated="28" total="28"/>
        <lexeme order="1" headword="false" breakBefore="false" POS="V" name="rustle"/>
    </lexUnit>
    <lexUnit status="Created" POS="V" name="thump.v" ID="9779" lemmaID="40327" cBy="JKR" cDate="10/15/2003 09:27:45 PDT Wed">
        <definition>COD:  hit heavily, especially with the fist or a blunt implement.</definition>
        <sentenceCount annotated="13" total="13"/>
        <lexeme order="1" headword="false" breakBefore="false" POS="V" name="thump"/>
    </lexUnit>
    <lexUnit status="Created" POS="V" name="collide.v" ID="11120" lemmaID="7187" cBy="MiL" cDate="11/09/2004 05:52:09 PST Tue">
        <definition>FN: cause to come into forceful contact.</definition>
        <sentenceCount annotated="0" total="0"/>
        <lexeme order="1" headword="false" breakBefore="false" POS="V" name="collide"/>
    </lexUnit>
    <lexUnit status="Finished_Initial" POS="V" name="jab.v" ID="11160" lemmaID="20771" cBy="JKR" cDate="11/17/2004 05:42:07 PST Wed">
        <definition>FN: poke something sharp or pointed into something or somebody roughly or quickly </definition>
        <sentenceCount annotated="28" total="134"/>
        <lexeme order="1" headword="false" breakBefore="false" POS="V" name="jab"/>
    </lexUnit>
</frame>