<?xml version="1.0" encoding="UTF-8" standalone="yes"?>
<?xml-stylesheet type="text/xsl" href="frame.xsl"?>
<frame cBy="KCo" cDate="04/18/2002 03:03:15 PDT Thu" name="Cause_to_be_wet" ID="309" xsi:schemaLocation="../schema/frame.xsd" xmlns="http://framenet.icsi.berkeley.edu" xmlns:xsi="http://www.w3.org/2001/XMLSchema-instance">
    <definition>&lt;def-root&gt;An &lt;fen&gt;Agent&lt;/fen&gt; causes a &lt;fen&gt;Patient&lt;/fen&gt; to be wet with a &lt;fen&gt;Liquid&lt;/fen&gt;.  In this frame, the &lt;fen&gt;Liquid&lt;/fen&gt; can be a liquid or gas.  &lt;fen&gt;Patient&lt;/fen&gt;s are porous objects, but not hollow (like containers).  &lt;ex&gt;&lt;fex name="Agent"&gt;Jo&lt;/fex&gt; &lt;t&gt;soaked&lt;/t&gt; &lt;fex name="Patient"&gt;the dog&lt;/fex&gt; &lt;fex name="Liquid"&gt;with water&lt;/fex&gt;.&lt;/ex&gt; &lt;ex&gt;&lt;fex name="Agent"&gt;Ellen&lt;/fex&gt; &lt;t&gt;wet&lt;/t&gt;  &lt;fex name="Patient"&gt;the sponge&lt;/fex&gt; &lt;fex name="Liquid"&gt;with water&lt;/fex&gt;.&lt;/ex&gt;&lt;/def-root&gt;</definition>
    <FE bgColor="FF0000" fgColor="FFFFFF" coreType="Core" cBy="KCo" cDate="04/18/2002 03:03:57 PDT Thu" abbrev="Agt" name="Agent" ID="2646">
        <definition>&lt;def-root&gt;The &lt;fen&gt;Agent&lt;/fen&gt; is a volitional animate being who causes the &lt;fen&gt;Patient&lt;/fen&gt; to become wet.  &lt;ex&gt;&lt;fex name="Agt"&gt;Hannah&lt;/fex&gt; &lt;t&gt;drenched&lt;/t&gt; the cat with anti-flea ointment.&lt;/ex&gt;&lt;/def-root&gt;</definition>
        <semType name="Sentient" ID="5"/>
    </FE>
    <FE bgColor="0000FF" fgColor="FFFFFF" coreType="Core" cBy="KCo" cDate="04/18/2002 03:07:45 PDT Thu" abbrev="Liq" name="Liquid" ID="2647">
        <definition>&lt;def-root&gt;The &lt;fen&gt;Liquid&lt;/fen&gt; is a fluid or gas that permeates or covers the &lt;fen&gt;Patient&lt;/fen&gt;.  It most frequently occurs in a PP Complement headed by with.  &lt;ex&gt;&lt;fex name="Agent"&gt;Jo&lt;/fex&gt; &lt;t&gt;soaked&lt;/t&gt; &lt;fex name="Patient"&gt;the dog&lt;/fex&gt; &lt;fex name="Liquid"&gt;with water&lt;/fex&gt;.&lt;/ex&gt;&lt;/def-root&gt;</definition>
    </FE>
    <FE bgColor="00BFFF" fgColor="FFFFFF" coreType="Core" cBy="KCo" cDate="04/18/2002 03:59:59 PDT Thu" abbrev="Pat" name="Patient" ID="2648">
        <definition>&lt;def-root&gt;The &lt;fen&gt;Patient&lt;/fen&gt; takes up the &lt;fen&gt;Liquid&lt;/fen&gt; through its pores or has the &lt;fen&gt;Liquid&lt;/fen&gt; covering its surface.  &lt;ex&gt;Ellen &lt;t&gt;wet&lt;/t&gt;  &lt;fex name="Patient"&gt;the sponge&lt;/fex&gt; with water.&lt;/ex&gt;&lt;/def-root&gt;</definition>
    </FE>
    <FE bgColor="FF00FF" fgColor="FFFFFF" coreType="Peripheral" cBy="KCo" cDate="04/18/2002 04:03:27 PDT Thu" abbrev="Mnr" name="Manner" ID="2650">
        <definition>&lt;def-root&gt;This FE identifies the &lt;fen&gt;Manner&lt;/fen&gt; or way in which the &lt;fen&gt;Agent&lt;/fen&gt; wets the &lt;fen&gt;Patient&lt;/fen&gt;.&lt;/def-root&gt;</definition>
        <semType name="Manner" ID="173"/>
    </FE>
    <FE bgColor="FF69B4" fgColor="FFFFFF" coreType="Peripheral" cBy="KCo" cDate="04/18/2002 04:03:27 PDT Thu" abbrev="Mns" name="Means" ID="2651">
        <definition>&lt;def-root&gt;This FE identifies the &lt;fen&gt;Means&lt;/fen&gt; by which an the &lt;fen&gt;Agent&lt;/fen&gt; wets the &lt;fen&gt;Patient&lt;/fen&gt;&lt;/def-root&gt;</definition>
        <semType name="State_of_affairs" ID="177"/>
    </FE>
    <FE bgColor="008000" fgColor="FFFFFF" coreType="Peripheral" cBy="KCo" cDate="04/18/2002 04:03:27 PDT Thu" abbrev="Place" name="Place" ID="2652">
        <definition>&lt;def-root&gt;This FE identifies the &lt;fen&gt;Place&lt;/fen&gt; where the &lt;fen&gt;Agent&lt;/fen&gt; wets the &lt;fen&gt;Patient&lt;/fen&gt;. &lt;/def-root&gt;</definition>
        <semType name="Locative_relation" ID="182"/>
    </FE>
    <FE bgColor="800080" fgColor="FFFFFF" coreType="Extra-Thematic" cBy="KCo" cDate="04/18/2002 04:03:27 PDT Thu" abbrev="Purp" name="Purpose" ID="2653">
        <definition>&lt;def-root&gt;This FE identifies the &lt;fen&gt;Purpose&lt;/fen&gt; for which the &lt;fen&gt;Agent&lt;/fen&gt; wets the &lt;fen&gt;Patient&lt;/fen&gt; and what the &lt;fen&gt;Agent&lt;/fen&gt; hopes to accomplish.&lt;/def-root&gt;</definition>
        <semType name="State_of_affairs" ID="177"/>
    </FE>
    <FE bgColor="FFA500" fgColor="FFFFFF" coreType="Peripheral" cBy="KCo" cDate="04/18/2002 04:03:27 PDT Thu" abbrev="Time" name="Time" ID="2654">
        <definition>&lt;def-root&gt;This FE identifies the &lt;fen&gt;Time&lt;/fen&gt; when the &lt;fen&gt;Agent&lt;/fen&gt; wets the &lt;fen&gt;Patient&lt;/fen&gt;.&lt;/def-root&gt;</definition>
        <semType name="Time" ID="141"/>
    </FE>
    <FE bgColor="808080" fgColor="FFFFFF" coreType="Peripheral" cBy="KCo" cDate="04/18/2002 04:11:06 PDT Thu" abbrev="Ins" name="Instrument" ID="2655">
        <definition>&lt;def-root&gt;This FE identifies the &lt;fen&gt;Instrument&lt;/fen&gt; with which an &lt;fen&gt;Agent&lt;/fen&gt; intentionally wets the &lt;fen&gt;Patient&lt;/fen&gt;.  &lt;ex&gt;Colin &lt;t&gt;doused&lt;/t&gt; the burning pot &lt;fex name="Ins"&gt;with a fire extinguisher&lt;/fex&gt;.&lt;/ex&gt;&lt;/def-root&gt;</definition>
        <semType name="Physical_entity" ID="70"/>
    </FE>
    <FE bgColor="2E8B57" fgColor="FFFFFF" coreType="Core" cBy="ACW" cDate="06/07/2002 02:10:33 PDT Fri" abbrev="Cause" name="Cause" ID="2990">
        <definition>&lt;def-root&gt;An animate or inanimate entity, a force, or event that produces the state of wetness.

&lt;ex&gt;&lt;fex name="Cause"&gt;The sprinklers&lt;/fex&gt; &lt;t&gt;drenched&lt;/t&gt; me.&lt;/ex&gt; &lt;/def-root&gt;</definition>
        <excludesFE name="Agent" ID="2646"/>
    </FE>
    <FE bgColor="FF69B4" fgColor="FFFFFF" coreType="Peripheral" cBy="ACW" cDate="06/07/2002 02:19:22 PDT Fri" abbrev="Degr" name="Degree" ID="2993">
        <definition>&lt;def-root&gt;Degree to which the &lt;fen&gt;Agent&lt;/fen&gt; wets the &lt;fen&gt;Patient&lt;/fen&gt;.  &lt;ex&gt;Ryan &lt;t&gt;doused&lt;/t&gt; the fire with water &lt;fex name="Degr"&gt;until it stopped smoldering&lt;/fex&gt;.&lt;/ex&gt;&lt;/def-root&gt;</definition>
        <semType name="Degree" ID="172"/>
    </FE>
    <FE bgColor="00008B" fgColor="FFFFFF" coreType="Extra-Thematic" cBy="ACW" cDate="06/12/2002 04:15:12 PDT Wed" abbrev="sub" name="Subregion" ID="3036">
        <definition>&lt;def-root&gt;The &lt;fen&gt;Subregion&lt;/fen&gt; describes which part of a larger whole is being affected.

&lt;ex&gt;The cloth was &lt;t&gt;wetted&lt;/t&gt; &lt;fex name="sub"&gt;around the edges&lt;/fex&gt;.&lt;/ex&gt;&lt;/def-root&gt;</definition>
        <semType name="Locative_relation" ID="182"/>
    </FE>
    <FE bgColor="7CCD73" fgColor="FFFFFF" coreType="Extra-Thematic" cBy="KmG" cDate="09/13/2006 01:29:49 PDT Wed" abbrev="" name="Explanation" ID="10612">
        <definition>&lt;def-root&gt;This FE describes the reason for the state of the Cause_to_be_wet event.&lt;/def-root&gt;</definition>
    </FE>
    <frameRelation type="Inherits from">
        <relatedFrame ID="10">Transitive_action</relatedFrame>
    </frameRelation>
    <frameRelation type="Is Inherited by"/>
    <frameRelation type="Perspective on"/>
    <frameRelation type="Is Perspectivized in"/>
    <frameRelation type="Uses"/>
    <frameRelation type="Is Used by"/>
    <frameRelation type="Subframe of"/>
    <frameRelation type="Has Subframe(s)"/>
    <frameRelation type="Precedes"/>
    <frameRelation type="Is Preceded by"/>
    <frameRelation type="Is Inchoative of"/>
    <frameRelation type="Is Causative of">
        <relatedFrame ID="332">Being_wet</relatedFrame>
    </frameRelation>
    <frameRelation type="See also"/>
    <lexUnit status="Finished_Initial" POS="V" name="drench.v" ID="5602" lemmaID="11754" cBy="ACW" cDate="04/19/2002 12:42:44 PDT Fri">
        <definition>COD: wet thoroughly; soak</definition>
        <sentenceCount annotated="5" total="122"/>
        <lexeme order="1" headword="false" breakBefore="false" POS="V" name="drench"/>
    </lexUnit>
    <lexUnit status="Finished_Initial" POS="V" name="soak.v" ID="5603" lemmaID="36740" cBy="ACW" cDate="04/19/2002 12:43:29 PDT Fri">
        <definition>COD: make extremely wet</definition>
        <sentenceCount annotated="14" total="223"/>
        <lexeme order="1" headword="false" breakBefore="false" POS="V" name="soak"/>
    </lexUnit>
    <lexUnit status="Finished_Initial" POS="V" name="wet.v" ID="5604" lemmaID="43835" cBy="ACW" cDate="04/19/2002 12:46:55 PDT Fri">
        <definition>COD: cover or touch with liquid</definition>
        <sentenceCount annotated="11" total="174"/>
        <lexeme order="1" headword="false" breakBefore="false" POS="V" name="wet"/>
    </lexUnit>
    <lexUnit status="Finished_Initial" POS="V" name="saturate.v" ID="5850" lemmaID="34202" cBy="ACW" cDate="05/29/2002 04:22:08 PDT Wed">
        <definition>COD: soak thoroughly with water or other liquid. </definition>
        <sentenceCount annotated="6" total="263"/>
        <lexeme order="1" headword="false" breakBefore="false" POS="V" name="saturate"/>
    </lexUnit>
    <lexUnit status="Finished_Initial" POS="V" name="douse.v" ID="5851" lemmaID="11593" cBy="ACW" cDate="05/29/2002 04:25:32 PDT Wed">
        <definition>COD: drench with liquid. </definition>
        <sentenceCount annotated="8" total="107"/>
        <lexeme order="1" headword="false" breakBefore="false" POS="V" name="douse"/>
    </lexUnit>
    <lexUnit status="Insufficient_Attestations" POS="V" name="souse.v" ID="5852" lemmaID="37060" cBy="ACW" cDate="05/29/2002 04:27:26 PDT Wed">
        <definition>COD: soak in or drench with liquid</definition>
        <sentenceCount annotated="3" total="14"/>
        <lexeme order="1" headword="false" breakBefore="false" POS="V" name="souse"/>
    </lexUnit>
    <lexUnit status="Finished_Initial" POS="V" name="moisten.v" ID="5853" lemmaID="24714" cBy="ACW" cDate="05/29/2002 04:29:12 PDT Wed">
        <definition>FN: cause to become slightly wet</definition>
        <sentenceCount annotated="10" total="103"/>
        <lexeme order="1" headword="false" breakBefore="false" POS="V" name="moisten"/>
    </lexUnit>
    <lexUnit status="Finished_Initial" POS="V" name="dampen.v" ID="5854" lemmaID="9526" cBy="ACW" cDate="05/29/2002 04:30:56 PDT Wed">
        <definition>COD: make damp</definition>
        <sentenceCount annotated="14" total="107"/>
        <lexeme order="1" headword="false" breakBefore="false" POS="V" name="dampen"/>
    </lexUnit>
    <lexUnit status="Insufficient_Attestations" POS="V" name="humidify.v" ID="5924" lemmaID="18643" cBy="ACW" cDate="05/31/2002 03:21:33 PDT Fri">
        <definition>COD: increase the level of moisture in (air)</definition>
        <sentenceCount annotated="0" total="3"/>
        <lexeme order="1" headword="false" breakBefore="false" POS="V" name="humidify"/>
    </lexUnit>
    <lexUnit status="Insufficient_Attestations" POS="V" name="hydrate.v" ID="12084" lemmaID="18747" cBy="MiL" cDate="05/18/2005 04:29:53 PDT Wed">
        <definition>COD:  cause to absorb or combine with water.</definition>
        <sentenceCount annotated="2" total="20"/>
        <lexeme order="1" headword="false" breakBefore="false" POS="V" name="hydrate"/>
    </lexUnit>
    <lexUnit status="Finished_Initial" POS="V" name="moisturize.v" ID="12085" lemmaID="24718" cBy="MiL" cDate="05/18/2005 04:33:59 PDT Wed">
        <definition>COD: make (something, especially the skin) less dry.</definition>
        <sentenceCount annotated="10" total="124"/>
        <lexeme order="1" headword="false" breakBefore="false" POS="V" name="moisturize"/>
    </lexUnit>
    <lexUnit status="Insufficient_Attestations" POS="V" name="sop.v" ID="12086" lemmaID="36963" cBy="MiL" cDate="05/18/2005 04:35:09 PDT Wed">
        <definition>COD:  soak up liquid.</definition>
        <sentenceCount annotated="3" total="24"/>
        <lexeme order="1" headword="false" breakBefore="false" POS="V" name="sop"/>
    </lexUnit>
</frame>