<?xml version="1.0" encoding="UTF-8" standalone="yes"?>
<?xml-stylesheet type="text/xsl" href="frame.xsl"?>
<frame cBy="MJE" cDate="08/27/2001 04:51:01 PDT Mon" name="Causation_scenario" ID="217" xsi:schemaLocation="../schema/frame.xsd" xmlns="http://framenet.icsi.berkeley.edu" xmlns:xsi="http://www.w3.org/2001/XMLSchema-instance">
    <definition>&lt;def-root&gt;A &lt;fen&gt;Cause&lt;/fen&gt; brings about an &lt;fen&gt;Effect&lt;/fen&gt; that would not have occurred otherwise, simultaneously preventing an &lt;fen&gt;Averted_situation&lt;/fen&gt;, which is what would have occurred without the &lt;fen&gt;Cause&lt;/fen&gt;.  The &lt;fen&gt;Effect&lt;/fen&gt; and the &lt;fen&gt;Averted_situation&lt;/fen&gt; are thus mutually exclusive alternatives prior to the &lt;fen&gt;Cause&lt;/fen&gt; event.  In most cases, either the &lt;fen&gt;Effect&lt;/fen&gt; or the &lt;fen&gt;Averted_situation&lt;/fen&gt; is clearly most prominent; this is especially true in the case where the &lt;fen&gt;Cause&lt;/fen&gt; is the action of an Agent, who normally conceives of their action as either bringing about a desirable &lt;fen&gt;Effect&lt;/fen&gt; or avoiding an undesirable &lt;fen&gt;Averted_situation&lt;/fen&gt;.
&lt;ex&gt;&lt;/ex&gt;
In frames that inherit from this one, the &lt;fen&gt;Cause&lt;/fen&gt; is either an event, or an entity that plans or directly causes the &lt;fen&gt;Effect&lt;/fen&gt; may metonymically stand in for the &lt;fen&gt;Cause&lt;/fen&gt; event.&lt;/def-root&gt;</definition>
    <semType name="Non-Lexical Frame" ID="16"/>
    <FE bgColor="2E8B57" fgColor="FFFFFF" coreType="Core" cBy="MJE" cDate="09/03/2002 07:29:04 PDT Tue" abbrev="Cause" name="Cause" ID="3693">
        <definition>&lt;def-root&gt;An animate or inanimate entity, a force, or event that produces an effect. Volitionality is not a necessary characteristic of &lt;fen&gt;Cause&lt;/fen&gt;s.  &lt;ex&gt;&lt;fex name="Cause"&gt;John&lt;/fex&gt; &lt;t&gt;made&lt;/t&gt; me give up smoking.&lt;/ex&gt; &lt;ex&gt;&lt;fex name="Cause"&gt;The wind&lt;/fex&gt; &lt;t&gt;made&lt;/t&gt; the door rattle.&lt;/ex&gt; &lt;ex&gt;&lt;fex name="Cause"&gt;The accident&lt;/fex&gt; &lt;t&gt;caused&lt;/t&gt; them to be more careful the next time.&lt;/ex&gt;&lt;/def-root&gt;</definition>
    </FE>
    <FE bgColor="FF0000" fgColor="FFFFFF" coreType="Core" cBy="MJE" cDate="09/03/2002 07:29:05 PDT Tue" abbrev="Effect" name="Effect" ID="3694">
        <definition>&lt;def-root&gt;The &lt;fen&gt;Effect&lt;/fen&gt; is the event which results from the &lt;fen&gt;Cause&lt;/fen&gt;.
&lt;ex&gt;The eruption &lt;t&gt;led&lt;/t&gt; &lt;fex name="Effect"&gt;to the extinction of thirty separate species&lt;/fex&gt;.&lt;/ex&gt;&lt;/def-root&gt;</definition>
        <excludesFE name="Averted_situation" ID="16871"/>
    </FE>
    <FE bgColor="800080" fgColor="FFFFFF" coreType="Core" cBy="MJE" cDate="07/28/2016 11:44:30 PDT Thu" abbrev="AS" name="Averted_situation" ID="16871">
        <definition>&lt;def-root&gt;The situation that would be the case if the &lt;fen&gt;Cause&lt;/fen&gt; event did not occur or the &lt;fen&gt;Cause&lt;/fen&gt; state were not the case.&lt;/def-root&gt;</definition>
    </FE>
    <FE bgColor="FFA500" fgColor="FFFFFF" coreType="Peripheral" cBy="MJE" cDate="07/28/2016 11:51:24 PDT Thu" abbrev="" name="Time" ID="16872">
        <definition>&lt;def-root&gt;The time at which the &lt;fen&gt;Cause&lt;/fen&gt; occurs and &lt;fen&gt;Effect&lt;/fen&gt; takes place or the &lt;fen&gt;Averted_situation&lt;/fen&gt; does not occur as expected.&lt;/def-root&gt;</definition>
    </FE>
    <FE bgColor="0000FF" fgColor="FFFFFF" coreType="Peripheral" cBy="MJE" cDate="07/28/2016 11:52:25 PDT Thu" abbrev="" name="Place" ID="16873">
        <definition>&lt;def-root&gt;The location at which at which the &lt;fen&gt;Cause&lt;/fen&gt; occurs and &lt;fen&gt;Effect&lt;/fen&gt; takes place or the &lt;fen&gt;Averted_situation&lt;/fen&gt; does not occur as expected.&lt;/def-root&gt;</definition>
    </FE>
    <frameRelation type="Inherits from"/>
    <frameRelation type="Is Inherited by"/>
    <frameRelation type="Perspective on"/>
    <frameRelation type="Is Perspectivized in">
        <relatedFrame ID="5">Causation</relatedFrame>
        <relatedFrame ID="516">Preventing_or_letting</relatedFrame>
    </frameRelation>
    <frameRelation type="Uses">
        <relatedFrame ID="2950">Alternativity</relatedFrame>
        <relatedFrame ID="2902">Conditional_scenario</relatedFrame>
    </frameRelation>
    <frameRelation type="Is Used by"/>
    <frameRelation type="Subframe of"/>
    <frameRelation type="Has Subframe(s)"/>
    <frameRelation type="Precedes"/>
    <frameRelation type="Is Preceded by"/>
    <frameRelation type="Is Inchoative of"/>
    <frameRelation type="Is Causative of"/>
    <frameRelation type="See also"/>
</frame>