<?xml version="1.0" encoding="UTF-8" standalone="yes"?>
<?xml-stylesheet type="text/xsl" href="frame.xsl"?>
<frame cBy="KmG" cDate="03/13/2008 06:14:14 PDT Thu" name="Cause_emotion" ID="2041" xsi:schemaLocation="../schema/frame.xsd" xmlns="http://framenet.icsi.berkeley.edu" xmlns:xsi="http://www.w3.org/2001/XMLSchema-instance">
    <definition>&lt;def-root&gt;An &lt;fen&gt;Agent&lt;/fen&gt; acts to  cause a &lt;fen&gt;Experiencer&lt;/fen&gt; to feel a certain emotion.

&lt;ex&gt;&lt;fex name="Experiencer"&gt;I&lt;/fex&gt; was &lt;fex name="Degree"&gt;so&lt;/fex&gt; &lt;t&gt;offended&lt;/t&gt; &lt;fex name="Agent"&gt;by her behaviour towards me&lt;/fex&gt;.&lt;/ex&gt;

&lt;ex&gt;It does not matter if &lt;fex name="Agent"&gt;the cartoon&lt;/fex&gt; &lt;m&gt;is&lt;/m&gt; &lt;t&gt;insulting&lt;/t&gt; &lt;fex name="Experiencer"&gt;to men&lt;/fex&gt;.&lt;/ex&gt;




&lt;/def-root&gt;</definition>
    <FE bgColor="FF0000" fgColor="FFFFFF" coreType="Core" cBy="KmG" cDate="03/13/2008 06:15:30 PDT Thu" abbrev="Age" name="Agent" ID="12367">
        <definition>&lt;def-root&gt;The &lt;fen&gt;Agent&lt;/fen&gt; is the person who's action's cause an emotion in the &lt;fen&gt;Experiencer&lt;/fen&gt;.

&lt;/def-root&gt;</definition>
        <semType name="Sentient" ID="5"/>
    </FE>
    <FE bgColor="0000FF" fgColor="FFFFFF" coreType="Core" cBy="KmG" cDate="03/13/2008 06:15:49 PDT Thu" abbrev="Exp" name="Experiencer" ID="12368">
        <definition>&lt;def-root&gt;The Experiencer feels an emotion as caused by the &lt;fen&gt;Agent&lt;/fen&gt;.

&lt;ex&gt;&lt;fex name="Experiencer"&gt;You&lt;/fex&gt; will perhaps be &lt;t&gt;affronted&lt;/t&gt; by my frankness&lt;/ex&gt;&lt;/def-root&gt;</definition>
    </FE>
    <FE bgColor="FF69B4" fgColor="FFFFFF" coreType="Peripheral" cBy="KmG" cDate="03/18/2008 05:06:04 PDT Tue" abbrev="Deg" name="Degree" ID="12370">
        <definition>&lt;def-root&gt;This frame element selects some gradable attribute and modifies the expected value for it.

&lt;ex&gt;I had &lt;fex name="Degree"&gt;mortally&lt;/fex&gt; &lt;t&gt;offended&lt;/t&gt; her.&lt;/ex&gt;&lt;/def-root&gt;</definition>
    </FE>
    <FE bgColor="A9A9A9" fgColor="FFFFFF" coreType="Peripheral" cBy="KmG" cDate="03/19/2008 02:36:02 PDT Wed" abbrev="Ins" name="Instrument" ID="12371">
        <definition>&lt;def-root&gt;The tool used by the &lt;fen&gt;Agent&lt;/fen&gt; to cause an emotion in the &lt;fen&gt;Experiencer&lt;/fen&gt;.

&lt;ex&gt;We will &lt;t&gt;insult&lt;/t&gt; you &lt;fex name="Instrument"&gt;with our compassion&lt;/fex&gt;&lt;/ex&gt;&lt;/def-root&gt;</definition>
    </FE>
    <FE bgColor="008000" fgColor="FFFFFF" coreType="Extra-Thematic" cBy="JKs" cDate="04/02/2008 03:34:52 PDT Wed" abbrev="Fre" name="Frequency" ID="12435">
        <definition>&lt;def-root&gt;This frame element is defined as the number of times an event occurs per some unit of time.&lt;/def-root&gt;</definition>
    </FE>
    <FE bgColor="FFD700" fgColor="000000" coreType="Peripheral" cBy="JKs" cDate="04/02/2008 03:58:57 PDT Wed" abbrev="Mea" name="Means" ID="12436">
        <definition>&lt;def-root&gt;An act performed by an &lt;fen&gt;Agent&lt;/fen&gt; that enables them to act upon the &lt;fen&gt;Experiencer&lt;/fen&gt;.&lt;/def-root &gt;</definition>
    </FE>
    <FE bgColor="FF00FF" fgColor="FFFFFF" coreType="Peripheral" cBy="KmG" cDate="04/17/2008 02:16:58 PDT Thu" abbrev="Man" name="Manner" ID="12548">
        <definition>&lt;def-root&gt;In what way the &lt;fen&gt;Agent&lt;/fen&gt; causes an emotion in the &lt;fen&gt;Experiencer&lt;/fen&gt;.

&lt;/def-root&gt;</definition>
    </FE>
    <FE bgColor="00008B" fgColor="FFFFFF" coreType="Extra-Thematic" cBy="KmG" cDate="04/17/2008 02:18:56 PDT Thu" abbrev="Eve" name="Event_description" ID="12549">
        <definition>&lt;def-root&gt;This FE describes the event as a whole, often as a VPing.&lt;/def-root&gt;</definition>
    </FE>
    <FE bgColor="2E8B57" fgColor="FFFFFF" coreType="Extra-Thematic" cBy="KmG" cDate="04/17/2008 02:19:53 PDT Thu" abbrev="Par" name="Particular_iteration" ID="12550">
        <definition>&lt;def-root&gt;Expressions marked with this extra-thematic FE modify a non-iterative use of the target, and indicate that it is conceived as embedded within an iterated series of similar events or states.&lt;/def-root&gt;</definition>
    </FE>
    <FE bgColor="9F79EE" fgColor="FFFFFF" coreType="Extra-Thematic" cBy="KmG" cDate="04/17/2008 02:27:49 PDT Thu" abbrev="Dep" name="Depictive" ID="12551">
        <definition>&lt;def-root&gt;This FE describes a participant of the state of affairs introduced by the target as being in some state during the action.&lt;/def-root&gt;</definition>
    </FE>
    <FE bgColor="00BFFF" fgColor="FFFFFF" coreType="Extra-Thematic" cBy="KmG" cDate="04/17/2008 02:30:04 PDT Thu" abbrev="Exp" name="Explanation" ID="12552">
        <definition>&lt;def-root&gt;This FE describes the reason for the state of affairs described by the target. &lt;/def-root&gt;</definition>
    </FE>
    <FE bgColor="EEE8AA" fgColor="000000" coreType="Extra-Thematic" cBy="KmG" cDate="04/17/2008 02:44:51 PDT Thu" abbrev="Dur" name="Period_of_iterations" ID="12553">
        <definition>&lt;def-root&gt;For how long instances of an Agent causing the Patient an emotion has repeatedly occured.&lt;/def-root&gt;</definition>
    </FE>
    <FE bgColor="FFA500" fgColor="FFFFFF" coreType="Peripheral" cBy="KmG" cDate="04/17/2008 02:46:11 PDT Thu" abbrev="Tim" name="Time" ID="12554">
        <definition>&lt;def-root&gt;When the Agent causes emotion in the Experiencer.&lt;/def-root&gt;</definition>
    </FE>
    <FE bgColor="808080" fgColor="00008B" coreType="Extra-Thematic" cBy="KmG" cDate="04/17/2008 02:54:34 PDT Thu" abbrev="Con" name="Containing_event" ID="12555">
        <definition>&lt;def-root&gt;This FE denotes an event that occurs or state of affairs that holds at a time that includes the time during which the event or state of affairs reported by the target occurs and of which it is taken to be a part.&lt;/def-root&gt;</definition>
    </FE>
    <FE bgColor="A52A2A" fgColor="FFFFFF" coreType="Core" cBy="KmG" cDate="04/17/2008 03:21:01 PDT Thu" abbrev="Eve" name="Event" ID="12556">
        <definition>&lt;def-root&gt;The &lt;fen&gt;Event&lt;/fen&gt; is the occasion or happening that evokes emotions in the &lt;fen&gt;Experiencer&lt;/fen&gt;. This &lt;fen&gt;Event&lt;/fen&gt; occurs as the direct result of a sentient being's actions.&lt;/def-root&gt;</definition>
    </FE>
    <FE bgColor="FF00FF" fgColor="000000" coreType="Extra-Thematic" cBy="JKs" cDate="04/18/2008 02:33:45 PDT Fri" abbrev="Typ" name="Type" ID="12559">
        <definition>&lt;def-root&gt;&lt;fen&gt;Type&lt;/fen&gt; designates the kind of emotion that the &lt;fen&gt;Agent&lt;/fen&gt; causes the &lt;fen&gt;Experiencer&lt;/fen&gt; to have.&lt;/def-root&gt;</definition>
    </FE>
    <FE bgColor="7FFF00" fgColor="000000" coreType="Peripheral" cBy="JKs" cDate="04/18/2008 03:50:15 PDT Fri" abbrev="" name="Medium" ID="12560">
        <definition>&lt;def-root&gt;&lt;fen&gt;Medium&lt;/fen&gt; is the physical or abstract setting in which the &lt;fen&gt;Agent&lt;/fen&gt; causes the &lt;fen&gt;Experiencer&lt;/fen&gt; to feel an emotion.&lt;/def-root&gt;</definition>
    </FE>
    <FE bgColor="800080" fgColor="FFFFFF" coreType="Peripheral" cBy="CVa" cDate="04/25/2013 03:55:02 PDT Thu" abbrev="" name="Place" ID="15900">
        <definition>&lt;def-root&gt;The location where the &lt;fen&gt;Agent&lt;/fen&gt; causes the &lt;fen&gt;Experiencer&lt;/fen&gt; to feel the emotion.&lt;/def-root&gt;</definition>
    </FE>
    <FEcoreSet>
        <memberFE name="Agent" ID="12367"/>
        <memberFE name="Event" ID="12556"/>
    </FEcoreSet>
    <frameRelation type="Inherits from">
        <relatedFrame ID="230">Intentionally_affect</relatedFrame>
    </frameRelation>
    <frameRelation type="Is Inherited by"/>
    <frameRelation type="Perspective on"/>
    <frameRelation type="Is Perspectivized in"/>
    <frameRelation type="Uses"/>
    <frameRelation type="Is Used by"/>
    <frameRelation type="Subframe of"/>
    <frameRelation type="Has Subframe(s)"/>
    <frameRelation type="Precedes"/>
    <frameRelation type="Is Preceded by"/>
    <frameRelation type="Is Inchoative of"/>
    <frameRelation type="Is Causative of">
        <relatedFrame ID="48">Experiencer_focus</relatedFrame>
    </frameRelation>
    <frameRelation type="See also"/>
    <lexUnit status="Finished_Initial" POS="V" name="offend.v" ID="14865" lemmaID="26556" cBy="KmG" cDate="03/13/2008 06:17:24 PDT Thu">
        <definition>FN: to cause the feeling of offense</definition>
        <sentenceCount annotated="19" total="188"/>
        <lexeme order="1" headword="false" breakBefore="false" POS="V" name="offend"/>
    </lexUnit>
    <lexUnit status="Finished_Initial" POS="V" name="affront.v" ID="14866" lemmaID="705" cBy="KmG" cDate="03/13/2008 06:18:55 PDT Thu">
        <definition>FN: treat rudely</definition>
        <sentenceCount annotated="11" total="88"/>
        <lexeme order="1" headword="false" breakBefore="false" POS="V" name="affront"/>
    </lexUnit>
    <lexUnit status="Finished_Initial" POS="V" name="insult.v" ID="14867" lemmaID="20220" cBy="KmG" cDate="03/13/2008 06:19:21 PDT Thu">
        <definition>FN: To act or speak in such a way as to spark offended feelings in another</definition>
        <sentenceCount annotated="31" total="163"/>
        <lexeme order="1" headword="false" breakBefore="false" POS="V" name="insult"/>
    </lexUnit>
    <lexUnit status="Finished_Initial" POS="N" name="affront.n" ID="14868" lemmaID="704" cBy="KmG" cDate="03/13/2008 06:20:10 PDT Thu">
        <definition>FN: insult</definition>
        <sentenceCount annotated="9" total="97"/>
        <lexeme order="1" headword="false" breakBefore="false" POS="N" name="affront"/>
    </lexUnit>
    <lexUnit status="Created" POS="A" name="offensive.a" ID="14875" lemmaID="26559" cBy="KmG" cDate="03/18/2008 03:41:57 PDT Tue">
        <definition>FN: Causing a feeling of offense</definition>
        <sentenceCount annotated="0" total="0"/>
        <lexeme order="1" headword="false" breakBefore="false" POS="A" name="offensive"/>
    </lexUnit>
    <lexUnit status="Finished_Initial" POS="N" name="insult.n" ID="14952" lemmaID="20219" cBy="JKs" cDate="04/16/2008 02:23:36 PDT Wed">
        <definition>FN: a statement intended to be insulting</definition>
        <sentenceCount annotated="14" total="239"/>
        <lexeme order="1" headword="false" breakBefore="false" POS="N" name="insult"/>
    </lexUnit>
    <lexUnit status="Created" POS="N" name="offense.n" ID="14954" lemmaID="50866" cBy="JKs" cDate="04/16/2008 02:27:49 PDT Wed">
        <definition>FN: the feeling or state caused by being offended</definition>
        <sentenceCount annotated="1" total="1"/>
        <lexeme order="1" headword="true" breakBefore="false" POS="N" name="offense"/>
    </lexUnit>
    <lexUnit status="Created" POS="V" name="concern.v" ID="15080" lemmaID="7601" cBy="JKs" cDate="06/09/2008 01:57:14 PDT Mon">
        <definition>FN: cause the feeling of concern</definition>
        <sentenceCount annotated="0" total="0"/>
        <lexeme order="1" headword="false" breakBefore="false" POS="V" name="concern"/>
    </lexUnit>
    <lexUnit status="Created" POS="V" name="call name.v" ID="18334" lemmaID="51970" cBy="WMcQ" cDate="09/23/2015 02:14:18 PDT Wed">
        <definition>FN: An Agent uses epithets to insult an Experiencer.</definition>
        <sentenceCount annotated="0" total="0"/>
        <lexeme order="1" headword="true" breakBefore="false" POS="V" name="call"/>
        <lexeme order="2" headword="false" breakBefore="true" POS="N" name="name"/>
    </lexUnit>
</frame>