<?xml version="1.0" encoding="UTF-8" standalone="yes"?>
<?xml-stylesheet type="text/xsl" href="frame.xsl"?>
<frame cBy="AnW" cDate="08/03/2009 02:10:23 PDT Mon" name="Cause_to_perceive" ID="2161" xsi:schemaLocation="../schema/frame.xsd" xmlns="http://framenet.icsi.berkeley.edu" xmlns:xsi="http://www.w3.org/2001/XMLSchema-instance">
    <definition>&lt;def-root&gt;An &lt;fen&gt;Agent&lt;/fen&gt;, &lt;fen&gt;Actor&lt;/fen&gt;, &lt;fen&gt;Entity&lt;/fen&gt;, or &lt;fen&gt;Medium&lt;/fen&gt; causes a &lt;fen&gt;Phenomenon&lt;/fen&gt; to be perceived by a &lt;fen&gt;Perceiver&lt;/fen&gt;.  With an &lt;fen&gt;Actor&lt;/fen&gt;, &lt;fen&gt;Entity&lt;/fen&gt;, or &lt;fen&gt;Medium&lt;/fen&gt;, the &lt;fen&gt;Perceiver&lt;/fen&gt; is usually unspecified. 

&lt;ex&gt;&lt;fex name="Agent"&gt;Aileen&lt;/fex&gt; &lt;t&gt;showed&lt;/t&gt; &lt;fex name="Perceiver"&gt;Rob&lt;/fex&gt; &lt;fex name="Phenomenon"&gt;the book&lt;/fex&gt;.&lt;/ex&gt;
&lt;ex&gt;&lt;fex name="Actor"&gt;He&lt;/fex&gt; &lt;t&gt;exhibited&lt;/t&gt; &lt;fex name="Phenomenon"&gt;great interest in the project&lt;/fex&gt;.&lt;/ex&gt;
&lt;ex&gt;&lt;fex name="Medium"&gt;The second scene&lt;/fex&gt; &lt;t&gt;depicts&lt;/t&gt; &lt;fex name="Phenomenon"&gt; Dad &lt;/fex&gt; &lt;fex name="Phenomenon"&gt;holding the ball for a place kick&lt;/fex&gt;.&lt;/ex&gt;
&lt;ex&gt;&lt;fex name="Entity"&gt;The economy&lt;/fex&gt; is &lt;t&gt;showing&lt;/t&gt; &lt;fex name="Phenomenon"&gt;signs of growth&lt;/fex&gt;.&lt;/ex&gt;

NB: This may change in the future, but as of now this frame subsumes three closely-related cause/perceiver alternations:  a.) perception of a specific &lt;fen&gt;Perceiver&lt;/fen&gt; caused by an &lt;fen&gt;Agent&lt;/fen&gt;, b.) perception of some implicit audience caused, possibly unintentionally, by an &lt;fen&gt;Actor&lt;/fen&gt;, and c.) perception of some implicit audience caused by a &lt;fen&gt;Medium&lt;/fen&gt; or &lt;fen&gt;Entity&lt;/fen&gt;. Perhaps this frame is too broad - the different subject FEs seem to all indicate different ways of "showing."&lt;/def-root&gt;</definition>
    <FE bgColor="FF0000" fgColor="FFFFFF" coreType="Core" cBy="AnW" cDate="08/03/2009 02:11:10 PDT Mon" abbrev="" name="Agent" ID="13341">
        <definition>&lt;def-root&gt;The &lt;fen&gt;Agent&lt;/fen&gt; intentionally creates a situation in which the &lt;fen&gt;Perceiver&lt;/fen&gt; observes or experiences the &lt;fen&gt;Phenomenon&lt;/fen&gt;.&lt;/def-root&gt;</definition>
        <semType name="Sentient" ID="5"/>
    </FE>
    <FE bgColor="0000FF" fgColor="FFFFFF" coreType="Core" cBy="AnW" cDate="08/03/2009 02:19:14 PDT Mon" abbrev="" name="Phenomenon" ID="13342">
        <definition>&lt;def-root&gt;The &lt;fen&gt;Phenomenon&lt;/fen&gt; is an entity or idea that is perceived by the &lt;fen&gt;Perceiver&lt;/fen&gt;.&lt;/def-root&gt;</definition>
    </FE>
    <FE bgColor="008000" fgColor="FFFFFF" coreType="Core" cBy="AnW" cDate="08/03/2009 02:22:15 PDT Mon" abbrev="" name="Perceiver" ID="13344">
        <definition>&lt;def-root&gt;The &lt;fen&gt;Perceiver&lt;/fen&gt; is made to have a perceptual experience by the &lt;fen&gt;Agent&lt;/fen&gt;.&lt;/def-root&gt;</definition>
        <semType name="Sentient" ID="5"/>
    </FE>
    <FE bgColor="9400D3" fgColor="FFFFFF" coreType="Peripheral" cBy="AnW" cDate="08/10/2009 11:08:11 PDT Mon" abbrev="" name="Means" ID="13347">
        <definition>&lt;def-root&gt;The instrument or method by which the &lt;fen&gt;Perceiver&lt;/fen&gt; was shown the &lt;fen&gt;Phenomenon&lt;/fen&gt;.&lt;/def-root&gt;</definition>
        <semType name="State_of_affairs" ID="177"/>
    </FE>
    <FE bgColor="FFA500" fgColor="FFFFFF" coreType="Peripheral" cBy="AnW" cDate="08/10/2009 11:08:37 PDT Mon" abbrev="" name="Manner" ID="13348">
        <definition>&lt;def-root&gt;A description of the way in which the &lt;fen&gt;Agent&lt;/fen&gt; presents the &lt;fen&gt;Phenomenon&lt;/fen&gt;.&lt;/def-root&gt;</definition>
        <semType name="Manner" ID="173"/>
    </FE>
    <FE bgColor="808080" fgColor="FFFFFF" coreType="Peripheral" cBy="AnW" cDate="08/10/2009 11:09:21 PDT Mon" abbrev="" name="Time" ID="13349">
        <definition>&lt;def-root&gt;When the event occurs.&lt;/def-root&gt;</definition>
    </FE>
    <FE bgColor="A52A2A" fgColor="FFFFFF" coreType="Extra-Thematic" cBy="AnW" cDate="08/10/2009 02:21:20 PDT Mon" abbrev="" name="Frequency" ID="13353">
        <definition>&lt;def-root&gt;&lt;fen&gt;Frequency&lt;/fen&gt; describes how often the &lt;fen&gt;Agent&lt;/fen&gt; presents the &lt;fen&gt;Phenomenon&lt;/fen&gt;.&lt;/def-root&gt;</definition>
    </FE>
    <FE bgColor="FF00FF" fgColor="FFFFFF" coreType="Peripheral" cBy="AnW" cDate="08/12/2009 02:39:02 PDT Wed" abbrev="" name="Place" ID="13359">
        <definition>&lt;def-root&gt;The location where the &lt;fen&gt;Agent&lt;/fen&gt; causes the perception of the &lt;fen&gt;Perceiver&lt;/fen&gt;.&lt;/def-root&gt;</definition>
        <semType name="Locative_relation" ID="182"/>
    </FE>
    <FE bgColor="FFFF00" fgColor="000000" coreType="Peripheral" cBy="AnW" cDate="08/12/2009 02:44:59 PDT Wed" abbrev="" name="Purpose" ID="13361">
        <definition>&lt;def-root&gt;The purpose of the &lt;fen&gt;Agent&lt;/fen&gt; in creating the perception of the &lt;fen&gt;Perceiver&lt;/fen&gt;.&lt;/def-root&gt;</definition>
        <semType name="State_of_affairs" ID="177"/>
    </FE>
    <FE bgColor="00BFFF" fgColor="FFFFFF" coreType="Core" cBy="AnW" cDate="09/02/2009 01:26:21 PDT Wed" abbrev="" name="Actor" ID="13445">
        <definition>&lt;def-root&gt;An &lt;fen&gt;Actor&lt;/fen&gt; is a sentient being who is exhibiting, possibly uninintentionally, some &lt;fen&gt;Phenomenon&lt;/fen&gt;.&lt;/def-root&gt;</definition>
        <semType name="Sentient" ID="5"/>
        <excludesFE name="Perceiver" ID="13344"/>
    </FE>
    <FE bgColor="7CCD73" fgColor="000000" coreType="Core" cBy="AnW" cDate="09/02/2009 01:31:55 PDT Wed" abbrev="" name="Entity" ID="13446">
        <definition>&lt;def-root&gt;An object that has some association with a &lt;fen&gt;Phenomenon&lt;/fen&gt;.&lt;/def-root&gt;</definition>
        <excludesFE name="Perceiver" ID="13344"/>
    </FE>
    <FE bgColor="EEE8AA" fgColor="000000" coreType="Core" cBy="AnW" cDate="09/02/2009 01:36:44 PDT Wed" abbrev="" name="Medium" ID="13447">
        <definition>&lt;def-root&gt;The &lt;fen&gt;Medium&lt;/fen&gt; through which a &lt;fen&gt;Phenomenon&lt;/fen&gt; is expressed.&lt;/def-root&gt;</definition>
        <excludesFE name="Perceiver" ID="13344"/>
    </FE>
    <FE bgColor="2E8B57" fgColor="FFFFFF" coreType="Extra-Thematic" cBy="AnW" cDate="09/08/2009 01:59:38 PDT Tue" abbrev="co-p" name="Co-participant" ID="13448">
        <definition>&lt;def-root&gt;A &lt;fex name="Co-participant"&gt;Co-participant&lt;/fex&gt; is an entity that participates in a coordinated way in the same event as the &lt;fen&gt;Actor&lt;/fen&gt; or &lt;fen&gt;Co-participant&lt;/fen&gt; Agent.&lt;/def-root&gt;</definition>
    </FE>
    <FE bgColor="9F79EE" fgColor="FFFFFF" coreType="Extra-Thematic" cBy="AnW" cDate="09/30/2009 02:34:13 PDT Wed" abbrev="" name="Explanation" ID="13456">
        <definition>&lt;def-root&gt;The Explanation denotes a proposition from which the main clause (headed by the target) logically follows.&lt;/def-root&gt;</definition>
    </FE>
    <FEcoreSet>
        <memberFE name="Entity" ID="13446"/>
        <memberFE name="Medium" ID="13447"/>
        <memberFE name="Agent" ID="13341"/>
        <memberFE name="Actor" ID="13445"/>
    </FEcoreSet>
    <frameRelation type="Inherits from">
        <relatedFrame ID="230">Intentionally_affect</relatedFrame>
    </frameRelation>
    <frameRelation type="Is Inherited by">
        <relatedFrame ID="6">Communication</relatedFrame>
    </frameRelation>
    <frameRelation type="Perspective on"/>
    <frameRelation type="Is Perspectivized in"/>
    <frameRelation type="Uses"/>
    <frameRelation type="Is Used by">
        <relatedFrame ID="2653">Information_display</relatedFrame>
    </frameRelation>
    <frameRelation type="Subframe of"/>
    <frameRelation type="Has Subframe(s)"/>
    <frameRelation type="Precedes"/>
    <frameRelation type="Is Preceded by"/>
    <frameRelation type="Is Inchoative of"/>
    <frameRelation type="Is Causative of">
        <relatedFrame ID="70">Perception_experience</relatedFrame>
    </frameRelation>
    <frameRelation type="See also"/>
    <lexUnit status="Finished_Initial" POS="V" name="show.v" ID="15460" lemmaID="35686" cBy="AnW" cDate="08/03/2009 03:11:46 PDT Mon">
        <definition>FN: to make visible or noticeable</definition>
        <sentenceCount annotated="75" total="638"/>
        <lexeme order="1" headword="false" breakBefore="false" POS="V" name="show"/>
    </lexUnit>
    <lexUnit status="Created" POS="V" name="demonstrate.v" ID="15512" lemmaID="10139" cBy="AnW" cDate="08/24/2009 12:32:03 PDT Mon">
        <definition>FN: to give an explanation and/or exhibition of</definition>
        <sentenceCount annotated="0" total="0"/>
        <lexeme order="1" headword="false" breakBefore="false" POS="V" name="demonstrate"/>
    </lexUnit>
    <lexUnit status="Created" POS="V" name="present.v" ID="15513" lemmaID="30287" cBy="AnW" cDate="08/24/2009 12:35:33 PDT Mon">
        <definition>FN: to exhibit something to others</definition>
        <sentenceCount annotated="3" total="3"/>
        <lexeme order="1" headword="false" breakBefore="false" POS="V" name="present"/>
    </lexUnit>
    <lexUnit status="Created" POS="V" name="point.v" ID="15517" lemmaID="29534" cBy="AnW" cDate="08/26/2009 02:53:25 PDT Wed">
        <definition>FN: to indicate the existense or direction of something or some event</definition>
        <sentenceCount annotated="1" total="1"/>
        <lexeme order="1" headword="false" breakBefore="false" POS="V" name="point"/>
    </lexUnit>
    <lexUnit status="Created" POS="V" name="depict.v" ID="15520" lemmaID="10216" cBy="AnW" cDate="09/02/2009 02:04:54 PDT Wed">
        <definition>COD: represent by a drawing, painting, or other art form</definition>
        <sentenceCount annotated="0" total="0"/>
        <lexeme order="1" headword="false" breakBefore="false" POS="V" name="depict"/>
    </lexUnit>
    <lexUnit status="Created" POS="V" name="represent.v" ID="15521" lemmaID="32725" cBy="AnW" cDate="09/02/2009 02:05:34 PDT Wed">
        <definition>WN: express indirectly by an image, form, or model</definition>
        <sentenceCount annotated="0" total="0"/>
        <lexeme order="1" headword="false" breakBefore="false" POS="V" name="represent"/>
    </lexUnit>
    <lexUnit status="Created" POS="V" name="exhibit.v" ID="15522" lemmaID="51034" cBy="AnW" cDate="09/23/2009 03:24:56 PDT Wed">
        <definition>FN: to display or show</definition>
        <sentenceCount annotated="0" total="0"/>
        <lexeme order="1" headword="true" breakBefore="false" POS="V" name="exhibit"/>
    </lexUnit>
    <lexUnit status="Created" POS="V" name="present[medical].v" ID="16933" lemmaID="30287" cBy="WmS" cDate="03/06/2012 12:16:53 PST Tue">
        <definition>FN: symptomatic characteristics exhibited by a patient</definition>
        <sentenceCount annotated="0" total="0"/>
        <lexeme order="1" headword="false" breakBefore="false" POS="V" name="present"/>
    </lexUnit>
    <lexUnit status="Created" POS="V" name="bring to attention.v" ID="17166" lemmaID="51563" cBy="PKe" cDate="09/07/2012 04:43:07 PDT Fri">
        <definition>FN: To cause a perciever to pay attention to the phenomenon</definition>
        <sentenceCount annotated="0" total="0"/>
        <lexeme order="1" headword="true" breakBefore="false" POS="V" name="bring"/>
        <lexeme order="2" headword="false" breakBefore="false" POS="PREP" name="to"/>
        <lexeme order="3" headword="false" breakBefore="false" POS="N" name="attention"/>
    </lexUnit>
</frame>