<?xml version="1.0" encoding="UTF-8" standalone="yes"?>
<?xml-stylesheet type="text/xsl" href="frame.xsl"?>
<frame cBy="JKR" cDate="06/29/2004 06:49:43 PDT Tue" name="Cause_to_end" ID="1149" xsi:schemaLocation="../schema/frame.xsd" xmlns="http://framenet.icsi.berkeley.edu" xmlns:xsi="http://www.w3.org/2001/XMLSchema-instance">
    <definition>&lt;def-root&gt;An &lt;fen&gt;Agent&lt;/fen&gt; or &lt;fen&gt;Cause&lt;/fen&gt; causes a &lt;fen&gt;Process&lt;/fen&gt; or &lt;fen&gt;State&lt;/fen&gt; to end.


&lt;ex&gt;&lt;fex name="age"&gt;Bush&lt;/fex&gt; may &lt;t&gt;lift&lt;/t&gt; &lt;fex name="sta"&gt;sanctions&lt;/fex&gt; on his own, despite opposition.&lt;/ex&gt;&lt;/def-root&gt;</definition>
    <FE bgColor="9400D3" fgColor="FFFFFF" coreType="Core" cBy="JKR" cDate="06/29/2004 06:49:43 PDT Tue" abbrev="Process" name="Process" ID="6638">
        <definition>&lt;def-root&gt;A &lt;fen&gt;Process&lt;/fen&gt; which is ended by the &lt;fen&gt;Agent&lt;/fen&gt; or &lt;fen&gt;Cause&lt;/fen&gt;.

&lt;/def-root&gt;</definition>
        <excludesFE name="State" ID="6650"/>
    </FE>
    <FE bgColor="0000FF" fgColor="FFFFFF" coreType="Peripheral" cBy="JKR" cDate="06/29/2004 06:49:43 PDT Tue" abbrev="mea" name="Means" ID="6639">
        <definition>&lt;def-root&gt;An action of the &lt;fen&gt;Agent&lt;/fen&gt; that causes the &lt;fen&gt;Process&lt;/fen&gt; or &lt;fen&gt;State&lt;/fen&gt; to end.

&lt;/def-root&gt;</definition>
        <semType name="State_of_affairs" ID="177"/>
    </FE>
    <FE bgColor="008000" fgColor="FFFFFF" coreType="Peripheral" cBy="JKR" cDate="06/29/2004 06:49:43 PDT Tue" abbrev="Place" name="Place" ID="6640">
        <definition>&lt;def-root&gt;The location where the &lt;fen&gt;Process&lt;/fen&gt; or &lt;fen&gt;State&lt;/fen&gt; is caused to end.


&lt;ex&gt;They &lt;t&gt;ended&lt;/t&gt; their relationship &lt;fex name="Place"&gt;in the same coffeehouse where it started&lt;/fex&gt;.&lt;/ex&gt;&lt;/def-root&gt;</definition>
        <semType name="Locative_relation" ID="182"/>
    </FE>
    <FE bgColor="90876C" fgColor="FFFFFF" coreType="Extra-Thematic" cBy="JKR" cDate="06/29/2004 06:49:43 PDT Tue" abbrev="Exp" name="Explanation" ID="6641">
        <definition>&lt;def-root&gt;The &lt;fen&gt;Explanation&lt;/fen&gt; for why the &lt;fen&gt;Process&lt;/fen&gt; or &lt;fen&gt;State&lt;/fen&gt; is ended.&lt;/def-root&gt;</definition>
        <semType name="State_of_affairs" ID="177"/>
    </FE>
    <FE bgColor="FFA500" fgColor="FFFFFF" coreType="Peripheral" cBy="JKR" cDate="06/29/2004 06:49:43 PDT Tue" abbrev="Time" name="Time" ID="6642">
        <definition>&lt;def-root&gt;The &lt;fen&gt;Time&lt;/fen&gt; when the &lt;fen&gt;Process&lt;/fen&gt; or &lt;fen&gt;State&lt;/fen&gt; is ended.&lt;/def-root&gt;</definition>
        <semType name="Time" ID="141"/>
    </FE>
    <FE bgColor="FF69B4" fgColor="FFFFFF" coreType="Peripheral" cBy="JKR" cDate="06/29/2004 06:49:44 PDT Tue" abbrev="Degr" name="Degree" ID="6643">
        <definition>&lt;def-root&gt;The &lt;fen&gt;Degree&lt;/fen&gt; to which the &lt;fen&gt;Process&lt;/fen&gt; or &lt;fen&gt;State&lt;/fen&gt; is brought to an end.&lt;/def-root&gt;</definition>
        <semType name="Degree" ID="172"/>
    </FE>
    <FE bgColor="1E90FF" fgColor="FFFFFF" coreType="Extra-Thematic" cBy="JKR" cDate="06/29/2004 06:49:44 PDT Tue" abbrev="Depict" name="Depictive" ID="6644">
        <definition>&lt;def-root&gt;Depictive phrase describing the actor of the event that causes the &lt;fen&gt;Process&lt;/fen&gt; or &lt;fen&gt;State&lt;/fen&gt; to end.&lt;/def-root&gt;</definition>
    </FE>
    <FE bgColor="FF00FF" fgColor="FFFFFF" coreType="Peripheral" cBy="JKR" cDate="06/29/2004 06:49:44 PDT Tue" abbrev="Manr" name="Manner" ID="6645">
        <definition>&lt;def-root&gt;The &lt;fen&gt;Manner&lt;/fen&gt; of causing the &lt;fen&gt;Process&lt;/fen&gt; or &lt;fen&gt;State&lt;/fen&gt; to end.&lt;/def-root&gt;</definition>
        <semType name="Manner" ID="173"/>
    </FE>
    <FE bgColor="FF0000" fgColor="FFFFFF" coreType="Core" cBy="JKR" cDate="06/29/2004 06:58:15 PDT Tue" abbrev="age" name="Agent" ID="6648">
        <definition>&lt;def-root&gt;The individual who causes the &lt;fen&gt;Process&lt;/fen&gt; or &lt;fen&gt;State&lt;/fen&gt; to end.&lt;/def-root&gt;</definition>
        <semType name="Sentient" ID="5"/>
        <excludesFE name="Cause" ID="6649"/>
    </FE>
    <FE bgColor="7CCD7C" fgColor="FFFFFF" coreType="Core" cBy="JKR" cDate="06/29/2004 07:00:11 PDT Tue" abbrev="cau" name="Cause" ID="6649">
        <definition>&lt;def-root&gt;An event that causes the &lt;fen&gt;Process&lt;/fen&gt; or &lt;fen&gt;State&lt;/fen&gt; to end.

&lt;ex&gt;&lt;fex name="cau"&gt;That move&lt;/fex&gt; &lt;t&gt;ended&lt;/t&gt; her political career, she said in a 1994 Times Union interview.&lt;/ex&gt;
&lt;/def-root&gt;</definition>
    </FE>
    <FE bgColor="d0d0d0" fgColor="0000FF" coreType="Core" cBy="JKR" cDate="06/29/2004 07:03:17 PDT Tue" abbrev="sta" name="State" ID="6650">
        <definition>&lt;def-root&gt;A &lt;fen&gt;State&lt;/fen&gt; which is ended by the &lt;fen&gt;Agent&lt;/fen&gt; or &lt;fen&gt;Cause&lt;/fen&gt;.

&lt;ex&gt;We should &lt;t&gt;end&lt;/t&gt; &lt;fex name="sta"&gt;poverty&lt;/fex&gt;.&lt;/ex&gt;&lt;/def-root&gt;</definition>
    </FE>
    <FEcoreSet>
        <memberFE name="Cause" ID="6649"/>
        <memberFE name="Agent" ID="6648"/>
    </FEcoreSet>
    <FEcoreSet>
        <memberFE name="Process" ID="6638"/>
        <memberFE name="State" ID="6650"/>
    </FEcoreSet>
    <frameRelation type="Inherits from">
        <relatedFrame ID="10">Transitive_action</relatedFrame>
    </frameRelation>
    <frameRelation type="Is Inherited by"/>
    <frameRelation type="Perspective on"/>
    <frameRelation type="Is Perspectivized in"/>
    <frameRelation type="Uses"/>
    <frameRelation type="Is Used by"/>
    <frameRelation type="Subframe of"/>
    <frameRelation type="Has Subframe(s)"/>
    <frameRelation type="Precedes"/>
    <frameRelation type="Is Preceded by"/>
    <frameRelation type="Is Inchoative of"/>
    <frameRelation type="Is Causative of">
        <relatedFrame ID="232">Process_end</relatedFrame>
    </frameRelation>
    <frameRelation type="See also"/>
    <lexUnit status="Finished_Initial" POS="V" name="lift.v" ID="10679" lemmaID="22289" cBy="JKR" cDate="06/29/2004 06:56:56 PDT Tue">
        <definition>COD:  formally remove or end (a legal restriction, decision, etc.).</definition>
        <sentenceCount annotated="30" total="308"/>
        <lexeme order="1" headword="false" breakBefore="false" POS="V" name="lift"/>
    </lexUnit>
    <lexUnit status="Needs_SCs" POS="V" name="end.v" ID="10680" lemmaID="12713" cBy="JKR" cDate="06/29/2004 06:57:37 PDT Tue">
        <definition>FN: bring to an end</definition>
        <sentenceCount annotated="14" total="68"/>
        <lexeme order="1" headword="false" breakBefore="false" POS="V" name="end"/>
    </lexUnit>
    <lexUnit status="Created" POS="N" name="lifting.n" ID="12631" lemmaID="50213" cBy="RLG" cDate="08/15/2005 03:23:54 PDT Mon">
        <definition>FN: the act of formally ending (esp. a restriction)</definition>
        <sentenceCount annotated="3" total="3"/>
        <lexeme order="1" headword="true" breakBefore="false" POS="N" name="lifting"/>
    </lexUnit>
    <lexUnit status="Created" POS="V" name="arrest.v" ID="13281" lemmaID="1979" cBy="MiL" cDate="06/20/2006 11:12:12 PDT Tue">
        <definition>FN: stop a process or freeze a state either permanently or temporarily</definition>
        <sentenceCount annotated="0" total="0"/>
        <lexeme order="1" headword="false" breakBefore="false" POS="V" name="arrest"/>
    </lexUnit>
    <lexUnit status="Created" POS="V" name="put an end to.v" ID="13338" lemmaID="50389" cBy="MiL" cDate="06/27/2006 04:19:06 PDT Tue">
        <definition>FN:  cause to be ended.</definition>
        <sentenceCount annotated="1" total="1"/>
        <lexeme order="1" headword="true" breakBefore="false" POS="V" name="put"/>
        <lexeme order="2" headword="false" breakBefore="false" POS="ART" name="an"/>
        <lexeme order="3" headword="false" breakBefore="false" POS="N" name="end"/>
        <lexeme order="4" headword="false" breakBefore="false" POS="PREP" name="to"/>
    </lexUnit>
    <lexUnit status="Created" POS="V" name="abort.v" ID="17362" lemmaID="147" cBy="CVa" cDate="04/16/2013 05:10:40 PDT Tue">
        <definition>FN: to cause an activity to stop before completion of the activity</definition>
        <sentenceCount annotated="0" total="0"/>
        <lexeme order="1" headword="false" breakBefore="false" POS="V" name="abort"/>
    </lexUnit>
    <lexUnit status="In_Use" POS="V" name="do away with.v" ID="17591" lemmaID="51704" cBy="CVa" cDate="07/10/2014 10:10:05 PDT Thu">
        <definition>FN: to put an end to something</definition>
        <sentenceCount annotated="18" total="107"/>
        <lexeme order="1" headword="true" breakBefore="false" POS="V" name="do"/>
        <lexeme order="2" headword="false" breakBefore="false" POS="PREP" name="away"/>
        <lexeme order="3" headword="false" breakBefore="false" POS="PREP" name="with"/>
    </lexUnit>
</frame>