<?xml version="1.0" encoding="UTF-8" standalone="yes"?>
<?xml-stylesheet type="text/xsl" href="frame.xsl"?>
<frame cBy="RLG" cDate="03/27/2007 10:15:59 PDT Tue" name="Cause_proliferation_in_number" ID="1905" xsi:schemaLocation="../schema/frame.xsd" xmlns="http://framenet.icsi.berkeley.edu" xmlns:xsi="http://www.w3.org/2001/XMLSchema-instance">
    <definition>&lt;def-root&gt;An &lt;fen&gt;Agent&lt;/fen&gt; (or inanimate &lt;fen&gt;Cause&lt;/fen&gt;) affects a &lt;fen&gt;Set&lt;/fen&gt; so that the number of entities that make up the &lt;fen&gt;Set&lt;/fen&gt; changes from an &lt;fen&gt;Initial_number&lt;/fen&gt; to a &lt;fen&gt;Final_number&lt;/fen&gt;. Alternatively, the situation can be described in terms of an &lt;fen&gt;Initial_state&lt;/fen&gt; and a &lt;fen&gt;Final_state&lt;/fen&gt;. In some cases the &lt;fen&gt;Attribute&lt;/fen&gt; (i.e., number) or &lt;fen&gt;Difference&lt;/fen&gt; in number may be mentioned.

&lt;ex&gt;More and more resources have been devoted to halting &lt;fex name="Agent"&gt;rogue nation's&lt;/fex&gt; &lt;t&gt;proliferation&lt;/t&gt; &lt;fex name="Set"&gt;of controlled nuclear technology&lt;/fex&gt;.&lt;/ex&gt;&lt;/def-root&gt;</definition>
    <FE bgColor="FF0000" fgColor="FFFFFF" coreType="Core" cBy="RLG" cDate="03/27/2007 10:15:59 PDT Tue" abbrev="" name="Agent" ID="11380">
        <definition>&lt;def-root&gt;The person who causes the &lt;fen&gt;Set&lt;/fen&gt; to increase in number.&lt;/def-root&gt;</definition>
        <semType name="Sentient" ID="5"/>
    </FE>
    <FE bgColor="FFFF00" fgColor="006400" coreType="Peripheral" cBy="RLG" cDate="03/27/2007 10:16:00 PDT Tue" abbrev="Difference" name="Difference" ID="11381">
        <definition>&lt;def-root&gt;The distance between the orginal value (&lt;fen&gt;Initial_number&lt;/fen&gt;) and the final value (&lt;fen&gt;Final_number&lt;/fen&gt;) of the &lt;fen&gt;Set&lt;/fen&gt;.&lt;/def-root&gt;</definition>
    </FE>
    <FE bgColor="9400D3" fgColor="FFFFFF" coreType="Core" cBy="RLG" cDate="03/27/2007 10:16:00 PDT Tue" abbrev="Variable" name="Attribute" ID="11382">
        <definition>&lt;def-root&gt;The scale along which the &lt;fen&gt;Set&lt;/fen&gt; ranges in, i.e., number.&lt;/def-root&gt;</definition>
    </FE>
    <FE bgColor="006400" fgColor="FFFFFF" coreType="Peripheral" cBy="RLG" cDate="03/27/2007 10:16:00 PDT Tue" abbrev="ini_num" name="Initial_number" ID="11383">
        <definition>&lt;def-root&gt;The initial number of entities in the &lt;fen&gt;Set&lt;/fen&gt;.&lt;/def-root&gt;</definition>
    </FE>
    <FE bgColor="00BFFF" fgColor="FFFFFF" coreType="Peripheral" cBy="RLG" cDate="03/27/2007 10:16:00 PDT Tue" abbrev="fin_num" name="Final_number" ID="11384">
        <definition>&lt;def-root&gt;The final number of entities in the &lt;fen&gt;Set&lt;/fen&gt;.&lt;/def-root&gt;</definition>
    </FE>
    <FE bgColor="EEE8AA" fgColor="800080" coreType="Extra-Thematic" cBy="RLG" cDate="03/27/2007 10:16:00 PDT Tue" abbrev="co-v" name="Co-variable" ID="11385">
        <definition>&lt;def-root&gt;The Co-Variable is the scale that the amount of the &lt;fen&gt;Set&lt;/fen&gt; is measured against.&lt;/def-root&gt;</definition>
    </FE>
    <FE bgColor="0000FF" fgColor="FFFFFF" coreType="Peripheral" cBy="RLG" cDate="03/27/2007 10:16:00 PDT Tue" abbrev="Path" name="Path" ID="11386">
        <definition>&lt;def-root&gt;Any expression that says something about the movement of the entity (&lt;fen&gt;Set&lt;/fen&gt;) along the scale between its &lt;fen&gt;Initial_number&lt;/fen&gt; and its &lt;fen&gt;Final_number&lt;/fen&gt;.&lt;/def-root&gt;</definition>
    </FE>
    <FE bgColor="2E8B57" fgColor="000000" coreType="Peripheral" cBy="RLG" cDate="03/27/2007 10:16:00 PDT Tue" abbrev="Speed" name="Speed" ID="11387">
        <definition>&lt;def-root&gt;The rate at which the entity's positon on the scale changes.&lt;/def-root&gt;</definition>
        <semType name="Speed" ID="234"/>
    </FE>
    <FE bgColor="FFA500" fgColor="FFFFFF" coreType="Core" cBy="RLG" cDate="03/27/2007 10:16:00 PDT Tue" abbrev="set" name="Set" ID="11388">
        <definition>&lt;def-root&gt;The entity whose amount is being changed.&lt;/def-root&gt;</definition>
    </FE>
    <FE bgColor="A52A2A" fgColor="FFFFFF" coreType="Peripheral" cBy="RLG" cDate="03/27/2007 10:16:00 PDT Tue" abbrev="Mns" name="Means" ID="11389">
        <definition>&lt;def-root&gt;An act performed by the &lt;fen&gt;Agent&lt;/fen&gt; that brings about the change in the number of the &lt;fen&gt;Set&lt;/fen&gt;.&lt;/def-root&gt;</definition>
        <semType name="State_of_affairs" ID="177"/>
    </FE>
    <FE bgColor="000000" fgColor="FF69B4" coreType="Extra-Thematic" cBy="RLG" cDate="03/27/2007 10:16:00 PDT Tue" abbrev="Purp" name="Purpose" ID="11390">
        <definition>&lt;def-root&gt;The purpose for which the proliferating of the number of a &lt;fen&gt;Set&lt;/fen&gt; is performed.&lt;/def-root&gt;</definition>
        <semType name="State_of_affairs" ID="177"/>
    </FE>
    <FE bgColor="FFA500" fgColor="000000" coreType="Peripheral" cBy="RLG" cDate="03/27/2007 10:16:00 PDT Tue" abbrev="Time" name="Time" ID="11391">
        <definition>&lt;def-root&gt;When the proliferating occurs.&lt;/def-root&gt;</definition>
        <semType name="Time" ID="141"/>
    </FE>
    <FE bgColor="1E90FF" fgColor="FFFFFF" coreType="Core" cBy="RLG" cDate="03/27/2007 10:16:00 PDT Tue" abbrev="Cause" name="Cause" ID="11392">
        <definition>&lt;def-root&gt;The force that causes the change.&lt;/def-root&gt;</definition>
        <excludesFE name="Agent" ID="11380"/>
    </FE>
    <FE bgColor="FF69B4" fgColor="FFFFFF" coreType="Peripheral" cBy="RLG" cDate="03/27/2007 10:16:00 PDT Tue" abbrev="Mnr" name="Manner" ID="11393">
        <definition>&lt;def-root&gt;Any description of the &lt;fen&gt;Agent&lt;/fen&gt; changing the number of the &lt;fen&gt;Set&lt;/fen&gt; which is not covered by more specific FEs, including secondary effects (quietly, loudly), and general descriptions comparing events (the same way). It may also indicate salient characteristics of an &lt;fen&gt;Agent&lt;/fen&gt; that also affect the action (presumptuously, coldly, deliberately, eagerly, carefully). &lt;/def-root&gt;</definition>
        <semType name="Manner" ID="173"/>
    </FE>
    <FE bgColor="008000" fgColor="FFFFFF" coreType="Peripheral" cBy="RLG" cDate="03/27/2007 10:16:00 PDT Tue" abbrev="Place" name="Place" ID="11394">
        <definition>&lt;def-root&gt;The location where the &lt;fen&gt;Agent&lt;/fen&gt; changes the number of the &lt;fen&gt;Set&lt;/fen&gt;.&lt;/def-root&gt;</definition>
        <semType name="Locative_relation" ID="182"/>
    </FE>
    <FE bgColor="7CCD73" fgColor="FFFFFF" coreType="Peripheral" cBy="AlK" cDate="07/20/2010 04:14:04 PDT Tue" abbrev="" name="Initial_state" ID="14041">
        <definition>&lt;def-root&gt;The state of the &lt;fen&gt;Set&lt;/fen&gt; before it is affected by an outside &lt;fen&gt;Agent&lt;/fen&gt; or &lt;fen&gt;Cause&lt;/fen&gt;.&lt;/def-root&gt;</definition>
    </FE>
    <FE bgColor="90876C" fgColor="FFFFFF" coreType="Peripheral" cBy="AlK" cDate="07/20/2010 04:16:02 PDT Tue" abbrev="" name="Final_state" ID="14042">
        <definition>&lt;def-root&gt;The state of the &lt;fen&gt;Set&lt;/fen&gt; after it is affected by an outside &lt;fen&gt;Agent&lt;/fen&gt; or &lt;fen&gt;Cause&lt;/fen&gt;.&lt;/def-root&gt;</definition>
    </FE>
    <frameRelation type="Inherits from">
        <relatedFrame ID="96">Cause_change_of_position_on_a_scale</relatedFrame>
    </frameRelation>
    <frameRelation type="Is Inherited by"/>
    <frameRelation type="Perspective on"/>
    <frameRelation type="Is Perspectivized in"/>
    <frameRelation type="Uses"/>
    <frameRelation type="Is Used by"/>
    <frameRelation type="Subframe of"/>
    <frameRelation type="Has Subframe(s)"/>
    <frameRelation type="Precedes"/>
    <frameRelation type="Is Preceded by"/>
    <frameRelation type="Is Inchoative of"/>
    <frameRelation type="Is Causative of">
        <relatedFrame ID="1599">Proliferating_in_number</relatedFrame>
    </frameRelation>
    <frameRelation type="See also"/>
    <lexUnit status="Needs_SCs" POS="N" name="proliferation.n" ID="14163" lemmaID="30675" cBy="RLG" cDate="03/27/2007 10:21:10 PDT Tue">
        <definition>FN: the act of increasing the number of something by an undiscolsed means.</definition>
        <sentenceCount annotated="1" total="140"/>
        <lexeme order="1" headword="false" breakBefore="false" POS="N" name="proliferation"/>
    </lexUnit>
    <lexUnit status="Created" POS="N" name="multiplication.n" ID="14164" lemmaID="25198" cBy="RLG" cDate="03/27/2007 10:21:30 PDT Tue">
        <definition>FN: the act of increasing the number of something.</definition>
        <sentenceCount annotated="0" total="0"/>
        <lexeme order="1" headword="false" breakBefore="false" POS="N" name="multiplication"/>
    </lexUnit>
</frame>