<?xml version="1.0" encoding="UTF-8" standalone="yes"?>
<?xml-stylesheet type="text/xsl" href="frame.xsl"?>
<frame cBy="MJE" cDate="07/10/2008 03:56:34 PDT Thu" name="Ceasing_to_be" ID="2104" xsi:schemaLocation="../schema/frame.xsd" xmlns="http://framenet.icsi.berkeley.edu" xmlns:xsi="http://www.w3.org/2001/XMLSchema-instance">
    <definition>&lt;def-root&gt;An &lt;fen&gt;Entity&lt;/fen&gt; ceases to exist.

&lt;ex&gt;&lt;fex name="Entity"&gt;Entire platoons&lt;/fex&gt; have &lt;fex name="Manner"&gt;mysteriously&lt;/fex&gt; &lt;t&gt;vanished&lt;/t&gt; &lt;fex name="Place"&gt;from battle&lt;/fex&gt;, leaving enemy weapons to slice through empty air.&lt;/ex&gt;&lt;/def-root&gt;</definition>
    <FE bgColor="FF0000" fgColor="FFFFFF" coreType="Core" cBy="MJE" cDate="07/10/2008 03:56:34 PDT Thu" abbrev="Ent" name="Entity" ID="12974">
        <definition>&lt;def-root&gt;Concrete or abstract entity that does not exist after the event.&lt;/def-root&gt;</definition>
    </FE>
    <FE bgColor="008000" fgColor="FFFFFF" coreType="Peripheral" cBy="MJE" cDate="07/10/2008 03:56:34 PDT Thu" abbrev="Place" name="Place" ID="12975">
        <definition>&lt;def-root&gt;This is the Place where the new &lt;fen&gt;Entity&lt;/fen&gt; ceases to exist.&lt;/def-root&gt;</definition>
        <semType name="Locative_relation" ID="182"/>
    </FE>
    <FE bgColor="FFA500" fgColor="FFFFFF" coreType="Peripheral" cBy="MJE" cDate="07/10/2008 03:56:34 PDT Thu" abbrev="Time" name="Time" ID="12976">
        <definition>&lt;def-root&gt;This FE identifes the Time when a new &lt;fen&gt;Entity&lt;/fen&gt; ceases to be.&lt;/def-root&gt;</definition>
        <semType name="Time" ID="141"/>
    </FE>
    <FE bgColor="90876C" fgColor="FFFFFF" coreType="Extra-Thematic" cBy="MJE" cDate="07/10/2008 03:56:34 PDT Thu" abbrev="Exp" name="Explanation" ID="12977">
        <definition>&lt;def-root&gt;This FE labels the &lt;fex name="Explanation"&gt;Explanation&lt;/fex&gt; of the destruction or disappearance of the &lt;fen&gt;Entity&lt;/fen&gt;.
&lt;/def-root&gt;</definition>
        <semType name="State_of_affairs" ID="177"/>
    </FE>
    <FE bgColor="9F79EE" fgColor="FFFFFF" coreType="Extra-Thematic" cBy="MJE" cDate="07/10/2008 03:56:34 PDT Thu" abbrev="Cmpnt" name="Components" ID="12978">
        <definition>&lt;def-root&gt;This FE identifies the components into which the &lt;fen&gt;Entity&lt;/fen&gt; dissipates.
&lt;/def-root&gt;</definition>
    </FE>
    <FE bgColor="006400" fgColor="FFFFFF" coreType="Extra-Thematic" cBy="MJE" cDate="07/10/2008 03:56:34 PDT Thu" abbrev="Dura" name="Duration_of_final_state" ID="12979">
        <definition>&lt;def-root&gt;This FE identifies the length of time before the &lt;fen&gt;Entity&lt;/fen&gt; comes into existence again.&lt;/def-root&gt;</definition>
        <semType name="Duration" ID="142"/>
    </FE>
    <FE bgColor="808080" fgColor="FFFFFF" coreType="Extra-Thematic" cBy="MJE" cDate="07/10/2008 03:56:34 PDT Thu" abbrev="Role" name="Role" ID="12980">
        <definition>&lt;def-root&gt;The aspect of the &lt;fen&gt;Entity&lt;/fen&gt; which no longer exists.
&lt;/def-root&gt;</definition>
    </FE>
    <FE bgColor="FFD700" fgColor="00008B" coreType="Extra-Thematic" cBy="MJE" cDate="07/10/2008 03:56:34 PDT Thu" abbrev="peri" name="Period_of_iterations" ID="12981">
        <definition>&lt;def-root&gt;This FE identifies the &lt;fen&gt;Period_of_iterations&lt;/fen&gt; during which habitual or iterative actions are performed.&lt;/def-root&gt;</definition>
    </FE>
    <FE bgColor="FF00FF" fgColor="FFFFFF" coreType="Peripheral" cBy="MJE" cDate="07/10/2008 03:56:34 PDT Thu" abbrev="Man" name="Manner" ID="12982">
        <definition>&lt;def-root&gt;The way in which the &lt;fen&gt;Entity&lt;/fen&gt; disappears.&lt;/def-root&gt;</definition>
    </FE>
    <FE bgColor="FF69B4" fgColor="FFFFFF" coreType="Peripheral" cBy="MJE" cDate="07/10/2008 04:58:40 PDT Thu" abbrev="" name="Degree" ID="12992">
        <definition>&lt;def-root&gt;The completeness of the disappearance of the &lt;fen&gt;Entity&lt;/fen&gt;&lt;/def-root&gt;</definition>
    </FE>
    <frameRelation type="Inherits from">
        <relatedFrame ID="1070">Transition_to_state</relatedFrame>
    </frameRelation>
    <frameRelation type="Is Inherited by">
        <relatedFrame ID="53">Death</relatedFrame>
    </frameRelation>
    <frameRelation type="Perspective on"/>
    <frameRelation type="Is Perspectivized in"/>
    <frameRelation type="Uses"/>
    <frameRelation type="Is Used by"/>
    <frameRelation type="Subframe of">
        <relatedFrame ID="2100">Cycle_of_existence_scenario</relatedFrame>
    </frameRelation>
    <frameRelation type="Has Subframe(s)"/>
    <frameRelation type="Precedes">
        <relatedFrame ID="2105">Out_of_existence</relatedFrame>
    </frameRelation>
    <frameRelation type="Is Preceded by">
        <relatedFrame ID="660">Existence</relatedFrame>
    </frameRelation>
    <frameRelation type="Is Inchoative of"/>
    <frameRelation type="Is Causative of"/>
    <frameRelation type="See also"/>
    <lexUnit status="Created" POS="V" name="fade.v" ID="15183" lemmaID="13809" cBy="MJE" cDate="07/10/2008 04:32:17 PDT Thu">
        <definition>FN: gradually approach non-existence</definition>
        <sentenceCount annotated="0" total="0"/>
        <lexeme order="1" headword="false" breakBefore="false" POS="V" name="fade"/>
    </lexUnit>
    <lexUnit status="Add_Annotation" POS="V" name="disappear.v" ID="15184" lemmaID="10795" cBy="MJE" cDate="07/10/2008 04:33:07 PDT Thu">
        <definition>FN: cease to exist</definition>
        <sentenceCount annotated="6" total="294"/>
        <lexeme order="1" headword="false" breakBefore="false" POS="V" name="disappear"/>
    </lexUnit>
    <lexUnit status="Created" POS="V" name="dissipate.v" ID="15185" lemmaID="11176" cBy="MJE" cDate="07/10/2008 04:33:28 PDT Thu">
        <definition>FN: completely cease to exist</definition>
        <sentenceCount annotated="0" total="0"/>
        <lexeme order="1" headword="false" breakBefore="false" POS="V" name="dissipate"/>
    </lexUnit>
    <lexUnit status="Created" POS="V" name="go away.v" ID="15186" lemmaID="50923" cBy="MJE" cDate="07/10/2008 04:34:25 PDT Thu">
        <definition>FN: cease to be</definition>
        <sentenceCount annotated="1" total="1"/>
        <lexeme order="1" headword="true" breakBefore="false" POS="V" name="go"/>
        <lexeme order="2" headword="false" breakBefore="false" POS="ADV" name="away"/>
    </lexUnit>
    <lexUnit status="Created" POS="N" name="disappearance.n" ID="15187" lemmaID="10796" cBy="MJE" cDate="07/10/2008 04:35:12 PDT Thu">
        <definition>FN: an event in which (something) ceases to exist</definition>
        <sentenceCount annotated="0" total="0"/>
        <lexeme order="1" headword="false" breakBefore="false" POS="N" name="disappearance"/>
    </lexUnit>
    <lexUnit status="Created" POS="N" name="dissipation.n" ID="15188" lemmaID="11178" cBy="MJE" cDate="07/10/2008 04:35:53 PDT Thu">
        <definition>FN: an event in which (something) completely ceases to exist.</definition>
        <sentenceCount annotated="0" total="0"/>
        <lexeme order="1" headword="false" breakBefore="false" POS="N" name="dissipation"/>
    </lexUnit>
    <lexUnit status="Created" POS="V" name="vanish.v" ID="15189" lemmaID="42700" cBy="MJE" cDate="07/10/2008 05:38:50 PDT Thu">
        <definition>FN: cease to exist</definition>
        <sentenceCount annotated="0" total="0"/>
        <lexeme order="1" headword="false" breakBefore="false" POS="V" name="vanish"/>
    </lexUnit>
    <lexUnit status="Rules_Defined" POS="V" name="dissolve.v" ID="15190" lemmaID="11187" cBy="MJE" cDate="07/10/2008 06:17:04 PDT Thu">
        <definition>FN: (gradually) cease to exist</definition>
        <sentenceCount annotated="0" total="0"/>
        <lexeme order="1" headword="false" breakBefore="false" POS="V" name="dissolve"/>
    </lexUnit>
</frame>