<?xml version="1.0" encoding="UTF-8" standalone="yes"?>
<?xml-stylesheet type="text/xsl" href="frame.xsl"?>
<frame cBy="JKR" cDate="06/26/2001 05:42:36 PDT Tue" name="Certainty" ID="141" xsi:schemaLocation="../schema/frame.xsd" xmlns="http://framenet.icsi.berkeley.edu" xmlns:xsi="http://www.w3.org/2001/XMLSchema-instance">
    <definition>&lt;def-root&gt;This frame concerns a &lt;fen&gt;Cognizer&lt;/fen&gt;'s certainty about the correctness of beliefs  or expectations.
It only includes uses where a &lt;fen&gt;Cognizer&lt;/fen&gt; is expressed.

&lt;ex&gt;&lt;fex name="Cognizer"&gt;Lermontov&lt;/fex&gt; &lt;m&gt;was&lt;/m&gt; &lt;t&gt;certain&lt;/t&gt; &lt;fex name="Content"&gt;he would come to the party&lt;/fex&gt;.&lt;/ex&gt;&lt;/def-root&gt;</definition>
    <FE bgColor="FF0000" fgColor="FFFFFF" coreType="Core" cBy="JKR" cDate="06/26/2001 05:47:03 PDT Tue" abbrev="Cognizer" name="Cognizer" ID="1091">
        <definition>&lt;def-root&gt;The &lt;fen&gt;Cognizer&lt;/fen&gt; is the person whose certainty or uncertainty is at issue.

&lt;ex&gt;&lt;fex name="Cognizer"&gt;Marcel&lt;/fex&gt; &lt;m&gt;was&lt;/m&gt; &lt;t&gt;sure&lt;/t&gt; that she had seen Eldridge on the balcony.&lt;/ex&gt;&lt;/def-root&gt;</definition>
        <semType name="Sentient" ID="5"/>
    </FE>
    <FE bgColor="800080" fgColor="FFFFFF" coreType="Core" cBy="JKR" cDate="06/26/2001 05:50:56 PDT Tue" abbrev="Topic" name="Topic" ID="1092">
        <definition>&lt;def-root&gt;The &lt;fen&gt;Topic&lt;/fen&gt; is the entity that a &lt;fen&gt;Cognizer&lt;/fen&gt; has a certain/uncertain belief about.

&lt;ex&gt;She talked of quests , of finding this absurd religious character , but he &lt;m&gt;was&lt;/m&gt; &lt;t&gt;unsure&lt;/t&gt; &lt;fex name="Topic"&gt;of her conviction&lt;/fex&gt;.&lt;/ex&gt;
&lt;ex&gt;I '&lt;m&gt;m&lt;/m&gt; &lt;t&gt;dubious&lt;/t&gt; &lt;fex name="Topic"&gt;about this Mafia story&lt;/fex&gt;.&lt;/ex&gt;



&lt;/def-root&gt;</definition>
    </FE>
    <FE bgColor="0000FF" fgColor="FFFFFF" coreType="Core" cBy="JKR" cDate="06/26/2001 05:52:24 PDT Tue" abbrev="Content" name="Content" ID="1093">
        <definition>&lt;def-root&gt;The &lt;fen&gt;Content&lt;/fen&gt; denotes the mental content that the &lt;fen&gt;Cognizer&lt;/fen&gt; is certain or uncertain about. 

&lt;ex&gt;I &lt;m&gt;am&lt;/m&gt; &lt;t&gt;sure&lt;/t&gt; &lt;fex name="Content"&gt;that we'll arrive on time&lt;/fex&gt;.&lt;/ex&gt;&lt;/def-root&gt;</definition>
        <semType name="Content" ID="55"/>
    </FE>
    <FE bgColor="FF69B4" fgColor="FFFFFF" coreType="Peripheral" cBy="JKR" cDate="06/26/2001 06:39:58 PDT Tue" abbrev="Degr" name="Degree" ID="1099">
        <definition>&lt;def-root&gt;This FE indicates the &lt;fen&gt;Degree&lt;/fen&gt; to which the &lt;fen&gt;Cognizer&lt;/fen&gt; is certain or uncertain.

&lt;ex&gt;Charles felt &lt;fex name="Degr"&gt;fairly&lt;/fex&gt; &lt;t&gt;confident&lt;/t&gt; of her safety for the time being.&lt;/ex&gt;&lt;/def-root&gt;</definition>
        <semType name="Degree" ID="172"/>
    </FE>
    <FE bgColor="FF00FF" fgColor="FFFFFF" coreType="Peripheral" cBy="JKR" cDate="06/26/2001 06:39:58 PDT Tue" abbrev="Manr" name="Manner" ID="1102">
        <definition>&lt;def-root&gt;The FE &lt;fen&gt;Manner&lt;/fen&gt; denotes the manner of the certainty or uncertainty.&lt;/def-root&gt;</definition>
        <semType name="Manner" ID="173"/>
    </FE>
    <FE bgColor="008000" fgColor="FFFFFF" coreType="Core" cBy="JKR" cDate="07/25/2001 07:40:57 PDT Wed" abbrev="Exr" name="Expressor" ID="1549">
        <definition>&lt;def-root&gt;The &lt;fen&gt;Expressor&lt;/fen&gt; is the body part or action by a body part that conveys the mental state of  the &lt;fen&gt;Cognizer&lt;/fen&gt;.

&lt;ex&gt;She caught sight of her mother's &lt;t&gt;dubious&lt;/t&gt; &lt;fex name="Exr"&gt;expression&lt;/fex&gt;.&lt;/ex&gt;

Notice that we do NOT tag possessives such as 'her mother's' or 'on her face' that occur within the noun phrase of which the target adjective is a part. In sentences such as 

&lt;ex&gt;She had a &lt;t&gt;dubious&lt;/t&gt; &lt;fex name="Exr"&gt;look&lt;/fex&gt; on her face.&lt;/ex&gt;

NOTE: We do NOT tag 'have' and its subject since the governor relationship is between the verb 'have' and the noun that the target adjective modifies rather than between the target adjective and the verb 'have'.&lt;/def-root&gt;</definition>
    </FE>
    <FE bgColor="00008B" fgColor="FFFFFF" coreType="Extra-Thematic" cBy="KmG" cDate="02/22/2007 12:05:35 PST Thu" abbrev="" name="Concessive" ID="11077">
        <definition>&lt;def-root&gt;This FE signifies that the state of affairs expressed by the main clause (containing the target) occurs or holds, and something other than that state of affairs would be expected given the state of affairs in the concessive clause. &lt;/def-root&gt;</definition>
    </FE>
    <FE bgColor="90876C" fgColor="FFFFFF" coreType="Extra-Thematic" cBy="KmG" cDate="10/30/2007 12:46:48 PDT Tue" abbrev="exp" name="Explanation" ID="12035">
        <definition>&lt;def-root&gt;The reason for which the &lt;fen&gt;Cognizer&lt;/fen&gt; is certain.&lt;/def-root&gt;</definition>
        <semType name="State_of_affairs" ID="177"/>
    </FE>
    <FEcoreSet>
        <memberFE name="Expressor" ID="1549"/>
        <memberFE name="Cognizer" ID="1091"/>
    </FEcoreSet>
    <FEcoreSet>
        <memberFE name="Topic" ID="1092"/>
        <memberFE name="Content" ID="1093"/>
    </FEcoreSet>
    <frameRelation type="Inherits from">
        <relatedFrame ID="1015">Gradable_attributes</relatedFrame>
    </frameRelation>
    <frameRelation type="Is Inherited by">
        <relatedFrame ID="1731">Trust</relatedFrame>
    </frameRelation>
    <frameRelation type="Perspective on"/>
    <frameRelation type="Is Perspectivized in"/>
    <frameRelation type="Uses">
        <relatedFrame ID="19">Awareness</relatedFrame>
    </frameRelation>
    <frameRelation type="Is Used by">
        <relatedFrame ID="902">Reliance_on_expectation</relatedFrame>
    </frameRelation>
    <frameRelation type="Subframe of"/>
    <frameRelation type="Has Subframe(s)"/>
    <frameRelation type="Precedes"/>
    <frameRelation type="Is Preceded by"/>
    <frameRelation type="Is Inchoative of"/>
    <frameRelation type="Is Causative of"/>
    <frameRelation type="See also">
        <relatedFrame ID="19">Awareness</relatedFrame>
    </frameRelation>
    <lexUnit status="Finished_Initial" POS="A" name="certain.a" ID="2745" lemmaID="5948" cBy="JKR" cDate="06/26/2001 06:38:27 PDT Tue">
        <definition>COD: completely convinced of something</definition>
        <sentenceCount annotated="37" total="315"/>
        <lexeme order="1" headword="false" breakBefore="false" POS="A" name="certain"/>
    </lexUnit>
    <lexUnit status="Finished_Initial" POS="A" name="uncertain.a" ID="2746" lemmaID="41850" cBy="JKR" cDate="06/26/2001 06:45:53 PDT Tue">
        <definition>COD: not completely confident or sure</definition>
        <sentenceCount annotated="29" total="264"/>
        <lexeme order="1" headword="false" breakBefore="false" POS="A" name="uncertain"/>
        <semType name="Negative" ID="99"/>
    </lexUnit>
    <lexUnit status="Finished_Initial" POS="A" name="confident.a" ID="2747" lemmaID="7721" cBy="JKR" cDate="06/26/2001 06:48:00 PDT Tue">
        <definition>COD: feeling certainty about something</definition>
        <sentenceCount annotated="41" total="285"/>
        <lexeme order="1" headword="false" breakBefore="false" POS="A" name="confident"/>
    </lexUnit>
    <lexUnit status="Finished_Initial" POS="A" name="sure.a" ID="2748" lemmaID="38952" cBy="JKR" cDate="06/26/2001 06:53:40 PDT Tue">
        <definition>COD: completely confident that one is right</definition>
        <sentenceCount annotated="36" total="246"/>
        <lexeme order="1" headword="false" breakBefore="false" POS="A" name="sure"/>
    </lexUnit>
    <lexUnit status="Finished_Initial" POS="N" name="confidence.n" ID="2749" lemmaID="7720" cBy="JKR" cDate="06/26/2001 06:54:41 PDT Tue">
        <definition>FN: the feeling of certainty about something</definition>
        <sentenceCount annotated="42" total="363"/>
        <lexeme order="1" headword="false" breakBefore="false" POS="N" name="confidence"/>
    </lexUnit>
    <lexUnit status="Finished_Initial" POS="A" name="convinced.a" ID="2750" lemmaID="8219" cBy="JKR" cDate="06/26/2001 06:57:30 PDT Tue">
        <definition>FN: very certain of something.</definition>
        <sentenceCount annotated="24" total="210"/>
        <lexeme order="1" headword="false" breakBefore="false" POS="A" name="convinced"/>
    </lexUnit>
    <lexUnit status="Finished_Initial" POS="A" name="positive.a" ID="2751" lemmaID="29846" cBy="JKR" cDate="06/26/2001 06:58:21 PDT Tue">
        <definition>COD: with no possibility of doubt; certain</definition>
        <sentenceCount annotated="12" total="266"/>
        <lexeme order="1" headword="false" breakBefore="false" POS="A" name="positive"/>
    </lexUnit>
    <lexUnit status="Finished_Initial" POS="A" name="dubious.a" ID="2752" lemmaID="11885" cBy="JKR" cDate="06/26/2001 06:58:35 PDT Tue">
        <definition>COD: hesitating or doubting</definition>
        <sentenceCount annotated="16" total="122"/>
        <lexeme order="1" headword="false" breakBefore="false" POS="A" name="dubious"/>
        <semType name="Negative" ID="99"/>
    </lexUnit>
    <lexUnit status="Finished_Initial" POS="N" name="certainty.n" ID="2753" lemmaID="5951" cBy="JKR" cDate="06/26/2001 07:07:13 PDT Tue">
        <definition>FN: the personal quality of being completely sure</definition>
        <sentenceCount annotated="26" total="256"/>
        <lexeme order="1" headword="false" breakBefore="false" POS="N" name="certainty"/>
    </lexUnit>
    <lexUnit status="Finished_Initial" POS="V" name="doubt.v" ID="2754" lemmaID="11581" cBy="JKR" cDate="06/26/2001 07:46:31 PDT Tue">
        <definition>COD: feel uncertain about. </definition>
        <sentenceCount annotated="36" total="219"/>
        <lexeme order="1" headword="false" breakBefore="false" POS="V" name="doubt"/>
    </lexUnit>
    <lexUnit status="Finished_Initial" POS="A" name="doubtful.a" ID="2755" lemmaID="11583" cBy="JKR" cDate="06/26/2001 08:02:03 PDT Tue">
        <definition>COD: uncertain. </definition>
        <sentenceCount annotated="19" total="210"/>
        <lexeme order="1" headword="false" breakBefore="false" POS="A" name="doubtful"/>
        <semType name="Negative" ID="99"/>
    </lexUnit>
    <lexUnit status="Created" POS="V" name="believe.v" ID="2756" lemmaID="3292" cBy="JKR" cDate="06/26/2001 08:02:18 PDT Tue">
        <definition>COD: feel sure of the truth of. </definition>
        <sentenceCount annotated="35" total="36"/>
        <lexeme order="1" headword="false" breakBefore="false" POS="V" name="believe"/>
    </lexUnit>
    <lexUnit status="Finished_Initial" POS="N" name="uncertainty.n" ID="2757" lemmaID="41853" cBy="JKR" cDate="06/26/2001 08:44:25 PDT Tue">
        <definition>FN: the state of being not completely confident or sure</definition>
        <sentenceCount annotated="40" total="212"/>
        <lexeme order="1" headword="false" breakBefore="false" POS="N" name="uncertainty"/>
    </lexUnit>
    <lexUnit status="Finished_Initial" POS="A" name="unsure.a" ID="3285" lemmaID="45009" cBy="JKR" cDate="07/26/2001 11:13:05 PDT Thu">
        <definition>COD: lacking confidence</definition>
        <sentenceCount annotated="31" total="181"/>
        <lexeme order="1" headword="false" breakBefore="false" POS="A" name="unsure"/>
        <semType name="Negative" ID="99"/>
    </lexUnit>
    <lexUnit status="Finished_Initial" POS="N" name="doubt.n" ID="3401" lemmaID="11580" cBy="JKR" cDate="07/31/2001 04:48:48 PDT Tue">
        <definition>COD:  feeling of uncertainty or lack of conviction</definition>
        <sentenceCount annotated="87" total="353"/>
        <lexeme order="1" headword="false" breakBefore="false" POS="N" name="doubt"/>
    </lexUnit>
    <lexUnit status="Created" POS="V" name="trust.v" ID="12113" lemmaID="41394" cBy="MiL" cDate="05/19/2005 05:05:10 PDT Thu">
        <definition>FN: hold a belief</definition>
        <sentenceCount annotated="0" total="0"/>
        <lexeme order="1" headword="false" breakBefore="false" POS="V" name="trust"/>
    </lexUnit>
    <lexUnit status="Created" POS="A" name="skeptical.a" ID="14303" lemmaID="50639" cBy="MJE" cDate="04/02/2007 01:59:43 PDT Mon">
        <definition>FN: reserving judgement as to the truth of.</definition>
        <sentenceCount annotated="1" total="1"/>
        <lexeme order="1" headword="true" breakBefore="false" POS="A" name="skeptical"/>
        <semType name="Negative" ID="99"/>
    </lexUnit>
    <lexUnit status="Created" POS="N" name="skepticism.n" ID="14304" lemmaID="50640" cBy="MJE" cDate="04/02/2007 02:04:14 PDT Mon">
        <definition>FN: a careful attitude of reserving judgement on the veractiy of. </definition>
        <sentenceCount annotated="0" total="0"/>
        <lexeme order="1" headword="true" breakBefore="false" POS="N" name="skepticism"/>
    </lexUnit>
    <lexUnit status="Created" POS="N" name="skeptic.n" ID="14305" lemmaID="50641" cBy="MJE" cDate="04/02/2007 02:07:55 PDT Mon">
        <definition>COD: a person inclined to question or doubt accepted opinions.</definition>
        <sentenceCount annotated="0" total="0"/>
        <lexeme order="1" headword="true" breakBefore="false" POS="N" name="skeptic"/>
    </lexUnit>
    <lexUnit status="Created" POS="V" name="know.v" ID="15553" lemmaID="21457" cBy="AlK" cDate="11/16/2009 04:57:26 PST Mon">
        <definition>FN: to hold a belief with confidence of its truth. Only in Certainty when there is contrastive stress on target; otherwise, belongs in Awareness.</definition>
        <sentenceCount annotated="6" total="6"/>
        <lexeme order="1" headword="false" breakBefore="false" POS="V" name="know"/>
    </lexUnit>
</frame>