<?xml version="1.0" encoding="UTF-8" standalone="yes"?>
<?xml-stylesheet type="text/xsl" href="frame.xsl"?>
<frame cBy="AnW" cDate="02/02/2010 02:35:50 PST Tue" name="Change_of_quantity_of_possession" ID="2201" xsi:schemaLocation="../schema/frame.xsd" xmlns="http://framenet.icsi.berkeley.edu" xmlns:xsi="http://www.w3.org/2001/XMLSchema-instance">
    <definition>&lt;def-root&gt;This frame describes a general situation in which an &lt;fen&gt;Owner&lt;/fen&gt; either increases or decreases their amount of a &lt;fen&gt;Possession&lt;/fen&gt;.  The increase or decrease may either be physical or metaphorical.
&lt;ex&gt;&lt;fex name="Owner"&gt;The plant&lt;/fex&gt; &lt;t&gt;lost&lt;/t&gt; &lt;fex name="Possession"&gt;water&lt;/fex&gt; &lt;fex name="Explanation"&gt;as the the temperature increased&lt;/fex&gt;.&lt;/ex&gt;
&lt;ex&gt;&lt;t&gt;Gaining&lt;/t&gt; &lt;fex name="Possession"&gt;leadership experience&lt;/fex&gt; is one of the benefits of being a camp counselor. &lt;fex name="Owner"&gt;CNI&lt;/fex&gt;&lt;/ex&gt;&lt;/def-root&gt;</definition>
    <FE bgColor="FF0000" fgColor="FFFFFF" coreType="Core" cBy="AnW" cDate="02/02/2010 03:03:16 PST Tue" abbrev="" name="Owner" ID="13525">
        <definition>&lt;def-root&gt;The &lt;fen&gt;Owner&lt;/fen&gt; is the entity that contains within itself or controls the &lt;fen&gt;Possession&lt;/fen&gt;.&lt;/def-root&gt;</definition>
    </FE>
    <FE bgColor="0000FF" fgColor="FFFFFF" coreType="Core" cBy="AnW" cDate="02/02/2010 03:05:42 PST Tue" abbrev="" name="Possession" ID="13526">
        <definition>&lt;def-root&gt;The &lt;fen&gt;Possession&lt;/fen&gt; is the physical or metaphoric object that increases or decreases in quantity.&lt;/def-root&gt;</definition>
    </FE>
    <FE bgColor="9400D3" fgColor="FFFFFF" coreType="Peripheral" cBy="AnW" cDate="02/02/2010 03:16:53 PST Tue" abbrev="" name="Time" ID="13527">
        <definition>&lt;def-root&gt;The &lt;fen&gt;Time&lt;/fen&gt; when the &lt;fen&gt;Possession&lt;/fen&gt; undergoes a change in quantity.&lt;/def-root&gt;</definition>
        <semType name="Time" ID="141"/>
    </FE>
    <FE bgColor="006400" fgColor="FFFFFF" coreType="Peripheral" cBy="AnW" cDate="02/02/2010 03:17:56 PST Tue" abbrev="" name="Place" ID="13528">
        <definition>&lt;def-root&gt;The &lt;fen&gt;Place&lt;/fen&gt; where the &lt;fen&gt;Possession&lt;/fen&gt; undergoes a change in quantity.&lt;/def-root&gt;</definition>
        <semType name="Location" ID="54"/>
    </FE>
    <FE bgColor="FF69B4" fgColor="FFFFFF" coreType="Peripheral" cBy="AnW" cDate="02/02/2010 03:39:20 PST Tue" abbrev="" name="Degree" ID="13529">
        <definition>&lt;def-root&gt;The &lt;fen&gt;Degree&lt;/fen&gt; of the change in quantity.&lt;/def-root&gt;</definition>
        <semType name="Degree" ID="172"/>
    </FE>
    <FE bgColor="90876C" fgColor="FFFFFF" coreType="Extra-Thematic" cBy="AnW" cDate="02/02/2010 04:09:13 PST Tue" abbrev="exp" name="Explanation" ID="13530">
        <definition>&lt;def-root&gt;This FE denotes a proposition from which the event of increasing or decreasing in quantity logically follows.&lt;/def-root&gt;</definition>
    </FE>
    <frameRelation type="Inherits from"/>
    <frameRelation type="Is Inherited by"/>
    <frameRelation type="Perspective on"/>
    <frameRelation type="Is Perspectivized in"/>
    <frameRelation type="Uses">
        <relatedFrame ID="91">Change_position_on_a_scale</relatedFrame>
        <relatedFrame ID="118">Possession</relatedFrame>
    </frameRelation>
    <frameRelation type="Is Used by"/>
    <frameRelation type="Subframe of"/>
    <frameRelation type="Has Subframe(s)"/>
    <frameRelation type="Precedes"/>
    <frameRelation type="Is Preceded by"/>
    <frameRelation type="Is Inchoative of"/>
    <frameRelation type="Is Causative of"/>
    <frameRelation type="See also"/>
    <lexUnit status="Created" POS="V" name="gain.v" ID="15603" lemmaID="15812" cBy="AnW" cDate="02/02/2010 04:16:41 PST Tue">
        <definition>FN: to increase in quantity</definition>
        <sentenceCount annotated="0" total="0"/>
        <lexeme order="1" headword="false" breakBefore="false" POS="V" name="gain"/>
    </lexUnit>
    <lexUnit status="Needs_SCs" POS="V" name="lose.v" ID="15604" lemmaID="22797" cBy="AnW" cDate="02/02/2010 04:16:59 PST Tue">
        <definition>FN: to decrease in quantity</definition>
        <sentenceCount annotated="4" total="4"/>
        <lexeme order="1" headword="false" breakBefore="false" POS="V" name="lose"/>
    </lexUnit>
</frame>