<?xml version="1.0" encoding="UTF-8" standalone="yes"?>
<?xml-stylesheet type="text/xsl" href="frame.xsl"?>
<frame cBy="MJE" cDate="08/15/2003 07:49:17 PDT Fri" name="Change_of_temperature" ID="797" xsi:schemaLocation="../schema/frame.xsd" xmlns="http://framenet.icsi.berkeley.edu" xmlns:xsi="http://www.w3.org/2001/XMLSchema-instance">
    <definition>&lt;def-root&gt;In this frame, the temperature of an &lt;fen&gt;Item&lt;/fen&gt; changes.  An &lt;fen&gt;Initial_temperature&lt;/fen&gt;, &lt;fen&gt;Final_temperature&lt;/fen&gt;, or &lt;fen&gt;Temperature_change&lt;/fen&gt; can also be indicated.  

&lt;ex&gt;&lt;fex name="Item"&gt;The house&lt;/fex&gt; had &lt;t&gt;cooled&lt;/t&gt; &lt;t&gt;off&lt;/t&gt; &lt;fex name="Temperature_change"&gt;by a few more degrees&lt;/fex&gt; &lt;fex name="Time"&gt;by midnight&lt;/fex&gt;, and we finally managed to eat a bite.&lt;/ex&gt;
&lt;/def-root&gt;</definition>
    <FE bgColor="0000FF" fgColor="FFFFFF" coreType="Core" cBy="MJE" cDate="10/17/2003 07:19:54 PDT Fri" abbrev="" name="Item" ID="5645">
        <definition>&lt;def-root&gt;The entity whose temperature changes.&lt;/def-root&gt;</definition>
    </FE>
    <FE bgColor="FF69B4" fgColor="FFFFFF" coreType="Peripheral" cBy="MJE" cDate="10/17/2003 07:21:00 PDT Fri" abbrev="" name="Initial_temperature" ID="5646">
        <definition>&lt;def-root&gt;The temperature that the &lt;fen&gt;Item&lt;/fen&gt; has prior to the event.&lt;/def-root&gt;</definition>
    </FE>
    <FE bgColor="9400D3" fgColor="FFFFFF" coreType="Peripheral" cBy="MJE" cDate="10/17/2003 07:22:16 PDT Fri" abbrev="" name="Final_temperature" ID="5647">
        <definition>&lt;def-root&gt;The temperature of the &lt;fen&gt;Item&lt;/fen&gt; after the event.&lt;/def-root&gt;</definition>
    </FE>
    <FE bgColor="2E8B57" fgColor="FFFFFF" coreType="Peripheral" cBy="MJE" cDate="10/17/2003 07:23:01 PDT Fri" abbrev="" name="Temperature_change" ID="5648">
        <definition>&lt;def-root&gt;The amount of difference between the &lt;fen&gt;Initial_temperature&lt;/fen&gt; and the &lt;fen&gt;Final_temperature&lt;/fen&gt; of the &lt;fen&gt;Item&lt;/fen&gt;.&lt;/def-root&gt;</definition>
    </FE>
    <FE bgColor="FF0000" fgColor="FFFFFF" coreType="Peripheral" cBy="MJE" cDate="10/17/2003 07:24:21 PDT Fri" abbrev="" name="Hot_cold_source" ID="5649">
        <definition>&lt;def-root&gt;The &lt;fen&gt;Hot_cold_source&lt;/fen&gt; is the source of the heat or coolness&lt;/def-root&gt;</definition>
    </FE>
    <FE bgColor="1E90FF" fgColor="FFFFFF" coreType="Peripheral" cBy="MJE" cDate="10/17/2003 07:28:46 PDT Fri" abbrev="" name="Cause" ID="5650">
        <definition>&lt;def-root&gt;An event or state-of-affairs that leads to the change in temperature of the &lt;fen&gt;Item&lt;/fen&gt;.&lt;/def-root&gt;</definition>
    </FE>
    <FE bgColor="A9A9A9" fgColor="FFFFFF" coreType="Peripheral" cBy="MJE" cDate="10/17/2003 07:32:51 PDT Fri" abbrev="" name="Container" ID="5651">
        <definition>&lt;def-root&gt;This FE identifies the &lt;fen&gt;Container&lt;/fen&gt; that holds the &lt;fen&gt;Item&lt;/fen&gt; whose temperature is being changed.&lt;/def-root&gt;</definition>
    </FE>
    <FE bgColor="008000" fgColor="FFFFFF" coreType="Extra-Thematic" cBy="MJE" cDate="10/17/2003 07:33:41 PDT Fri" abbrev="" name="Depictive" ID="5652">
        <definition>&lt;def-root&gt;The state of the &lt;fen&gt;Item&lt;/fen&gt; during the temperature change.&lt;/def-root&gt;</definition>
    </FE>
    <FE bgColor="9F79EE" fgColor="FFFFFF" coreType="Peripheral" cBy="MJE" cDate="10/17/2003 07:34:46 PDT Fri" abbrev="" name="Duration" ID="5653">
        <definition>&lt;def-root&gt;The span of time in which the &lt;fen&gt;Item&lt;/fen&gt; is changing temperature.&lt;/def-root&gt;</definition>
        <semType name="Duration" ID="142"/>
    </FE>
    <FE bgColor="FFA500" fgColor="FFFFFF" coreType="Peripheral" cBy="MJE" cDate="10/17/2003 07:35:32 PDT Fri" abbrev="" name="Time" ID="5654">
        <definition>&lt;def-root&gt;The time at which the change in temperature occurs.&lt;/def-root&gt;</definition>
        <semType name="Time" ID="141"/>
    </FE>
    <FE bgColor="d0d0d0" fgColor="FFFFFF" coreType="Peripheral" cBy="MJE" cDate="10/17/2003 07:36:34 PDT Fri" abbrev="" name="Place" ID="5655">
        <definition>&lt;def-root&gt;The location at which the &lt;fen&gt;Item&lt;/fen&gt; changes temperature.&lt;/def-root&gt;</definition>
        <semType name="Locative_relation" ID="182"/>
    </FE>
    <FE bgColor="800080" fgColor="FFFFFF" coreType="Extra-Thematic" cBy="MJE" cDate="10/17/2003 07:37:34 PDT Fri" abbrev="" name="Subregion" ID="5656">
        <definition>&lt;def-root&gt;A portion of the &lt;fen&gt;Item&lt;/fen&gt; which is affected by the temperature change.&lt;/def-root&gt;</definition>
    </FE>
    <FE bgColor="FF00FF" fgColor="FFFFFF" coreType="Peripheral" cBy="MJE" cDate="10/17/2003 07:38:33 PDT Fri" abbrev="" name="Manner" ID="5657">
        <definition>&lt;def-root&gt;The manner in which the &lt;fen&gt;Item&lt;/fen&gt; changes temperature.&lt;/def-root&gt;</definition>
        <semType name="Manner" ID="173"/>
    </FE>
    <FE bgColor="006400" fgColor="FFFFFF" coreType="Extra-Thematic" cBy="MJE" cDate="10/17/2003 07:43:32 PDT Fri" abbrev="cir" name="Circumstances" ID="5658">
        <definition>&lt;def-root&gt;This FE identifies the &lt;fen&gt;Circumstances&lt;/fen&gt; under which the temperature change occurs&lt;/def-root&gt;</definition>
    </FE>
    <FE bgColor="FFD700" fgColor="000000" coreType="Peripheral" cBy="AnW" cDate="06/01/2009 02:05:11 PDT Mon" abbrev="" name="Result" ID="13183">
        <definition>&lt;def-root&gt;The state of the &lt;fen&gt;Item&lt;/fen&gt; that results from the temperature change.&lt;/def-root&gt;</definition>
    </FE>
    <FE bgColor="A52A2A" fgColor="000000" coreType="Extra-Thematic" cBy="AnW" cDate="06/04/2009 03:30:26 PDT Thu" abbrev="" name="Particular_iteration" ID="13189">
        <definition>&lt;def-root&gt;Expressions marked with this extra-thematic FE modify a non-iterative use of the target, and indicate that it is conceived as embedded within an iterated series of similar events or states.&lt;/def-root&gt;</definition>
    </FE>
    <FE bgColor="FFFF00" fgColor="000000" coreType="Core" cBy="CVa" cDate="05/07/2013 02:40:02 PDT Tue" abbrev="Temp" name="Temperature" ID="15914">
        <definition>&lt;def-root&gt;The scalar property that the &lt;fen&gt;Item&lt;/fen&gt; possesses.  This FE is rarely expressed.

&lt;ex&gt;The raw fish that is to be eaten as sushi has to be meticulously prepared and must first be &lt;t&gt;chilled&lt;/t&gt; &lt;fex name="Temp"&gt;in temperature&lt;/fex&gt; to exactly above freezing point.&lt;/ex&gt;&lt;/def-root&gt;</definition>
    </FE>
    <FE bgColor="808080" fgColor="000000" coreType="Peripheral" cBy="CVa" cDate="05/07/2013 02:52:22 PDT Tue" abbrev="" name="Degree" ID="15915">
        <definition>&lt;def-root&gt;The degree to which the change in temperature takes place.&lt;/def-root&gt;</definition>
    </FE>
    <frameRelation type="Inherits from">
        <relatedFrame ID="91">Change_position_on_a_scale</relatedFrame>
    </frameRelation>
    <frameRelation type="Is Inherited by"/>
    <frameRelation type="Perspective on"/>
    <frameRelation type="Is Perspectivized in"/>
    <frameRelation type="Uses"/>
    <frameRelation type="Is Used by"/>
    <frameRelation type="Subframe of"/>
    <frameRelation type="Has Subframe(s)"/>
    <frameRelation type="Precedes"/>
    <frameRelation type="Is Preceded by"/>
    <frameRelation type="Is Inchoative of">
        <relatedFrame ID="1050">Temperature</relatedFrame>
    </frameRelation>
    <frameRelation type="Is Causative of"/>
    <frameRelation type="See also"/>
    <lexUnit status="Finished_Initial" POS="V" name="chill.v" ID="9818" lemmaID="6309" cBy="MJE" cDate="10/17/2003 07:47:31 PDT Fri">
        <definition>COD: make cold. </definition>
        <sentenceCount annotated="12" total="320"/>
        <lexeme order="1" headword="false" breakBefore="false" POS="V" name="chill"/>
    </lexUnit>
    <lexUnit status="Add_Annotation" POS="V" name="cool.v" ID="9820" lemmaID="8255" cBy="MJE" cDate="10/17/2003 08:16:10 PDT Fri">
        <definition>FN: reach or approach a fairly low temperature</definition>
        <sentenceCount annotated="0" total="342"/>
        <lexeme order="1" headword="false" breakBefore="false" POS="V" name="cool"/>
    </lexUnit>
    <lexUnit status="Rules_Defined" POS="V" name="heat.v" ID="9821" lemmaID="17715" cBy="MJE" cDate="10/17/2003 08:19:29 PDT Fri">
        <definition>FN: to move from a cooler temperature to a warmer one</definition>
        <sentenceCount annotated="1" total="219"/>
        <lexeme order="1" headword="false" breakBefore="false" POS="V" name="heat"/>
    </lexUnit>
    <lexUnit status="Created" POS="V" name="refrigerate.v" ID="9822" lemmaID="32354" cBy="MJE" cDate="10/17/2003 08:40:43 PDT Fri">
        <definition>FN: to become cooler in temperature by being placed in a refrigerator</definition>
        <sentenceCount annotated="0" total="19"/>
        <lexeme order="1" headword="false" breakBefore="false" POS="V" name="refrigerate"/>
    </lexUnit>
    <lexUnit status="Created" POS="V" name="reheat.v" ID="9823" lemmaID="45741" cBy="MJE" cDate="10/17/2003 08:41:12 PDT Fri">
        <definition>FN: to become warm once again by being subjected to an energy source which gives out heat</definition>
        <sentenceCount annotated="0" total="22"/>
        <lexeme order="1" headword="false" breakBefore="false" POS="V" name="reheat"/>
    </lexUnit>
    <lexUnit status="Finished_Initial" POS="V" name="warm.v" ID="9824" lemmaID="43447" cBy="MJE" cDate="10/17/2003 08:42:20 PDT Fri">
        <definition>FN: to become higher in temperature by being subjected to a heat source</definition>
        <sentenceCount annotated="16" total="433"/>
        <lexeme order="1" headword="false" breakBefore="false" POS="V" name="warm"/>
    </lexUnit>
    <lexUnit status="Created" POS="V" name="cool off.v" ID="11190" lemmaID="49701" cBy="MiL" cDate="11/18/2004 05:32:15 PST Thu">
        <definition>FN: cause a relative decrease in temperature</definition>
        <sentenceCount annotated="0" total="0"/>
        <lexeme order="1" headword="true" breakBefore="false" POS="V" name="cool"/>
        <lexeme order="2" headword="false" breakBefore="true" POS="PREP" name="off"/>
    </lexUnit>
</frame>