<?xml version="1.0" encoding="UTF-8" standalone="yes"?>
<?xml-stylesheet type="text/xsl" href="frame.xsl"?>
<frame cBy="ACW" cDate="05/31/2002 11:54:16 PDT Fri" name="Change_of_phase" ID="336" xsi:schemaLocation="../schema/frame.xsd" xmlns="http://framenet.icsi.berkeley.edu" xmlns:xsi="http://www.w3.org/2001/XMLSchema-instance">
    <definition>&lt;def-root&gt;In this frame a &lt;fen&gt;Patient&lt;/fen&gt; undergoes a change of phase.  Note that this frame contrasts with Change_of_consistency in that this frame describes a change of a &lt;fen&gt;Patient&lt;/fen&gt; between different phases (i.e. solid to liquid or frozen to "unfrozen").  &lt;ex&gt;&lt;fex name="Patient"&gt;The water&lt;/fex&gt; &lt;t&gt;froze&lt;/t&gt;.&lt;/ex&gt; &lt;ex&gt;&lt;fex name="Patient"&gt;The rock&lt;/fex&gt; &lt;t&gt;solidifies&lt;/t&gt; &lt;fex name="Initial_state"&gt;from its molten state&lt;/fex&gt;.&lt;/ex&gt; &lt;ex&gt;&lt;fex name="Patient"&gt;The lake&lt;/fex&gt; &lt;t&gt;froze&lt;/t&gt; &lt;fex name="Result"&gt;solid&lt;/fex&gt;.&lt;/ex&gt; &lt;ex&gt;&lt;fex name="Patient"&gt;The lake&lt;/fex&gt; &lt;t&gt;froze&lt;/t&gt; &lt;fex name="Result"&gt;into ice&lt;/fex&gt;.&lt;/ex&gt; &lt;ex&gt;&lt;fex name="Patient"&gt;The lake&lt;/fex&gt; &lt;t&gt;froze&lt;/t&gt; &lt;fex name="Degree"&gt;to depths of 30 feet&lt;/fex&gt;.&lt;/ex&gt; &lt;/def-root&gt;</definition>
    <FE bgColor="0000FF" fgColor="FFFFFF" coreType="Core" cBy="ACW" cDate="05/31/2002 12:29:48 PDT Fri" abbrev="Pat" name="Patient" ID="2883">
        <definition>&lt;def-root&gt;&lt;fen&gt;Patient&lt;/fen&gt; is the entity that undergoes a change of phase.   &lt;ex&gt;&lt;fex name="Patient"&gt;The water&lt;/fex&gt; &lt;t&gt;froze&lt;/t&gt;.&lt;/ex&gt; &lt;/def-root&gt;</definition>
    </FE>
    <FE bgColor="EEE8AA" fgColor="0000FF" coreType="Extra-Thematic" cBy="ACW" cDate="05/31/2002 12:50:29 PDT Fri" abbrev="Result" name="Result" ID="2884">
        <definition>&lt;def-root&gt;The FE &lt;fen&gt;Result&lt;/fen&gt; indicates the result of the change of phase.

&lt;ex&gt;The lake &lt;t&gt;froze&lt;/t&gt; &lt;fex name="Result"&gt;solid&lt;/fex&gt;.&lt;/ex&gt;&lt;/def-root&gt;</definition>
    </FE>
    <FE bgColor="A52A2A" fgColor="FFFFFF" coreType="Peripheral" cBy="ACW" cDate="06/03/2002 12:32:52 PDT Mon" abbrev="I_state" name="Initial_state" ID="2916">
        <definition>&lt;def-root&gt;This is the original state of the &lt;fen&gt;Patient&lt;/fen&gt;.  &lt;ex&gt;The rock &lt;t&gt;solidified&lt;/t&gt; &lt;fex name="Initial_state"&gt; from its molten state&lt;/fex&gt;.&lt;/ex&gt;&lt;/def-root&gt;</definition>
    </FE>
    <FE bgColor="FF69B4" fgColor="FFFFFF" coreType="Peripheral" cBy="ACW" cDate="06/04/2002 04:03:07 PDT Tue" abbrev="Degr" name="Degree" ID="2967">
        <definition>&lt;def-root&gt;Degree to which the &lt;fen&gt;Patient&lt;/fen&gt; changes phase.  &lt;ex&gt;The lake &lt;t&gt;froze&lt;/t&gt; &lt;fex name="Degree"&gt;to depths of 30 feet&lt;/fex&gt;.&lt;/ex&gt; &lt;/def-root&gt;</definition>
        <semType name="Degree" ID="172"/>
    </FE>
    <FE bgColor="9400D3" fgColor="FFFFFF" coreType="Peripheral" cBy="ACW" cDate="06/04/2002 04:03:42 PDT Tue" abbrev="Spd" name="Speed" ID="2968">
        <definition>&lt;def-root&gt;The &lt;fen&gt;Speed&lt;/fen&gt; at which the change of phase occurs.&lt;/def-root&gt;</definition>
        <semType name="Speed" ID="234"/>
    </FE>
    <FE bgColor="FF00FF" fgColor="FFFFFF" coreType="Peripheral" cBy="ACW" cDate="06/04/2002 04:18:32 PDT Tue" abbrev="Manr" name="Manner" ID="2969">
        <definition>&lt;def-root&gt;The &lt;fen&gt;Manner&lt;/fen&gt; in which the &lt;fen&gt;Patient&lt;/fen&gt; changes phase.&lt;/def-root&gt;</definition>
        <semType name="Manner" ID="173"/>
    </FE>
    <FE bgColor="008000" fgColor="FFFFFF" coreType="Peripheral" cBy="ACW" cDate="06/04/2002 04:30:16 PDT Tue" abbrev="Place" name="Place" ID="2970">
        <definition>&lt;def-root&gt;Where the &lt;fen&gt;Patient&lt;/fen&gt; changes phase. &lt;/def-root&gt;</definition>
        <semType name="Locative_relation" ID="182"/>
    </FE>
    <FE bgColor="FFA500" fgColor="FFFFFF" coreType="Peripheral" cBy="ACW" cDate="06/04/2002 04:30:47 PDT Tue" abbrev="Time" name="Time" ID="2971">
        <definition>&lt;def-root&gt;This FE identifies the &lt;fen&gt;Time&lt;/fen&gt; at which the &lt;fen&gt;Patient&lt;/fen&gt; changes phase.&lt;/def-root&gt;</definition>
        <semType name="Time" ID="141"/>
    </FE>
    <FE bgColor="00BFFF" fgColor="FFFFFF" coreType="Extra-Thematic" cBy="ACW" cDate="06/05/2002 09:51:10 PDT Wed" abbrev="cir" name="Circumstances" ID="2973">
        <definition>&lt;def-root&gt;This FE identifies the &lt;fen&gt;Circumstances&lt;/fen&gt; at which the phase change occurs.&lt;/def-root&gt;</definition>
    </FE>
    <FE bgColor="00008B" fgColor="FFFFFF" coreType="Extra-Thematic" cBy="ACW" cDate="06/12/2002 04:15:48 PDT Wed" abbrev="sub" name="Subregion" ID="3038">
        <definition>&lt;def-root&gt;The &lt;fen&gt;Subregion&lt;/fen&gt; describes which part of a larger whole is being affected.

&lt;ex&gt;The cloth &lt;t&gt;froze&lt;/t&gt; &lt;fex name="sub"&gt;around the edges&lt;/fex&gt;.&lt;/ex&gt;&lt;/def-root&gt;</definition>
        <semType name="Locative_relation" ID="182"/>
    </FE>
    <frameRelation type="Inherits from"/>
    <frameRelation type="Is Inherited by"/>
    <frameRelation type="Perspective on"/>
    <frameRelation type="Is Perspectivized in"/>
    <frameRelation type="Uses"/>
    <frameRelation type="Is Used by"/>
    <frameRelation type="Subframe of">
        <relatedFrame ID="1281">Change_of_phase_scenario</relatedFrame>
    </frameRelation>
    <frameRelation type="Has Subframe(s)"/>
    <frameRelation type="Precedes">
        <relatedFrame ID="385">Substance_by_phase</relatedFrame>
    </frameRelation>
    <frameRelation type="Is Preceded by"/>
    <frameRelation type="Is Inchoative of"/>
    <frameRelation type="Is Causative of"/>
    <frameRelation type="See also"/>
    <lexUnit status="Finished_Initial" POS="V" name="freeze.v" ID="5921" lemmaID="15414" cBy="ACW" cDate="05/31/2002 12:53:04 PDT Fri">
        <definition>COD: (with reference to a liquid) turn or be turned into ice or another solid as a result of extreme cold. </definition>
        <sentenceCount annotated="21" total="146"/>
        <lexeme order="1" headword="false" breakBefore="false" POS="V" name="freeze"/>
    </lexUnit>
    <lexUnit status="Insufficient_Attestations" POS="V" name="liquefy.v" ID="5923" lemmaID="22468" cBy="ACW" cDate="05/31/2002 01:48:05 PDT Fri">
        <definition>COD: become liquid</definition>
        <sentenceCount annotated="4" total="48"/>
        <lexeme order="1" headword="false" breakBefore="false" POS="V" name="liquefy"/>
    </lexUnit>
    <lexUnit status="Finished_Initial" POS="V" name="vaporize.v" ID="5932" lemmaID="42710" cBy="ACW" cDate="05/31/2002 04:19:27 PDT Fri">
        <definition>COD: convert or be converted into vapour. with obj. </definition>
        <sentenceCount annotated="5" total="60"/>
        <lexeme order="1" headword="false" breakBefore="false" POS="V" name="vaporize"/>
    </lexUnit>
    <lexUnit status="Finished_Initial" POS="V" name="evaporate.v" ID="5940" lemmaID="13244" cBy="ACW" cDate="06/03/2002 12:24:34 PDT Mon">
        <definition>COD: turn from liquid into vapour</definition>
        <sentenceCount annotated="21" total="102"/>
        <lexeme order="1" headword="false" breakBefore="false" POS="V" name="evaporate"/>
    </lexUnit>
    <lexUnit status="Finished_Initial" POS="V" name="solidify.v" ID="5941" lemmaID="36872" cBy="ACW" cDate="06/03/2002 12:37:26 PDT Mon">
        <definition>COD: make or become hard or solid</definition>
        <sentenceCount annotated="12" total="75"/>
        <lexeme order="1" headword="false" breakBefore="false" POS="V" name="solidify"/>
    </lexUnit>
    <lexUnit status="Finished_Initial" POS="V" name="thaw.v" ID="5942" lemmaID="40020" cBy="ACW" cDate="06/03/2002 01:25:49 PDT Mon">
        <definition>COD: become liquid or soft as a result of warming up</definition>
        <sentenceCount annotated="15" total="106"/>
        <lexeme order="1" headword="false" breakBefore="false" POS="V" name="thaw"/>
    </lexUnit>
    <lexUnit status="Needs_SCs" POS="V" name="sublime.v" ID="5943" lemmaID="45711" cBy="ACW" cDate="06/03/2002 01:30:51 PDT Mon">
        <definition>COD: (with reference to a solid substance) change directly into vapour when heated, typically forming a solid deposit again on cooling.</definition>
        <sentenceCount annotated="1" total="1"/>
        <lexeme order="1" headword="false" breakBefore="false" POS="V" name="sublime"/>
    </lexUnit>
    <lexUnit status="Finished_Initial" POS="V" name="condense.v" ID="5944" lemmaID="7662" cBy="ACW" cDate="06/03/2002 01:45:40 PDT Mon">
        <definition>COD: change from a gas or vapour to a liquid</definition>
        <sentenceCount annotated="13" total="71"/>
        <lexeme order="1" headword="false" breakBefore="false" POS="V" name="condense"/>
    </lexUnit>
    <lexUnit status="Finished_Initial" POS="V" name="melt.v" ID="5954" lemmaID="23933" cBy="ACW" cDate="06/03/2002 04:10:55 PDT Mon">
        <definition>COD: make or become liquefied by heating. </definition>
        <sentenceCount annotated="28" total="161"/>
        <lexeme order="1" headword="false" breakBefore="false" POS="V" name="melt"/>
    </lexUnit>
    <lexUnit status="Finished_Initial" POS="V" name="defrost.v" ID="5972" lemmaID="9970" cBy="ACW" cDate="06/04/2002 12:18:13 PDT Tue">
        <definition>COD: thaw (frozen food). </definition>
        <sentenceCount annotated="5" total="32"/>
        <lexeme order="1" headword="false" breakBefore="false" POS="V" name="defrost"/>
    </lexUnit>
    <lexUnit status="Created" POS="N" name="condensation.n" ID="8015" lemmaID="7661" cBy="ACW" cDate="01/16/2003 02:31:06 PST Thu">
        <definition>COD: the conversion of a vapour or gas to a liquid.</definition>
        <sentenceCount annotated="0" total="0"/>
        <lexeme order="1" headword="false" breakBefore="false" POS="N" name="condensation"/>
    </lexUnit>
    <lexUnit status="Created" POS="N" name="evaporation.n" ID="8016" lemmaID="13245" cBy="ACW" cDate="01/16/2003 02:32:34 PST Thu">
        <definition>FN: the process of liquid turning to gas</definition>
        <sentenceCount annotated="0" total="0"/>
        <lexeme order="1" headword="false" breakBefore="false" POS="N" name="evaporation"/>
    </lexUnit>
    <lexUnit status="Created" POS="N" name="solidification.n" ID="8018" lemmaID="36871" cBy="ACW" cDate="01/16/2003 02:34:45 PST Thu">
        <definition>FN: the process of becoming more solid</definition>
        <sentenceCount annotated="0" total="0"/>
        <lexeme order="1" headword="false" breakBefore="false" POS="N" name="solidification"/>
    </lexUnit>
    <lexUnit status="Created" POS="N" name="sublimation.n" ID="8019" lemmaID="38542" cBy="ACW" cDate="01/16/2003 02:36:41 PST Thu">
        <definition>FN: the process of a solid turning directly into vapor.</definition>
        <sentenceCount annotated="0" total="0"/>
        <lexeme order="1" headword="false" breakBefore="false" POS="N" name="sublimation"/>
    </lexUnit>
    <lexUnit status="Created" POS="V" name="unfreeze.v" ID="17519" lemmaID="50005" cBy="CVa" cDate="07/07/2014 11:25:23 PDT Mon">
        <definition>FN: to thaw</definition>
        <sentenceCount annotated="0" total="0"/>
        <lexeme order="1" headword="true" breakBefore="false" POS="V" name="unfreeze"/>
    </lexUnit>
</frame>