<?xml version="1.0" encoding="UTF-8" standalone="yes"?>
<?xml-stylesheet type="text/xsl" href="frame.xsl"?>
<frame cBy="PKe" cDate="04/19/2012 03:25:01 PDT Thu" name="Chemical_potency" ID="2724" xsi:schemaLocation="../schema/frame.xsd" xmlns="http://framenet.icsi.berkeley.edu" xmlns:xsi="http://www.w3.org/2001/XMLSchema-instance">
    <definition>&lt;def-root&gt;This frame contains words that describe how potent a chemical is.&lt;/def-root&gt;</definition>
    <semType name="Non-Lexical Frame" ID="16"/>
    <FE bgColor="FF0000" fgColor="FFFFFF" coreType="Core" cBy="PKe" cDate="04/19/2012 03:25:01 PDT Thu" abbrev="" name="Chemical_entity" ID="15624">
        <definition>&lt;def-root&gt;The entity for which potency is being evaluated.

&lt;/def-root&gt;</definition>
    </FE>
    <FE bgColor="FF00FF" fgColor="FFFFFF" coreType="Core" cBy="PKe" cDate="04/19/2012 03:25:01 PDT Thu" abbrev="" name="Degree" ID="15626">
        <definition>&lt;def-root&gt;A modifier expressing  the deviation of the potency from the norm expressed by the target LU.&lt;/def-root&gt;</definition>
        <semType name="Degree" ID="172"/>
    </FE>
    <FE bgColor="FFA500" fgColor="FFFFFF" coreType="Extra-Thematic" cBy="PKe" cDate="04/19/2012 03:25:01 PDT Thu" abbrev="" name="Time" ID="15627">
        <definition>&lt;def-root&gt;The time during which the &lt;fen&gt;Chemical_entity&lt;/fen&gt; is in the state of having  a particular potency.&lt;/def-root&gt;</definition>
        <semType name="Time" ID="141"/>
    </FE>
    <FE bgColor="A52A2A" fgColor="FFFFFF" coreType="Extra-Thematic" cBy="PKe" cDate="04/19/2012 03:25:01 PDT Thu" abbrev="cir" name="Circumstances" ID="15628">
        <definition>&lt;def-root&gt;Some specification of the circumstances under which the &lt;fen&gt;Chemical_entity&lt;/fen&gt; has the ascribed potency.&lt;/def-root&gt;</definition>
    </FE>
    <FE bgColor="008000" fgColor="FFFFFF" coreType="Extra-Thematic" cBy="PKe" cDate="04/19/2012 03:25:01 PDT Thu" abbrev="pla" name="Place" ID="15630">
        <definition>&lt;def-root&gt;The location where the &lt;fen&gt;Chemical_entity&lt;/fen&gt; has the ascribed potency.&lt;/def-root&gt;</definition>
    </FE>
    <frameRelation type="Inherits from">
        <relatedFrame ID="1015">Gradable_attributes</relatedFrame>
    </frameRelation>
    <frameRelation type="Is Inherited by"/>
    <frameRelation type="Perspective on"/>
    <frameRelation type="Is Perspectivized in"/>
    <frameRelation type="Uses"/>
    <frameRelation type="Is Used by"/>
    <frameRelation type="Subframe of"/>
    <frameRelation type="Has Subframe(s)"/>
    <frameRelation type="Precedes"/>
    <frameRelation type="Is Preceded by"/>
    <frameRelation type="Is Inchoative of"/>
    <frameRelation type="Is Causative of"/>
    <frameRelation type="See also"/>
    <lexUnit status="Created" incorporatedFE="Degree" POS="A" name="strong.a" ID="17036" lemmaID="38383" cBy="PKe" cDate="04/19/2012 03:31:02 PDT Thu">
        <definition>FN: Of high potency, esp. of alcohol</definition>
        <sentenceCount annotated="2" total="2"/>
        <lexeme order="1" headword="false" breakBefore="false" POS="A" name="strong"/>
    </lexUnit>
    <lexUnit status="Created" incorporatedFE="Degree" POS="A" name="potent.a" ID="17037" lemmaID="29927" cBy="PKe" cDate="04/19/2012 03:40:31 PDT Thu">
        <definition>FN: Having a large amount of a salient ingredient</definition>
        <sentenceCount annotated="0" total="0"/>
        <lexeme order="1" headword="false" breakBefore="false" POS="A" name="potent"/>
    </lexUnit>
    <lexUnit status="Created" POS="A" name="stiff.a" ID="17038" lemmaID="38039" cBy="PKe" cDate="04/19/2012 03:41:23 PDT Thu">
        <definition>FN: Potent; almost exclusively used with alcoholic beverages.</definition>
        <sentenceCount annotated="0" total="0"/>
        <lexeme order="1" headword="false" breakBefore="false" POS="A" name="stiff"/>
    </lexUnit>
</frame>