<?xml version="1.0" encoding="UTF-8" standalone="yes"?>
<?xml-stylesheet type="text/xsl" href="frame.xsl"?>
<frame cBy="RLG" cDate="01/31/2003 09:09:11 PST Fri" name="Claim_ownership" ID="550" xsi:schemaLocation="../schema/frame.xsd" xmlns="http://framenet.icsi.berkeley.edu" xmlns:xsi="http://www.w3.org/2001/XMLSchema-instance">
    <definition>&lt;def-root&gt;A &lt;fen&gt;Claimant&lt;/fen&gt; asserts his or her right to possession of a piece of &lt;fen&gt;Property&lt;/fen&gt; (either real, such as land, or private).  The Claimant may be acting on the behalf of a &lt;fen&gt;Beneficiary&lt;/fen&gt;.
&lt;ex&gt;&lt;fex name="Claimant"&gt;The King&lt;/fex&gt; &lt;t&gt;claims&lt;/t&gt; &lt;fex name="Property"&gt;this land and surrounding waters&lt;/fex&gt;.&lt;/ex&gt;
&lt;ex&gt;Hoping to strike it rich, Thaddeus Gulch staked &lt;fex name="Claimant"&gt;his&lt;/fex&gt; &lt;t&gt;claim&lt;/t&gt; by the river bed.&lt;/ex&gt;
&lt;ex&gt;&lt;fex name="Claimant"&gt;I&lt;/fex&gt; &lt;supp&gt;have&lt;/supp&gt; &lt;t&gt;dibs&lt;/t&gt; &lt;fex name="Property"&gt;on the last piece of cake&lt;/fex&gt;.&lt;/ex&gt;&lt;/def-root&gt;</definition>
    <FE bgColor="FF0000" fgColor="FFFFFF" coreType="Core" cBy="RLG" cDate="01/31/2003 09:15:41 PST Fri" abbrev="Clm" name="Claimant" ID="4161">
        <definition>&lt;def-root&gt;The Claimant asserts rights or priviliges, typically ownership, over some Property.
&lt;ex&gt;The king ordered &lt;fex name="Clm"&gt;the envoy&lt;/fex&gt; to &lt;t&gt;claim&lt;/t&gt; the land accross the river.&lt;/ex&gt;&lt;/def-root&gt;</definition>
    </FE>
    <FE bgColor="0000FF" fgColor="FFFFFF" coreType="Core" cBy="RLG" cDate="01/31/2003 09:19:28 PST Fri" abbrev="Prp" name="Property" ID="4162">
        <definition>&lt;def-root&gt;The &lt;fen&gt;Property&lt;/fen&gt; is declared to be under the ownership of the &lt;fen&gt;Claimant&lt;/fen&gt;.
&lt;ex&gt;I &lt;t&gt;claim&lt;/t&gt; &lt;fex name="Prp"&gt;this forest and environs&lt;/fex&gt; in the name of the Queen.&lt;/ex&gt;&lt;/def-root&gt;</definition>
    </FE>
    <FE bgColor="2E8B57" fgColor="FFFFFF" coreType="Extra-Thematic" cBy="RLG" cDate="01/31/2003 09:22:18 PST Fri" abbrev="Ben" name="Beneficiary" ID="4163">
        <definition>&lt;def-root&gt;The &lt;fen&gt;Beneficiary&lt;/fen&gt; is declared the owner of the &lt;fen&gt;Property&lt;/fen&gt; by the &lt;fen&gt;Claimant&lt;/fen&gt;, or the person or group in whose name or favor the &lt;fen&gt;Claimant&lt;/fen&gt; is acting.
&lt;ex&gt;I &lt;t&gt;claim&lt;/t&gt; this forest and environs &lt;fex name="Ben"&gt;in the name of the Queen&lt;/fex&gt;.&lt;/ex&gt;&lt;/def-root&gt;</definition>
    </FE>
    <FE bgColor="9400D3" fgColor="FFFFFF" coreType="Extra-Thematic" cBy="RLG" cDate="07/15/2003 12:04:34 PDT Tue" abbrev="Role" name="Role" ID="4781">
        <definition>&lt;def-root&gt;The &lt;fen&gt;Role&lt;/fen&gt; of the land claimed.
&lt;ex&gt;The French government &lt;t&gt;claimed&lt;/t&gt; this string of islands &lt;fex name="Role"&gt;as their own&lt;/fex&gt;.&lt;/ex&gt;
&lt;ex&gt;As of yet, no one has &lt;t&gt;claimed&lt;/t&gt; this hill &lt;fex name="Role"&gt;as belonging to anyone&lt;/fex&gt;.&lt;/ex&gt;&lt;/def-root&gt;</definition>
    </FE>
    <frameRelation type="Inherits from"/>
    <frameRelation type="Is Inherited by"/>
    <frameRelation type="Perspective on"/>
    <frameRelation type="Is Perspectivized in"/>
    <frameRelation type="Uses">
        <relatedFrame ID="6">Communication</relatedFrame>
    </frameRelation>
    <frameRelation type="Is Used by"/>
    <frameRelation type="Subframe of"/>
    <frameRelation type="Has Subframe(s)"/>
    <frameRelation type="Precedes"/>
    <frameRelation type="Is Preceded by"/>
    <frameRelation type="Is Inchoative of"/>
    <frameRelation type="Is Causative of"/>
    <frameRelation type="See also"/>
    <lexUnit status="Finished_Initial" POS="N" name="claim.n" ID="8264" lemmaID="6610" cBy="RLG" cDate="02/05/2003 07:59:35 PST Wed">
        <definition>FN: something claimed as property, particularly a piece of land.</definition>
        <sentenceCount annotated="29" total="287"/>
        <lexeme order="1" headword="false" breakBefore="false" POS="N" name="claim"/>
    </lexUnit>
    <lexUnit status="Finished_Initial" POS="V" name="claim.v" ID="8265" lemmaID="6611" cBy="RLG" cDate="02/05/2003 08:00:28 PST Wed">
        <definition>FN: take or declare rightful ownership of.</definition>
        <sentenceCount annotated="13" total="166"/>
        <lexeme order="1" headword="false" breakBefore="false" POS="V" name="claim"/>
    </lexUnit>
    <lexUnit status="Created" POS="V" name="call.v" ID="8266" lemmaID="5229" cBy="RLG" cDate="02/05/2003 08:04:22 PST Wed">
        <definition>FN: lay claim on something as one's right.</definition>
        <sentenceCount annotated="0" total="0"/>
        <lexeme order="1" headword="false" breakBefore="false" POS="V" name="call"/>
    </lexUnit>
    <lexUnit status="Created" POS="N" name="dibs.n" ID="11139" lemmaID="47367" cBy="MiL" cDate="11/12/2004 01:32:04 PST Fri">
        <definition>COD: the right to share or choose something.</definition>
        <sentenceCount annotated="0" total="0"/>
        <lexeme order="1" headword="true" breakBefore="false" POS="N" name="dibs"/>
    </lexUnit>
</frame>