<?xml version="1.0" encoding="UTF-8" standalone="yes"?>
<?xml-stylesheet type="text/xsl" href="frame.xsl"?>
<frame cBy="JKR" cDate="04/27/2004 02:36:16 PDT Tue" name="Clemency" ID="1086" xsi:schemaLocation="../schema/frame.xsd" xmlns="http://framenet.icsi.berkeley.edu" xmlns:xsi="http://www.w3.org/2001/XMLSchema-instance">
    <definition>&lt;def-root&gt;An &lt;fen&gt;Executive_authority&lt;/fen&gt; exercises their power to reduce or remove negative consequences for someone who has been labeled an &lt;fen&gt;Offender&lt;/fen&gt; who participated in an &lt;fen&gt;Crime&lt;/fen&gt;.

&lt;ex&gt;&lt;fex name="off"&gt;A Fort Worth man convicted of a robbery his brother later confessed
to committing&lt;/fex&gt; was &lt;m&gt;granted&lt;/m&gt; &lt;t&gt;clemency&lt;/t&gt; &lt;fex name="zei"&gt;on December 20, 2002&lt;/fex&gt;, &lt;fex name="exe"&gt;by Governor Rick Perry&lt;/fex&gt;.&lt;/ex&gt;
&lt;ex&gt;A Fort Worth man convicted &lt;fex name="cri"&gt;of a robbery his brother later confessed
to committing&lt;/fex&gt; was &lt;m&gt;granted&lt;/m&gt; &lt;t&gt;clemency&lt;/t&gt; on December 20, 2002, by Governor Rick Perry.&lt;/ex&gt;


&lt;ex&gt;Engel represented Robert Bacon, &lt;fex name="off"&gt;the first man&lt;/fex&gt; &lt;fex name="exe"&gt;Easley&lt;/fex&gt; &lt;m&gt;gave&lt;/m&gt; &lt;t&gt;clemency&lt;/t&gt; &lt;fex name="zei"&gt;in 2001&lt;/fex&gt;. &lt;fex name="cri"&gt;INI&lt;/fex&gt; &lt;/ex&gt;

&lt;ex&gt;Ohioans will receive a blow-by-blow account of arguments before the Ohio Parole Board on whether &lt;fex name="off"&gt;Cincinnatian John Byrd Jr.&lt;/fex&gt; should be executed or &lt;m&gt;granted&lt;/m&gt; &lt;t&gt;clemency&lt;/t&gt; &lt;fex name="cri"&gt;for a 1983 murder&lt;/fex&gt;. &lt;fex name="exe"&gt;CNI&lt;/fex&gt;&lt;/ex&gt;&lt;/def-root&gt;</definition>
    <FE bgColor="008000" fgColor="FFFFFF" coreType="Core" cBy="JKR" cDate="04/27/2004 03:11:00 PDT Tue" abbrev="off" name="Offender" ID="6336">
        <definition>&lt;def-root&gt;The individual who is accused or convicted of a &lt;fen&gt;Crime&lt;/fen&gt;.

&lt;ex&gt;Since 1976, &lt;fex name="off"&gt;225 death row inmates&lt;/fex&gt; have been &lt;m&gt;granted&lt;/m&gt; &lt;t&gt;clemency&lt;/t&gt; for humanitarian
reasons. &lt;/ex&gt;&lt;/def-root&gt;</definition>
    </FE>
    <FE bgColor="FFA500" fgColor="FFFFFF" coreType="Core" cBy="JKR" cDate="04/27/2004 03:11:59 PDT Tue" abbrev="cri" name="Crime" ID="6337">
        <definition>&lt;def-root&gt;An action deemed criminal by law.

&lt;ex&gt;I never saw a legal case where a person was given &lt;t&gt;clemency&lt;/t&gt; &lt;fex name="cri"&gt;for murder&lt;/fex&gt;.&lt;/ex&gt;&lt;/def-root&gt;</definition>
    </FE>
    <FE bgColor="FF0000" fgColor="FFFFFF" coreType="Core" cBy="JKR" cDate="04/27/2004 03:18:45 PDT Tue" abbrev="exe" name="Executive_authority" ID="6338">
        <definition>&lt;def-root&gt;The constitutionally specified authority who has the power to grant clemency.

&lt;ex&gt;Mr. Papa was &lt;m&gt;granted&lt;/m&gt; &lt;t&gt;clemency&lt;/t&gt; for a drug conviction &lt;fex name="exe"&gt;by Mr. Pataki&lt;/fex&gt;, and released in 1997&lt;/ex&gt;&lt;/def-root&gt;</definition>
        <semType name="Sentient" ID="5"/>
    </FE>
    <FE bgColor="90876C" fgColor="FFFFFF" coreType="Extra-Thematic" cBy="JKR" cDate="04/27/2004 03:22:54 PDT Tue" abbrev="exp" name="Explanation" ID="6339">
        <definition>&lt;def-root&gt;A state of affairs that the &lt;fen&gt;Executive_authority&lt;/fen&gt;  is responding to in granting clemency. 

&lt;ex&gt;Since 1976, 224 death row inmates have been granted &lt;t&gt;clemency&lt;/t&gt; &lt;fex name="exp"&gt;for humanitarian reasons&lt;/fex&gt;. &lt;/ex&gt;&lt;/def-root&gt;</definition>
        <semType name="State_of_affairs" ID="177"/>
    </FE>
    <FE bgColor="00BFFF" fgColor="FFFFFF" coreType="Peripheral" cBy="JKR" cDate="04/27/2004 03:25:53 PDT Tue" abbrev="zei" name="Time" ID="6340">
        <definition>&lt;def-root&gt;The time at which clemency is granted.

&lt;ex&gt;In addition to Ms.  White, 55, Mr.  Pataki granted &lt;t&gt;clemency&lt;/t&gt; &lt;fex name="zei"&gt;yesterday&lt;/fex&gt; to three men serving long prison terms for offenses under the stern Rockefeller-era drug laws that mandate long sentences for some relatively low-level drug crimes.&lt;/ex&gt;&lt;/def-root&gt;</definition>
        <semType name="Time" ID="141"/>
    </FE>
    <FE bgColor="800080" fgColor="FFFFFF" coreType="Peripheral" cBy="JKR" cDate="04/28/2004 03:17:57 PDT Wed" abbrev="mea" name="Means" ID="6351">
        <definition>&lt;def-root&gt;An intentional action performed by the &lt;fen&gt;Executive_authority&lt;/fen&gt; that accomplishes the granting of clemency.

&lt;ex&gt;Write, call, e-mail, or fax Governor Frank O'Bannon as soon as possible and urge
him to grant &lt;t&gt;clemency&lt;/t&gt; &lt;fex name="mea"&gt;by giving Gary Burris a sentence of life without parole&lt;/fex&gt;&lt;/ex&gt;&lt;/def-root&gt;</definition>
        <semType name="State_of_affairs" ID="177"/>
    </FE>
    <FE bgColor="FF69B4" fgColor="FFFFFF" coreType="Peripheral" cBy="MJE" cDate="04/28/2004 03:24:23 PDT Wed" abbrev="" name="Manner" ID="6353">
        <definition>&lt;def-root&gt;Any description of the act of clemency which is not covered by more specific FEs, including secondary effects (&lt;ment&gt;quietly&lt;/ment&gt;, &lt;ment&gt;loudly&lt;/ment&gt;) and general descriptions comparing events (&lt;ment&gt;the same way&lt;/ment&gt;). It may indicate salient characteristics of an &lt;fen&gt;Executive_authority&lt;/fen&gt; that also affect the action (&lt;ment&gt;presumptuously&lt;/ment&gt;, &lt;ment&gt;coldly&lt;/ment&gt;, &lt;ment&gt;deliberately&lt;/ment&gt;, &lt;ment&gt;eagerly&lt;/ment&gt;, &lt;ment&gt;carefully&lt;/ment&gt;). &lt;/def-root&gt;</definition>
        <semType name="Manner" ID="173"/>
    </FE>
    <FE bgColor="808080" fgColor="FFFFFF" coreType="Peripheral" cBy="MJE" cDate="04/28/2004 03:29:38 PDT Wed" abbrev="pur" name="Purpose" ID="6354">
        <definition>&lt;def-root&gt;An action that the &lt;fen&gt;Executive_authority&lt;/fen&gt; intends to accomplish by granting clemency.

&lt;ex&gt;And so he &lt;m&gt;granted&lt;/m&gt; &lt;t&gt;clemency&lt;/t&gt; &lt;fex name="pur"&gt;so that all who surrendered would be received as freedmen into his own army&lt;/fex&gt;.&lt;/ex&gt;&lt;/def-root&gt;</definition>
        <semType name="State_of_affairs" ID="177"/>
    </FE>
    <FE bgColor="00008B" fgColor="FFFFFF" coreType="Peripheral" cBy="MJE" cDate="04/28/2004 03:38:04 PDT Wed" abbrev="pla" name="Place" ID="6355">
        <definition>&lt;def-root&gt;The location at which the &lt;fen&gt;Executive_authority&lt;/fen&gt; grants clemency.

&lt;ex&gt;Apparently, no woman has ever been &lt;m&gt;granted&lt;/m&gt; &lt;t&gt;clemency&lt;/t&gt; &lt;fex name="pla"&gt;there&lt;/fex&gt;.&lt;/ex&gt;&lt;/def-root&gt;</definition>
        <semType name="Locative_relation" ID="182"/>
    </FE>
    <frameRelation type="Inherits from">
        <relatedFrame ID="198">Intentionally_act</relatedFrame>
    </frameRelation>
    <frameRelation type="Is Inherited by">
        <relatedFrame ID="681">Pardon</relatedFrame>
    </frameRelation>
    <frameRelation type="Perspective on"/>
    <frameRelation type="Is Perspectivized in"/>
    <frameRelation type="Uses"/>
    <frameRelation type="Is Used by">
        <relatedFrame ID="1088">Commutation</relatedFrame>
    </frameRelation>
    <frameRelation type="Subframe of"/>
    <frameRelation type="Has Subframe(s)"/>
    <frameRelation type="Precedes"/>
    <frameRelation type="Is Preceded by"/>
    <frameRelation type="Is Inchoative of"/>
    <frameRelation type="Is Causative of"/>
    <frameRelation type="See also"/>
    <lexUnit status="Finished_Initial" POS="N" name="clemency.n" ID="10454" lemmaID="49045" cBy="JKR" cDate="04/27/2004 04:10:33 PDT Tue">
        <definition>FN: an act wherein an executive authority reduces a sentence or pardons an offender</definition>
        <sentenceCount annotated="26" total="298"/>
        <lexeme order="1" headword="true" breakBefore="false" POS="N" name="clemency"/>
    </lexUnit>
</frame>