<?xml version="1.0" encoding="UTF-8" standalone="yes"?>
<?xml-stylesheet type="text/xsl" href="frame.xsl"?>
<frame cBy="ChW" cDate="02/07/2001 04:11:54 PST Wed" name="Cogitation" ID="22" xsi:schemaLocation="../schema/frame.xsd" xmlns="http://framenet.icsi.berkeley.edu" xmlns:xsi="http://www.w3.org/2001/XMLSchema-instance">
    <definition>&lt;def-root&gt;A person, the &lt;fen&gt;Cognizer&lt;/fen&gt;, thinks about a &lt;fen&gt;Topic&lt;/fen&gt; over a period of time. What is thought about may be a course of action that the person might take, or something more general.

&lt;ex&gt;&lt;fex name="Cognizer"&gt;The men&lt;/fex&gt; were &lt;fex name="Manner"&gt;silently&lt;/fex&gt; &lt;t&gt;mulling&lt;/t&gt; &lt;t&gt;over&lt;/t&gt; &lt;fex name="Topic"&gt;the proposition of committing an assassination&lt;/fex&gt;&lt;/ex&gt;&lt;/def-root&gt;</definition>
    <FE bgColor="FF0000" fgColor="FFFFFF" coreType="Core" cBy="ChW" cDate="02/07/2001 04:11:54 PST Wed" abbrev="Cog" name="Cognizer" ID="96">
        <definition>&lt;def-root&gt;With a target verb, the Cognizer is usually expressed as an External Argument, with the Topic appearing as an Object NP, a gerundive verbal Complement, or a PP.
&lt;ex&gt;&lt;fex name="Cognizer"&gt;Pat&lt;/fex&gt; &lt;t&gt;considered&lt;/t&gt; a career change.&lt;/ex&gt;
&lt;ex&gt;&lt;fex name="Cognizer"&gt;The employees&lt;/fex&gt; &lt;t&gt;contemplated&lt;/t&gt; going on strike.&lt;/ex&gt;
&lt;ex&gt;&lt;fex name="Cognizer"&gt;Everyone&lt;/fex&gt; &lt;t&gt;thought&lt;/t&gt; about the game.&lt;/ex&gt;

With a target noun, the &lt;fen&gt;Cognizer&lt;/fen&gt; is typically expressed as the External Argument of a &lt;ment&gt;support verb&lt;/ment&gt;, as a possessor, or in a PP.
&lt;ex&gt;&lt;fex name="Cognizer"&gt;The teacher&lt;/fex&gt; &lt;t&gt;gave&lt;/t&gt; some &lt;t&gt;thought&lt;/t&gt; to a career change.&lt;/ex&gt;
&lt;ex&gt;&lt;fex name="Cognizer"&gt;Your&lt;/fex&gt; &lt;t&gt;thoughts&lt;/t&gt; about art are not relevant.&lt;/ex&gt;
&lt;ex&gt;Your application was submitted for &lt;t&gt;consideration&lt;/t&gt; &lt;fex name="Cognizer"&gt;by the committee&lt;/fex&gt;.&lt;/ex&gt;&lt;/def-root&gt;</definition>
        <semType name="Sentient" ID="5"/>
    </FE>
    <FE bgColor="FFA500" fgColor="FFFFFF" coreType="Core" cBy="ChW" cDate="02/07/2001 04:11:54 PST Wed" abbrev="Top" name="Topic" ID="97">
        <definition>&lt;def-root&gt;With a target verb, the &lt;fen&gt;Topic&lt;/fen&gt; is usually expressed as an Object NP, a gerundive verbal complement, or a PP.
&lt;ex&gt;Pat &lt;t&gt;considered&lt;/t&gt; &lt;fex name="Topic"&gt;a career change&lt;/fex&gt;.&lt;/ex&gt;
&lt;ex&gt;The employees &lt;t&gt;contemplated&lt;/t&gt; &lt;fex name="Topic"&gt;going on strike&lt;/fex&gt;.&lt;/ex&gt;
&lt;ex&gt;Everyone &lt;t&gt;thought&lt;/t&gt; &lt;fex name="Topic"&gt;about the game&lt;/fex&gt;.&lt;/ex&gt;

With a target noun, the Topic is typically expressed in a PP.
&lt;ex&gt;Your &lt;t&gt;contemplation&lt;/t&gt; &lt;fex name="Topic"&gt;of a career change&lt;/fex&gt; is understandable.&lt;/ex&gt;
&lt;ex&gt;Your &lt;t&gt;thoughts&lt;/t&gt; &lt;fex name="Topic"&gt;about art&lt;/fex&gt; are not relevant.&lt;/ex&gt;&lt;/def-root&gt;</definition>
    </FE>
    <FE bgColor="FF69B4" fgColor="FFFFFF" coreType="Extra-Thematic" cBy="MJE" cDate="06/23/2001 04:58:22 PDT Sat" abbrev="Degr" name="Degree" ID="974">
        <definition>&lt;def-root&gt;The FE &lt;fen&gt;Degree&lt;/fen&gt; indicates the degree to which the cognizing occurs.&lt;/def-root&gt;</definition>
        <semType name="Degree" ID="172"/>
    </FE>
    <FE bgColor="9400D3" fgColor="FFFFFF" coreType="Extra-Thematic" cBy="MJE" cDate="06/23/2001 04:58:23 PDT Sat" abbrev="Dep" name="Depictive" ID="975">
        <definition>&lt;def-root&gt;Depictive phrase describing the actor of an action
&lt;/def-root&gt;</definition>
    </FE>
    <FE bgColor="FF00FF" fgColor="FFFFFF" coreType="Peripheral" cBy="MJE" cDate="06/23/2001 04:58:23 PDT Sat" abbrev="Manr" name="Manner" ID="978">
        <definition>&lt;def-root&gt;The FE &lt;fen&gt;Manner&lt;/fen&gt; indicates the way in which the cognizing is being done.&lt;/def-root&gt;</definition>
        <semType name="Manner" ID="173"/>
    </FE>
    <FE bgColor="0000FF" fgColor="FFFFFF" coreType="Peripheral" cBy="MJE" cDate="06/23/2001 04:58:23 PDT Sat" abbrev="Mns" name="Means" ID="979">
        <definition>&lt;def-root&gt;An intentional action performed by the &lt;fen&gt;Cognizer&lt;/fen&gt; that makes them able to cogitate. &lt;/def-root&gt;</definition>
        <semType name="State_of_affairs" ID="177"/>
    </FE>
    <FE bgColor="808080" fgColor="FFFFFF" coreType="Extra-Thematic" cBy="MJE" cDate="06/23/2001 04:58:23 PDT Sat" abbrev="Result" name="Result" ID="980">
        <definition>&lt;def-root&gt;Result of an event&lt;/def-root&gt;</definition>
    </FE>
    <FE bgColor="9F79EE" fgColor="FFFFFF" coreType="Extra-Thematic" cBy="MJE" cDate="06/23/2001 05:17:16 PDT Sat" abbrev="Medium" name="Medium" ID="984">
        <definition>&lt;def-root&gt;The physical or abstract setting in which the &lt;fen&gt;Cognizer&lt;/fen&gt; considers the &lt;fen&gt;Topic&lt;/fen&gt;.

&lt;ex&gt;&lt;fex name="Medium"&gt;Over the telephone&lt;/fex&gt;, Frank &lt;t&gt;pondered&lt;/t&gt;  telling Maria about the fire.&lt;/ex&gt;&lt;/def-root&gt;</definition>
    </FE>
    <FE bgColor="800080" fgColor="FFFFFF" coreType="Peripheral" cBy="MJE" cDate="06/02/2006 01:44:39 PDT Fri" abbrev="pur" name="Purpose" ID="10195">
        <definition>&lt;def-root&gt;The state-of-affairs that the &lt;fen&gt;Cognizer&lt;/fen&gt; is trying to bring about by thinking.&lt;/def-root&gt;</definition>
    </FE>
    <FE bgColor="00BFFF" fgColor="FFFFFF" coreType="Peripheral" cBy="MJE" cDate="06/02/2006 01:48:42 PDT Fri" abbrev="tim" name="Time" ID="10196">
        <definition>&lt;def-root&gt;The time at which the &lt;fen&gt;Cognizer&lt;/fen&gt; considers the &lt;fen&gt;Topic&lt;/fen&gt;.&lt;/def-root&gt;</definition>
    </FE>
    <frameRelation type="Inherits from"/>
    <frameRelation type="Is Inherited by">
        <relatedFrame ID="45">Emotion_active</relatedFrame>
        <relatedFrame ID="519">Assessing</relatedFrame>
        <relatedFrame ID="1132">Memorization</relatedFrame>
    </frameRelation>
    <frameRelation type="Perspective on"/>
    <frameRelation type="Is Perspectivized in"/>
    <frameRelation type="Uses">
        <relatedFrame ID="1710">Mental_activity</relatedFrame>
    </frameRelation>
    <frameRelation type="Is Used by">
        <relatedFrame ID="1152">Research</relatedFrame>
        <relatedFrame ID="1222">Remembering_experience</relatedFrame>
    </frameRelation>
    <frameRelation type="Subframe of"/>
    <frameRelation type="Has Subframe(s)"/>
    <frameRelation type="Precedes"/>
    <frameRelation type="Is Preceded by"/>
    <frameRelation type="Is Inchoative of"/>
    <frameRelation type="Is Causative of"/>
    <frameRelation type="See also"/>
    <lexUnit status="FN1_Sent" POS="V" name="brood.v" ID="205" lemmaID="4705" cBy="ChW" cDate="02/08/2001 01:27:46 PST Thu">
        <definition>COD: think deeply about something that makes one unhappy.</definition>
        <sentenceCount annotated="34" total="141"/>
        <lexeme order="1" headword="false" breakBefore="false" POS="V" name="brood"/>
    </lexUnit>
    <lexUnit status="FN1_Sent" POS="V" name="consider.v" ID="206" lemmaID="7906" cBy="ChW" cDate="02/08/2001 01:27:46 PST Thu">
        <definition>FN: take facts into account in a reasoning process</definition>
        <sentenceCount annotated="25" total="174"/>
        <lexeme order="1" headword="false" breakBefore="false" POS="V" name="consider"/>
    </lexUnit>
    <lexUnit status="FN1_Sent" POS="N" name="consideration.n" ID="207" lemmaID="7912" cBy="ChW" cDate="02/08/2001 01:27:46 PST Thu">
        <definition>COD: careful thought</definition>
        <sentenceCount annotated="57" total="294"/>
        <lexeme order="1" headword="false" breakBefore="false" POS="N" name="consideration"/>
    </lexUnit>
    <lexUnit status="FN1_Sent" POS="V" name="contemplate.v" ID="208" lemmaID="8033" cBy="ChW" cDate="02/08/2001 01:27:46 PST Thu">
        <definition>COD: think about</definition>
        <sentenceCount annotated="42" total="157"/>
        <lexeme order="1" headword="false" breakBefore="false" POS="V" name="contemplate"/>
    </lexUnit>
    <lexUnit status="FN1_Sent" POS="N" name="contemplation.n" ID="209" lemmaID="8034" cBy="ChW" cDate="02/08/2001 01:27:46 PST Thu">
        <definition>COD: the action of contemplating.</definition>
        <sentenceCount annotated="17" total="111"/>
        <lexeme order="1" headword="false" breakBefore="false" POS="N" name="contemplation"/>
    </lexUnit>
    <lexUnit status="FN1_Sent" POS="V" name="deliberate.v" ID="210" lemmaID="10026" cBy="ChW" cDate="02/08/2001 01:27:46 PST Thu">
        <definition>COD: engage in long and careful consideration</definition>
        <sentenceCount annotated="27" total="78"/>
        <lexeme order="1" headword="false" breakBefore="false" POS="V" name="deliberate"/>
    </lexUnit>
    <lexUnit status="FN1_Sent" POS="N" name="deliberation.n" ID="211" lemmaID="10030" cBy="ChW" cDate="02/08/2001 01:27:46 PST Thu">
        <definition>COD: the action or process of engaging in long and careful consideration</definition>
        <sentenceCount annotated="36" total="115"/>
        <lexeme order="1" headword="false" breakBefore="false" POS="N" name="deliberation"/>
    </lexUnit>
    <lexUnit status="FN1_Sent" POS="V" name="dwell.v" ID="212" lemmaID="12025" cBy="ChW" cDate="02/08/2001 01:27:46 PST Thu">
        <definition>COD: think, speak, or write at length about.</definition>
        <sentenceCount annotated="22" total="127"/>
        <lexeme order="1" headword="false" breakBefore="false" POS="V" name="dwell"/>
    </lexUnit>
    <lexUnit status="FN1_Sent" POS="V" name="meditate.v" ID="213" lemmaID="23873" cBy="ChW" cDate="02/08/2001 01:27:46 PST Thu">
        <definition>COD: think carefully about</definition>
        <sentenceCount annotated="31" total="79"/>
        <lexeme order="1" headword="false" breakBefore="false" POS="V" name="meditate"/>
    </lexUnit>
    <lexUnit status="FN1_Sent" POS="N" name="meditation.n" ID="214" lemmaID="23874" cBy="ChW" cDate="02/08/2001 01:27:47 PST Thu">
        <definition>COD: a discourse expressing considered thoughts on a subject</definition>
        <sentenceCount annotated="21" total="168"/>
        <lexeme order="1" headword="false" breakBefore="false" POS="N" name="meditation"/>
    </lexUnit>
    <lexUnit status="FN1_Sent" POS="V" name="mull over.v" ID="215" lemmaID="25180" cBy="ChW" cDate="02/08/2001 01:27:47 PST Thu">
        <definition>COD: think about at length.</definition>
        <sentenceCount annotated="23" total="63"/>
        <lexeme order="1" headword="true" breakBefore="false" POS="V" name="mull"/>
        <lexeme order="2" headword="false" breakBefore="false" POS="ADV" name="over"/>
    </lexUnit>
    <lexUnit status="FN1_Sent" POS="V" name="muse.v" ID="216" lemmaID="25263" cBy="ChW" cDate="02/08/2001 01:27:47 PST Thu">
        <definition>COD:  be absorbed in thought.</definition>
        <sentenceCount annotated="25" total="136"/>
        <lexeme order="1" headword="false" breakBefore="false" POS="V" name="muse"/>
    </lexUnit>
    <lexUnit status="FN1_Sent" POS="V" name="ponder.v" ID="217" lemmaID="29697" cBy="ChW" cDate="02/08/2001 01:27:47 PST Thu">
        <definition>COD: consider carefully</definition>
        <sentenceCount annotated="53" total="162"/>
        <lexeme order="1" headword="false" breakBefore="false" POS="V" name="ponder"/>
    </lexUnit>
    <lexUnit status="FN1_Sent" POS="V" name="reflect.v" ID="218" lemmaID="32317" cBy="ChW" cDate="02/08/2001 01:27:47 PST Thu">
        <definition>COD: think deeply or carefully about. </definition>
        <sentenceCount annotated="29" total="260"/>
        <lexeme order="1" headword="false" breakBefore="false" POS="V" name="reflect"/>
    </lexUnit>
    <lexUnit status="FN1_Sent" POS="N" name="reflection.n" ID="219" lemmaID="32318" cBy="ChW" cDate="02/08/2001 01:27:47 PST Thu">
        <definition>COD: serious thought or consideration.</definition>
        <sentenceCount annotated="17" total="145"/>
        <lexeme order="1" headword="false" breakBefore="false" POS="N" name="reflection"/>
    </lexUnit>
    <lexUnit status="FN1_Sent" POS="V" name="ruminate.v" ID="220" lemmaID="33758" cBy="ChW" cDate="02/08/2001 01:27:47 PST Thu">
        <definition>COD: think deeply about something.</definition>
        <sentenceCount annotated="15" total="33"/>
        <lexeme order="1" headword="false" breakBefore="false" POS="V" name="ruminate"/>
    </lexUnit>
    <lexUnit status="Created" POS="V" name="wonder.v" ID="10866" lemmaID="44385" cBy="KlB" cDate="08/18/2004 05:15:25 PDT Wed">
        <definition>FN: consider (an open proposition) in order to figure (the proposition) out</definition>
        <sentenceCount annotated="7" total="7"/>
        <lexeme order="1" headword="false" breakBefore="false" POS="V" name="wonder"/>
    </lexUnit>
    <lexUnit status="Created" POS="V" name="think.v" ID="10867" lemmaID="40160" cBy="KlB" cDate="08/18/2004 05:16:11 PDT Wed">
        <definition>COD: direct one's mind towards someone or something; use one's mind actively to form connected ideas</definition>
        <sentenceCount annotated="7" total="7"/>
        <lexeme order="1" headword="false" breakBefore="false" POS="V" name="think"/>
    </lexUnit>
    <lexUnit status="Created" POS="IDIO" name="give thought.idio" ID="11142" lemmaID="49677" cBy="MiL" cDate="11/12/2004 01:41:30 PST Fri">
        <definition>FN: give careful consideration or attention.</definition>
        <sentenceCount annotated="0" total="0"/>
        <lexeme order="1" headword="true" breakBefore="false" POS="V" name="give"/>
        <lexeme order="2" headword="false" breakBefore="true" POS="N" name="thought"/>
    </lexUnit>
    <lexUnit status="Created" POS="N" name="thought.n" ID="11144" lemmaID="40210" cBy="MiL" cDate="11/12/2004 01:48:22 PST Fri">
        <definition>COD: an idea or opinion produced by thinking or occurring suddenly in the mind.</definition>
        <sentenceCount annotated="2" total="2"/>
        <lexeme order="1" headword="false" breakBefore="false" POS="N" name="thought"/>
    </lexUnit>
</frame>