<?xml version="1.0" encoding="UTF-8" standalone="yes"?>
<?xml-stylesheet type="text/xsl" href="frame.xsl"?>
<frame cBy="MLC" cDate="03/07/2011 01:48:52 PST Mon" name="Cognitive_impact" ID="2502" xsi:schemaLocation="../schema/frame.xsd" xmlns="http://framenet.icsi.berkeley.edu" xmlns:xsi="http://www.w3.org/2001/XMLSchema-instance">
    <definition>&lt;def-root&gt;A &lt;fen&gt;Phenomenon&lt;/fen&gt; (an external or cognitive event or situation) comes into the awareness of an &lt;fen&gt;Experiencer&lt;/fen&gt;, resulting in a perceptually punctual change in the &lt;fen&gt;Experiencer&lt;/fen&gt;'s conception of the &lt;fen&gt;Phenomenon&lt;/fen&gt; or entities and facts associated with it.

&lt;ex&gt;&lt;fex name="Phenomenon"&gt;Her walk&lt;/fex&gt; &lt;t&gt;struck&lt;/t&gt; &lt;fex name="Experiencer"&gt;me&lt;/fex&gt; &lt;fex name="Judgment"&gt;as odd&lt;/fex&gt;.&lt;/ex&gt;
&lt;/def-root&gt;</definition>
    <FE bgColor="FF0000" fgColor="FFFFFF" coreType="Core" cBy="MLC" cDate="03/07/2011 02:27:55 PST Mon" abbrev="Phe" name="Phenomenon" ID="14346">
        <definition>&lt;def-root&gt;The &lt;fen&gt;Phenomenon&lt;/fen&gt; is the entity that evokes a cognitive reaction for the &lt;fen&gt;Experiencer&lt;/fen&gt;. &lt;/def-root&gt;</definition>
    </FE>
    <FE bgColor="0000FF" fgColor="FFFFFF" coreType="Core" cBy="MLC" cDate="03/07/2011 02:29:20 PST Mon" abbrev="Exp" name="Experiencer" ID="14347">
        <definition>&lt;def-root&gt;The &lt;fen&gt;Experiencer&lt;/fen&gt; in the entity who experiences the cognitive impact brought about by the &lt;fen&gt;Phenomenon&lt;/fen&gt;.&lt;/def-root&gt;</definition>
        <semType name="Sentient" ID="5"/>
    </FE>
    <FE bgColor="808080" fgColor="000000" coreType="Peripheral" cBy="MLC" cDate="03/07/2011 02:33:57 PST Mon" abbrev="Jug" name="Judgment" ID="14348">
        <definition>&lt;def-root&gt;The &lt;fen&gt;Judgment&lt;/fen&gt; is the characterization of the cognitive impact or evaluation of the &lt;fen&gt;Phenomenon&lt;/fen&gt;.&lt;/def-root&gt;</definition>
    </FE>
    <FE bgColor="FFFF00" fgColor="000000" coreType="Peripheral" cBy="MLC" cDate="03/07/2011 02:34:51 PST Mon" abbrev="Cir" name="Circumstances" ID="14349">
        <definition>&lt;def-root&gt;The physical or abstract &lt;fen&gt;Circumstances&lt;/fen&gt; that determine the &lt;fen&gt;Judgment&lt;/fen&gt; of the &lt;fen&gt;Phenomenon&lt;/fen&gt;.  &lt;/def-root&gt;</definition>
    </FE>
    <FE bgColor="800080" fgColor="FFFFFF" coreType="Peripheral" cBy="MLC" cDate="03/07/2011 02:35:55 PST Mon" abbrev="Deg" name="Manner" ID="14350">
        <definition>&lt;def-root&gt;The extent to which the cognitive impact of a &lt;fen&gt;Phenomenon&lt;/fen&gt; affects the &lt;fen&gt;Judgment&lt;/fen&gt; ascribed to it. &lt;/def-root&gt;</definition>
    </FE>
    <FE bgColor="7FFF00" fgColor="000000" coreType="Peripheral" cBy="MLC" cDate="04/04/2011 02:38:46 PDT Mon" abbrev="" name="Frequency" ID="14403">
        <definition>&lt;def-root&gt;The &lt;fen&gt;Frequency&lt;/fen&gt; with with the &lt;fen&gt;Experiencer&lt;/fen&gt; experiences the &lt;fen&gt;Phenomenon&lt;/fen&gt;.  &lt;/def-root&gt;</definition>
    </FE>
    <frameRelation type="Inherits from"/>
    <frameRelation type="Is Inherited by"/>
    <frameRelation type="Perspective on"/>
    <frameRelation type="Is Perspectivized in"/>
    <frameRelation type="Uses"/>
    <frameRelation type="Is Used by"/>
    <frameRelation type="Subframe of"/>
    <frameRelation type="Has Subframe(s)"/>
    <frameRelation type="Precedes"/>
    <frameRelation type="Is Preceded by"/>
    <frameRelation type="Is Inchoative of"/>
    <frameRelation type="Is Causative of"/>
    <frameRelation type="See also"/>
    <lexUnit status="Finished_Initial" POS="V" name="strike.v" ID="16254" lemmaID="38350" cBy="MLC" cDate="03/07/2011 02:39:42 PST Mon">
        <definition>FN: a phenomenon has a transient effect upon an experiencer causing some type of cognitive evaluation or response. </definition>
        <sentenceCount annotated="40" total="204"/>
        <lexeme order="1" headword="false" breakBefore="false" POS="V" name="strike"/>
    </lexUnit>
    <lexUnit status="Created" POS="V" name="hit.v" ID="16387" lemmaID="18154" cBy="MLC" cDate="07/07/2011 02:36:11 PDT Thu">
        <definition>FN: a phenomenon has a transient effect upon an experiencer causing some type of cognitive evaluation or response.</definition>
        <sentenceCount annotated="2" total="2"/>
        <lexeme order="1" headword="false" breakBefore="false" POS="V" name="hit"/>
    </lexUnit>
</frame>