<?xml version="1.0" encoding="UTF-8" standalone="yes"?>
<?xml-stylesheet type="text/xsl" href="frame.xsl"?>
<frame cBy="MJE" cDate="06/09/2016 07:57:19 PDT Thu" name="Come_down_with" ID="3016" xsi:schemaLocation="../schema/frame.xsd" xmlns="http://framenet.icsi.berkeley.edu" xmlns:xsi="http://www.w3.org/2001/XMLSchema-instance">
    <definition>&lt;def-root&gt;A Protagonist comes to suffer from a Disease, often implicitly acquired from a Source.

&lt;ex&gt;She &lt;t&gt;got&lt;/t&gt; the measles .&lt;/ex&gt;
&lt;ex&gt;The virus when &lt;t&gt;acquired&lt;/t&gt; from environmental sources is often less severe .&lt;/ex&gt;
&lt;ex&gt;I 'm afraid I 've &lt;t&gt;come down&lt;/t&gt; with a cold .&lt;/ex&gt;
&lt;/def-root&gt;</definition>
    <FE bgColor="800080" fgColor="FFFFFF" coreType="Core" cBy="MJE" cDate="06/09/2016 08:00:51 PDT Thu" abbrev="" name="Protagonist" ID="16861">
        <definition>&lt;def-root&gt;&lt;/def-root&gt;</definition>
    </FE>
    <FE bgColor="0000FF" fgColor="FFFFFF" coreType="Core" cBy="MJE" cDate="06/09/2016 08:01:09 PDT Thu" abbrev="" name="Disease" ID="16862">
        <definition>&lt;def-root&gt;&lt;/def-root&gt;</definition>
    </FE>
    <FE bgColor="008000" fgColor="FFFFFF" coreType="Peripheral" cBy="MJE" cDate="06/10/2016 05:35:26 PDT Fri" abbrev="" name="Source" ID="16863">
        <definition>&lt;def-root&gt;The individual or environmental reservoir of a &lt;fen&gt;Disease&lt;/fen&gt; that the &lt;fen&gt;Protagonist&lt;/fen&gt; was exposed to.&lt;/def-root&gt;</definition>
    </FE>
    <FE bgColor="FFA500" fgColor="FFFFFF" coreType="Peripheral" cBy="MJE" cDate="06/14/2016 12:20:37 PDT Tue" abbrev="" name="Time" ID="16864">
        <definition>&lt;def-root&gt;The time at which the &lt;fen&gt;Protagonist&lt;/fen&gt; contracts the &lt;fen&gt;Disease&lt;/fen&gt;.&lt;/def-root&gt;</definition>
    </FE>
    <FE bgColor="00BFFF" fgColor="FFFFFF" coreType="Peripheral" cBy="MJE" cDate="06/14/2016 12:21:21 PDT Tue" abbrev="" name="Place" ID="16865">
        <definition>&lt;def-root&gt;The location at which the &lt;fen&gt;Protagonist&lt;/fen&gt; contracts the &lt;fen&gt;Disease&lt;/fen&gt;.  It is different from the &lt;fen&gt;Source&lt;/fen&gt; (usually marked with "from") in that it does not necessarily mean that it was contact with the &lt;fen&gt;Place&lt;/fen&gt; that actually led to infection.

&lt;ex&gt;He &lt;t&gt;caught&lt;/t&gt; a cold &lt;fex name="Place"&gt;in Hawaii&lt;/fex&gt; .&lt;/ex&gt;&lt;/def-root&gt;</definition>
    </FE>
    <FE bgColor="FF00FF" fgColor="FFFFFF" coreType="Peripheral" cBy="MJE" cDate="06/14/2016 04:36:41 PDT Tue" abbrev="" name="Manner" ID="16866">
        <definition>&lt;def-root&gt;Any description of the event as a whole in comparison to other events ("the same way") or in terms of details of the event that affect the overall event ("rapidly").&lt;/def-root&gt;</definition>
    </FE>
    <frameRelation type="Inherits from">
        <relatedFrame ID="88">Eventive_affecting</relatedFrame>
    </frameRelation>
    <frameRelation type="Is Inherited by"/>
    <frameRelation type="Perspective on"/>
    <frameRelation type="Is Perspectivized in"/>
    <frameRelation type="Uses"/>
    <frameRelation type="Is Used by"/>
    <frameRelation type="Subframe of"/>
    <frameRelation type="Has Subframe(s)"/>
    <frameRelation type="Precedes"/>
    <frameRelation type="Is Preceded by"/>
    <frameRelation type="Is Inchoative of"/>
    <frameRelation type="Is Causative of"/>
    <frameRelation type="See also"/>
    <lexUnit status="Created" POS="V" name="come down (with).v" ID="18738" lemmaID="52149" cBy="MJE" cDate="06/09/2016 08:01:46 PDT Thu">
        <definition>FN: begin to suffer from a disease.</definition>
        <sentenceCount annotated="0" total="0"/>
        <lexeme order="1" headword="true" breakBefore="false" POS="V" name="come"/>
        <lexeme order="2" headword="false" breakBefore="false" POS="AVP" name="down"/>
    </lexUnit>
    <lexUnit status="Created" POS="V" name="contract.v" ID="18744" lemmaID="8105" cBy="MJE" cDate="06/10/2016 05:31:34 PDT Fri">
        <definition>FN: begin to suffer from a disease.</definition>
        <sentenceCount annotated="2" total="2"/>
        <lexeme order="1" headword="false" breakBefore="false" POS="V" name="contract"/>
    </lexUnit>
    <lexUnit status="Created" POS="V" name="acquire.v" ID="18745" lemmaID="376" cBy="MJE" cDate="06/10/2016 05:32:27 PDT Fri">
        <definition>FN: begin to suffer from a disease.</definition>
        <sentenceCount annotated="0" total="0"/>
        <lexeme order="1" headword="false" breakBefore="false" POS="V" name="acquire"/>
    </lexUnit>
    <lexUnit status="Created" POS="V" name="get.v" ID="18746" lemmaID="16168" cBy="MJE" cDate="06/10/2016 05:33:19 PDT Fri">
        <definition>FN: start having a disease.</definition>
        <sentenceCount annotated="0" total="0"/>
        <lexeme order="1" headword="false" breakBefore="false" POS="V" name="get"/>
    </lexUnit>
    <lexUnit status="Created" POS="V" name="catch.v" ID="18747" lemmaID="5735" cBy="MJE" cDate="06/10/2016 05:33:58 PDT Fri">
        <definition>FN: suffer the transfer of (a pathogen) from some source.</definition>
        <sentenceCount annotated="0" total="0"/>
        <lexeme order="1" headword="false" breakBefore="false" POS="V" name="catch"/>
    </lexUnit>
</frame>