<?xml version="1.0" encoding="UTF-8" standalone="yes"?>
<?xml-stylesheet type="text/xsl" href="frame.xsl"?>
<frame cBy="WMcQ" cDate="05/04/2015 04:31:48 PDT Mon" name="Come_into_effect" ID="2931" xsi:schemaLocation="../schema/frame.xsd" xmlns="http://framenet.icsi.berkeley.edu" xmlns:xsi="http://www.w3.org/2001/XMLSchema-instance">
    <definition>&lt;def-root&gt;A &lt;fen&gt;Binding_principle&lt;/fen&gt;, previously only existing as a concept or formulation, enters an "active" phase or state. Often, the enactments of rules and regulations are described with this frame. 

&lt;ex&gt;The &lt;fex name="Binding_principle"&gt;new curfew laws&lt;/fex&gt; &lt;t&gt;kicked in&lt;/t&gt; &lt;fex name="Time"&gt;last weekend.&lt;/fex&gt;&lt;/ex&gt;
&lt;/def-root&gt;</definition>
    <FE bgColor="FF0000" fgColor="FFFFFF" coreType="Core-Unexpressed" cBy="WMcQ" cDate="05/04/2015 05:38:06 PDT Mon" abbrev="" name="Binding_principle" ID="16424">
        <definition>&lt;def-root&gt;This FE describes the &lt;fen&gt;Binding_principle&lt;/fen&gt; which comes into effect.&lt;/def-root&gt;</definition>
    </FE>
    <FE bgColor="FF00FF" fgColor="FFFFFF" coreType="Peripheral" cBy="WMcQ" cDate="05/04/2015 05:53:20 PDT Mon" abbrev="" name="Manner" ID="16425">
        <definition>&lt;def-root&gt;&lt;fen&gt;Manner&lt;/fen&gt; in which an action is performed.&lt;/def-root&gt;</definition>
    </FE>
    <FE bgColor="008000" fgColor="FFFFFF" coreType="Peripheral" cBy="WMcQ" cDate="05/04/2015 05:53:25 PDT Mon" abbrev="" name="Place" ID="16426">
        <definition>&lt;def-root&gt;Where the &lt;fen&gt;Event&lt;/fen&gt; takes place.&lt;/def-root&gt;</definition>
    </FE>
    <FE bgColor="FFA500" fgColor="FFFFFF" coreType="Peripheral" cBy="WMcQ" cDate="05/04/2015 05:53:30 PDT Mon" abbrev="" name="Time" ID="16427">
        <definition>&lt;def-root&gt;When the &lt;fen&gt;Event&lt;/fen&gt; occurs.&lt;/def-root&gt;</definition>
    </FE>
    <FE bgColor="00008B" fgColor="FFFFFF" coreType="Extra-Thematic" cBy="WMcQ" cDate="05/04/2015 05:54:31 PDT Mon" abbrev="" name="Depictive" ID="16428">
        <definition>&lt;def-root&gt;Depictive phrase describing the actor of an action.&lt;/def-root&gt;</definition>
    </FE>
    <FE bgColor="A52A2A" fgColor="FFFFFF" coreType="Extra-Thematic" cBy="WMcQ" cDate="05/04/2015 05:55:03 PDT Mon" abbrev="" name="Duration" ID="16429">
        <definition>&lt;def-root&gt;The period of time for which the &lt;fen&gt;Binding_principle&lt;/fen&gt; is ongoing after it has come into effect.

&lt;ex&gt;Curfew laws &lt;t&gt;go into effect&lt;/t&gt; &lt;fex name="Duration"&gt;for the entire night&lt;/fex&gt;.&lt;/ex&gt;&lt;/def-root&gt;</definition>
    </FE>
    <FE bgColor="9F79EE" fgColor="FFFFFF" coreType="Extra-Thematic" cBy="WMcQ" cDate="05/04/2015 05:55:46 PDT Mon" abbrev="" name="Result" ID="16430">
        <definition>&lt;def-root&gt;&lt;fen&gt;Result&lt;/fen&gt; of the &lt;fen&gt;Event&lt;/fen&gt;.&lt;/def-root&gt;</definition>
    </FE>
    <FE bgColor="0000FF" fgColor="FFFFFF" coreType="Extra-Thematic" cBy="WMcQ" cDate="05/04/2015 05:56:03 PDT Mon" abbrev="" name="Initial_subevent" ID="16431">
        <definition>&lt;def-root&gt;The &lt;fen&gt;Initial_subevent&lt;/fen&gt; of the &lt;fen&gt;Binding_principle&lt;/fen&gt;.

&lt;ex&gt;In the morning, the newly decided law &lt;t&gt;came into effect&lt;/t&gt; &lt;fex name="Initial_subevent"&gt;as the Senate chambers opened.&lt;/fex&gt; .&lt;/ex&gt;&lt;/def-root&gt;</definition>
    </FE>
    <FE bgColor="808080" fgColor="FFFFFF" coreType="Extra-Thematic" cBy="WMcQ" cDate="05/04/2015 05:56:48 PDT Mon" abbrev="" name="Frequency" ID="16432">
        <definition>&lt;def-root&gt;The number of times that the specified type of Event begins.

&lt;ex&gt;Parking restrictions on this street will &lt;t&gt;come into effect&lt;/t&gt; &lt;fex name="Frequency"&gt;at the beginning of every football season&lt;/fex&gt;.&lt;/ex&gt;&lt;/def-root&gt;</definition>
    </FE>
    <FE bgColor="800080" fgColor="FFFFFF" coreType="Extra-Thematic" cBy="WMcQ" cDate="05/04/2015 05:57:02 PDT Mon" abbrev="" name="Explanation" ID="16433">
        <definition>&lt;def-root&gt;The &lt;fen&gt;Explanation&lt;/fen&gt; for why &lt;fen&gt;Event&lt;/fen&gt; occurs.&lt;/def-root&gt;</definition>
    </FE>
    <frameRelation type="Inherits from">
        <relatedFrame ID="133">Process_start</relatedFrame>
    </frameRelation>
    <frameRelation type="Is Inherited by"/>
    <frameRelation type="Perspective on"/>
    <frameRelation type="Is Perspectivized in"/>
    <frameRelation type="Uses"/>
    <frameRelation type="Is Used by"/>
    <frameRelation type="Subframe of"/>
    <frameRelation type="Has Subframe(s)"/>
    <frameRelation type="Precedes"/>
    <frameRelation type="Is Preceded by"/>
    <frameRelation type="Is Inchoative of">
        <relatedFrame ID="1510">Being_in_effect</relatedFrame>
    </frameRelation>
    <frameRelation type="Is Causative of"/>
    <frameRelation type="See also"/>
    <lexUnit status="Created" POS="V" name="kick in.v" ID="18001" lemmaID="51870" cBy="WMcQ" cDate="05/04/2015 05:57:53 PDT Mon">
        <definition>FN: To take effect.</definition>
        <sentenceCount annotated="0" total="0"/>
        <lexeme order="1" headword="true" breakBefore="false" POS="V" name="kick"/>
        <lexeme order="2" headword="false" breakBefore="false" POS="PREP" name="in"/>
    </lexUnit>
    <lexUnit status="New" POS="V" name="take effect.v" ID="18010" lemmaID="51880" cBy="WMcQ" cDate="05/07/2015 01:30:41 PDT Thu">
        <definition>FN: begin having an effect</definition>
        <sentenceCount annotated="1" total="100"/>
        <lexeme order="1" headword="true" breakBefore="false" POS="V" name="take"/>
        <lexeme order="2" headword="false" breakBefore="false" POS="N" name="effect"/>
    </lexUnit>
    <lexUnit status="Created" POS="V" name="apply.v" ID="18011" lemmaID="1738" cBy="WMcQ" cDate="05/07/2015 01:57:03 PDT Thu">
        <definition>FN: (transitive) to affect</definition>
        <sentenceCount annotated="0" total="0"/>
        <lexeme order="1" headword="false" breakBefore="false" POS="V" name="apply"/>
    </lexUnit>
    <lexUnit status="Created" POS="V" name="go into effect.v" ID="18012" lemmaID="51881" cBy="WMcQ" cDate="05/07/2015 02:16:46 PDT Thu">
        <definition>FN: To take effect</definition>
        <sentenceCount annotated="0" total="0"/>
        <lexeme order="1" headword="true" breakBefore="false" POS="V" name="go"/>
        <lexeme order="2" headword="false" breakBefore="true" POS="PREP" name="into"/>
        <lexeme order="3" headword="false" breakBefore="true" POS="N" name="effect"/>
    </lexUnit>
    <lexUnit status="Created" POS="V" name="come into effect.v" ID="18013" lemmaID="51882" cBy="WMcQ" cDate="05/07/2015 02:52:46 PDT Thu">
        <definition>FN: to take effect</definition>
        <sentenceCount annotated="0" total="0"/>
        <lexeme order="1" headword="true" breakBefore="false" POS="V" name="come"/>
        <lexeme order="2" headword="false" breakBefore="true" POS="PREP" name="into"/>
        <lexeme order="3" headword="false" breakBefore="true" POS="N" name="effect"/>
    </lexUnit>
</frame>