<?xml version="1.0" encoding="UTF-8" standalone="yes"?>
<?xml-stylesheet type="text/xsl" href="frame.xsl"?>
<frame cBy="ChW" cDate="02/07/2001 04:11:56 PST Wed" name="Coming_up_with" ID="27" xsi:schemaLocation="../schema/frame.xsd" xmlns="http://framenet.icsi.berkeley.edu" xmlns:xsi="http://www.w3.org/2001/XMLSchema-instance">
    <definition>&lt;def-root&gt;Words in this frame have to do with a &lt;fen&gt;Cognizer&lt;/fen&gt; creating a new intellectual entity, the &lt;fen&gt;Idea&lt;/fen&gt;. These words are similar to words of physical creation such as &lt;ment&gt;build&lt;/ment&gt; and &lt;ment&gt;make&lt;/ment&gt;, and in some cases may be understood as metaphorically based on such words. However, the &lt;fen&gt;Idea&lt;/fen&gt;s in this frame are predominantly conceptual in nature.

Compare this frame with Achieving_first.  In that frame, the fact that the idea is new to society is emphasized, whereas Coming_up_with refers to an agentive &lt;fen&gt;Cognizer&lt;/fen&gt; using mental effort to figure something out, without any implication of the impact of the idea.

&lt;ex&gt;&lt;fex name="Cog"&gt;I&lt;/fex&gt; 've been trying to &lt;t&gt;come up&lt;/t&gt; &lt;fex name="Idea"&gt;with a plan&lt;/fex&gt; .&lt;/ex&gt;

&lt;/def-root&gt;</definition>
    <FE bgColor="800080" fgColor="FFFFFF" coreType="Core" cBy="ChW" cDate="02/07/2001 04:11:56 PST Wed" abbrev="Cog" name="Cognizer" ID="111">
        <definition>&lt;def-root&gt;Cognizer is the person who comes up with or conceptualizes the Invention. It is normally expressed as an External Argument: 

&lt;fex name="Cognizer"&gt;Kim&lt;/fex&gt; &lt;t&gt;devised&lt;/t&gt; a new recipe. &lt;/def-root&gt;</definition>
        <semType name="Sentient" ID="5"/>
    </FE>
    <FE bgColor="006400" fgColor="FFFFFF" coreType="Core" cBy="ChW" cDate="02/07/2001 04:11:56 PST Wed" abbrev="Inv" name="Idea" ID="112">
        <definition>&lt;def-root&gt;Invention is the intellectual creation of the Cognizer. It is normally expressed as an NP Object, but sometimes as a PP Complement: 

&lt;ex&gt;Kim &lt;t&gt;devised&lt;/t&gt; &lt;fex name="Idea"&gt;a new recipe&lt;/fex&gt;. &lt;/ex&gt;

&lt;ex&gt;Kim &lt;t&gt;came up&lt;/t&gt; &lt;fex name="Idea"&gt;with a new recipe&lt;/fex&gt;.&lt;/ex&gt;&lt;/def-root&gt;</definition>
    </FE>
    <FE bgColor="9400D3" fgColor="FFFFFF" coreType="Extra-Thematic" cBy="ChW" cDate="02/07/2001 04:11:56 PST Wed" abbrev="Purp" name="Purpose" ID="113">
        <definition>&lt;def-root&gt;Some of the words in this frame frequently occur with a constituent expressing the &lt;fen&gt;Purpose&lt;/fen&gt; for which the &lt;fen&gt;Idea&lt;/fen&gt; is intended. Normally this constituent is a PP Complement headed by &lt;ment&gt;for&lt;/ment&gt; or a &lt;ment&gt;to&lt;/ment&gt;-marked VP Complement: 

&lt;ex&gt;This car has been &lt;t&gt;designed&lt;/t&gt; &lt;fex name="Purpose"&gt;for quicker performance&lt;/fex&gt;.&lt;/ex&gt;
&lt;ex&gt;Kim &lt;t&gt;created&lt;/t&gt; this plan &lt;fex name="Purp"&gt;to prevent a hostile takeover&lt;/fex&gt;.&lt;/ex&gt; &lt;/def-root&gt;</definition>
        <semType name="State_of_affairs" ID="177"/>
    </FE>
    <FE bgColor="FFA500" fgColor="FFFFFF" coreType="Extra-Thematic" cBy="ChW" cDate="02/07/2001 04:11:56 PST Wed" abbrev="Mat" name="Material" ID="114">
        <definition>&lt;def-root&gt;Words in this frame sometimes occur with a constituent that expresses the intellectual material from which the &lt;fen&gt;Idea&lt;/fen&gt; is created. This frame element is characteristic of physical creation verbs like &lt;ment&gt;make&lt;/ment&gt;; its presence gives sentences in this frame an especially strong metaphorical quality. The &lt;fen&gt;Material&lt;/fen&gt; FE is normally expressed by a PP Complement headed by &lt;ment&gt;from&lt;/ment&gt; or &lt;ment&gt;out of&lt;/ment&gt;: 

&lt;ex&gt;The composer &lt;t&gt;created&lt;/t&gt; the symphony &lt;fex name="Material"&gt;out of snippets of popular melodies&lt;/fex&gt;.&lt;/ex&gt;&lt;/def-root&gt;</definition>
    </FE>
    <FE bgColor="FF69B4" fgColor="FFFFFF" coreType="Extra-Thematic" cBy="MJE" cDate="06/23/2001 08:45:45 PDT Sat" abbrev="Degr" name="Amount_of_progress" ID="1056">
        <definition>&lt;def-root&gt;The extent to which the &lt;fen&gt;Cognizer&lt;/fen&gt; succeeds in coming up with the idea.

&lt;ex&gt;Before he could even &lt;fex name="Degr"&gt;half-way&lt;/fex&gt; &lt;t&gt;improvise&lt;/t&gt; a response, she moved on.&lt;/ex&gt;

&lt;/def-root&gt;</definition>
        <semType name="Degree" ID="172"/>
    </FE>
    <FE bgColor="EEE8AA" fgColor="FF0000" coreType="Extra-Thematic" cBy="MJE" cDate="06/23/2001 08:45:45 PDT Sat" abbrev="Dep" name="Depictive" ID="1057">
        <definition>&lt;def-root&gt;The state of a focal participant during the time the invention takes place.
&lt;ex&gt;The Arvanids &lt;t&gt;concocted&lt;/t&gt; a desperate plan to break the siege, &lt;fex name="Dep"&gt;unaware that the Ahurmids themselves were starving&lt;/fex&gt;.&lt;/ex&gt;&lt;/def-root&gt;</definition>
    </FE>
    <FE bgColor="FF00FF" fgColor="FFFFFF" coreType="Peripheral" cBy="MJE" cDate="06/23/2001 08:45:46 PDT Sat" abbrev="Manr" name="Manner" ID="1060">
        <definition>&lt;def-root&gt;A state of the Cognizer that directly and palpably influences the overall action.&lt;/def-root&gt;</definition>
        <semType name="Manner" ID="173"/>
    </FE>
    <FE bgColor="0000FF" fgColor="FFFFFF" coreType="Peripheral" cBy="MJE" cDate="06/23/2001 08:45:46 PDT Sat" abbrev="Mns" name="Means" ID="1061">
        <definition>&lt;def-root&gt;An act performed by the &lt;fen&gt;Cognizer&lt;/fen&gt; that contributes to the creation of the &lt;fen&gt;Idea&lt;/fen&gt;.&lt;/def-root&gt;</definition>
        <semType name="State_of_affairs" ID="177"/>
    </FE>
    <FE bgColor="EEE8AA" fgColor="0000FF" coreType="Extra-Thematic" cBy="MJE" cDate="06/23/2001 08:45:46 PDT Sat" abbrev="Result" name="Result" ID="1062">
        <definition>&lt;def-root&gt;Result of an event&lt;/def-root&gt;</definition>
    </FE>
    <FE bgColor="00BFFF" fgColor="FFFFFF" coreType="Extra-Thematic" cBy="ACW" cDate="06/05/2003 09:23:13 PDT Thu" abbrev="" name="Location_of_appearance" ID="4532">
        <definition>&lt;def-root&gt;(This FE belongs in Achieving_first, not here.)

&lt;/def-root&gt;</definition>
    </FE>
    <FE bgColor="008000" fgColor="FFFFFF" coreType="Peripheral" cBy="Hay" cDate="10/02/2003 11:36:51 PDT Thu" abbrev="Pla" name="Place" ID="5341">
        <definition>&lt;def-root&gt;The location in which the &lt;fen&gt;Cognizer&lt;/fen&gt; comes up with the &lt;fen&gt;Idea&lt;/fen&gt;.

&lt;ex&gt;She had &lt;t&gt;cooked up&lt;/t&gt; the story &lt;fex name="Place"&gt;in Pisa&lt;/fex&gt;, before she even left Italy.&lt;/ex&gt;

The following belongs in Achieving_first:

&lt;ex&gt;Sandboarding was &lt;t&gt;invented&lt;/t&gt; &lt;fex name="Place"&gt;in Florianopolis, Brasil&lt;/fex&gt;.&lt;/ex&gt;&lt;/def-root&gt;</definition>
        <semType name="Locative_relation" ID="182"/>
    </FE>
    <FE bgColor="FFA500" fgColor="FFFFFF" coreType="Peripheral" cBy="Hay" cDate="10/02/2003 11:36:51 PDT Thu" abbrev="Time" name="Time" ID="5342">
        <definition>&lt;def-root&gt;The &lt;fen&gt;Time&lt;/fen&gt; when the &lt;fen&gt;Idea&lt;/fen&gt; is created.

&lt;ex&gt;You had better &lt;t&gt;hatch&lt;/t&gt; some plans &lt;fex name="Time"&gt;before you get there&lt;/fex&gt;.&lt;/ex&gt;

The following belongs in Achieving_first:

&lt;ex&gt;Toilet paper was &lt;t&gt;invented&lt;/t&gt; &lt;fex name="Time"&gt;in 1857&lt;/fex&gt;&lt;/ex&gt;&lt;/def-root&gt;</definition>
        <semType name="Time" ID="141"/>
    </FE>
    <frameRelation type="Inherits from"/>
    <frameRelation type="Is Inherited by"/>
    <frameRelation type="Perspective on"/>
    <frameRelation type="Is Perspectivized in"/>
    <frameRelation type="Uses">
        <relatedFrame ID="88">Eventive_affecting</relatedFrame>
    </frameRelation>
    <frameRelation type="Is Used by"/>
    <frameRelation type="Subframe of"/>
    <frameRelation type="Has Subframe(s)"/>
    <frameRelation type="Precedes"/>
    <frameRelation type="Is Preceded by"/>
    <frameRelation type="Is Inchoative of"/>
    <frameRelation type="Is Causative of"/>
    <frameRelation type="See also"/>
    <lexUnit status="FN1_Sent" POS="V" name="conceive.v" ID="260" lemmaID="7589" cBy="ChW" cDate="02/08/2001 01:27:51 PST Thu">
        <definition>COD: devise in the mind; imagine</definition>
        <sentenceCount annotated="16" total="186"/>
        <lexeme order="1" headword="false" breakBefore="false" POS="V" name="conceive"/>
    </lexUnit>
    <lexUnit status="FN1_Sent" POS="V" name="concoct.v" ID="261" lemmaID="7633" cBy="ChW" cDate="02/08/2001 01:27:51 PST Thu">
        <definition>COD: create or devise (a story or plan)</definition>
        <sentenceCount annotated="34" total="93"/>
        <lexeme order="1" headword="false" breakBefore="false" POS="V" name="concoct"/>
    </lexUnit>
    <lexUnit status="FN1_Sent" POS="N" name="concoction.n" ID="262" lemmaID="7634" cBy="ChW" cDate="02/08/2001 01:27:51 PST Thu">
        <definition>FN: the process or result of creating or devising (a story or plan)</definition>
        <sentenceCount annotated="11" total="52"/>
        <lexeme order="1" headword="false" breakBefore="false" POS="N" name="concoction"/>
    </lexUnit>
    <lexUnit status="FN1_Sent" POS="N" name="contrivance.n" ID="263" lemmaID="8144" cBy="ChW" cDate="02/08/2001 01:27:51 PST Thu">
        <definition>COD: the action of devising or planning something using skill and artifice. </definition>
        <sentenceCount annotated="12" total="37"/>
        <lexeme order="1" headword="false" breakBefore="false" POS="N" name="contrivance"/>
    </lexUnit>
    <lexUnit status="FN1_Sent" POS="V" name="contrive.v" ID="264" lemmaID="8145" cBy="ChW" cDate="02/08/2001 01:27:51 PST Thu">
        <definition>COD: devise or plan using skill and artifice</definition>
        <sentenceCount annotated="20" total="141"/>
        <lexeme order="1" headword="false" breakBefore="false" POS="V" name="contrive"/>
    </lexUnit>
    <lexUnit status="FN1_Sent" POS="V" name="cook up.v" ID="265" lemmaID="45456" cBy="ChW" cDate="02/08/2001 01:27:51 PST Thu">
        <definition>COD: concoct a story, excuse, or plan, especially an ingenious or devious one.</definition>
        <sentenceCount annotated="13" total="260"/>
        <lexeme order="1" headword="true" breakBefore="false" POS="V" name="cook"/>
        <lexeme order="2" headword="false" breakBefore="true" POS="ADV" name="up"/>
    </lexUnit>
    <lexUnit status="FN1_Sent" POS="V" name="design.v" ID="267" lemmaID="10344" cBy="ChW" cDate="02/08/2001 01:27:51 PST Thu">
        <definition>FN: to invent, plan something for a particular purpose</definition>
        <sentenceCount annotated="75" total="349"/>
        <lexeme order="1" headword="false" breakBefore="false" POS="V" name="design"/>
    </lexUnit>
    <lexUnit status="FN1_Sent" POS="V" name="devise.v" ID="268" lemmaID="10506" cBy="ChW" cDate="02/08/2001 01:27:51 PST Thu">
        <definition>COD: plan or invent (a complex procedure or mechanism).</definition>
        <sentenceCount annotated="46" total="307"/>
        <lexeme order="1" headword="false" breakBefore="false" POS="V" name="devise"/>
    </lexUnit>
    <lexUnit status="FN1_Sent" POS="V" name="formulate.v" ID="269" lemmaID="15161" cBy="ChW" cDate="02/08/2001 01:27:51 PST Thu">
        <definition>COD: create or prepare methodically</definition>
        <sentenceCount annotated="41" total="267"/>
        <lexeme order="1" headword="false" breakBefore="false" POS="V" name="formulate"/>
    </lexUnit>
    <lexUnit status="FN1_Sent" POS="V" name="hatch.v" ID="270" lemmaID="17541" cBy="ChW" cDate="02/08/2001 01:27:52 PST Thu">
        <definition>COD: conspire to devise (a plot or plan).</definition>
        <sentenceCount annotated="18" total="150"/>
        <lexeme order="1" headword="false" breakBefore="false" POS="V" name="hatch"/>
    </lexUnit>
    <lexUnit status="FN1_Sent" POS="V" name="improvise.v" ID="271" lemmaID="19279" cBy="ChW" cDate="02/08/2001 01:27:52 PST Thu">
        <definition>COD: produce or make (something) from whatever is available.</definition>
        <sentenceCount annotated="23" total="134"/>
        <lexeme order="1" headword="false" breakBefore="false" POS="V" name="improvise"/>
    </lexUnit>
    <lexUnit status="FN1_Sent" POS="V" name="invent.v" ID="272" lemmaID="20518" cBy="ChW" cDate="02/08/2001 01:27:52 PST Thu">
        <definition>COD:  make up (a name, story, plan, etc.)</definition>
        <sentenceCount annotated="19" total="257"/>
        <lexeme order="1" headword="false" breakBefore="false" POS="V" name="invent"/>
    </lexUnit>
    <lexUnit status="FN1_Sent" POS="N" name="invention [process].n" ID="273" lemmaID="20519" cBy="ChW" cDate="02/08/2001 01:27:52 PST Thu">
        <definition>FN: the action of creating, making up, or designing something</definition>
        <sentenceCount annotated="8" total="61"/>
        <lexeme order="1" headword="false" breakBefore="false" POS="N" name="invention"/>
    </lexUnit>
    <lexUnit status="Created" POS="V" name="come up.v" ID="5186" lemmaID="45516" cBy="MJE" cDate="03/07/2002 06:16:10 PST Thu">
        <definition>FN: invent; make up (an idea, a story, etc.)</definition>
        <sentenceCount annotated="1" total="1"/>
        <lexeme order="2" headword="false" breakBefore="true" POS="ADV" name="up"/>
        <lexeme order="1" headword="true" breakBefore="false" POS="V" name="come"/>
    </lexUnit>
    <lexUnit status="Created" POS="V" name="think up.v" ID="5187" lemmaID="45517" cBy="MJE" cDate="03/07/2002 06:18:19 PST Thu">
        <definition>FN: come up with (an idea, a story, etc.)</definition>
        <sentenceCount annotated="0" total="0"/>
        <lexeme order="2" headword="false" breakBefore="true" POS="ADV" name="up"/>
        <lexeme order="1" headword="true" breakBefore="false" POS="V" name="think"/>
    </lexUnit>
    <lexUnit status="Created" POS="N" name="design.n" ID="11721" lemmaID="10343" cBy="MJE" cDate="03/03/2005 10:25:23 PST Thu">
        <definition>FN: the art or action of conceiving of and producing a plan or drawing before something is built</definition>
        <sentenceCount annotated="14" total="14"/>
        <lexeme order="1" headword="false" breakBefore="false" POS="N" name="design"/>
    </lexUnit>
    <lexUnit status="Finished_Initial" POS="N" name="invention [artifact].n" ID="13080" lemmaID="20519" cBy="MiL" cDate="01/04/2006 05:16:14 PST Wed">
        <definition>FN: the entity produced by the invention process.</definition>
        <sentenceCount annotated="5" total="39"/>
        <lexeme order="1" headword="false" breakBefore="false" POS="N" name="invention"/>
    </lexUnit>
    <lexUnit status="Created" POS="V" name="find.v" ID="17281" lemmaID="14391" cBy="CVa" cDate="01/23/2013 01:50:56 PST Wed">
        <definition>FN: to arrive at an idea</definition>
        <sentenceCount annotated="1" total="1"/>
        <lexeme order="1" headword="false" breakBefore="false" POS="V" name="find"/>
    </lexUnit>
</frame>