<?xml version="1.0" encoding="UTF-8" standalone="yes"?>
<?xml-stylesheet type="text/xsl" href="frame.xsl"?>
<frame cBy="ChW" cDate="02/07/2001 04:11:59 PST Wed" name="Commitment" ID="33" xsi:schemaLocation="../schema/frame.xsd" xmlns="http://framenet.icsi.berkeley.edu" xmlns:xsi="http://www.w3.org/2001/XMLSchema-instance">
    <definition>&lt;def-root&gt;A &lt;fen&gt;Speaker&lt;/fen&gt; makes a commitment to an &lt;fen&gt;Addressee&lt;/fen&gt; to carry out some future action.  This may be an action desirable (as with &lt;ment&gt;promise&lt;/ment&gt;) or not desirable (as with &lt;ment&gt;threaten&lt;/ment&gt;) to the &lt;fen&gt;Addressee&lt;/fen&gt;. Some of the words in this frame allow an &lt;fen&gt;Addressee&lt;/fen&gt; to be expressed.
&lt;ex&gt;&lt;fex name="Speaker"&gt;You&lt;/fex&gt; &lt;t&gt;promised&lt;/t&gt; &lt;fex name="Addressee"&gt;me&lt;/fex&gt; &lt;fex name="Message"&gt;you'd come to my graduation&lt;/fex&gt;.&lt;/ex&gt;
Other words cannot normally occur with an &lt;fen&gt;Addressee&lt;/fen&gt;.
&lt;ex&gt;&lt;fex name="Speaker"&gt;Kim&lt;/fex&gt; &lt;t&gt;undertook&lt;/t&gt; &lt;fex name="Message"&gt;to finish the project by June&lt;/fex&gt;.&lt;/ex&gt;&lt;/def-root&gt;</definition>
    <FE bgColor="FF0000" fgColor="FFFFFF" coreType="Core" cBy="ChW" cDate="02/07/2001 04:11:59 PST Wed" abbrev="Spkr" name="Speaker" ID="135">
        <definition>&lt;def-root&gt;The Speaker is the person who commits him/herself to do something.  Speaker is usually the External Argument of predicative uses of the target or the Genitive modifier of a noun: &lt;fex name="Speaker"&gt;Jo&lt;/fex&gt; made a &lt;t&gt;promise&lt;/t&gt; to me. &lt;fex name="Speaker"&gt;Jo&lt;/fex&gt; &lt;t&gt;promised&lt;/t&gt; me she would cook dinner. &lt;fex name="Speaker"&gt;Jo's&lt;/fex&gt; &lt;t&gt;promise&lt;/t&gt; to cook dinner came to nothing. &lt;/def-root&gt;</definition>
        <semType name="Sentient" ID="5"/>
    </FE>
    <FE bgColor="006400" fgColor="FFFFFF" coreType="Core" cBy="ChW" cDate="02/07/2001 04:11:59 PST Wed" abbrev="Add" name="Addressee" ID="136">
        <definition>&lt;def-root&gt;The Speaker's commitment can be made to an Addressee.  With those words which allow this frame element to be expressed, Addressee usually occurs as a PP Complement headed by &lt;ment&gt;to&lt;/ment&gt; or the (Indirect) Object of verbs: Kim made a &lt;t&gt;promise&lt;/t&gt; &lt;fex name="Addressee"&gt;to me&lt;/fex&gt;. Kim &lt;t&gt;promised&lt;/t&gt; &lt;fex name="Addressee"&gt;me&lt;/fex&gt; that everything would be okay. &lt;/def-root&gt;</definition>
        <semType name="Sentient" ID="5"/>
    </FE>
    <FE bgColor="0000FF" fgColor="FFFFFF" coreType="Core" cBy="ChW" cDate="02/07/2001 04:11:59 PST Wed" abbrev="Msg" name="Message" ID="137">
        <definition>&lt;def-root&gt;An expression of the commitment made by the Speaker expresses the frame element Message.  Message is expressed as a finite or non-finite clausal Complement or an NP Object: I &lt;t&gt;swore&lt;/t&gt; &lt;fex name="Message"&gt;that I would never make the same mistake again&lt;/fex&gt;. The owner finally &lt;t&gt;consented&lt;/t&gt; &lt;fex name="Message"&gt;to sell the business&lt;/fex&gt;. They &lt;t&gt;threatened&lt;/t&gt; &lt;fex name="Message"&gt;revenge&lt;/fex&gt;. &lt;/def-root&gt;</definition>
        <semType name="Message" ID="56"/>
    </FE>
    <FE bgColor="9F79EE" fgColor="FFFFFF" coreType="Core" cBy="ChW" cDate="02/07/2001 04:11:59 PST Wed" abbrev="Top" name="Topic" ID="138">
        <definition>&lt;def-root&gt;Topic expressions are not very frequent in this frame. They can occur with noun targets. Jo made endless &lt;t&gt;promises&lt;/t&gt; &lt;fex name="Topic"&gt;about working harder at school&lt;/fex&gt;. &lt;/def-root&gt;</definition>
    </FE>
    <FE bgColor="800080" fgColor="FFFFFF" coreType="Core" cBy="ChW" cDate="02/07/2001 04:11:59 PST Wed" abbrev="Medium" name="Medium" ID="139">
        <definition>&lt;def-root&gt;As with other frames in the Communication domain, the &lt;t&gt;Medium&lt;/t&gt; of communication may be expressed. Medium is the physical entity or channel used to transmit the Message. Bob &lt;t&gt;threatened&lt;/t&gt; the workers &lt;fex name="Medium"&gt;in Spanish&lt;/fex&gt;. &lt;/def-root&gt;</definition>
    </FE>
    <FE bgColor="FF69B4" fgColor="FFFFFF" coreType="Peripheral" cBy="JKR" cDate="10/20/2003 10:16:36 PDT Mon" abbrev="" name="Manner" ID="5691">
        <definition>&lt;def-root&gt;The &lt;fen&gt;Manner&lt;/fen&gt; in which the commitment is made.

&lt;ex&gt;"I'll help you any way I can", he promised &lt;fex name="Manner"&gt;softly&lt;/fex&gt;&lt;/ex&gt;&lt;/def-root&gt;</definition>
        <semType name="Manner" ID="173"/>
    </FE>
    <FE bgColor="FFA500" fgColor="FFFFFF" coreType="Peripheral" cBy="JKR" cDate="06/15/2005 10:26:47 PDT Wed" abbrev="tim" name="Time" ID="8158">
        <definition>&lt;def-root&gt;The time period during which the &lt;fen&gt;Speaker&lt;/fen&gt; makes the commitment.

&lt;ex&gt;The chancellor &lt;fex name="Time"&gt;yesterday&lt;/fex&gt; &lt;t&gt;promised&lt;/t&gt; to increase defence spending in real terms next
year.&lt;/ex&gt;&lt;/def-root&gt;</definition>
        <semType name="Time" ID="141"/>
    </FE>
    <FE bgColor="9400D3" fgColor="FFFFFF" coreType="Peripheral" cBy="JKR" cDate="06/15/2005 10:31:42 PDT Wed" abbrev="pla" name="Place" ID="8159">
        <definition>&lt;def-root&gt;The location in which the &lt;fen&gt;Speaker&lt;/fen&gt; makes the commitment. 

&lt;ex&gt;The july framework has reaffirmed what was &lt;t&gt;promised&lt;/t&gt; &lt;fex name="Place"&gt;at Doha&lt;/fex&gt;.&lt;/ex&gt;&lt;/def-root&gt;</definition>
        <semType name="Locative_relation" ID="182"/>
    </FE>
    <FE bgColor="FF00FF" fgColor="FFFFFF" coreType="Peripheral" cBy="JKR" cDate="08/06/2005 01:30:28 PDT Sat" abbrev="pur" name="Purpose" ID="8824">
        <definition>&lt;def-root&gt;An action that the &lt;fen&gt;Speaker&lt;/fen&gt; intends to accomplish by taking on the commitment.&lt;/def-root&gt;</definition>
        <semType name="State_of_affairs" ID="177"/>
    </FE>
    <FE bgColor="1E90FF" fgColor="FFFFFF" coreType="Extra-Thematic" cBy="KmG" cDate="02/20/2007 12:10:28 PST Tue" abbrev="" name="Period_of_iterations" ID="11061">
        <definition>&lt;def-root&gt;This FE is used to indicate length of time from when Commitment event began to be repeated to when it stopped.&lt;/def-root&gt;</definition>
    </FE>
    <FEcoreSet>
        <memberFE name="Message" ID="137"/>
        <memberFE name="Topic" ID="138"/>
    </FEcoreSet>
    <FEcoreSet>
        <memberFE name="Medium" ID="139"/>
        <memberFE name="Speaker" ID="135"/>
    </FEcoreSet>
    <frameRelation type="Inherits from"/>
    <frameRelation type="Is Inherited by"/>
    <frameRelation type="Perspective on"/>
    <frameRelation type="Is Perspectivized in"/>
    <frameRelation type="Uses">
        <relatedFrame ID="6">Communication</relatedFrame>
    </frameRelation>
    <frameRelation type="Is Used by">
        <relatedFrame ID="1342">Make_agreement_on_action</relatedFrame>
        <relatedFrame ID="1566">Going_back_on_a_commitment</relatedFrame>
    </frameRelation>
    <frameRelation type="Subframe of"/>
    <frameRelation type="Has Subframe(s)"/>
    <frameRelation type="Precedes"/>
    <frameRelation type="Is Preceded by"/>
    <frameRelation type="Is Inchoative of"/>
    <frameRelation type="Is Causative of"/>
    <frameRelation type="See also"/>
    <lexUnit status="FN1_Sent" POS="V" name="consent.v" ID="474" lemmaID="7887" cBy="ChW" cDate="02/08/2001 01:28:12 PST Thu">
        <definition>FN: to acquiesce to another person\'s plan or proposal</definition>
        <sentenceCount annotated="26" total="107"/>
        <lexeme order="1" headword="false" breakBefore="false" POS="V" name="consent"/>
    </lexUnit>
    <lexUnit status="FN1_Sent" POS="N" name="covenant.n" ID="475" lemmaID="8675" cBy="ChW" cDate="02/08/2001 01:28:12 PST Thu">
        <definition>COD: a solemn agreement</definition>
        <sentenceCount annotated="5" total="88"/>
        <lexeme order="1" headword="false" breakBefore="false" POS="N" name="covenant"/>
    </lexUnit>
    <lexUnit status="FN1_Sent" POS="V" name="covenant.v" ID="476" lemmaID="8676" cBy="ChW" cDate="02/08/2001 01:28:12 PST Thu">
        <definition>COD: agree or pay by solemn agreement</definition>
        <sentenceCount annotated="11" total="88"/>
        <lexeme order="1" headword="false" breakBefore="false" POS="V" name="covenant"/>
    </lexUnit>
    <lexUnit status="FN1_Sent" POS="N" name="oath.n" ID="477" lemmaID="26353" cBy="ChW" cDate="02/08/2001 01:28:12 PST Thu">
        <definition>COD: a solemn promise, often invoking a divine witness, as to the truth of something or as a commitment to future action</definition>
        <sentenceCount annotated="28" total="91"/>
        <lexeme order="1" headword="false" breakBefore="false" POS="N" name="oath"/>
    </lexUnit>
    <lexUnit status="FN1_Sent" POS="N" name="pledge.n" ID="478" lemmaID="29369" cBy="ChW" cDate="02/08/2001 01:28:12 PST Thu">
        <definition>COD: a solemn promise or undertaking</definition>
        <sentenceCount annotated="44" total="120"/>
        <lexeme order="1" headword="false" breakBefore="false" POS="N" name="pledge"/>
    </lexUnit>
    <lexUnit status="FN1_Sent" POS="V" name="pledge.v" ID="479" lemmaID="29370" cBy="ChW" cDate="02/08/2001 01:28:12 PST Thu">
        <definition>COD: solemnly undertake to do or give something</definition>
        <sentenceCount annotated="68" total="244"/>
        <lexeme order="1" headword="false" breakBefore="false" POS="V" name="pledge"/>
    </lexUnit>
    <lexUnit status="FN1_Sent" POS="N" name="promise.n" ID="480" lemmaID="30695" cBy="ChW" cDate="02/08/2001 01:28:12 PST Thu">
        <definition>COD: an assurance that one will do something or that something will happen</definition>
        <sentenceCount annotated="27" total="131"/>
        <lexeme order="1" headword="false" breakBefore="false" POS="N" name="promise"/>
    </lexUnit>
    <lexUnit status="FN1_Sent" POS="V" name="promise.v" ID="481" lemmaID="30696" cBy="ChW" cDate="02/08/2001 01:28:12 PST Thu">
        <definition>FN: to provide an assurance that one will do something or that something will happen</definition>
        <sentenceCount annotated="95" total="512"/>
        <lexeme order="1" headword="false" breakBefore="false" POS="V" name="promise"/>
    </lexUnit>
    <lexUnit status="FN1_Sent" POS="V" name="swear.v" ID="482" lemmaID="39102" cBy="ChW" cDate="02/08/2001 01:28:12 PST Thu">
        <definition>COD: state or promise solemnly or on oath.</definition>
        <sentenceCount annotated="39" total="243"/>
        <lexeme order="1" headword="false" breakBefore="false" POS="V" name="swear"/>
    </lexUnit>
    <lexUnit status="FN1_Sent" POS="N" name="threat.n" ID="483" lemmaID="40233" cBy="ChW" cDate="02/08/2001 01:28:13 PST Thu">
        <definition>COD: a statement of an intention to inflict injury, damage, or other hostile action as retribution. </definition>
        <sentenceCount annotated="32" total="134"/>
        <lexeme order="1" headword="false" breakBefore="false" POS="N" name="threat"/>
    </lexUnit>
    <lexUnit status="FN1_Sent" POS="V" name="threaten.v" ID="484" lemmaID="40234" cBy="ChW" cDate="02/08/2001 01:28:13 PST Thu">
        <definition>COD: make or express a threat to (someone) or to do (something). </definition>
        <sentenceCount annotated="53" total="253"/>
        <lexeme order="1" headword="false" breakBefore="false" POS="V" name="threaten"/>
    </lexUnit>
    <lexUnit status="FN1_Sent" POS="V" name="undertake.v" ID="485" lemmaID="42015" cBy="ChW" cDate="02/08/2001 01:28:13 PST Thu">
        <definition>COD: formally guarantee, pledge, or promise.</definition>
        <sentenceCount annotated="19" total="173"/>
        <lexeme order="1" headword="false" breakBefore="false" POS="V" name="undertake"/>
    </lexUnit>
    <lexUnit status="FN1_Sent" POS="N" name="undertaking.n" ID="486" lemmaID="42017" cBy="ChW" cDate="02/08/2001 01:28:13 PST Thu">
        <definition>COD: a formal pledge or promise to do something.</definition>
        <sentenceCount annotated="22" total="102"/>
        <lexeme order="1" headword="false" breakBefore="false" POS="N" name="undertaking"/>
    </lexUnit>
    <lexUnit status="FN1_Sent" POS="V" name="volunteer.v" ID="487" lemmaID="43236" cBy="ChW" cDate="02/08/2001 01:28:13 PST Thu">
        <definition>COD: freely offer to do something.</definition>
        <sentenceCount annotated="46" total="261"/>
        <lexeme order="1" headword="false" breakBefore="false" POS="V" name="volunteer"/>
    </lexUnit>
    <lexUnit status="FN1_Sent" POS="N" name="vow.n" ID="488" lemmaID="43259" cBy="ChW" cDate="02/08/2001 01:28:13 PST Thu">
        <definition>COD: a solemn promise.</definition>
        <sentenceCount annotated="22" total="95"/>
        <lexeme order="1" headword="false" breakBefore="false" POS="N" name="vow"/>
    </lexUnit>
    <lexUnit status="Created" POS="V" name="commit.v" ID="10650" lemmaID="7363" cBy="JKR" cDate="06/28/2004 11:59:00 PDT Mon">
        <definition>COD: to obligate or pledge oneself</definition>
        <sentenceCount annotated="3" total="3"/>
        <lexeme order="1" headword="false" breakBefore="false" POS="V" name="commit"/>
    </lexUnit>
    <lexUnit status="Created" POS="N" name="commitment.n" ID="10651" lemmaID="7364" cBy="JKR" cDate="06/29/2004 12:05:17 PDT Tue">
        <definition>COD: a pledge or undertaking.</definition>
        <sentenceCount annotated="15" total="15"/>
        <lexeme order="1" headword="false" breakBefore="false" POS="N" name="commitment"/>
    </lexUnit>
    <lexUnit status="Finished_Initial" POS="V" name="vow.v" ID="12692" lemmaID="43260" cBy="JKR" cDate="08/23/2005 03:41:49 PDT Tue">
        <definition>COD: solemnly promise to do something.</definition>
        <sentenceCount annotated="28" total="194"/>
        <lexeme order="1" headword="false" breakBefore="false" POS="V" name="vow"/>
    </lexUnit>
</frame>