<?xml version="1.0" encoding="UTF-8" standalone="yes"?>
<?xml-stylesheet type="text/xsl" href="frame.xsl"?>
<frame cBy="MJE" cDate="08/15/2003 07:43:51 PDT Fri" name="Communicate_categorization" ID="796" xsi:schemaLocation="../schema/frame.xsd" xmlns="http://framenet.icsi.berkeley.edu" xmlns:xsi="http://www.w3.org/2001/XMLSchema-instance">
    <definition>&lt;def-root&gt;A &lt;fen&gt;Speaker&lt;/fen&gt; communicates a message stating an &lt;fen&gt;Item&lt;/fen&gt;'s membership in a &lt;fen&gt;Category&lt;/fen&gt;, i.e., asserts that the &lt;fen&gt;Item&lt;/fen&gt; has the defining characteristics of the &lt;fen&gt;Category&lt;/fen&gt;. Alternatively, the message is conceived as communicated by a &lt;fen&gt;Medium&lt;/fen&gt;.

&lt;ex&gt;&lt;fex name="Speaker"&gt;He&lt;/fex&gt; &lt;t&gt;depicted&lt;/t&gt; &lt;fex name="Item"&gt;his involvement&lt;/fex&gt; &lt;fex name="Category"&gt;as merely peripheral&lt;/fex&gt;.&lt;/ex&gt;

&lt;ex&gt;&lt;fex name="Medium"&gt;The first half of the book&lt;/fex&gt; &lt;t&gt;portrays&lt;/t&gt; &lt;fex name="Item"&gt;Bragg's mother&lt;/fex&gt; &lt;fex name="Category"&gt;as a beautiful and heartbroken woman&lt;/fex&gt;&lt;/ex&gt;.&lt;/def-root&gt;</definition>
    <FE bgColor="FF0000" fgColor="FFFFFF" coreType="Core" cBy="MJE" cDate="10/17/2003 12:44:42 PDT Fri" abbrev="" name="Speaker" ID="5630">
        <definition>&lt;def-root&gt;The individual that communicates the message concerning the &lt;fen&gt;Category&lt;/fen&gt; of an &lt;fen&gt;Item&lt;/fen&gt;.&lt;/def-root&gt;</definition>
        <semType name="Sentient" ID="5"/>
    </FE>
    <FE bgColor="2E8B57" fgColor="FFFFFF" coreType="Core" cBy="MJE" cDate="10/17/2003 12:50:35 PDT Fri" abbrev="" name="Category" ID="5631">
        <definition>&lt;def-root&gt;The class of entities with characteristics that match those of the &lt;fen&gt;Item&lt;/fen&gt; according to the portrayal of the &lt;fen&gt;Speaker&lt;/fen&gt;.&lt;/def-root&gt;</definition>
    </FE>
    <FE bgColor="0000FF" fgColor="FFFFFF" coreType="Core" cBy="MJE" cDate="10/17/2003 12:52:34 PDT Fri" abbrev="" name="Item" ID="5632">
        <definition>&lt;def-root&gt;The entity that the &lt;fen&gt;Speaker&lt;/fen&gt; portrays as belonging to a &lt;fen&gt;Category&lt;/fen&gt;.&lt;/def-root&gt;</definition>
    </FE>
    <FE bgColor="9400D3" fgColor="FFFFFF" coreType="Peripheral" cBy="MJE" cDate="10/17/2003 02:48:33 PDT Fri" abbrev="" name="Means" ID="5633">
        <definition>&lt;def-root&gt;An action taken by the &lt;fen&gt;Speaker&lt;/fen&gt; through which they communicate that the &lt;fen&gt;Item&lt;/fen&gt; fits into a particular &lt;fen&gt;Category&lt;/fen&gt;.&lt;/def-root&gt;</definition>
        <semType name="State_of_affairs" ID="177"/>
    </FE>
    <FE bgColor="1E90FF" fgColor="FFFFFF" coreType="Core" cBy="MJE" cDate="10/17/2003 02:50:30 PDT Fri" abbrev="" name="Medium" ID="5634">
        <definition>&lt;def-root&gt;The piece of text in which a &lt;fen&gt;Speaker&lt;/fen&gt; communicates their categorization of the &lt;fen&gt;Item&lt;/fen&gt;.

&lt;ex&gt;However, &lt;fex name="Medium"&gt;"A Brief History of Medicine"&lt;/fex&gt; &lt;t&gt;characterizes&lt;/t&gt; influenza as the most deadly plague, overall.&lt;/ex&gt;&lt;/def-root&gt;</definition>
    </FE>
    <FE bgColor="FFA500" fgColor="FFFFFF" coreType="Peripheral" cBy="MJE" cDate="10/17/2003 02:57:48 PDT Fri" abbrev="" name="Time" ID="5635">
        <definition>&lt;def-root&gt;The point in time at which the &lt;fen&gt;Speaker&lt;/fen&gt; makes a characterization of the &lt;fen&gt;Item&lt;/fen&gt;.&lt;/def-root&gt;</definition>
        <semType name="Time" ID="141"/>
    </FE>
    <FE bgColor="800080" fgColor="FFFFFF" coreType="Peripheral" cBy="MJE" cDate="10/17/2003 02:59:04 PDT Fri" abbrev="" name="Place" ID="5636">
        <definition>&lt;def-root&gt;The location at which the &lt;fen&gt;Speaker&lt;/fen&gt; characterizes the &lt;fen&gt;Item&lt;/fen&gt;&lt;/def-root&gt;</definition>
        <semType name="Locative_relation" ID="182"/>
    </FE>
    <FE bgColor="808080" fgColor="FFFFFF" coreType="Extra-Thematic" cBy="MJE" cDate="10/17/2003 03:24:05 PDT Fri" abbrev="cir" name="Circumstances" ID="5637">
        <definition>&lt;def-root&gt;The &lt;fen&gt;Circumstances&lt;/fen&gt; under which the categorization is made.
&lt;/def-root&gt;</definition>
    </FE>
    <FE bgColor="9F79EE" fgColor="FFFFFF" coreType="Peripheral" cBy="MJE" cDate="10/17/2003 03:27:04 PDT Fri" abbrev="" name="Criteria" ID="5638">
        <definition>&lt;def-root&gt;The characteristics of an &lt;fen&gt;Item&lt;/fen&gt; that fit the defining characteristics of a &lt;fen&gt;Category&lt;/fen&gt;, and thus serve as the basis of the &lt;fen&gt;Speaker&lt;/fen&gt;s characterization of the &lt;fen&gt;Item&lt;/fen&gt; .&lt;/def-root&gt;</definition>
    </FE>
    <FE bgColor="FF00FF" fgColor="FFFFFF" coreType="Peripheral" cBy="MJE" cDate="10/17/2003 03:29:06 PDT Fri" abbrev="" name="Manner" ID="5639">
        <definition>&lt;def-root&gt;Any description of the event which is not covered by more specific FEs, including epistemic modification (&lt;ment&gt;probably, presumably, mysteriously&lt;/ment&gt;), secondary effects (&lt;ment&gt;quietly, loudly&lt;/ment&gt;), and general descriptions comparing events (&lt;ment&gt;the same way&lt;/ment&gt;). It may also indicate salient characteristics of a &lt;fen&gt;Speaker&lt;/fen&gt; that also affect the action (&lt;ment&gt;presumptuously, coldly, deliberately, eagerly, carefully&lt;/ment&gt;). &lt;/def-root&gt;</definition>
        <semType name="Manner" ID="173"/>
    </FE>
    <FE bgColor="EEE8AA" fgColor="000000" coreType="Extra-Thematic" cBy="JKs" cDate="07/21/2008 02:59:53 PDT Mon" abbrev="" name="Duration" ID="13034">
        <definition>&lt;def-root&gt;Duration denotes the length of time from the beginning of a continuous situation (the one denoted by the target) to its end. In many cases, the continuous situation is a dynamic action which is ongoing, while in others it is simply an undifferentiated state.&lt;/def-root&gt;</definition>
    </FE>
    <FEcoreSet>
        <memberFE name="Speaker" ID="5630"/>
        <memberFE name="Medium" ID="5634"/>
    </FEcoreSet>
    <frameRelation type="Inherits from"/>
    <frameRelation type="Is Inherited by"/>
    <frameRelation type="Perspective on"/>
    <frameRelation type="Is Perspectivized in"/>
    <frameRelation type="Uses">
        <relatedFrame ID="21">Categorization</relatedFrame>
    </frameRelation>
    <frameRelation type="Is Used by"/>
    <frameRelation type="Subframe of"/>
    <frameRelation type="Has Subframe(s)"/>
    <frameRelation type="Precedes"/>
    <frameRelation type="Is Preceded by"/>
    <frameRelation type="Is Inchoative of"/>
    <frameRelation type="Is Causative of"/>
    <frameRelation type="See also"/>
    <lexUnit status="Created" POS="V" name="characterize.v" ID="9800" lemmaID="16" cBy="MJE" cDate="10/17/2003 03:34:32 PDT Fri">
        <definition>COD: describe the distinctive character of</definition>
        <sentenceCount annotated="31" total="253"/>
        <lexeme order="1" headword="false" breakBefore="false" POS="V" name="characterize"/>
    </lexUnit>
    <lexUnit status="Created" POS="V" name="depict.v" ID="9801" lemmaID="10216" cBy="MJE" cDate="10/17/2003 03:35:16 PDT Fri">
        <definition>FN: characterize pictorally</definition>
        <sentenceCount annotated="25" total="240"/>
        <lexeme order="1" headword="false" breakBefore="false" POS="V" name="depict"/>
    </lexUnit>
    <lexUnit status="Created" POS="N" name="depiction.n" ID="9802" lemmaID="10217" cBy="MJE" cDate="10/17/2003 03:35:44 PDT Fri">
        <definition>COD: depiction is a derivative of depict</definition>
        <sentenceCount annotated="6" total="44"/>
        <lexeme order="1" headword="false" breakBefore="false" POS="N" name="depiction"/>
    </lexUnit>
    <lexUnit status="Created" POS="V" name="describe.v" ID="9803" lemmaID="10317" cBy="MJE" cDate="10/17/2003 03:36:08 PDT Fri">
        <definition>COD: give a detailed account in words of.</definition>
        <sentenceCount annotated="43" total="380"/>
        <lexeme order="1" headword="false" breakBefore="false" POS="V" name="describe"/>
    </lexUnit>
    <lexUnit status="Created" POS="N" name="description.n" ID="9804" lemmaID="10318" cBy="MJE" cDate="10/17/2003 03:36:51 PDT Fri">
        <definition>COD: a spoken or written account of a person, object, or event.</definition>
        <sentenceCount annotated="8" total="256"/>
        <lexeme order="1" headword="false" breakBefore="false" POS="N" name="description"/>
    </lexUnit>
    <lexUnit status="Created" POS="V" name="portray.v" ID="9805" lemmaID="29830" cBy="MJE" cDate="10/17/2003 03:37:33 PDT Fri">
        <definition>COD: describe in a particular way.</definition>
        <sentenceCount annotated="18" total="93"/>
        <lexeme order="1" headword="false" breakBefore="false" POS="V" name="portray"/>
    </lexUnit>
    <lexUnit status="Created" POS="V" name="represent.v" ID="9806" lemmaID="32725" cBy="MJE" cDate="10/17/2003 03:39:13 PDT Fri">
        <definition>COD: portray in a particular way</definition>
        <sentenceCount annotated="21" total="408"/>
        <lexeme order="1" headword="false" breakBefore="false" POS="V" name="represent"/>
    </lexUnit>
    <lexUnit status="Created" POS="N" name="representation.n" ID="9807" lemmaID="32726" cBy="MJE" cDate="10/17/2003 03:41:48 PDT Fri">
        <definition>COD: an image, model, or other depiction of something.</definition>
        <sentenceCount annotated="1" total="211"/>
        <lexeme order="1" headword="false" breakBefore="false" POS="N" name="representation"/>
    </lexUnit>
    <lexUnit status="Created" POS="V" name="define.v" ID="9808" lemmaID="9944" cBy="MJE" cDate="10/17/2003 03:45:55 PDT Fri">
        <definition>COD: state or describe exactly the nature, scope, or meaning of. </definition>
        <sentenceCount annotated="102" total="365"/>
        <lexeme order="1" headword="false" breakBefore="false" POS="V" name="define"/>
    </lexUnit>
    <lexUnit status="Created" POS="N" name="definition.n" ID="9810" lemmaID="9947" cBy="MJE" cDate="10/17/2003 04:47:26 PDT Fri">
        <definition>COD:  a formal statement of the exact nature, scope, or meaning of something.</definition>
        <sentenceCount annotated="33" total="200"/>
        <lexeme order="1" headword="false" breakBefore="false" POS="N" name="definition"/>
    </lexUnit>
    <lexUnit status="Created" POS="V" name="redefine.v" ID="9812" lemmaID="45" cBy="MJE" cDate="10/17/2003 05:28:59 PDT Fri">
        <definition>COD: define again or differently.</definition>
        <sentenceCount annotated="19" total="108"/>
        <lexeme order="1" headword="false" breakBefore="false" POS="V" name="redefine"/>
    </lexUnit>
    <lexUnit status="Created" POS="N" name="redefinition.n" ID="9813" lemmaID="46" cBy="MJE" cDate="10/17/2003 05:29:16 PDT Fri">
        <definition>COD: redefinition is a derivative of redefine</definition>
        <sentenceCount annotated="15" total="39"/>
        <lexeme order="1" headword="false" breakBefore="false" POS="N" name="redefinition"/>
    </lexUnit>
    <lexUnit status="Created" POS="N" name="characterization.n" ID="9814" lemmaID="15" cBy="MJE" cDate="10/17/2003 05:53:32 PDT Fri">
        <definition>COD: characterization is a derivative of characterize</definition>
        <sentenceCount annotated="18" total="87"/>
        <lexeme order="1" headword="false" breakBefore="false" POS="N" name="characterization"/>
    </lexUnit>
    <lexUnit status="Created" POS="V" name="treat.v" ID="9815" lemmaID="41134" cBy="MJE" cDate="10/17/2003 05:56:30 PDT Fri">
        <definition>FN: consider  or regard in a certain way</definition>
        <sentenceCount annotated="22" total="222"/>
        <lexeme order="1" headword="false" breakBefore="false" POS="V" name="treat"/>
    </lexUnit>
    <lexUnit status="Needs_SCs" POS="V" name="paint.v" ID="13585" lemmaID="27541" cBy="RLG" cDate="09/29/2006 12:25:02 PDT Fri">
        <definition>COD: give a description of (something).</definition>
        <sentenceCount annotated="9" total="37"/>
        <lexeme order="1" headword="false" breakBefore="false" POS="V" name="paint"/>
    </lexUnit>
    <lexUnit status="Needs_SCs" POS="V" name="cast.v" ID="15077" lemmaID="5676" cBy="JKs" cDate="06/09/2008 01:35:28 PDT Mon">
        <definition>FN: portray</definition>
        <sentenceCount annotated="2" total="41"/>
        <lexeme order="1" headword="false" breakBefore="false" POS="V" name="cast"/>
    </lexUnit>
    <lexUnit status="Created" POS="V" name="make out to be.v" ID="17322" lemmaID="51620" cBy="CVa" cDate="02/06/2013 01:28:32 PST Wed">
        <definition>FN: to porttay something as being in a specified category</definition>
        <sentenceCount annotated="1" total="1"/>
        <lexeme order="1" headword="true" breakBefore="false" POS="V" name="make"/>
        <lexeme order="2" headword="false" breakBefore="false" POS="PREP" name="out"/>
        <lexeme order="3" headword="false" breakBefore="false" POS="PREP" name="to"/>
        <lexeme order="4" headword="false" breakBefore="false" POS="V" name="be"/>
    </lexUnit>
</frame>