<?xml version="1.0" encoding="UTF-8" standalone="yes"?>
<?xml-stylesheet type="text/xsl" href="frame.xsl"?>
<frame cBy="MJE" cDate="07/13/2009 02:59:03 PDT Mon" name="Concessive" ID="2150" xsi:schemaLocation="../schema/frame.xsd" xmlns="http://framenet.icsi.berkeley.edu" xmlns:xsi="http://www.w3.org/2001/XMLSchema-instance">
    <definition>&lt;def-root&gt;A speaker marks a &lt;fen&gt;Conceded_state_of_affairs&lt;/fen&gt; as being or implying a contradiction to the &lt;fen&gt;Main_assertion&lt;/fen&gt;.  Some LUs specify the &lt;fen&gt;Main_assertion&lt;/fen&gt;, others the &lt;fen&gt;Conceded_state_of_affairs&lt;/fen&gt;, as referring to the preceding discourse (i.e. DNI), while yet others are conjunctions joining the two.

&lt;ex&gt;&lt;t&gt;Although&lt;/t&gt; &lt;fex name="Conceded_state_of_affairs"&gt;she had some trouble&lt;/fex&gt; , &lt;fex name="Main_assertion"&gt;she was able to finish about two hours early&lt;/fex&gt; .&lt;/ex&gt;
&lt;ex&gt;&lt;t&gt;Nevertheless&lt;/t&gt; , &lt;fex name="Main_assertion"&gt;we did win&lt;/fex&gt; . &lt;fex name="Conceded_state_of_affairs"&gt;DNI&lt;/fex&gt; &lt;/ex&gt;
&lt;ex&gt;&lt;fex name="Main_assertion"&gt;I wanted to come&lt;/fex&gt; , &lt;t&gt;but&lt;/t&gt; &lt;fex name="Conceded_state_of_affairs"&gt;I did n't remember where the party was&lt;/fex&gt; . &lt;/ex&gt;&lt;/def-root&gt;</definition>
    <FE bgColor="800080" fgColor="FFFFFF" coreType="Core" cBy="MJE" cDate="07/13/2009 02:59:03 PDT Mon" abbrev="Msg" name="Conceded_state_of_affairs" ID="13302">
        <definition>&lt;def-root&gt;A proposition or set of propositions that the speaker wants the addressee to believe or take for granted. This statement is not asserted, but presupposed by the speaker of the sentence, and is mentioned to contrast with the &lt;fen&gt;Main_assertion&lt;/fen&gt;. It would or could seem to predict a situation different than the &lt;fen&gt;Main_assertion&lt;/fen&gt;, but, for reasons left implicit, this normal prediction is contradicted by the fact that the &lt;fen&gt;Main_assertion&lt;/fen&gt; and the &lt;fen&gt;Conceded_state_of_affairs&lt;/fen&gt; are both simultaneously true.
&lt;/def-root&gt;</definition>
        <semType name="Message" ID="56"/>
    </FE>
    <FE bgColor="FFA500" fgColor="FFFFFF" coreType="Core" cBy="MJE" cDate="07/13/2009 02:59:03 PDT Mon" abbrev="Top" name="Topic" ID="13303">
        <definition>&lt;def-root&gt;An entity which metonymically stands in for an associated &lt;fen&gt;Statement&lt;/fen&gt;.

&lt;ex&gt;She got married &lt;t&gt;in spite of&lt;/t&gt; &lt;fex name="Top"&gt;him&lt;/fex&gt; .&lt;/ex&gt;
&lt;ex&gt;&lt;t&gt;Despite&lt;/t&gt; &lt;fex name="Topic"&gt;her&lt;/fex&gt; , they finished on time .&lt;/ex&gt;&lt;/def-root&gt;</definition>
        <excludesFE name="Conceded_state_of_affairs" ID="13302"/>
    </FE>
    <FE bgColor="FF0000" fgColor="FFFFFF" coreType="Core" cBy="MJE" cDate="07/13/2009 03:23:19 PDT Mon" abbrev="" name="Main_assertion" ID="13312">
        <definition>&lt;def-root&gt;The statement that the speaker wishes to assert or offer as their main contribution to the discourse, which is be modified or hedged in some way by the &lt;fen&gt;Conceded_state_of_affairs&lt;/fen&gt;. The force of the contribution of the &lt;fen&gt;Main_assertion&lt;/fen&gt; is presented as undiluted by the fact that something different from the &lt;fen&gt;Main_assertion&lt;/fen&gt; would normally by predicted, based on the facts in the &lt;fen&gt;Conceded_state_of_affairs&lt;/fen&gt;. &lt;/def-root&gt;</definition>
    </FE>
    <FEcoreSet>
        <memberFE name="Topic" ID="13303"/>
        <memberFE name="Conceded_state_of_affairs" ID="13302"/>
    </FEcoreSet>
    <frameRelation type="Inherits from"/>
    <frameRelation type="Is Inherited by">
        <relatedFrame ID="2500">Contrary_circumstances</relatedFrame>
    </frameRelation>
    <frameRelation type="Perspective on"/>
    <frameRelation type="Is Perspectivized in"/>
    <frameRelation type="Uses">
        <relatedFrame ID="6">Communication</relatedFrame>
    </frameRelation>
    <frameRelation type="Is Used by"/>
    <frameRelation type="Subframe of"/>
    <frameRelation type="Has Subframe(s)"/>
    <frameRelation type="Precedes"/>
    <frameRelation type="Is Preceded by"/>
    <frameRelation type="Is Inchoative of"/>
    <frameRelation type="Is Causative of"/>
    <frameRelation type="See also">
        <relatedFrame ID="2991">Presentation_of_mitigation</relatedFrame>
    </frameRelation>
    <lexUnit status="Finished_Initial" POS="PREP" name="despite.prep" ID="15421" lemmaID="10377" cBy="MJE" cDate="07/13/2009 03:26:35 PDT Mon">
        <definition>FN: in spite of</definition>
        <sentenceCount annotated="18" total="217"/>
        <lexeme order="1" headword="false" breakBefore="false" POS="PREP" name="despite"/>
    </lexUnit>
    <lexUnit status="Finished_Initial" POS="PREP" name="in spite of.prep" ID="15423" lemmaID="51000" cBy="MJE" cDate="07/13/2009 04:46:25 PDT Mon">
        <definition>FN: in spite of </definition>
        <sentenceCount annotated="13" total="216"/>
        <lexeme order="1" headword="true" breakBefore="false" POS="PREP" name="in"/>
        <lexeme order="2" headword="false" breakBefore="false" POS="N" name="spite"/>
        <lexeme order="3" headword="false" breakBefore="false" POS="PREP" name="of"/>
    </lexUnit>
    <lexUnit status="Finished_Initial" POS="SCON" name="though.scon" ID="15424" lemmaID="51001" cBy="MJE" cDate="07/13/2009 04:48:09 PDT Mon">
        <definition>in spite of the fact that</definition>
        <sentenceCount annotated="22" total="113"/>
        <lexeme order="1" headword="true" breakBefore="false" POS="SCON" name="though"/>
    </lexUnit>
    <lexUnit status="Finished_Initial" POS="SCON" name="although.scon" ID="15425" lemmaID="51002" cBy="MJE" cDate="07/13/2009 04:48:58 PDT Mon">
        <definition>FN: in spite of the fact that</definition>
        <sentenceCount annotated="43" total="131"/>
        <lexeme order="1" headword="true" breakBefore="false" POS="SCON" name="although"/>
    </lexUnit>
    <lexUnit status="Problem" POS="ADV" name="to be fair.adv" ID="15427" lemmaID="51004" cBy="MJE" cDate="07/13/2009 04:50:58 PDT Mon">
        <definition>FN: used to mitigate statements made earlier in the discourse</definition>
        <sentenceCount annotated="16" total="127"/>
        <lexeme order="1" headword="true" breakBefore="false" POS="PREP" name="to"/>
        <lexeme order="2" headword="false" breakBefore="false" POS="V" name="be"/>
        <lexeme order="3" headword="false" breakBefore="false" POS="A" name="fair"/>
    </lexUnit>
    <lexUnit status="Problem" POS="ADV" name="nevertheless.adv" ID="15428" lemmaID="25748" cBy="MJE" cDate="07/13/2009 05:00:51 PDT Mon">
        <definition>FN: in spite of it</definition>
        <sentenceCount annotated="13" total="132"/>
        <lexeme order="1" headword="false" breakBefore="false" POS="ADV" name="nevertheless"/>
    </lexUnit>
    <lexUnit status="Problem" POS="C" name="but.c" ID="15429" lemmaID="5053" cBy="MJE" cDate="07/13/2009 05:02:31 PDT Mon">
        <definition>FN: except for the fact that</definition>
        <sentenceCount annotated="19" total="19"/>
        <lexeme order="1" headword="false" breakBefore="false" POS="C" name="but"/>
    </lexUnit>
    <lexUnit status="Problem" POS="ADV" name="however.adv" ID="15430" lemmaID="18555" cBy="MJE" cDate="07/13/2009 05:10:45 PDT Mon">
        <definition>FN: in spite of that</definition>
        <sentenceCount annotated="16" total="156"/>
        <lexeme order="1" headword="false" breakBefore="false" POS="ADV" name="however"/>
    </lexUnit>
    <lexUnit status="Finished_Initial" POS="SCON" name="while.scon" ID="15431" lemmaID="51005" cBy="MJE" cDate="07/13/2009 05:12:47 PDT Mon">
        <definition>when on the other hand</definition>
        <sentenceCount annotated="15" total="202"/>
        <lexeme order="1" headword="true" breakBefore="false" POS="SCON" name="while"/>
    </lexUnit>
    <lexUnit status="Needs_SCs" POS="SCON" name="if.scon" ID="18041" lemmaID="51811" cBy="WMcQ" cDate="05/29/2015 10:42:08 PDT Fri">
        <definition>FN: with the assumption that there is a possibility that</definition>
        <sentenceCount annotated="0" total="0"/>
        <lexeme order="1" headword="true" breakBefore="false" POS="SCON" name="if"/>
    </lexUnit>
    <lexUnit status="Created" POS="SCON" name="much as.scon" ID="18750" lemmaID="52160" cBy="MJE" cDate="08/11/2016 07:02:25 PDT Thu">
        <definition>FN: (usually with verbs of cognition or volition, esp. "much as I'd like...") although.</definition>
        <sentenceCount annotated="0" total="0"/>
        <lexeme order="1" headword="false" breakBefore="false" POS="ADV" name="much"/>
        <lexeme order="2" headword="true" breakBefore="false" POS="SCON" name="as"/>
    </lexUnit>
</frame>