<?xml version="1.0" encoding="UTF-8" standalone="yes"?>
<?xml-stylesheet type="text/xsl" href="frame.xsl"?>
<frame cBy="WmS" cDate="04/10/2012 03:12:26 PDT Tue" name="Condition_symptom_relation" ID="2718" xsi:schemaLocation="../schema/frame.xsd" xmlns="http://framenet.icsi.berkeley.edu" xmlns:xsi="http://www.w3.org/2001/XMLSchema-instance">
    <definition>&lt;def-root&gt;A &lt;fen&gt;Patient&lt;/fen&gt; has a &lt;fen&gt;Medical_condition&lt;/fen&gt; that can be understood by its &lt;fen&gt;Symptom&lt;/fen&gt;s. This frame has been constructed to list all the ways to speak of relating a &lt;fen&gt;Patient&lt;/fen&gt;, a &lt;fen&gt;Medical_condition&lt;/fen&gt;, and &lt;fen&gt;Symptom&lt;/fen&gt;s, including LUs that are also related to much more general frames like Causation (e.g. cause.v).

&lt;ex&gt; &lt;fex name="Medical_condition"&gt;Neurally mediated syncope&lt;/fex&gt; is the&lt;fex name="Frequency"&gt;the most common&lt;/fex&gt; &lt;t&gt;cause&lt;/t&gt; of &lt;fex name="Symptom"&gt;syncope&lt;/fex&gt;.&lt;/ex&gt;

&lt;ex&gt;&lt;fex name="Medical_condition"&gt;Tietze Syndrome and Costochondritis Tietze syndrome&lt;/fex&gt; &lt;t&gt;manifested&lt;/t&gt; &lt;fex name="Symptom"&gt;by painful swelling of one or more costochondral articulations&lt;/fex&gt;&lt;/ex&gt;&lt;/def-root&gt;</definition>
    <semType name="Non-perspectivalized_frame" ID="52"/>
    <FE bgColor="FF0000" fgColor="FFFFFF" coreType="Core" cBy="WmS" cDate="04/10/2012 03:21:27 PDT Tue" abbrev="" name="Patient" ID="15578">
        <definition>&lt;def-root&gt;The person who has a &lt;fen&gt;Medical_condition&lt;/fen&gt; associated with &lt;fen&gt;Symptom&lt;/fen&gt;. 

&lt;ex&gt;&lt;fex name="Patient"&gt;Premenopausal women&lt;/fex&gt; often will &lt;t&gt;present&lt;/t&gt; with atypical bleeding between typical menstrual cycles.&lt;/ex&gt;&lt;/def-root&gt;</definition>
    </FE>
    <FE bgColor="008000" fgColor="FFFFFF" coreType="Core" cBy="WmS" cDate="04/10/2012 03:28:58 PDT Tue" abbrev="" name="Medical_condition" ID="15580">
        <definition>&lt;def-root&gt;A holistic description of the medical state of the &lt;fen&gt;Patient&lt;/fen&gt; (or a part of the state of the &lt;fen&gt;Patient&lt;/fen&gt;), which may or may not indicate the cause of a deviation from normal.&lt;/def-root&gt;</definition>
    </FE>
    <FE bgColor="0000FF" fgColor="FFFFFF" coreType="Core" cBy="WmS" cDate="04/10/2012 03:37:33 PDT Tue" abbrev="" name="Symptom" ID="15581">
        <definition>&lt;def-root&gt;A deviation from normal function or feeling which is noticed by a &lt;fen&gt;Patient&lt;/fen&gt; or physician, indicating the presence of a &lt;fen&gt;Medical_condition&lt;/fen&gt;&lt;/def-root&gt;</definition>
    </FE>
    <FE bgColor="FF00FF" fgColor="FFFFFF" coreType="Extra-Thematic" cBy="WmS" cDate="04/10/2012 03:50:49 PDT Tue" abbrev="" name="Group" ID="15582">
        <definition>&lt;def-root&gt;Specific type of people in which a &lt;fen&gt;Medical_condition&lt;/fen&gt; is normally found&lt;/def-root&gt;</definition>
    </FE>
    <FE bgColor="FFA500" fgColor="FFFFFF" coreType="Peripheral" cBy="WmS" cDate="04/16/2012 03:22:29 PDT Mon" abbrev="" name="Time" ID="15600">
        <definition>&lt;def-root&gt;When a &lt;fen&gt;Symptom&lt;/fen&gt; or &lt;fen&gt;Medical_condition&lt;/fen&gt; occurs.&lt;/def-root&gt;</definition>
    </FE>
    <FE bgColor="800080" fgColor="FFFFFF" coreType="Peripheral" cBy="WmS" cDate="04/16/2012 03:25:10 PDT Mon" abbrev="" name="Place" ID="15601">
        <definition>&lt;def-root&gt;The location where a &lt;fen&gt;Medical_condition&lt;/fen&gt; presents. &lt;/def-root&gt;</definition>
    </FE>
    <FE bgColor="A52A2A" fgColor="FFFFFF" coreType="Peripheral" cBy="WmS" cDate="05/08/2012 12:32:50 PDT Tue" abbrev="" name="Frequency" ID="15660">
        <definition>&lt;def-root&gt;The commonality of a &lt;fen&gt;Medical_condition&lt;/fen&gt; or &lt;fen&gt;Symptom&lt;/fen&gt;&lt;/def-root&gt;</definition>
    </FE>
    <FE bgColor="FFFF00" fgColor="000000" coreType="Peripheral" cBy="WmS" cDate="05/14/2012 10:26:07 PDT Mon" abbrev="" name="Extent" ID="15687">
        <definition>&lt;def-root&gt;The degree to which a &lt;fen&gt;Medical_condition&lt;/fen&gt; is associated with a &lt;fen&gt;Symptom&lt;/fen&gt;(s).&lt;/def-root&gt;</definition>
    </FE>
    <FE bgColor="90876C" fgColor="FFFFFF" coreType="Extra-Thematic" cBy="WmS" cDate="05/14/2012 11:59:12 PDT Mon" abbrev="exp" name="Explanation" ID="15688">
        <definition>&lt;def-root&gt;&lt;fen&gt;Explanation&lt;/fen&gt; for why a &lt;fen&gt;Symptom&lt;/fen&gt;(s) or &lt;fen&gt;Medical_condition&lt;/fen&gt;(s) occur.&lt;/def-root&gt;</definition>
        <semType name="State_of_affairs" ID="177"/>
    </FE>
    <FE bgColor="2E8B57" fgColor="FFFFFF" coreType="Peripheral" cBy="WmS" cDate="05/15/2012 11:53:42 PDT Tue" abbrev="" name="Influence" ID="15692">
        <definition>&lt;def-root&gt;Genetic, Biological, and Environmental &lt;fen&gt;Influence&lt;/fen&gt;s affect &lt;fen&gt;Medical_condition&lt;/fen&gt;s&lt;/def-root&gt;</definition>
    </FE>
    <frameRelation type="Inherits from"/>
    <frameRelation type="Is Inherited by"/>
    <frameRelation type="Perspective on"/>
    <frameRelation type="Is Perspectivized in"/>
    <frameRelation type="Uses">
        <relatedFrame ID="239">Medical_conditions</relatedFrame>
    </frameRelation>
    <frameRelation type="Is Used by"/>
    <frameRelation type="Subframe of"/>
    <frameRelation type="Has Subframe(s)"/>
    <frameRelation type="Precedes"/>
    <frameRelation type="Is Preceded by"/>
    <frameRelation type="Is Inchoative of"/>
    <frameRelation type="Is Causative of"/>
    <frameRelation type="See also"/>
    <lexUnit status="Created" POS="V" name="manifest.v" ID="17009" lemmaID="23369" cBy="WmS" cDate="04/11/2012 01:53:48 PDT Wed">
        <definition>To present with</definition>
        <sentenceCount annotated="0" total="0"/>
        <lexeme order="1" headword="false" breakBefore="false" POS="V" name="manifest"/>
    </lexUnit>
    <lexUnit status="Created" POS="N" name="manifest.n" ID="17010" lemmaID="23368" cBy="WmS" cDate="04/11/2012 01:54:39 PDT Wed">
        <definition>To present as</definition>
        <sentenceCount annotated="0" total="0"/>
        <lexeme order="1" headword="false" breakBefore="false" POS="N" name="manifest"/>
    </lexUnit>
    <lexUnit status="Created" POS="V" name="present.v" ID="17011" lemmaID="30287" cBy="WmS" cDate="04/11/2012 01:55:55 PDT Wed">
        <definition>to display</definition>
        <sentenceCount annotated="0" total="0"/>
        <lexeme order="1" headword="false" breakBefore="false" POS="V" name="present"/>
    </lexUnit>
    <lexUnit status="Add_Annotation" POS="N" name="symptom.n" ID="17012" lemmaID="39266" cBy="WmS" cDate="04/11/2012 01:56:37 PDT Wed">
        <definition>deviation from normal function</definition>
        <sentenceCount annotated="0" total="0"/>
        <lexeme order="1" headword="false" breakBefore="false" POS="N" name="symptom"/>
    </lexUnit>
    <lexUnit status="Created" POS="A" name="symptomatic.a" ID="17013" lemmaID="39267" cBy="WmS" cDate="04/11/2012 01:59:37 PDT Wed">
        <definition>being a symptom of</definition>
        <sentenceCount annotated="0" total="0"/>
        <lexeme order="1" headword="false" breakBefore="false" POS="A" name="symptomatic"/>
    </lexUnit>
    <lexUnit status="Created" POS="A" name="asymptomatic.a" ID="17014" lemmaID="51512" cBy="WmS" cDate="04/11/2012 02:03:11 PDT Wed">
        <definition>not having symptoms</definition>
        <sentenceCount annotated="0" total="0"/>
        <lexeme order="1" headword="true" breakBefore="false" POS="A" name="asymptomatic"/>
    </lexUnit>
    <lexUnit status="In_Use" POS="V" name="cause.v" ID="17015" lemmaID="5803" cBy="WmS" cDate="04/11/2012 02:07:17 PDT Wed">
        <definition>reason for condition</definition>
        <sentenceCount annotated="2" total="2"/>
        <lexeme order="1" headword="false" breakBefore="false" POS="V" name="cause"/>
    </lexUnit>
    <lexUnit status="In_Use" POS="N" name="cause.n" ID="17060" lemmaID="5802" cBy="WmS" cDate="05/07/2012 10:17:14 PDT Mon">
        <definition>To make happen</definition>
        <sentenceCount annotated="2" total="2"/>
        <lexeme order="1" headword="false" breakBefore="false" POS="N" name="cause"/>
    </lexUnit>
    <lexUnit status="Finished_Initial" POS="V" name="associate.v" ID="17061" lemmaID="2171" cBy="WmS" cDate="05/07/2012 11:52:46 PDT Mon">
        <definition>To draw a connection between a symptom and a medical condition.</definition>
        <sentenceCount annotated="7" total="7"/>
        <lexeme order="1" headword="false" breakBefore="false" POS="V" name="associate"/>
    </lexUnit>
    <lexUnit status="Add_Annotation" POS="V" name="mimic.v" ID="17062" lemmaID="24346" cBy="WmS" cDate="05/07/2012 11:54:58 PDT Mon">
        <definition>to take on a familiar appearance</definition>
        <sentenceCount annotated="0" total="0"/>
        <lexeme order="1" headword="false" breakBefore="false" POS="V" name="mimic"/>
    </lexUnit>
    <lexUnit status="Add_Annotation" POS="V" name="show.v" ID="17063" lemmaID="35686" cBy="WmS" cDate="05/07/2012 11:59:44 PDT Mon">
        <definition>to display sign of</definition>
        <sentenceCount annotated="0" total="0"/>
        <lexeme order="1" headword="false" breakBefore="false" POS="V" name="show"/>
    </lexUnit>
    <lexUnit status="Add_Annotation" POS="V" name="see.v" ID="17064" lemmaID="34838" cBy="WmS" cDate="05/07/2012 12:09:37 PDT Mon">
        <definition>to observe</definition>
        <sentenceCount annotated="1" total="1"/>
        <lexeme order="1" headword="false" breakBefore="false" POS="V" name="see"/>
    </lexUnit>
    <lexUnit status="Created" POS="V" name="produce.v" ID="17065" lemmaID="30579" cBy="WmS" cDate="05/07/2012 12:21:34 PDT Mon">
        <definition>to create </definition>
        <sentenceCount annotated="0" total="0"/>
        <lexeme order="1" headword="false" breakBefore="false" POS="V" name="produce"/>
    </lexUnit>
    <lexUnit status="Add_Annotation" POS="V" name="link.v" ID="17066" lemmaID="22441" cBy="WmS" cDate="05/08/2012 01:18:17 PDT Tue">
        <definition>to connect</definition>
        <sentenceCount annotated="1" total="1"/>
        <lexeme order="1" headword="false" breakBefore="false" POS="V" name="link"/>
    </lexUnit>
    <lexUnit status="Created" POS="V" name="include.v" ID="17067" lemmaID="19432" cBy="WmS" cDate="05/08/2012 01:21:19 PDT Tue">
        <definition>to be part of
</definition>
        <sentenceCount annotated="0" total="0"/>
        <lexeme order="1" headword="false" breakBefore="false" POS="V" name="include"/>
    </lexUnit>
    <lexUnit status="Add_Annotation" POS="V" name="relate.v" ID="17072" lemmaID="32486" cBy="WmS" cDate="05/14/2012 10:15:17 PDT Mon">
        <definition>often seen with</definition>
        <sentenceCount annotated="0" total="0"/>
        <lexeme order="1" headword="false" breakBefore="false" POS="V" name="relate"/>
    </lexUnit>
    <lexUnit status="In_Use" POS="V" name="characterize.v" ID="17074" lemmaID="16" cBy="WmS" cDate="05/15/2012 12:43:53 PDT Tue">
        <definition>normal sign of a medical condition</definition>
        <sentenceCount annotated="2" total="2"/>
        <lexeme order="1" headword="false" breakBefore="false" POS="V" name="characterize"/>
    </lexUnit>
    <lexUnit status="In_Use" POS="PREP" name="due to.prep" ID="17090" lemmaID="51496" cBy="WmS" cDate="05/16/2012 11:21:36 PDT Wed">
        <definition>because of</definition>
        <sentenceCount annotated="0" total="0"/>
        <lexeme order="1" headword="true" breakBefore="false" POS="A" name="due"/>
        <lexeme order="2" headword="false" breakBefore="false" POS="PREP" name="to"/>
    </lexUnit>
    <lexUnit status="Created" POS="V" name="result.v" ID="17091" lemmaID="32955" cBy="WmS" cDate="05/16/2012 11:46:42 PDT Wed">
        <definition>lead to</definition>
        <sentenceCount annotated="0" total="0"/>
        <lexeme order="1" headword="false" breakBefore="false" POS="V" name="result"/>
    </lexUnit>
    <lexUnit status="Add_Annotation" POS="N" name="consequence.n" ID="17094" lemmaID="7888" cBy="WmS" cDate="05/16/2012 01:03:46 PDT Wed">
        <definition>result of</definition>
        <sentenceCount annotated="0" total="0"/>
        <lexeme order="1" headword="false" breakBefore="false" POS="N" name="consequence"/>
    </lexUnit>
    <lexUnit status="Created" POS="V" name="contribute.v" ID="17101" lemmaID="8137" cBy="WmS" cDate="05/22/2012 01:39:08 PDT Tue">
        <definition>partially add to
</definition>
        <sentenceCount annotated="0" total="0"/>
        <lexeme order="1" headword="false" breakBefore="false" POS="V" name="contribute"/>
    </lexUnit>
    <lexUnit status="Created" POS="V" name="induce.v" ID="17102" lemmaID="19706" cBy="WmS" cDate="05/22/2012 01:52:35 PDT Tue">
        <definition>started by</definition>
        <sentenceCount annotated="0" total="0"/>
        <lexeme order="1" headword="false" breakBefore="false" POS="V" name="induce"/>
    </lexUnit>
    <lexUnit status="Created" POS="A" name="present.a" ID="17103" lemmaID="30288" cBy="WmS" cDate="05/22/2012 01:56:56 PDT Tue">
        <definition>appearing at a time and place</definition>
        <sentenceCount annotated="0" total="0"/>
        <lexeme order="1" headword="false" breakBefore="false" POS="A" name="present"/>
    </lexUnit>
    <lexUnit status="Created" POS="V" name="provoke.v" ID="17104" lemmaID="30925" cBy="WmS" cDate="05/22/2012 02:30:00 PDT Tue">
        <definition>cause to start
</definition>
        <sentenceCount annotated="0" total="0"/>
        <lexeme order="1" headword="false" breakBefore="false" POS="V" name="provoke"/>
    </lexUnit>
    <lexUnit status="Created" POS="N" name="result.n" ID="17109" lemmaID="32954" cBy="WmS" cDate="05/30/2012 12:20:38 PDT Wed">
        <definition>product of
</definition>
        <sentenceCount annotated="0" total="0"/>
        <lexeme order="1" headword="false" breakBefore="false" POS="N" name="result"/>
    </lexUnit>
    <lexUnit status="Created" POS="V" name="lead.v" ID="17110" lemmaID="21907" cBy="WmS" cDate="05/30/2012 12:35:34 PDT Wed">
        <definition>influence or induce</definition>
        <sentenceCount annotated="0" total="0"/>
        <lexeme order="1" headword="false" breakBefore="false" POS="V" name="lead"/>
    </lexUnit>
    <lexUnit status="Created" POS="V" name="indicate.v" ID="17115" lemmaID="19625" cBy="WmS" cDate="05/30/2012 02:21:20 PDT Wed">
        <definition>suggests </definition>
        <sentenceCount annotated="0" total="0"/>
        <lexeme order="1" headword="false" breakBefore="false" POS="V" name="indicate"/>
    </lexUnit>
    <lexUnit status="Created" POS="A" name="uncommon.a" ID="17136" lemmaID="41873" cBy="WmS" cDate="06/13/2012 12:48:31 PDT Wed">
        <definition>not usual</definition>
        <sentenceCount annotated="0" total="0"/>
        <lexeme order="1" headword="false" breakBefore="false" POS="A" name="uncommon"/>
    </lexUnit>
    <lexUnit status="Add_Annotation" POS="A" name="common.a" ID="17137" lemmaID="51454" cBy="WmS" cDate="06/13/2012 12:49:22 PDT Wed">
        <definition>seen often
</definition>
        <sentenceCount annotated="1" total="1"/>
        <lexeme order="1" headword="true" breakBefore="false" POS="A" name="common"/>
    </lexUnit>
    <lexUnit status="Created" POS="V" name="suggest.v" ID="17138" lemmaID="38712" cBy="WmS" cDate="06/13/2012 01:21:34 PDT Wed">
        <definition>to hint at</definition>
        <sentenceCount annotated="0" total="0"/>
        <lexeme order="1" headword="false" breakBefore="false" POS="V" name="suggest"/>
    </lexUnit>
    <lexUnit status="Created" POS="V" name="damage.v" ID="17142" lemmaID="9500" cBy="WmS" cDate="06/20/2012 12:52:56 PDT Wed">
        <definition>to hurt</definition>
        <sentenceCount annotated="0" total="0"/>
        <lexeme order="1" headword="false" breakBefore="false" POS="V" name="damage"/>
    </lexUnit>
    <lexUnit status="Created" POS="V" name="occur.v" ID="17144" lemmaID="26498" cBy="WmS" cDate="06/20/2012 02:02:38 PDT Wed">
        <definition>happens when</definition>
        <sentenceCount annotated="0" total="0"/>
        <lexeme order="1" headword="false" breakBefore="false" POS="V" name="occur"/>
    </lexUnit>
    <lexUnit status="Created" POS="V" name="observe.v" ID="17145" lemmaID="26434" cBy="WmS" cDate="06/20/2012 02:45:56 PDT Wed">
        <definition>to witness
</definition>
        <sentenceCount annotated="0" total="0"/>
        <lexeme order="1" headword="false" breakBefore="false" POS="V" name="observe"/>
    </lexUnit>
    <lexUnit status="Created" POS="N" name="characteristic.n" ID="17147" lemmaID="6081" cBy="WmS" cDate="06/27/2012 02:20:12 PDT Wed">
        <definition>sign of</definition>
        <sentenceCount annotated="0" total="0"/>
        <lexeme order="1" headword="false" breakBefore="false" POS="N" name="characteristic"/>
    </lexUnit>
    <lexUnit status="Created" POS="A" name="frequent.a" ID="17150" lemmaID="15435" cBy="WmS" cDate="06/29/2012 01:04:19 PDT Fri">
        <definition>occurs often</definition>
        <sentenceCount annotated="0" total="0"/>
        <lexeme order="1" headword="false" breakBefore="false" POS="A" name="frequent"/>
    </lexUnit>
</frame>