<?xml version="1.0" encoding="UTF-8" standalone="yes"?>
<?xml-stylesheet type="text/xsl" href="frame.xsl"?>
<frame cBy="KmG" cDate="04/24/2008 03:28:24 PDT Thu" name="Confronting_problem" ID="2054" xsi:schemaLocation="../schema/frame.xsd" xmlns="http://framenet.icsi.berkeley.edu" xmlns:xsi="http://www.w3.org/2001/XMLSchema-instance">
    <definition>&lt;def-root&gt;An &lt;fen&gt;Agent&lt;/fen&gt; becomes involved in an &lt;fen&gt;Issue&lt;/fen&gt; which has negative consequences for them. The &lt;fen&gt;Agent&lt;/fen&gt; will normally respond to resolve the &lt;fen&gt;Issue&lt;/fen&gt;.

&lt;ex&gt;&lt;fex name="Agent"&gt;I&lt;/fex&gt; &lt;t&gt;confronted&lt;/t&gt; &lt;fex name="Issue"&gt;both issues&lt;/fex&gt;.&lt;/ex&gt;&lt;/def-root&gt;</definition>
    <FE bgColor="0000FF" fgColor="FFFFFF" coreType="Core" cBy="KmG" cDate="04/24/2008 03:28:24 PDT Thu" abbrev="Act" name="Issue" ID="12579">
        <definition>&lt;def-root&gt;This FE identifies the &lt;fen&gt;Issue&lt;/fen&gt; that the &lt;fen&gt;Agent&lt;/fen&gt; deals with.&lt;/def-root&gt;</definition>
        <semType name="State_of_affairs" ID="177"/>
    </FE>
    <FE bgColor="FF0000" fgColor="FFFFFF" coreType="Core" cBy="KmG" cDate="04/24/2008 03:28:24 PDT Thu" abbrev="Agt" name="Agent" ID="12580">
        <definition>&lt;def-root&gt;The &lt;fen&gt;Agent&lt;/fen&gt; is the person who is acting to deal with the &lt;fen&gt;Issue&lt;/fen&gt;.&lt;/def-root&gt;</definition>
        <semType name="Sentient" ID="5"/>
    </FE>
    <FE bgColor="008000" fgColor="FFFFFF" coreType="Peripheral" cBy="KmG" cDate="04/24/2008 03:28:24 PDT Thu" abbrev="Place" name="Place" ID="12581">
        <definition>&lt;def-root&gt;This FE identifies the &lt;fen&gt;Place&lt;/fen&gt; where the intentional act occurs.&lt;/def-root&gt;</definition>
        <semType name="Locative_relation" ID="182"/>
    </FE>
    <FE bgColor="800080" fgColor="FFFFFF" coreType="Peripheral" cBy="KmG" cDate="04/24/2008 03:28:24 PDT Thu" abbrev="Purp" name="Purpose" ID="12582">
        <definition>&lt;def-root&gt;This FE identifies the reason why the &lt;fen&gt;Agent&lt;/fen&gt; confronts the issue.
&lt;/def-root&gt;</definition>
        <semType name="State_of_affairs" ID="177"/>
    </FE>
    <FE bgColor="FFA500" fgColor="FFFFFF" coreType="Peripheral" cBy="KmG" cDate="04/24/2008 03:28:24 PDT Thu" abbrev="Time" name="Time" ID="12583">
        <definition>&lt;def-root&gt;This FE identifies the time when the Agent acts intentionally.&lt;/def-root&gt;</definition>
        <semType name="Time" ID="141"/>
    </FE>
    <FE bgColor="FF69B4" fgColor="FFFFFF" coreType="Peripheral" cBy="KmG" cDate="04/24/2008 03:28:24 PDT Thu" abbrev="Means" name="Means" ID="12584">
        <definition>&lt;def-root&gt;This FE identifies the way in which an &lt;fen&gt;Agent&lt;/fen&gt; goes about facing the &lt;fen&gt;Issue&lt;/fen&gt;.&lt;/def-root&gt;</definition>
        <semType name="State_of_affairs" ID="177"/>
    </FE>
    <FE bgColor="FF00FF" fgColor="FFFFFF" coreType="Peripheral" cBy="KmG" cDate="04/24/2008 03:28:24 PDT Thu" abbrev="Mnr" name="Manner" ID="12585">
        <definition>&lt;def-root&gt;Any description of the intentional act which is not covered by more specific FEs, including secondary effects (&lt;ment&gt;quietly, loudly&lt;/ment&gt;), and general descriptions comparing events (&lt;ment&gt;the same way&lt;/ment&gt;). In addition, it may indicate salient characteristics of an &lt;fen&gt;Agent&lt;/fen&gt; that also affect the action (&lt;ment&gt;presumptuously, coldly, deliberately, eagerly, carefully&lt;/ment&gt;). 

&lt;/def-root&gt;</definition>
        <semType name="Manner" ID="173"/>
    </FE>
    <FE bgColor="A52A2A" fgColor="FFFFFF" coreType="Extra-Thematic" cBy="KmG" cDate="04/24/2008 03:28:24 PDT Thu" abbrev="dom" name="Domain" ID="12586">
        <definition>&lt;def-root&gt;The &lt;fen&gt;Domain&lt;/fen&gt; within which the &lt;fen&gt;Agent&lt;/fen&gt; acts.

&lt;/def-root&gt;</definition>
    </FE>
    <FE bgColor="00BFFF" fgColor="FFFFFF" coreType="Extra-Thematic" cBy="KmG" cDate="04/24/2008 03:28:24 PDT Thu" abbrev="fre" name="Frequency" ID="12587">
        <definition>&lt;def-root&gt;The &lt;fen&gt;Frequency&lt;/fen&gt; with which the &lt;fen&gt;Agent&lt;/fen&gt; does the &lt;fen&gt;Act&lt;/fen&gt; in a given period of time.&lt;/def-root&gt;</definition>
    </FE>
    <FE bgColor="00008B" fgColor="FFFFFF" coreType="Extra-Thematic" cBy="KmG" cDate="04/24/2008 03:28:24 PDT Thu" abbrev="Per" name="Period_of_iterations" ID="12588">
        <definition>&lt;def-root&gt;The length of time from when the event denoted by the target began to be repeated to when it stopped.&lt;/def-root&gt;</definition>
    </FE>
    <FE bgColor="7CCD73" fgColor="FFFFFF" coreType="Extra-Thematic" cBy="KmG" cDate="04/24/2008 03:28:24 PDT Thu" abbrev="Res" name="Result" ID="12589">
        <definition>&lt;def-root&gt;The &lt;fen&gt;Result&lt;/fen&gt; describes the resulting outcome of the confronting act.&lt;/def-root&gt;</definition>
    </FE>
    <FE bgColor="FFFF00" fgColor="00008B" coreType="Extra-Thematic" cBy="KmG" cDate="04/24/2008 03:28:24 PDT Thu" abbrev="par" name="Particular_iteration" ID="12590">
        <definition>&lt;def-root&gt;Expressions marked with this extra-thematic FE modify a non-iterative use of the target, and indicate that it is conceived as embedded within an iterated series of similar events or states.&lt;/def-root&gt;</definition>
    </FE>
    <FE bgColor="FFD700" fgColor="FF0000" coreType="Extra-Thematic" cBy="KmG" cDate="04/24/2008 03:28:24 PDT Thu" abbrev="Exp" name="Explanation" ID="12591">
        <definition>&lt;def-root&gt;&lt;fen&gt;Explanation&lt;/fen&gt; denotes a proposition from which the main clause (headed by the target) logically follows. This often means that the Explanation causes the state of affairs expressed by the target, but not in all cases. &lt;/def-root&gt;</definition>
    </FE>
    <FE bgColor="9F79EE" fgColor="FFFFFF" coreType="Extra-Thematic" cBy="KmG" cDate="04/24/2008 03:28:24 PDT Thu" abbrev="Eve" name="Event_description" ID="12592">
        <definition>&lt;def-root&gt;This FE gives a description of the confronting event as a whole.&lt;/def-root&gt;</definition>
    </FE>
    <frameRelation type="Inherits from">
        <relatedFrame ID="198">Intentionally_act</relatedFrame>
    </frameRelation>
    <frameRelation type="Is Inherited by"/>
    <frameRelation type="Perspective on"/>
    <frameRelation type="Is Perspectivized in"/>
    <frameRelation type="Uses"/>
    <frameRelation type="Is Used by"/>
    <frameRelation type="Subframe of"/>
    <frameRelation type="Has Subframe(s)"/>
    <frameRelation type="Precedes">
        <relatedFrame ID="1523">Resolve_problem</relatedFrame>
    </frameRelation>
    <frameRelation type="Is Preceded by"/>
    <frameRelation type="Is Inchoative of"/>
    <frameRelation type="Is Causative of"/>
    <frameRelation type="See also"/>
    <lexUnit status="Rules_Defined" POS="V" name="face.v" ID="14979" lemmaID="13762" cBy="KmG" cDate="04/28/2008 03:01:13 PDT Mon">
        <definition>FN: put oneself in the position to understand and being dealing with something unpleasant.</definition>
        <sentenceCount annotated="5" total="5"/>
        <lexeme order="1" headword="false" breakBefore="false" POS="V" name="face"/>
    </lexUnit>
    <lexUnit status="Finished_Initial" POS="V" name="confront.v" ID="14980" lemmaID="7760" cBy="KmG" cDate="04/28/2008 03:21:34 PDT Mon">
        <definition>FN: begin to try to handle a problem</definition>
        <sentenceCount annotated="8" total="219"/>
        <lexeme order="1" headword="false" breakBefore="false" POS="V" name="confront"/>
    </lexUnit>
</frame>