<?xml version="1.0" encoding="UTF-8" standalone="yes"?>
<?xml-stylesheet type="text/xsl" href="frame.xsl"?>
<frame cBy="JKR" cDate="07/27/2005 06:50:45 PDT Wed" name="Continued_state_of_affairs" ID="1594" xsi:schemaLocation="../schema/frame.xsd" xmlns="http://framenet.icsi.berkeley.edu" xmlns:xsi="http://www.w3.org/2001/XMLSchema-instance">
    <definition>&lt;def-root&gt;A &lt;fen&gt;State_of_affairs&lt;/fen&gt; has held and continues to hold up to the &lt;fen&gt;Reference_occasion&lt;/fen&gt;. 

&lt;ex&gt;&lt;fex name="ref"&gt;&lt;t&gt;To date&lt;/t&gt;&lt;/fex&gt;, &lt;fex name="soa"&gt;the Department already has numerous requests for new systems to be developed&lt;/fex&gt;.&lt;/ex&gt;

&lt;ex&gt;&lt;fex name="soa"&gt;SAGE has no activities planned&lt;/fex&gt; &lt;fex name="ref"&gt;&lt;t&gt;as of yet&lt;/t&gt;&lt;/fex&gt;.&lt;/ex&gt;

&lt;ex&gt;PBGC guarantees the benefit &lt;fex name="soa"&gt;that you had earned&lt;/fex&gt; &lt;t&gt;up to&lt;/t&gt; &lt;fex name="ref"&gt;the date of plan termination&lt;/fex&gt;&lt;/ex&gt;

&lt;ex&gt;I think that &lt;fex name="soa"&gt;she 's&lt;/fex&gt; &lt;t&gt;&lt;fex name="ref"&gt;still&lt;/fex&gt;&lt;/t&gt; &lt;fex name="soa"&gt;in her office&lt;/fex&gt; .&lt;/ex&gt;&lt;/def-root&gt;</definition>
    <FE bgColor="FF0000" fgColor="FFFFFF" coreType="Core" cBy="JKR" cDate="07/27/2005 06:57:31 PDT Wed" abbrev="soa" name="State_of_affairs" ID="8724">
        <definition>&lt;def-root&gt;A state which holds prior to and up through the &lt;fen&gt;Reference_occasion&lt;/fen&gt;.

&lt;ex&gt;&lt;fex name="soa"&gt;How is your course going&lt;/fex&gt; &lt;t&gt;so far&lt;/t&gt;?&lt;/ex&gt;&lt;/def-root&gt;</definition>
    </FE>
    <FE bgColor="800080" fgColor="FFFFFF" coreType="Core" cBy="JKR" cDate="07/27/2005 07:01:21 PDT Wed" abbrev="ref" name="Reference_occasion" ID="8725">
        <definition>&lt;def-root&gt;The time or event (normally speech time) with respect to which the &lt;fen&gt;State_of_affairs&lt;/fen&gt; is located.

&lt;ex&gt;She was loving and concerned about others &lt;t&gt;up to&lt;/t&gt; &lt;fex name="ref"&gt;her dying breath&lt;/fex&gt;.&lt;/ex&gt;&lt;/def-root&gt;</definition>
    </FE>
    <FE bgColor="A52A2A" fgColor="FFFFFF" coreType="Extra-Thematic" cBy="KmG" cDate="05/14/2007 01:27:01 PDT Mon" abbrev="Cir" name="Circumstances" ID="11730">
        <definition>&lt;def-root&gt;Circumstances describe the state of the world (at a particular time and place) which is specifically independent of the event itself and any of its participants. &lt;/def-root&gt;</definition>
    </FE>
    <frameRelation type="Inherits from"/>
    <frameRelation type="Is Inherited by"/>
    <frameRelation type="Perspective on"/>
    <frameRelation type="Is Perspectivized in"/>
    <frameRelation type="Uses">
        <relatedFrame ID="1155">State_continue</relatedFrame>
    </frameRelation>
    <frameRelation type="Is Used by"/>
    <frameRelation type="Subframe of"/>
    <frameRelation type="Has Subframe(s)"/>
    <frameRelation type="Precedes"/>
    <frameRelation type="Is Preceded by"/>
    <frameRelation type="Is Inchoative of"/>
    <frameRelation type="Is Causative of"/>
    <frameRelation type="See also"/>
    <lexUnit status="Created" POS="ADV" name="so far.adv" ID="12555" lemmaID="50200" cBy="JKR" cDate="07/27/2005 07:04:28 PDT Wed">
        <definition>COD: up to this time.</definition>
        <sentenceCount annotated="7" total="7"/>
        <lexeme order="1" headword="true" breakBefore="false" POS="ADV" name="so"/>
        <lexeme order="2" headword="false" breakBefore="false" POS="ADV" name="far"/>
    </lexUnit>
    <lexUnit status="Created" POS="ADV" name="to date.adv" ID="12556" lemmaID="50201" cBy="JKR" cDate="07/27/2005 07:06:12 PDT Wed">
        <definition>COD: until now.</definition>
        <sentenceCount annotated="12" total="12"/>
        <lexeme order="1" headword="true" breakBefore="false" POS="PREP" name="to"/>
        <lexeme order="2" headword="false" breakBefore="false" POS="N" name="date"/>
    </lexUnit>
    <lexUnit status="Created" POS="PREP" name="up to.prep" ID="12557" lemmaID="50202" cBy="JKR" cDate="07/27/2005 07:07:37 PDT Wed">
        <definition>FN: until and possibly beyond</definition>
        <sentenceCount annotated="1" total="1"/>
        <lexeme order="1" headword="true" breakBefore="false" POS="PREP" name="up"/>
        <lexeme order="2" headword="false" breakBefore="false" POS="PREP" name="to"/>
    </lexUnit>
    <lexUnit status="Created" POS="ADV" name="as yet.adv" ID="12558" lemmaID="50203" cBy="JKR" cDate="07/27/2005 07:09:16 PDT Wed">
        <definition>COD: until now or that time</definition>
        <sentenceCount annotated="1" total="1"/>
        <lexeme order="1" headword="true" breakBefore="false" POS="ADV" name="as"/>
        <lexeme order="2" headword="false" breakBefore="false" POS="ADV" name="yet"/>
    </lexUnit>
    <lexUnit status="Created" POS="ADV" name="as of yet.adv" ID="12559" lemmaID="50204" cBy="JKR" cDate="07/27/2005 07:10:32 PDT Wed">
        <definition>FN: until and (possibly) beyond now or that time</definition>
        <sentenceCount annotated="1" total="1"/>
        <lexeme order="1" headword="true" breakBefore="false" POS="ADV" name="as"/>
        <lexeme order="2" headword="false" breakBefore="false" POS="PREP" name="of"/>
        <lexeme order="3" headword="false" breakBefore="false" POS="ADV" name="yet"/>
    </lexUnit>
    <lexUnit status="Finished_Initial" POS="ADV" name="still.adv" ID="13044" lemmaID="38055" cBy="MJE" cDate="12/05/2005 12:04:15 PST Mon">
        <definition>COD: even now or at a particular time</definition>
        <sentenceCount annotated="55" total="149"/>
        <lexeme order="1" headword="false" breakBefore="false" POS="ADV" name="still"/>
    </lexUnit>
</frame>