<?xml version="1.0" encoding="UTF-8" standalone="yes"?>
<?xml-stylesheet type="text/xsl" href="frame.xsl"?>
<frame cBy="MJE" cDate="05/14/2010 03:02:13 PDT Fri" name="Container_focused_removing" ID="2301" xsi:schemaLocation="../schema/frame.xsd" xmlns="http://framenet.icsi.berkeley.edu" xmlns:xsi="http://www.w3.org/2001/XMLSchema-instance">
    <definition>&lt;def-root&gt;An &lt;fen&gt;Agent&lt;/fen&gt; or &lt;fen&gt;Cause&lt;/fen&gt; partially or totally changes the state of a &lt;fen&gt;Source&lt;/fen&gt; object, towards having less of the &lt;fen&gt;Theme&lt;/fen&gt;.

This frame is primarily for Inheritance.

&lt;/def-root&gt;</definition>
    <semType name="Non-Lexical Frame" ID="16"/>
    <FE bgColor="FF0000" fgColor="FFFFFF" coreType="Core" cBy="MJE" cDate="05/14/2010 03:02:13 PDT Fri" abbrev="Agt" name="Agent" ID="13861">
        <definition>&lt;def-root&gt;The &lt;fen&gt;Agent&lt;/fen&gt; is the entity that does the emptying. 
&lt;ex&gt;&lt;fex name="Agent"&gt;Pat&lt;/fex&gt; &lt;t&gt;cleared&lt;/t&gt; the table of dishes.&lt;/ex&gt;&lt;/def-root&gt;</definition>
        <semType name="Sentient" ID="5"/>
    </FE>
    <FE bgColor="800080" fgColor="FFFFFF" coreType="Core" cBy="MJE" cDate="05/14/2010 03:02:13 PDT Fri" abbrev="Thm" name="Theme" ID="13862">
        <definition>&lt;def-root&gt;The &lt;fen&gt;Theme&lt;/fen&gt;, when overtly expressed, invariably occurs in a PP Complement headed by "of".
&lt;ex&gt;Pat &lt;t&gt;cleared&lt;/t&gt; the table &lt;fex name="Thm"&gt;of dishes&lt;/fex&gt;.&lt;/ex&gt; &lt;/def-root&gt;</definition>
        <semType name="Physical_object" ID="68"/>
    </FE>
    <FE bgColor="006400" fgColor="FFFFFF" coreType="Core" cBy="MJE" cDate="05/14/2010 03:02:13 PDT Fri" abbrev="Src" name="Source" ID="13863">
        <definition>&lt;def-root&gt;The &lt;fen&gt;Source&lt;/fen&gt; is the region or container which is emptied of something.  In this frame, the &lt;fen&gt;Source&lt;/fen&gt; occurs as an NP Object. &lt;ex&gt;Pat &lt;t&gt;cleared&lt;/t&gt; &lt;fex name="Src"&gt;the table&lt;/fex&gt;.&lt;/ex&gt; &lt;/def-root&gt;</definition>
        <semType name="Source" ID="151"/>
    </FE>
    <FE bgColor="0000FF" fgColor="FFFFFF" coreType="Peripheral" cBy="MJE" cDate="05/14/2010 03:02:13 PDT Fri" abbrev="Path" name="Path" ID="13864">
        <definition>&lt;def-root&gt;The &lt;fen&gt;Path&lt;/fen&gt; is any description of a trajectory of motion which is neither a &lt;fen&gt;Source&lt;/fen&gt; nor a &lt;fen&gt;Goal&lt;/fen&gt;.
&lt;ex&gt;Kim &lt;t&gt;emptied&lt;/t&gt; the basin &lt;fex name="Path"&gt;over the edge of the balcony&lt;/fex&gt;.&lt;/ex&gt; &lt;/def-root&gt;</definition>
    </FE>
    <FE bgColor="00BFFF" fgColor="FFFFFF" coreType="Peripheral" cBy="MJE" cDate="05/14/2010 03:02:13 PDT Fri" abbrev="Goal" name="Goal" ID="13865">
        <definition>&lt;def-root&gt;The &lt;fen&gt;Goal&lt;/fen&gt; is any expression which tells where the &lt;fen&gt;Theme&lt;/fen&gt; ends up, or would end up, as a result of the motion.
&lt;ex&gt;The children &lt;t&gt;emptied&lt;/t&gt; the toy box &lt;fex name="Goal"&gt;onto the floor&lt;/fex&gt;.&lt;/ex&gt;&lt;/def-root&gt;</definition>
        <semType name="Goal" ID="153"/>
    </FE>
    <FE bgColor="FF69B4" fgColor="FFFFFF" coreType="Peripheral" cBy="MJE" cDate="05/14/2010 03:02:13 PDT Fri" abbrev="Degr" name="Degree" ID="13866">
        <definition>&lt;def-root&gt;The &lt;fen&gt;Degree&lt;/fen&gt; to which the &lt;fen&gt;Agent&lt;/fen&gt; empties the &lt;fen&gt;Source&lt;/fen&gt;.&lt;/def-root&gt;</definition>
        <semType name="Degree" ID="172"/>
    </FE>
    <FE bgColor="9400D3" fgColor="FFFFFF" coreType="Extra-Thematic" cBy="MJE" cDate="05/14/2010 03:02:13 PDT Fri" abbrev="Dep" name="Depictive" ID="13867">
        <definition>&lt;def-root&gt;Depicitive phrase describing either the &lt;fen&gt;Agent&lt;/fen&gt; or &lt;fen&gt;Theme&lt;/fen&gt; of the emptying. &lt;ex&gt;&lt;fex name="Dep"&gt;Naked&lt;/fex&gt;, &lt;fex name="Agent"&gt;Millhouse&lt;/fex&gt; &lt;t&gt;emptied&lt;/t&gt; &lt;fex name="Source"&gt;the trash can&lt;/fex&gt;.&lt;/ex&gt;&lt;/def-root&gt;</definition>
    </FE>
    <FE bgColor="FF00FF" fgColor="FFFFFF" coreType="Peripheral" cBy="MJE" cDate="05/14/2010 03:02:13 PDT Fri" abbrev="Manr" name="Manner" ID="13868">
        <definition>&lt;def-root&gt;The &lt;fen&gt;Manner&lt;/fen&gt; in which the &lt;fen&gt;Agent&lt;/fen&gt; empties the &lt;fen&gt;Source&lt;/fen&gt;.&lt;/def-root&gt;</definition>
        <semType name="Manner" ID="173"/>
    </FE>
    <FE bgColor="9F79EE" fgColor="FFFFFF" coreType="Peripheral" cBy="MJE" cDate="05/14/2010 03:02:13 PDT Fri" abbrev="Mns" name="Means" ID="13869">
        <definition>&lt;def-root&gt;The &lt;fen&gt;Means&lt;/fen&gt; by which the &lt;fen&gt;Agent&lt;/fen&gt; empties the &lt;fen&gt;Source&lt;/fen&gt;.&lt;/def-root&gt;</definition>
        <semType name="State_of_affairs" ID="177"/>
    </FE>
    <FE bgColor="808080" fgColor="FFFFFF" coreType="Extra-Thematic" cBy="MJE" cDate="05/14/2010 03:02:13 PDT Fri" abbrev="Result" name="Result" ID="13870">
        <definition>&lt;def-root&gt;The &lt;fen&gt;Result&lt;/fen&gt; of  the &lt;fen&gt;Agent&lt;/fen&gt; emptying the &lt;fen&gt;Source&lt;/fen&gt;.&lt;/def-root&gt;</definition>
    </FE>
    <FE bgColor="A52A2A" fgColor="FFFFFF" coreType="Peripheral" cBy="MJE" cDate="05/14/2010 03:02:13 PDT Fri" abbrev="Inst" name="Instrument" ID="13871">
        <definition>&lt;def-root&gt;This is the object with which the &lt;fen&gt;Agent&lt;/fen&gt; empties the &lt;fen&gt;Source&lt;/fen&gt;.
&lt;ex&gt;I &lt;t&gt;emptied&lt;/t&gt; the tub &lt;fex name="Inst"&gt;with a bucket&lt;/fex&gt;.&lt;/ex&gt;
&lt;ex&gt;I &lt;t&gt;peeled&lt;/t&gt; the oranges &lt;fex name="Inst"&gt;with a knife&lt;/fex&gt;.&lt;/ex&gt;&lt;/def-root&gt;</definition>
        <semType name="Physical_entity" ID="70"/>
    </FE>
    <FE bgColor="00008B" fgColor="FFFFFF" coreType="Core" cBy="MJE" cDate="05/14/2010 03:02:13 PDT Fri" abbrev="Cause" name="Cause" ID="13872">
        <definition>&lt;def-root&gt;The &lt;fen&gt;Cause&lt;/fen&gt; is the non-sentient force which instigates the emptying. &lt;ex&gt;&lt;fex name="Cause"&gt;A basic washing&lt;/fex&gt; can &lt;t&gt;degrease&lt;/t&gt; &lt;fex name="Source"&gt;your workclothes&lt;/fex&gt;.&lt;/ex&gt;&lt;/def-root&gt;</definition>
    </FE>
    <FE bgColor="008000" fgColor="FFFFFF" coreType="Peripheral" cBy="MJE" cDate="05/14/2010 03:02:13 PDT Fri" abbrev="pla" name="Place" ID="13873">
        <definition>&lt;def-root&gt;The location where the emptying takes place.

&lt;ex&gt;Don't &lt;t&gt;eviscerate&lt;/t&gt; him &lt;fex name="pla"&gt;in the house&lt;/fex&gt;!&lt;/ex&gt;&lt;/def-root&gt;</definition>
        <semType name="Locative_relation" ID="182"/>
    </FE>
    <FE bgColor="FFA500" fgColor="FFFFFF" coreType="Peripheral" cBy="MJE" cDate="05/14/2010 03:02:13 PDT Fri" abbrev="tim" name="Time" ID="13874">
        <definition>&lt;def-root&gt;The time at which the emptying takes place.

&lt;ex&gt;The prisoners were &lt;t&gt;deloused&lt;/t&gt; &lt;fex name="tim"&gt;in June and August&lt;/fex&gt;.&lt;/ex&gt;&lt;/def-root&gt;</definition>
        <semType name="Time" ID="141"/>
    </FE>
    <FE bgColor="FFFF00" fgColor="000000" coreType="Extra-Thematic" cBy="MJE" cDate="05/14/2010 03:02:13 PDT Fri" abbrev="" name="Containing_event" ID="13875">
        <definition>&lt;def-root&gt;This FE denotes an event that occurs or state of affairs that holds at a time that includes the time during which the event or state of affairs reported by the target occurs and of which it is taken to be a part.&lt;/def-root&gt;</definition>
    </FE>
    <FE bgColor="1E90FF" fgColor="000000" coreType="Extra-Thematic" cBy="MJE" cDate="05/14/2010 03:02:13 PDT Fri" abbrev="" name="Explanation" ID="13876">
        <definition>&lt;def-root&gt;The Explanation denotes a proposition from which the main clause (headed by the target) logically follows. This often means that the Explanation causes the target's proposition, but not in all cases. &lt;/def-root&gt;</definition>
        <semType name="State_of_affairs" ID="177"/>
    </FE>
    <FE bgColor="EEE8AA" fgColor="000000" coreType="Extra-Thematic" cBy="MJE" cDate="05/14/2010 03:02:13 PDT Fri" abbrev="" name="Circumstances" ID="13877">
        <definition>&lt;def-root&gt;Circumstances describe the state of the world (at a particular time and place) which is specifically independent of the event itself and any of its participants. &lt;/def-root&gt;</definition>
    </FE>
    <frameRelation type="Inherits from">
        <relatedFrame ID="10">Transitive_action</relatedFrame>
    </frameRelation>
    <frameRelation type="Is Inherited by">
        <relatedFrame ID="58">Emptying</relatedFrame>
    </frameRelation>
    <frameRelation type="Perspective on">
        <relatedFrame ID="1816">Removing_scenario</relatedFrame>
    </frameRelation>
    <frameRelation type="Is Perspectivized in"/>
    <frameRelation type="Uses"/>
    <frameRelation type="Is Used by"/>
    <frameRelation type="Subframe of"/>
    <frameRelation type="Has Subframe(s)"/>
    <frameRelation type="Precedes"/>
    <frameRelation type="Is Preceded by"/>
    <frameRelation type="Is Inchoative of"/>
    <frameRelation type="Is Causative of"/>
    <frameRelation type="See also"/>
</frame>