<?xml version="1.0" encoding="UTF-8" standalone="yes"?>
<?xml-stylesheet type="text/xsl" href="frame.xsl"?>
<frame cBy="MJE" cDate="11/24/2003 06:59:10 PST Mon" name="Contingency" ID="900" xsi:schemaLocation="../schema/frame.xsd" xmlns="http://framenet.icsi.berkeley.edu" xmlns:xsi="http://www.w3.org/2001/XMLSchema-instance">
    <definition>&lt;def-root&gt;The answer to one open question, the &lt;fen&gt;Outcome&lt;/fen&gt;, is dictated (partially or completely) by the answer to another open question, the &lt;fen&gt;Determinant&lt;/fen&gt;, i.e. if the answer to the &lt;fen&gt;Determinant&lt;/fen&gt; is known, the answer to the &lt;fen&gt;Outcome&lt;/fen&gt; can be predicted.  The &lt;fen&gt;Degree&lt;/fen&gt; of predictive power and the &lt;fen&gt;Circumstances&lt;/fen&gt; under which the dependency holds can also be expressed.

&lt;ex&gt;&lt;fex name="Outcome"&gt;Economic policy&lt;/fex&gt; is &lt;fex name="Degree"&gt;partially&lt;/fex&gt; a &lt;t&gt;function&lt;/t&gt; &lt;fex name="Determinant"&gt;of cultural values&lt;/fex&gt;.&lt;/ex&gt;
&lt;ex&gt;Well, &lt;fex name="Outcome"&gt;&lt;t&gt;that&lt;/t&gt;&lt;/fex&gt; &lt;t&gt;depends&lt;/t&gt; ... &lt;fex name="Determinant"&gt;DNI&lt;/fex&gt;&lt;/ex&gt;
&lt;ex&gt;&lt;fex name="Circumstances"&gt;In Mediaeval times&lt;/fex&gt;, &lt;fex name="Outcome"&gt;status&lt;/fex&gt; was &lt;t&gt;dependent&lt;/t&gt; &lt;fex name="Determinant"&gt;on birth&lt;/fex&gt;.&lt;/ex&gt;
&lt;/def-root&gt;</definition>
    <FE bgColor="FF0000" fgColor="FFFFFF" coreType="Core" cBy="MJE" cDate="11/24/2003 07:10:00 PST Mon" abbrev="" name="Outcome" ID="5760">
        <definition>&lt;def-root&gt;An open question that is (to some degree) predictable from the Determinant.

&lt;/def-root&gt;</definition>
    </FE>
    <FE bgColor="008000" fgColor="FFFFFF" coreType="Core" cBy="MJE" cDate="11/24/2003 07:11:33 PST Mon" abbrev="" name="Determinant" ID="5761">
        <definition>&lt;def-root&gt;An open question that determines the &lt;fen&gt;Outcome&lt;/fen&gt;.

&lt;ex&gt;Price, in such a case, &lt;t&gt;depends&lt;/t&gt; &lt;fex name="Determinant"&gt;only on the whim of the supplier&lt;/fex&gt;.&lt;/ex&gt;&lt;/def-root&gt;</definition>
    </FE>
    <FE bgColor="FF00FF" fgColor="FFFFFF" coreType="Peripheral" cBy="MJE" cDate="11/24/2003 07:16:40 PST Mon" abbrev="" name="Degree" ID="5762">
        <definition>&lt;def-root&gt;The amount of predictive power supplied by the &lt;fen&gt;Determinant&lt;/fen&gt; with respect to the &lt;fen&gt;Outcome&lt;/fen&gt;.

&lt;ex&gt;His decision was &lt;fex name="Degree"&gt;somewhat&lt;/fex&gt; &lt;t&gt;dependent&lt;/t&gt; on who won the game&lt;/ex&gt;&lt;/def-root&gt;</definition>
        <semType name="Degree" ID="172"/>
    </FE>
    <FE bgColor="1E90FF" fgColor="FFFFFF" coreType="Extra-Thematic" cBy="MJE" cDate="11/24/2003 08:09:54 PST Mon" abbrev="cir" name="Circumstances" ID="5763">
        <definition>&lt;def-root&gt;The conditions under which the &lt;fen&gt;Determinant&lt;/fen&gt; dictates the &lt;fen&gt;Outcome&lt;/fen&gt;.  Oftentimes it is expressed in a fashion similar to Time and Place in other frames, but such cases are actually metonymic for the prevailing conditions of the Time and/or Place.

&lt;ex&gt;&lt;fex name="Circumstances"&gt;In London&lt;/fex&gt;, how long it took to cross the city depended on how many state dinners were being served that night.&lt;/ex&gt;&lt;/def-root&gt;</definition>
    </FE>
    <frameRelation type="Inherits from"/>
    <frameRelation type="Is Inherited by">
        <relatedFrame ID="1491">Have_as_requirement</relatedFrame>
    </frameRelation>
    <frameRelation type="Perspective on"/>
    <frameRelation type="Is Perspectivized in"/>
    <frameRelation type="Uses"/>
    <frameRelation type="Is Used by">
        <relatedFrame ID="901">Reliance</relatedFrame>
    </frameRelation>
    <frameRelation type="Subframe of"/>
    <frameRelation type="Has Subframe(s)"/>
    <frameRelation type="Precedes"/>
    <frameRelation type="Is Preceded by"/>
    <frameRelation type="Is Inchoative of"/>
    <frameRelation type="Is Causative of"/>
    <frameRelation type="See also"/>
    <lexUnit status="Finished_Initial" POS="V" name="depend.v" ID="9947" lemmaID="48597" cBy="MJE" cDate="11/26/2003 03:02:45 PST Wed">
        <definition>COD: be controlled or determined by. </definition>
        <sentenceCount annotated="99" total="306"/>
        <lexeme order="1" headword="true" breakBefore="false" POS="V" name="depend"/>
    </lexUnit>
    <lexUnit status="Finished_Initial" POS="N" name="function.n" ID="9948" lemmaID="15675" cBy="MJE" cDate="11/26/2003 03:05:01 PST Wed">
        <definition>COD:  a variable quantity regarded as depending on another variable; a consequence</definition>
        <sentenceCount annotated="59" total="205"/>
        <lexeme order="1" headword="false" breakBefore="false" POS="N" name="function"/>
    </lexUnit>
    <lexUnit status="Finished_Initial" POS="A" name="dependent.a" ID="9949" lemmaID="10214" cBy="MJE" cDate="11/26/2003 03:07:08 PST Wed">
        <definition>COD: contingent on or determined by. </definition>
        <sentenceCount annotated="21" total="153"/>
        <lexeme order="1" headword="false" breakBefore="false" POS="A" name="dependent"/>
    </lexUnit>
    <lexUnit status="Finished_Initial" POS="V" name="depends.v" ID="10128" lemmaID="48593" cBy="JKR" cDate="02/27/2004 05:01:45 PST Fri">
        <definition>FN: (something said in the immediate discourse) depends (on)</definition>
        <sentenceCount annotated="45" total="114"/>
        <lexeme order="1" headword="true" breakBefore="false" POS="V" name="depends"/>
    </lexUnit>
    <lexUnit status="Finished_Initial" POS="N" name="dependence.n" ID="10129" lemmaID="10212" cBy="JKR" cDate="02/27/2004 05:02:28 PST Fri">
        <definition>FN: the state of being dependent</definition>
        <sentenceCount annotated="17" total="79"/>
        <lexeme order="1" headword="false" breakBefore="false" POS="N" name="dependence"/>
    </lexUnit>
    <lexUnit status="Finished_Initial" POS="V" name="hang (on).v" ID="10163" lemmaID="17383" cBy="JKR" cDate="03/02/2004 08:47:06 PST Tue">
        <definition>COD: be contingent or dependent on</definition>
        <sentenceCount annotated="6" total="112"/>
        <lexeme order="1" headword="false" breakBefore="false" POS="V" name="hang"/>
    </lexUnit>
    <lexUnit status="Finished_Initial" POS="V" name="turn.v" ID="10571" lemmaID="41527" cBy="JKR" cDate="06/15/2004 08:02:55 PDT Tue">
        <definition>FN: depend on</definition>
        <sentenceCount annotated="22" total="252"/>
        <lexeme order="1" headword="false" breakBefore="false" POS="V" name="turn"/>
    </lexUnit>
    <lexUnit status="Created" POS="V" name="determine.v" ID="10795" lemmaID="10437" cBy="CHg" cDate="07/12/2004 11:40:00 PDT Mon">
        <definition>COD: cause to occur in a particular way; be the decisive factor in</definition>
        <sentenceCount annotated="3" total="3"/>
        <lexeme order="1" headword="false" breakBefore="false" POS="V" name="determine"/>
    </lexUnit>
    <lexUnit status="Created" POS="A" name="independent.a" ID="11156" lemmaID="19604" cBy="MiL" cDate="11/16/2004 04:52:18 PST Tue">
        <definition>COD: free from outside control; not subject to another's authority.</definition>
        <sentenceCount annotated="0" total="0"/>
        <lexeme order="1" headword="false" breakBefore="false" POS="A" name="independent"/>
    </lexUnit>
    <lexUnit status="Created" POS="N" name="independence.n" ID="11157" lemmaID="19603" cBy="MiL" cDate="11/16/2004 04:53:48 PST Tue">
        <definition>FN: freedom from outside control</definition>
        <sentenceCount annotated="0" total="0"/>
        <lexeme order="1" headword="false" breakBefore="false" POS="N" name="independence"/>
    </lexUnit>
    <lexUnit status="Finished_Initial" POS="V" name="hinge.v" ID="11770" lemmaID="18119" cBy="JKR" cDate="03/24/2005 01:16:31 PST Thu">
        <definition>COD: depend entirely on.</definition>
        <sentenceCount annotated="31" total="156"/>
        <lexeme order="1" headword="false" breakBefore="false" POS="V" name="hinge"/>
    </lexUnit>
    <lexUnit status="Created" POS="N" name="factor.n" ID="14311" lemmaID="13796" cBy="MJE" cDate="04/02/2007 03:12:51 PDT Mon">
        <definition>COD: a circumstance, fact, or influence that contributes to a result.</definition>
        <sentenceCount annotated="4" total="6"/>
        <lexeme order="1" headword="false" breakBefore="false" POS="N" name="factor"/>
    </lexUnit>
    <lexUnit status="Created" POS="N" name="variable.n" ID="14312" lemmaID="42716" cBy="MJE" cDate="04/02/2007 03:13:20 PDT Mon">
        <definition>FN: an uncertain fact that something else depends on.</definition>
        <sentenceCount annotated="0" total="1"/>
        <lexeme order="1" headword="false" breakBefore="false" POS="N" name="variable"/>
    </lexUnit>
    <lexUnit status="Created" POS="V" name="dictate.v" ID="16963" lemmaID="10603" cBy="WmS" cDate="03/15/2012 06:12:07 PDT Thu">
        <definition>FN: to prescribe</definition>
        <sentenceCount annotated="0" total="0"/>
        <lexeme order="1" headword="false" breakBefore="false" POS="V" name="dictate"/>
    </lexUnit>
</frame>