<?xml version="1.0" encoding="UTF-8" standalone="yes"?>
<?xml-stylesheet type="text/xsl" href="frame.xsl"?>
<frame cBy="MJE" cDate="02/27/2008 05:32:23 PST Wed" name="Contact_image_schema" ID="2024" xsi:schemaLocation="../schema/frame.xsd" xmlns="http://framenet.icsi.berkeley.edu" xmlns:xsi="http://www.w3.org/2001/XMLSchema-instance">
    <definition>&lt;def-root&gt;A &lt;fen&gt;Profiled_region&lt;/fen&gt; occupies the space in contact with the &lt;fen&gt;Ground&lt;/fen&gt;.&lt;/def-root&gt;</definition>
    <semType name="Non-Lexical Frame" ID="16"/>
    <FE bgColor="FF0000" fgColor="FFFFFF" coreType="Core" cBy="MJE" cDate="02/27/2008 05:32:23 PST Wed" abbrev="" name="Profiled_region" ID="12297">
        <definition>&lt;def-root&gt;A region of space in contact with a &lt;fen&gt;Ground&lt;/fen&gt;.&lt;/def-root&gt;</definition>
    </FE>
    <FE bgColor="0000FF" fgColor="FFFFFF" coreType="Core" cBy="MJE" cDate="02/27/2008 05:32:23 PST Wed" abbrev="" name="Ground" ID="12298">
        <definition>&lt;def-root&gt;An entity whose location is relatively well-known and which, thus, can serve as a land-mark to identify the &lt;fen&gt;Profiled_region&lt;/fen&gt;.&lt;/def-root&gt;</definition>
    </FE>
    <frameRelation type="Inherits from">
        <relatedFrame ID="2016">Image_schema</relatedFrame>
    </frameRelation>
    <frameRelation type="Is Inherited by"/>
    <frameRelation type="Perspective on"/>
    <frameRelation type="Is Perspectivized in"/>
    <frameRelation type="Uses"/>
    <frameRelation type="Is Used by"/>
    <frameRelation type="Subframe of"/>
    <frameRelation type="Has Subframe(s)"/>
    <frameRelation type="Precedes"/>
    <frameRelation type="Is Preceded by"/>
    <frameRelation type="Is Inchoative of"/>
    <frameRelation type="Is Causative of"/>
    <frameRelation type="See also"/>
</frame>