<?xml version="1.0" encoding="UTF-8" standalone="yes"?>
<?xml-stylesheet type="text/xsl" href="frame.xsl"?>
<frame cBy="JKR" cDate="07/07/2005 04:35:02 PDT Thu" name="Convey_importance" ID="1543" xsi:schemaLocation="../schema/frame.xsd" xmlns="http://framenet.icsi.berkeley.edu" xmlns:xsi="http://www.w3.org/2001/XMLSchema-instance">
    <definition>&lt;def-root&gt;Through a  &lt;fen&gt;Message&lt;/fen&gt;, a &lt;fen&gt;Speaker&lt;/fen&gt; (sometimes encoded metonymically by a &lt;fen&gt;Medium&lt;/fen&gt;) communicates the relative importance of the state of affairs denoted by the &lt;fen&gt;Message&lt;/fen&gt;.


&lt;ex&gt;&lt;fex name="Speaker"&gt;Reid&lt;/fex&gt; &lt;t&gt;emphasized&lt;/t&gt; &lt;fex name="Message"&gt;that he and Dean meet every month&lt;/fex&gt;.&lt;/ex&gt;
&lt;ex&gt;Above all , &lt;fex name="Speaker"&gt;Mr Tsongas&lt;/fex&gt; &lt;t&gt;stressed&lt;/t&gt; &lt;fex name="Message"&gt;the need for his message to be heard&lt;/fex&gt;.&lt;/ex&gt;
&lt;ex&gt; &lt;fex name="Speaker"&gt;Professor Perkin&lt;/fex&gt; has &lt;t&gt;stressed&lt;/t&gt; &lt;fex name="Message"&gt;how favourable Britain 's situation was&lt;/fex&gt; .&lt;/ex&gt;
&lt;ex&gt;&lt;fex name="Speaker"&gt;The courts&lt;/fex&gt; have &lt;fex name="Iterations"&gt;repeatedly&lt;/fex&gt; &lt;t&gt;stressed&lt;/t&gt; &lt;fex name="Message"&gt;that the making of an order is discretionary&lt;/fex&gt;.&lt;/ex&gt;
&lt;ex&gt;&lt;fex name="Message"&gt;"The whole Muslim society should respect these rights,"&lt;/fex&gt; &lt;fex name="Speaker"&gt;he&lt;/fex&gt; &lt;t&gt;stressed&lt;/t&gt;.&lt;/ex&gt;
&lt;ex&gt;&lt;fex name="Speaker"&gt;The panelists&lt;/fex&gt; &lt;t&gt;stressed&lt;/t&gt; &lt;fex name="Addressee"&gt;to an audience of about 100 at North Dakota State University's Memorial Union&lt;/fex&gt; &lt;fex name="Message"&gt;that people of different religions in this community need to talk - and find out they're not all that different&lt;/fex&gt;.&lt;/ex&gt;&lt;/def-root&gt;</definition>
    <FE bgColor="FF0000" fgColor="FFFFFF" coreType="Core" cBy="JKR" cDate="07/07/2005 04:35:02 PDT Thu" abbrev="spe" name="Speaker" ID="8418">
        <definition>&lt;def-root&gt;The person who uses language in the written or spoken modality to convey a &lt;fen&gt;Message&lt;/fen&gt; to another person. 

&lt;ex&gt;&lt;fex name="Speaker"&gt;Juhl&lt;/fex&gt; &lt;t&gt;emphasized&lt;/t&gt; the importance of UPMC System investments, stating that their contribution to the school's funds had tripled in recent years.&lt;/ex&gt;&lt;/def-root&gt;</definition>
        <semType name="Sentient" ID="5"/>
    </FE>
    <FE bgColor="008000" fgColor="FFFFFF" coreType="Peripheral" cBy="JKR" cDate="07/07/2005 04:35:02 PDT Thu" abbrev="Add" name="Addressee" ID="8419">
        <definition>&lt;def-root&gt;The &lt;fen&gt;Addressee&lt;/fen&gt; is the audience to which the &lt;fen&gt;Speaker&lt;/fen&gt; communicates the &lt;fen&gt;Message&lt;/fen&gt;.

&lt;ex&gt;Pastor Host &lt;t&gt;emphasized&lt;/t&gt; &lt;fex name="Add"&gt;to him&lt;/fex&gt; that as you study a passage, a theme develops from the text.&lt;/ex&gt;&lt;/def-root&gt;</definition>
        <semType name="Sentient" ID="5"/>
    </FE>
    <FE bgColor="800080" fgColor="FFFFFF" coreType="Core" cBy="JKR" cDate="07/07/2005 04:35:02 PDT Thu" abbrev="Msg" name="Message" ID="8420">
        <definition>&lt;def-root&gt;The proposition whose denotation the Speaker presents as important.

&lt;ex&gt;He &lt;t&gt;emphasized&lt;/t&gt; to me &lt;fex name="Message"&gt;that my words will go down in history and that this poem has made a difference in our world&lt;/fex&gt;.&lt;/ex&gt;&lt;/def-root&gt;</definition>
        <semType name="Message" ID="56"/>
    </FE>
    <FE bgColor="9F79EE" fgColor="FFFFFF" coreType="Core" cBy="JKR" cDate="07/07/2005 04:35:02 PDT Thu" abbrev="Medium" name="Medium" ID="8422">
        <definition>&lt;def-root&gt;The physical or abstract setting in which the &lt;fen&gt;Message&lt;/fen&gt; is conveyed. 

&lt;ex&gt;&lt;fex name="Medium"&gt;The report&lt;/fex&gt; &lt;t&gt;emphasized&lt;/t&gt; that Iraq's unwillingness to cooperate represents a serious problem for the progress of this work.&lt;/ex&gt;&lt;/def-root&gt;</definition>
    </FE>
    <FE bgColor="FF00FF" fgColor="FFFFFF" coreType="Peripheral" cBy="JKR" cDate="07/07/2005 04:35:02 PDT Thu" abbrev="Manr" name="Manner" ID="8425">
        <definition>&lt;def-root&gt;Any description of the event (or state) which is not covered by more specific FEs,  in particular secondary effects (&lt;ment&gt;loudly&lt;/ment&gt;), general descriptions comparing events (&lt;ment&gt;the same way&lt;/ment&gt;), and salient characteristics of an Agent that also affect the action (&lt;ment&gt;deliberately&lt;/ment&gt;, &lt;ment&gt;eagerly&lt;/ment&gt;, &lt;ment&gt;carefully&lt;/ment&gt;). 


&lt;ex&gt;You will note above that I have &lt;fex name="Manner"&gt;deliberately&lt;/fex&gt; &lt;t&gt;stressed&lt;/t&gt; our ability as mental health professional to make a determination of current suicide risk.&lt;/ex&gt;&lt;/def-root&gt;</definition>
        <semType name="Manner" ID="173"/>
    </FE>
    <FE bgColor="A52A2A" fgColor="FFFFFF" coreType="Peripheral" cBy="JKR" cDate="07/07/2005 04:35:02 PDT Thu" abbrev="Mns" name="Means" ID="8426">
        <definition>&lt;def-root&gt;The &lt;fen&gt;Means&lt;/fen&gt; by which the &lt;fen&gt;Speaker&lt;/fen&gt; communicates the importance of the state of affairs denoted by the &lt;fen&gt;Message&lt;/fen&gt;.

&lt;ex&gt;Mr. Rose &lt;t&gt;stressed&lt;/t&gt; this &lt;fex name="Mns"&gt;by pointing out that the latest offender had been fined
over $5000&lt;/fex&gt;.&lt;/ex&gt;&lt;/def-root&gt;</definition>
        <semType name="State_of_affairs" ID="177"/>
    </FE>
    <FE bgColor="1E90FF" fgColor="FFFFFF" coreType="Peripheral" cBy="JKR" cDate="07/07/2005 04:35:02 PDT Thu" abbrev="tim" name="Time" ID="8427">
        <definition>&lt;def-root&gt;The time at which the &lt;fen&gt;Speaker&lt;/fen&gt; communicates a &lt;fen&gt;Message&lt;/fen&gt;.


&lt;ex&gt;However, Cockerill &lt;t&gt;stressed&lt;/t&gt; &lt;fex name="Time"&gt;last week&lt;/fex&gt; that he had had many meetings about these obvious synergies and that he had pursued these aggressively.&lt;/ex&gt;&lt;/def-root&gt;</definition>
        <semType name="Time" ID="141"/>
    </FE>
    <FE bgColor="FFA500" fgColor="FFFFFF" coreType="Extra-Thematic" cBy="JKR" cDate="07/07/2005 05:04:33 PDT Thu" abbrev="Ite" name="Iterations" ID="8429">
        <definition>&lt;def-root&gt;The frame element &lt;fen&gt;Iterations&lt;/fen&gt; is used for expressions that indicate the number of times the &lt;fen&gt;Speaker&lt;/fen&gt; conveys a &lt;fen&gt;Message&lt;/fen&gt; whose denotation they present as an important fact to be aware of.

&lt;ex&gt;During Chen's telephone call with Soong, Hsieh said at a press conference, Soong
&lt;t&gt;emphasized&lt;/t&gt; &lt;fex name="Iterations"&gt;multiple times&lt;/fex&gt; his commitment to the 10-point consensus.&lt;/ex&gt;&lt;/def-root&gt;</definition>
    </FE>
    <FE bgColor="00008B" fgColor="FFFFFF" coreType="Peripheral" cBy="JKR" cDate="07/07/2005 05:23:40 PDT Thu" abbrev="deg" name="Degree" ID="8430">
        <definition>&lt;def-root&gt;The degree of importance that the &lt;fen&gt;Speaker&lt;/fen&gt; conveys the &lt;fen&gt;Message&lt;/fen&gt;'s denotation as having.

&lt;ex&gt;The need to understand design is often &lt;fex name="deg"&gt;heavily&lt;/fex&gt; &lt;t&gt;stressed&lt;/t&gt; during conversations or articles about desktop publishing .&lt;/ex&gt;&lt;/def-root&gt;</definition>
        <semType name="Degree" ID="172"/>
    </FE>
    <FE bgColor="2E8B57" fgColor="FFFFFF" coreType="Peripheral" cBy="JKR" cDate="07/07/2005 05:25:43 PDT Thu" abbrev="pla" name="Place" ID="8431">
        <definition>&lt;def-root&gt;The location where the &lt;fen&gt;Speaker&lt;/fen&gt; delivers the &lt;fen&gt;Message&lt;/fen&gt;.

&lt;ex&gt;Putin &lt;t&gt;stressed&lt;/t&gt; &lt;fex name="pla"&gt;in Beijing&lt;/fex&gt; that Russia does not favor independence for Taiwan.&lt;/ex&gt;&lt;/def-root&gt;</definition>
        <semType name="Locative_relation" ID="182"/>
    </FE>
    <FE bgColor="90876C" fgColor="FFFFFF" coreType="Extra-Thematic" cBy="KmG" cDate="08/14/2006 03:50:44 PDT Mon" abbrev="" name="Circumstances" ID="10471">
        <definition>&lt;def-root&gt;Circumstances describe the state of the world (at a particular time and place) which is specifically independent of the event itself and any of its participants. &lt;/def-root&gt;</definition>
    </FE>
    <FE bgColor="0000FF" fgColor="FFFFFF" coreType="Extra-Thematic" cBy="KmG" cDate="08/14/2006 04:57:41 PDT Mon" abbrev="" name="Frequency" ID="10472">
        <definition>&lt;def-root&gt;This frame element is defined as the number of times an event occurs per some unit of time. A Frequency expression answers the question how often. &lt;/def-root&gt;</definition>
    </FE>
    <FE bgColor="7CCD7C" fgColor="FFFFFF" coreType="Extra-Thematic" cBy="KmG" cDate="08/15/2006 10:52:59 PDT Tue" abbrev="peri" name="Period_of_iterations" ID="10477">
        <definition>&lt;def-root&gt;This FE is minimally distinct from Duration and Duration_of final_state in that the clause described is conveyed to be iterative. Period_of_iterations can co-occur with either the peripheral FE Duration or the extra-thematic FE Duration_of_final_state (although these cannot occur together).&lt;/def-root&gt;</definition>
    </FE>
    <FE bgColor="EEE8AA" fgColor="000000" coreType="Extra-Thematic" cBy="KmG" cDate="08/15/2006 10:57:48 PDT Tue" abbrev="" name="Event_description" ID="10478">
        <definition>&lt;def-root&gt;In general, this FE is used for phrases that describe the clause of the target as a whole. &lt;/def-root&gt;</definition>
    </FE>
    <FE bgColor="FFD700" fgColor="000000" coreType="Extra-Thematic" cBy="KmG" cDate="08/15/2006 01:26:10 PDT Tue" abbrev="" name="Particular_iteration" ID="10486">
        <definition>&lt;def-root&gt;Expressions marked with this extra-thematic FE modify a non-iterative use of the target, and indicate that it is conceived as embedded within an iterated series of similar events or states. In addition, most expressions of Particular_iteration indicate which instance of the series is being referred to.&lt;/def-root&gt;</definition>
    </FE>
    <frameRelation type="Inherits from"/>
    <frameRelation type="Is Inherited by"/>
    <frameRelation type="Perspective on"/>
    <frameRelation type="Is Perspectivized in"/>
    <frameRelation type="Uses">
        <relatedFrame ID="6">Communication</relatedFrame>
    </frameRelation>
    <frameRelation type="Is Used by"/>
    <frameRelation type="Subframe of"/>
    <frameRelation type="Has Subframe(s)"/>
    <frameRelation type="Precedes"/>
    <frameRelation type="Is Preceded by"/>
    <frameRelation type="Is Inchoative of"/>
    <frameRelation type="Is Causative of"/>
    <frameRelation type="See also"/>
    <lexUnit status="Finished_Initial" POS="V" name="stress.v" ID="12417" lemmaID="38322" cBy="JKR" cDate="07/07/2005 05:27:54 PDT Thu">
        <definition>COD: emphasize</definition>
        <sentenceCount annotated="33" total="342"/>
        <lexeme order="1" headword="false" breakBefore="false" POS="V" name="stress"/>
    </lexUnit>
    <lexUnit status="Finished_Initial" POS="V" name="emphasize.v" ID="12418" lemmaID="50141" cBy="JKR" cDate="07/07/2005 05:28:26 PDT Thu">
        <definition>FN: convey the importance of</definition>
        <sentenceCount annotated="29" total="282"/>
        <lexeme order="1" headword="true" breakBefore="false" POS="V" name="emphasize"/>
    </lexUnit>
    <lexUnit status="Finished_Initial" POS="V" name="underline.v" ID="13422" lemmaID="41967" cBy="RLG" cDate="08/04/2006 04:20:46 PDT Fri">
        <definition>COD: stress.</definition>
        <sentenceCount annotated="34" total="282"/>
        <lexeme order="1" headword="false" breakBefore="false" POS="V" name="underline"/>
    </lexUnit>
    <lexUnit status="Finished_Initial" POS="V" name="underscore.v" ID="13423" lemmaID="41991" cBy="RLG" cDate="08/04/2006 04:23:57 PDT Fri">
        <definition>FN: stress, underline.</definition>
        <sentenceCount annotated="6" total="53"/>
        <lexeme order="1" headword="false" breakBefore="false" POS="V" name="underscore"/>
    </lexUnit>
</frame>