<?xml version="1.0" encoding="UTF-8" standalone="yes"?>
<?xml-stylesheet type="text/xsl" href="frame.xsl"?>
<frame cBy="MJE" cDate="08/30/2001 05:30:19 PDT Thu" name="Corporal_punishment" ID="222" xsi:schemaLocation="../schema/frame.xsd" xmlns="http://framenet.icsi.berkeley.edu" xmlns:xsi="http://www.w3.org/2001/XMLSchema-instance">
    <definition>&lt;def-root&gt;Blend of Rewards_and_punishments and Bodily_injury in which the &lt;fen&gt;Agent&lt;/fen&gt; performs some action intended to cause Bodily harm to the &lt;fen&gt;Evaluee&lt;/fen&gt; as a consequence of some action or belief of the Evaluee (the &lt;fen&gt;Reason&lt;/fen&gt;).

&lt;ex&gt;&lt;fex name="Evaluee"&gt;The Sheriff&lt;/fex&gt; &lt;t&gt;flogged&lt;/t&gt; &lt;fex name="Agent"&gt;him&lt;/fex&gt; &lt;fex name="Reason"&gt;for his crimes&lt;/fex&gt;.&lt;/ex&gt;
&lt;/def-root&gt;</definition>
    <FE bgColor="FF0000" fgColor="FFFFFF" coreType="Core" cBy="MJE" cDate="08/30/2001 05:56:36 PDT Thu" abbrev="Agt" name="Agent" ID="1791">
        <definition>&lt;def-root&gt;The Agent is the person performing the intentional act.&lt;/def-root&gt;</definition>
        <semType name="Sentient" ID="5"/>
    </FE>
    <FE bgColor="808080" fgColor="FFFFFF" coreType="Peripheral" cBy="MJE" cDate="08/30/2001 05:56:36 PDT Thu" abbrev="Ins" name="Instrument" ID="1792">
        <definition>&lt;def-root&gt;The instrument with which an intentional act is performed.&lt;/def-root&gt;</definition>
        <semType name="Physical_entity" ID="70"/>
    </FE>
    <FE bgColor="0000FF" fgColor="FFFFFF" coreType="Peripheral" cBy="MJE" cDate="08/30/2001 05:56:36 PDT Thu" abbrev="Mns" name="Means" ID="1793">
        <definition>&lt;def-root&gt;The action that is taken that results in punishement/reward.
&lt;ex&gt;The emperor &lt;t&gt;flogged&lt;/t&gt; her &lt;fex name="Means"&gt;by taking one of the stays to her&lt;/fex&gt;.&lt;/ex&gt;
&lt;/def-root&gt;</definition>
        <semType name="State_of_affairs" ID="177"/>
    </FE>
    <FE bgColor="008000" fgColor="FFFFFF" coreType="Peripheral" cBy="MJE" cDate="08/30/2001 05:56:36 PDT Thu" abbrev="Place" name="Place" ID="1794">
        <definition>&lt;def-root&gt;Where the event takes place.&lt;/def-root&gt;</definition>
        <semType name="Locative_relation" ID="182"/>
    </FE>
    <FE bgColor="800080" fgColor="FFFFFF" coreType="Peripheral" cBy="MJE" cDate="08/30/2001 05:56:36 PDT Thu" abbrev="Purp" name="Purpose" ID="1795">
        <definition>&lt;def-root&gt;The purpose for which an intentional act is performed.
&lt;ex&gt;John &lt;t&gt;caned&lt;/t&gt; the criminal &lt;fex name="Purp"&gt;to set an example&lt;/fex&gt;.&lt;/ex&gt;&lt;/def-root&gt;</definition>
        <semType name="State_of_affairs" ID="177"/>
    </FE>
    <FE bgColor="FFA500" fgColor="FFFFFF" coreType="Peripheral" cBy="MJE" cDate="08/30/2001 05:56:36 PDT Thu" abbrev="Time" name="Time" ID="1796">
        <definition>&lt;def-root&gt;When the event occurs.&lt;/def-root&gt;</definition>
        <semType name="Time" ID="141"/>
    </FE>
    <FE bgColor="006400" fgColor="FFFFFF" coreType="Core" cBy="MJE" cDate="08/30/2001 05:56:36 PDT Thu" abbrev="Eval" name="Evaluee" ID="1797">
        <definition>&lt;def-root&gt;Evaluee is the person or thing about whom/which a judgment is made. With verbs this FE is typically expressed as Object: 
&lt;ex&gt;&lt;fex name="Evaluee"&gt;You&lt;/fex&gt; will be &lt;t&gt;flogged&lt;/t&gt; for your actions.&lt;/ex&gt;&lt;/def-root&gt;</definition>
        <semType name="Sentient" ID="5"/>
    </FE>
    <FE bgColor="FF00FF" fgColor="FFFFFF" coreType="Peripheral" cBy="MJE" cDate="08/30/2001 05:56:36 PDT Thu" abbrev="Manr" name="Manner" ID="1798">
        <definition>&lt;def-root&gt;Manner of performing an action&lt;/def-root&gt;</definition>
        <semType name="Manner" ID="173"/>
    </FE>
    <FE bgColor="00008B" fgColor="FFFFFF" coreType="Core" cBy="MJE" cDate="08/30/2001 05:56:36 PDT Thu" abbrev="Reas" name="Reason" ID="1799">
        <definition>&lt;def-root&gt;Typically, there is a constituent expressing the &lt;fen&gt;Reason&lt;/fen&gt; for the Judge's judgment. It is usually a &lt;ment&gt;for&lt;/ment&gt;-PP, e.g. 
&lt;ex&gt;The Sheriff &lt;t&gt;flogged&lt;/t&gt; him &lt;fex name="Reason"&gt;for his crimes&lt;/fex&gt;.&lt;/ex&gt;&lt;/def-root&gt;</definition>
        <semType name="State_of_affairs" ID="177"/>
    </FE>
    <FE bgColor="A52A2A" fgColor="FFFFFF" coreType="Extra-Thematic" cBy="MJE" cDate="08/30/2001 05:56:36 PDT Thu" abbrev="Result" name="Result" ID="1800">
        <definition>&lt;def-root&gt;Result of an event&lt;/def-root&gt;</definition>
    </FE>
    <FE bgColor="9F79EE" fgColor="FFFFFF" coreType="Peripheral" cBy="MJE" cDate="08/30/2001 06:00:58 PDT Thu" abbrev="BodP" name="Body_part" ID="1802">
        <definition>&lt;def-root&gt;This FE is the location on the body where the bodily injury takes place.&lt;/def-root&gt;</definition>
        <semType name="Body_part" ID="10"/>
    </FE>
    <FE bgColor="9400D3" fgColor="FFFFFF" coreType="Extra-Thematic" cBy="MJE" cDate="08/30/2001 06:01:08 PDT Thu" abbrev="Depict" name="Depictive" ID="1803">
        <definition>&lt;def-root&gt;Depictive phrase describing the actor of an action&lt;/def-root&gt;</definition>
    </FE>
    <FE bgColor="FF69B4" fgColor="FFFFFF" coreType="Peripheral" cBy="MJE" cDate="08/30/2001 06:06:10 PDT Thu" abbrev="Degr" name="Degree" ID="1804">
        <definition>&lt;def-root&gt;Degree to which event occurs&lt;/def-root&gt;</definition>
        <semType name="Degree" ID="172"/>
    </FE>
    <FE bgColor="1E90FF" fgColor="FFFFFF" coreType="Peripheral" cBy="KCo" cDate="04/29/2002 04:26:02 PDT Mon" abbrev="Sever" name="Severity" ID="2699">
        <definition>&lt;def-root&gt;This frame element marks a quantity related to the seriousness of the punished behavior.
&lt;ex&gt;Mr. Devine could face &lt;fex name="Severity"&gt;up to 300&lt;/fex&gt; &lt;t&gt;lashes&lt;/t&gt; for the offense.&lt;/ex&gt;&lt;/def-root&gt;</definition>
    </FE>
    <FEcoreSet>
        <memberFE name="Reason" ID="1799"/>
        <memberFE name="Evaluee" ID="1797"/>
    </FEcoreSet>
    <frameRelation type="Inherits from">
        <relatedFrame ID="216">Rewards_and_punishments</relatedFrame>
        <relatedFrame ID="112">Cause_harm</relatedFrame>
    </frameRelation>
    <frameRelation type="Is Inherited by"/>
    <frameRelation type="Perspective on"/>
    <frameRelation type="Is Perspectivized in"/>
    <frameRelation type="Uses"/>
    <frameRelation type="Is Used by"/>
    <frameRelation type="Subframe of"/>
    <frameRelation type="Has Subframe(s)"/>
    <frameRelation type="Precedes"/>
    <frameRelation type="Is Preceded by"/>
    <frameRelation type="Is Inchoative of"/>
    <frameRelation type="Is Causative of"/>
    <frameRelation type="See also"/>
    <lexUnit status="Finished_Initial" POS="V" name="flog.v" ID="3865" lemmaID="14750" cBy="MJE" cDate="08/30/2001 06:24:51 PDT Thu">
        <definition>COD: beat with a whip or stick as a punishment. </definition>
        <sentenceCount annotated="7" total="103"/>
        <lexeme order="1" headword="false" breakBefore="false" POS="V" name="flog"/>
    </lexUnit>
    <lexUnit status="Finished_Initial" POS="N" name="flogging.n" ID="3866" lemmaID="14751" cBy="MJE" cDate="08/30/2001 06:27:05 PDT Thu">
        <definition>FN: striking (generally with a whip) as a punishment</definition>
        <sentenceCount annotated="5" total="52"/>
        <lexeme order="1" headword="false" breakBefore="false" POS="N" name="flogging"/>
    </lexUnit>
    <lexUnit status="Finished_Initial" POS="V" name="cane.v" ID="3867" lemmaID="5368" cBy="MJE" cDate="08/30/2001 06:30:43 PDT Thu">
        <definition>COD: beat with a cane as a punishment. </definition>
        <sentenceCount annotated="6" total="20"/>
        <lexeme order="1" headword="false" breakBefore="false" POS="V" name="cane"/>
    </lexUnit>
    <lexUnit status="Finished_Initial" POS="N" name="caning.n" ID="3868" lemmaID="45147" cBy="MJE" cDate="08/30/2001 06:35:08 PDT Thu">
        <definition>FN: beating with a cane as punishment</definition>
        <sentenceCount annotated="9" total="85"/>
        <lexeme order="1" headword="false" breakBefore="false" POS="N" name="caning"/>
    </lexUnit>
    <lexUnit status="Finished_Initial" POS="N" name="lash.n" ID="3869" lemmaID="21751" cBy="MJE" cDate="08/30/2001 06:39:03 PDT Thu">
        <definition>COD: a sharp blow or stroke with a whip or stick. </definition>
        <sentenceCount annotated="10" total="134"/>
        <lexeme order="1" headword="false" breakBefore="false" POS="N" name="lash"/>
    </lexUnit>
    <lexUnit status="Finished_Initial" POS="V" name="scourge.v" ID="3870" lemmaID="34513" cBy="MJE" cDate="08/30/2001 06:51:25 PDT Thu">
        <definition>COD: whip with a scourge. </definition>
        <sentenceCount annotated="5" total="26"/>
        <lexeme order="1" headword="false" breakBefore="false" POS="V" name="scourge"/>
    </lexUnit>
    <lexUnit status="Created" POS="V" name="paddle.v" ID="15069" lemmaID="27500" cBy="JKs" cDate="06/06/2008 03:00:48 PDT Fri">
        <definition>FN: spank with a paddle</definition>
        <sentenceCount annotated="0" total="0"/>
        <lexeme order="1" headword="false" breakBefore="false" POS="V" name="paddle"/>
    </lexUnit>
    <lexUnit status="Created" POS="V" name="spank.v" ID="15070" lemmaID="37148" cBy="JKs" cDate="06/06/2008 03:01:19 PDT Fri">
        <definition>FN: punish by inflicting pain on the buttocks</definition>
        <sentenceCount annotated="0" total="0"/>
        <lexeme order="1" headword="false" breakBefore="false" POS="V" name="spank"/>
    </lexUnit>
</frame>