<?xml version="1.0" encoding="UTF-8" standalone="yes"?>
<?xml-stylesheet type="text/xsl" href="frame.xsl"?>
<frame cBy="ACW" cDate="06/13/2002 12:12:25 PDT Thu" name="Corroding" ID="348" xsi:schemaLocation="../schema/frame.xsd" xmlns="http://framenet.icsi.berkeley.edu" xmlns:xsi="http://www.w3.org/2001/XMLSchema-instance">
    <definition>&lt;def-root&gt;In this frame the &lt;fen&gt;Patient&lt;/fen&gt;, an inorganic item, undergoes a chemical process which renders it less useful, desirable or stable. &lt;ex&gt;&lt;/ex&gt; &lt;ex&gt; &lt;fex name="Patient"&gt;The bike&lt;/fex&gt; &lt;t&gt;rusted&lt;/t&gt;.  &lt;/ex&gt;&lt;ex&gt;&lt;fex name="Patient"&gt;The metal&lt;/fex&gt; &lt;t&gt;corroded&lt;/t&gt; &lt;fex name="Result"&gt;into a mass of slime&lt;/fex&gt;.&lt;/ex&gt; &lt;ex&gt;&lt;fex name="Patient"&gt;The bikes&lt;/fex&gt; &lt;t&gt;rusted&lt;/t&gt; &lt;fex name="I-state"&gt;from their former beauty&lt;/fex&gt;.&lt;/ex&gt;&lt;/def-root&gt;</definition>
    <FE bgColor="A52A2A" fgColor="FFFFFF" coreType="Peripheral" cBy="ACW" cDate="06/13/2002 01:18:58 PDT Thu" abbrev="I-state" name="Initial_state" ID="3048">
        <definition>&lt;def-root&gt;&lt;fen&gt;Initial_state&lt;/fen&gt; is the original state of the &lt;fen&gt;Patient&lt;/fen&gt;. &lt;ex&gt;The bikes &lt;t&gt;RUSTED&lt;/t&gt; &lt;fex name="I-state"&gt;from their former beauty&lt;/fex&gt;.&lt;/ex&gt;&lt;/def-root&gt;</definition>
    </FE>
    <FE bgColor="9F79EE" fgColor="FFFFFF" coreType="Peripheral" cBy="ACW" cDate="06/13/2002 01:19:02 PDT Thu" abbrev="Dur" name="Duration" ID="3049">
        <definition>&lt;def-root&gt;This FE identifes the &lt;fen&gt;Duration&lt;/fen&gt; of time for which  the &lt;fen&gt;Patient&lt;/fen&gt; corrodes.&lt;/def-root&gt;</definition>
        <semType name="Duration" ID="142"/>
    </FE>
    <FE bgColor="008000" fgColor="FFFFFF" coreType="Peripheral" cBy="ACW" cDate="06/13/2002 01:19:35 PDT Thu" abbrev="Place" name="Place" ID="3050">
        <definition>&lt;def-root&gt;The &lt;fen&gt;Place&lt;/fen&gt; where the &lt;fen&gt;Patient&lt;/fen&gt; corrodes.&lt;/def-root&gt;</definition>
        <semType name="Locative_relation" ID="182"/>
    </FE>
    <FE bgColor="800080" fgColor="FFFFFF" coreType="Extra-Thematic" cBy="ACW" cDate="06/13/2002 01:19:41 PDT Thu" abbrev="Exp" name="Explanation" ID="3051">
        <definition>&lt;def-root&gt;This FE identifies the &lt;fen&gt;Explanation&lt;/fen&gt; for which  the &lt;fen&gt;Patient&lt;/fen&gt; corrodes.&lt;/def-root&gt;</definition>
        <semType name="State_of_affairs" ID="177"/>
    </FE>
    <FE bgColor="808080" fgColor="FFFFFF" coreType="Extra-Thematic" cBy="ACW" cDate="06/13/2002 01:19:44 PDT Thu" abbrev="Result" name="Result" ID="3052">
        <definition>&lt;def-root&gt;This FE identifies the &lt;fen&gt;Result&lt;/fen&gt; of the change of phase.
&lt;ex&gt;The metal &lt;t&gt;corroded&lt;/t&gt; &lt;fex name="Result"&gt; into a mass of slime &lt;/fex&gt; . &lt;/ex&gt;&lt;/def-root&gt;</definition>
    </FE>
    <FE bgColor="FFA500" fgColor="FFFFFF" coreType="Peripheral" cBy="ACW" cDate="06/13/2002 01:19:45 PDT Thu" abbrev="Time" name="Time" ID="3053">
        <definition>&lt;def-root&gt;The &lt;fen&gt;Time&lt;/fen&gt; when the &lt;fen&gt;Patient&lt;/fen&gt; corrodes.&lt;/def-root&gt;</definition>
        <semType name="Time" ID="141"/>
    </FE>
    <FE bgColor="FF0000" fgColor="FFFFFF" coreType="Core" cBy="ACW" cDate="06/13/2002 01:19:47 PDT Thu" abbrev="Pat" name="Patient" ID="3054">
        <definition>&lt;def-root&gt;The &lt;fen&gt;Patient&lt;/fen&gt; undergoes a change.  &lt;ex&gt;&lt;fex name="Patient"&gt;The bikes&lt;/fex&gt; &lt;t&gt;rusted&lt;/t&gt; from their former beauty.&lt;/ex&gt; &lt;/def-root&gt;</definition>
    </FE>
    <FE bgColor="FF69B4" fgColor="FFFFFF" coreType="Peripheral" cBy="ACW" cDate="06/13/2002 01:29:17 PDT Thu" abbrev="Degr" name="Degree" ID="3058">
        <definition>&lt;def-root&gt;This FE identifies the &lt;fen&gt;Degree&lt;/fen&gt; to which the &lt;fen&gt;Patient&lt;/fen&gt; corrodes.&lt;/def-root&gt;</definition>
        <semType name="Degree" ID="172"/>
    </FE>
    <FE bgColor="00008B" fgColor="FFFFFF" coreType="Extra-Thematic" cBy="ACW" cDate="06/19/2002 09:04:25 PDT Wed" abbrev="sub" name="Subregion" ID="3121">
        <definition>&lt;def-root&gt;The &lt;fen&gt;Subregion&lt;/fen&gt; describes which part of a larger whole is being affected.
&lt;ex&gt;The metal  &lt;t&gt;rusted&lt;/t&gt; &lt;fex name="sub"&gt;around the edges &lt;/fex&gt;.&lt;/ex&gt;&lt;/def-root&gt;</definition>
        <semType name="Locative_relation" ID="182"/>
    </FE>
    <FE bgColor="9400D3" fgColor="FFFFFF" coreType="Peripheral" cBy="ACW" cDate="06/19/2002 09:04:32 PDT Wed" abbrev="Spd" name="Speed" ID="3122">
        <definition>&lt;def-root&gt;This FE identifies the &lt;fen&gt;Speed&lt;/fen&gt; at which  the &lt;fen&gt;Patient&lt;/fen&gt; corrodes.&lt;/def-root&gt;</definition>
        <semType name="Speed" ID="234"/>
    </FE>
    <frameRelation type="Inherits from"/>
    <frameRelation type="Is Inherited by"/>
    <frameRelation type="Perspective on"/>
    <frameRelation type="Is Perspectivized in"/>
    <frameRelation type="Uses"/>
    <frameRelation type="Is Used by"/>
    <frameRelation type="Subframe of"/>
    <frameRelation type="Has Subframe(s)"/>
    <frameRelation type="Precedes"/>
    <frameRelation type="Is Preceded by"/>
    <frameRelation type="Is Inchoative of"/>
    <frameRelation type="Is Causative of"/>
    <frameRelation type="See also"/>
    <lexUnit status="Finished_Initial" POS="V" name="rust.v" ID="6104" lemmaID="33821" cBy="ACW" cDate="06/13/2002 01:31:30 PDT Thu">
        <definition>COD: be affected with rust.</definition>
        <sentenceCount annotated="17" total="91"/>
        <lexeme order="1" headword="false" breakBefore="false" POS="V" name="rust"/>
    </lexUnit>
    <lexUnit status="Finished_Initial" POS="V" name="corrode.v" ID="6105" lemmaID="8453" cBy="ACW" cDate="06/13/2002 01:34:44 PDT Thu">
        <definition>COD: be destroyed or damaged (metal or other hard material) slowly by chemical action. </definition>
        <sentenceCount annotated="5" total="49"/>
        <lexeme order="1" headword="false" breakBefore="false" POS="V" name="corrode"/>
    </lexUnit>
    <lexUnit status="Created" POS="V" name="oxidize.v" ID="17521" lemmaID="27445" cBy="CVa" cDate="07/07/2014 11:33:24 PDT Mon">
        <definition>FN: to become combined with oxygine resulting in corrosion </definition>
        <sentenceCount annotated="0" total="0"/>
        <lexeme order="1" headword="false" breakBefore="false" POS="V" name="oxidize"/>
    </lexUnit>
</frame>