<?xml version="1.0" encoding="UTF-8" standalone="yes"?>
<?xml-stylesheet type="text/xsl" href="frame.xsl"?>
<frame cBy="JKR" cDate="11/21/2005 03:47:00 PST Mon" name="Create_physical_artwork" ID="1658" xsi:schemaLocation="../schema/frame.xsd" xmlns="http://framenet.icsi.berkeley.edu" xmlns:xsi="http://www.w3.org/2001/XMLSchema-instance">
    <definition>&lt;def-root&gt;A &lt;fen&gt;Creator&lt;/fen&gt; creates an artifact that is typically an iconic &lt;fen&gt;Representation&lt;/fen&gt; of an actual or imagined entity or event. The &lt;fen&gt;Representation&lt;/fen&gt; may also be evocative of an idea while not based on resemblance.

&lt;ex&gt;&lt;fex name="Representation"&gt;Diagrams&lt;/fex&gt; must be &lt;fex name="Manner"&gt;clearly&lt;/fex&gt; &lt;t&gt;drawn&lt;/t&gt; &lt;fex name="Location_of_representation"&gt;on construction paper&lt;/fex&gt;. &lt;fex name="cre"&gt;CNI&lt;/fex&gt;&lt;/ex&gt;

&lt;ex&gt;&lt;fex name="cre"&gt;I&lt;/fex&gt; &lt;t&gt;took&lt;/t&gt; &lt;fex name="Representation"&gt;his picture&lt;/fex&gt; and told him that if it came out well I would make him a copy.&lt;/ex&gt;

&lt;ex&gt;&lt;fex name="Time"&gt;In about 1305 and 1306&lt;/fex&gt; &lt;fex name="cre"&gt;Giotto&lt;/fex&gt; &lt;t&gt;painted&lt;/t&gt; &lt;fex name="Representation"&gt;a notable series of 38 frescoes&lt;/fex&gt;.&lt;/ex&gt;&lt;/def-root&gt;</definition>
    <FE bgColor="FF0000" fgColor="FFFFFF" coreType="Core" cBy="JKR" cDate="11/21/2005 03:47:02 PST Mon" abbrev="cre" name="Creator" ID="9437">
        <definition>&lt;def-root&gt;An individual or individuals that bring the &lt;fen&gt;Representation&lt;/fen&gt; into existence.

&lt;ex&gt;Supposedly, &lt;fex name="cre"&gt;the artist&lt;/fex&gt; &lt;t&gt;drew&lt;/t&gt; the picture from memory.&lt;/ex&gt;&lt;/def-root&gt;</definition>
        <semType name="Sentient" ID="5"/>
    </FE>
    <FE bgColor="FFA500" fgColor="FFFFFF" coreType="Peripheral" cBy="JKR" cDate="11/21/2005 03:47:02 PST Mon" abbrev="tim" name="Time" ID="9438">
        <definition>&lt;def-root&gt;The time at which a &lt;fen&gt;Representation&lt;/fen&gt; is created.


&lt;ex&gt;My brother &lt;t&gt;took&lt;/t&gt; this picture in France &lt;fex name="Time"&gt;almost 10 years ago&lt;/fex&gt;, and has recently scanned it in.&lt;/ex&gt;&lt;/def-root&gt;</definition>
        <semType name="Time" ID="141"/>
    </FE>
    <FE bgColor="0000FF" fgColor="FFFFFF" coreType="Core" cBy="JKR" cDate="11/21/2005 03:47:02 PST Mon" abbrev="rep" name="Representation" ID="9439">
        <definition>&lt;def-root&gt;The entity that is created to represent either iconically or abstractly.

&lt;ex&gt;Most of us know where we &lt;t&gt;took&lt;/t&gt; &lt;fex name="Representation"&gt;a photo&lt;/fex&gt; but have a harder time remembering the time
we took it.&lt;/ex&gt;&lt;/def-root&gt;</definition>
    </FE>
    <FE bgColor="00BFFF" fgColor="FFFFFF" coreType="Peripheral" cBy="JKR" cDate="11/21/2005 03:47:02 PST Mon" abbrev="man" name="Manner" ID="9441">
        <definition>&lt;def-root&gt;Any description of the event (or state) which is not covered by more specific FEs, including secondary effects (quietly, loudly), and general descriptions comparing events (the same way). It may indicate salient characteristics of the &lt;fen&gt;Creator&lt;/fen&gt; that also affect the action (&lt;ment&gt;deliberately&lt;/ment&gt;, &lt;ment&gt;carefully&lt;/ment&gt;). &lt;/def-root&gt;</definition>
        <semType name="Manner" ID="173"/>
    </FE>
    <FE bgColor="008000" fgColor="FFFFFF" coreType="Extra-Thematic" cBy="JKR" cDate="11/21/2005 03:47:02 PST Mon" abbrev="rol" name="Role" ID="9442">
        <definition>&lt;def-root&gt;This FE identifies a &lt;fen&gt;Role&lt;/fen&gt; that one of the role fillers of the current frame also fills in a background context, either generically or in some specific instance.

&lt;/def-root&gt;</definition>
    </FE>
    <FE bgColor="A52A2A" fgColor="FFFFFF" coreType="Extra-Thematic" cBy="JKR" cDate="11/21/2005 03:47:02 PST Mon" abbrev="dep" name="Depictive" ID="9443">
        <definition>&lt;def-root&gt;This FE describes the &lt;fen&gt;Creator&lt;/fen&gt; as being in some state during the creation of the &lt;fen&gt;Representation&lt;/fen&gt;. 
&lt;/def-root&gt;</definition>
    </FE>
    <FE bgColor="9400D3" fgColor="FFFFFF" coreType="Peripheral" cBy="JKR" cDate="11/21/2005 03:47:03 PST Mon" abbrev="locr" name="Location_of_representation" ID="9444">
        <definition>&lt;def-root&gt;The physical location that holds the &lt;fen&gt;Representation&lt;/fen&gt;.



&lt;ex&gt;I &lt;t&gt;drew&lt;/t&gt; him &lt;fex name="locr"&gt;on a sheet of paper&lt;/fex&gt; first.&lt;/ex&gt;&lt;/def-root&gt;</definition>
    </FE>
    <FE bgColor="2E8B57" fgColor="FFFFFF" coreType="Peripheral" cBy="JKR" cDate="11/21/2005 03:47:03 PST Mon" abbrev="pu" name="Purpose" ID="9445">
        <definition>&lt;def-root&gt;An action that the &lt;fen&gt;Creator&lt;/fen&gt; intends to accomplish by creating the &lt;fen&gt;Representation&lt;/fen&gt;.


&lt;ex&gt;Masha also &lt;t&gt;took&lt;/t&gt; the picture &lt;fex name="Purpose"&gt;to prove that you can find an Internet Cafe even here in Murmansk&lt;/fex&gt;.&lt;/ex&gt;&lt;/def-root&gt;</definition>
        <semType name="State_of_affairs" ID="177"/>
    </FE>
    <FE bgColor="FF00FF" fgColor="FFFFFF" coreType="Peripheral" cBy="JKR" cDate="11/21/2005 03:47:03 PST Mon" abbrev="pla" name="Place" ID="9446">
        <definition>&lt;def-root&gt;The location in which the &lt;fen&gt;Creator&lt;/fen&gt; produces the &lt;fen&gt;Representation&lt;/fen&gt;.


&lt;ex&gt;I &lt;t&gt;took&lt;/t&gt; this picture &lt;fex name="Place"&gt;in Italy&lt;/fex&gt; a couple of weeks ago.&lt;/ex&gt;&lt;/def-root&gt;</definition>
        <semType name="Locative_relation" ID="182"/>
    </FE>
    <FE bgColor="1E90FF" fgColor="000000" coreType="Extra-Thematic" cBy="JKR" cDate="11/21/2005 05:24:18 PST Mon" abbrev="exp" name="Explanation" ID="9448">
        <definition>&lt;def-root&gt;The &lt;fen&gt;Explanation&lt;/fen&gt; denotes a proposition from which the creation of the &lt;fen&gt;Representation&lt;/fen&gt; ogically follows. 

&lt;ex&gt;Well, I &lt;t&gt;painted&lt;/t&gt; the picture &lt;fex name="Explanation"&gt;because the quarry was visually exciting&lt;/fex&gt;.&lt;/ex&gt;&lt;/def-root&gt;</definition>
        <semType name="State_of_affairs" ID="177"/>
    </FE>
    <FE bgColor="A9A9A9" fgColor="FFFFFF" coreType="Peripheral" cBy="MJE" cDate="12/01/2005 12:53:08 PST Thu" abbrev="ins" name="Instrument" ID="9486">
        <definition>&lt;def-root&gt;The entity which the &lt;fen&gt;Creator&lt;/fen&gt; uses to create the work of art.&lt;/def-root&gt;</definition>
        <semType name="Physical_entity" ID="70"/>
    </FE>
    <FE bgColor="9F79EE" fgColor="FFFFFF" coreType="Peripheral" cBy="MJE" cDate="12/01/2005 12:59:20 PST Thu" abbrev="mea" name="Means" ID="9487">
        <definition>&lt;def-root&gt;An action performed by the &lt;fen&gt;Creator&lt;/fen&gt; which brings about the creation of the &lt;fen&gt;Representation&lt;/fen&gt;.&lt;/def-root&gt;</definition>
        <semType name="State_of_affairs" ID="177"/>
    </FE>
    <FE bgColor="7CCD73" fgColor="000000" coreType="Extra-Thematic" cBy="KmG" cDate="03/28/2007 03:26:33 PDT Wed" abbrev="" name="Descriptor" ID="11426">
        <definition>&lt;def-root&gt;A characteristic of the &lt;fen&gt;Creator&lt;/fen&gt; or the &lt;fen&gt;Representation&lt;/fen&gt;. &lt;/def-root&gt;</definition>
    </FE>
    <FE bgColor="A52A2A" fgColor="FFFFFF" coreType="Extra-Thematic" cBy="RLG" cDate="01/25/2010 10:05:09 PST Mon" abbrev="ref" name="Reference" ID="13479">
        <definition>&lt;def-root&gt;A representation of the entity depicted which the &lt;fen&gt;Creator&lt;/fen&gt; uses as a reference in the creation of the &lt;fen&gt;Representation&lt;/fen&gt;. For instance, another piece of art, a photograph, or his/her memory.

&lt;ex&gt;She &lt;t&gt;sculpted&lt;/t&gt; this dragon &lt;fex name="Reference"&gt;from a painting of mine&lt;/fex&gt;.&lt;/ex&gt;&lt;/def-root&gt;</definition>
    </FE>
    <frameRelation type="Inherits from">
        <relatedFrame ID="280">Intentionally_create</relatedFrame>
    </frameRelation>
    <frameRelation type="Is Inherited by"/>
    <frameRelation type="Perspective on"/>
    <frameRelation type="Is Perspectivized in"/>
    <frameRelation type="Uses">
        <relatedFrame ID="1656">Physical_artworks</relatedFrame>
    </frameRelation>
    <frameRelation type="Is Used by">
        <relatedFrame ID="1657">Create_representation</relatedFrame>
    </frameRelation>
    <frameRelation type="Subframe of"/>
    <frameRelation type="Has Subframe(s)"/>
    <frameRelation type="Precedes"/>
    <frameRelation type="Is Preceded by"/>
    <frameRelation type="Is Inchoative of"/>
    <frameRelation type="Is Causative of"/>
    <frameRelation type="See also"/>
    <lexUnit status="Finished_Initial" POS="V" name="paint.v" ID="12966" lemmaID="27541" cBy="JKR" cDate="11/21/2005 05:26:23 PST Mon">
        <definition>FN: create a representation by applying (a liquid) to a surface </definition>
        <sentenceCount annotated="18" total="238"/>
        <lexeme order="1" headword="false" breakBefore="false" POS="V" name="paint"/>
    </lexUnit>
    <lexUnit status="Finished_Initial" POS="V" name="draw.v" ID="12967" lemmaID="11714" cBy="JKR" cDate="11/21/2005 05:28:34 PST Mon">
        <definition>COD: produce (a picture or diagram) by making lines and marks on paper.</definition>
        <sentenceCount annotated="10" total="369"/>
        <lexeme order="1" headword="false" breakBefore="false" POS="V" name="draw"/>
    </lexUnit>
    <lexUnit status="Created" POS="V" name="take [picture].v" ID="12968" lemmaID="39414" cBy="JKR" cDate="11/21/2005 05:29:24 PST Mon">
        <definition>FN: to produce a photographic image</definition>
        <sentenceCount annotated="0" total="0"/>
        <lexeme order="1" headword="false" breakBefore="false" POS="V" name="take"/>
    </lexUnit>
    <lexUnit status="Created" POS="N" name="artist.n" ID="14206" lemmaID="2029" cBy="KmG" cDate="03/28/2007 03:10:10 PDT Wed">
        <definition>COD: a person who practises or performs any of the creative arts.</definition>
        <sentenceCount annotated="3" total="3"/>
        <lexeme order="1" headword="false" breakBefore="false" POS="N" name="artist"/>
        <semType name="Agentive_noun" ID="102"/>
    </lexUnit>
    <lexUnit status="Created" POS="V" name="sculpt.v" ID="15006" lemmaID="34634" cBy="JKs" cDate="05/23/2008 02:55:21 PDT Fri">
        <definition>FN: create a typically three-dimensional physical artwork out of a medium such as clay, glass, etc.</definition>
        <sentenceCount annotated="0" total="0"/>
        <lexeme order="1" headword="false" breakBefore="false" POS="V" name="sculpt"/>
    </lexUnit>
    <lexUnit status="Created" POS="V" name="cast.v" ID="15078" lemmaID="5676" cBy="JKs" cDate="06/09/2008 01:41:45 PDT Mon">
        <definition>FN: create a physical artwork by filling a mould with a liquid that will soon harden</definition>
        <sentenceCount annotated="0" total="0"/>
        <lexeme order="1" headword="false" breakBefore="false" POS="V" name="cast"/>
    </lexUnit>
</frame>