<?xml version="1.0" encoding="UTF-8" standalone="yes"?>
<?xml-stylesheet type="text/xsl" href="frame.xsl"?>
<frame cBy="MJE" cDate="06/10/2003 03:28:45 PDT Tue" name="Crime_scenario" ID="692" xsi:schemaLocation="../schema/frame.xsd" xmlns="http://framenet.icsi.berkeley.edu" xmlns:xsi="http://www.w3.org/2001/XMLSchema-instance">
    <definition>&lt;def-root&gt;A (putative) &lt;fen&gt;Crime&lt;/fen&gt; is committed and comes to the attention of the &lt;fen&gt;Authorities&lt;/fen&gt;.  In response, there is a Criminal_investigation and (often) Arrest and criminal court proceedings.  The Investigation, Arrest, and other parts of the Criminal_Process are pursued in order to find a &lt;fen&gt;Suspect&lt;/fen&gt; (who then may enter the Criminal_process to become the Defendant) and determine if this &lt;fen&gt;Suspect&lt;/fen&gt; matches the &lt;fen&gt;Perpetrator&lt;/fen&gt; of the &lt;fen&gt;Crime&lt;/fen&gt;, and also to determine if the &lt;fen&gt;Charge&lt;/fen&gt;s match the &lt;fen&gt;Crime&lt;/fen&gt;.  If the &lt;fen&gt;Suspect&lt;/fen&gt; is deemed to have committed the &lt;fen&gt;Crime&lt;/fen&gt;, then they are generally given some punishment commensurate with the &lt;fen&gt;Charge&lt;/fen&gt;s.


&lt;/def-root&gt;</definition>
    <semType name="Non-Lexical Frame" ID="16"/>
    <FE bgColor="800080" fgColor="FFFFFF" coreType="Core" cBy="MJE" cDate="06/10/2003 04:29:37 PDT Tue" abbrev="" name="Suspect" ID="4589">
        <definition>&lt;def-root&gt;The individual which is under suspicion of having committed the &lt;fen&gt;Crime&lt;/fen&gt;.&lt;/def-root&gt;</definition>
    </FE>
    <FE bgColor="FF0000" fgColor="FFFFFF" coreType="Core" cBy="MJE" cDate="06/10/2003 04:36:48 PDT Tue" abbrev="" name="Perpetrator" ID="4590">
        <definition>&lt;def-root&gt;The individual that commits a &lt;fen&gt;Crime&lt;/fen&gt;.&lt;/def-root&gt;</definition>
        <semType name="Sentient" ID="5"/>
    </FE>
    <FE bgColor="2E8B57" fgColor="FFFFFF" coreType="Core" cBy="MJE" cDate="06/10/2003 04:38:04 PDT Tue" abbrev="" name="Crime" ID="4591">
        <definition>&lt;def-root&gt;An act, generally intentional, that matches the description that belongs to an official &lt;fen&gt;Charge&lt;/fen&gt;.&lt;/def-root&gt;</definition>
    </FE>
    <FE bgColor="A52A2A" fgColor="FFFFFF" coreType="Core" cBy="MJE" cDate="06/10/2003 04:46:14 PDT Tue" abbrev="" name="Charge" ID="4592">
        <definition>&lt;def-root&gt;A description of a type of act that is not permissable according to the law of society.&lt;/def-root&gt;</definition>
    </FE>
    <FE bgColor="00BFFF" fgColor="FFFFFF" coreType="Core" cBy="MJE" cDate="06/10/2003 05:21:31 PDT Tue" abbrev="" name="Authorities" ID="4593">
        <definition>&lt;def-root&gt;The group which is responsible for the maintenance of law and order, and as such have been given the power to investigate &lt;fen&gt;Crime&lt;/fen&gt;s, find &lt;fen&gt;Suspect&lt;/fen&gt;s and determine if a &lt;fen&gt;Suspect&lt;/fen&gt; should be submitted to the Criminal_process.&lt;/def-root&gt;</definition>
    </FE>
    <frameRelation type="Inherits from"/>
    <frameRelation type="Is Inherited by"/>
    <frameRelation type="Perspective on"/>
    <frameRelation type="Is Perspectivized in"/>
    <frameRelation type="Uses"/>
    <frameRelation type="Is Used by"/>
    <frameRelation type="Subframe of"/>
    <frameRelation type="Has Subframe(s)">
        <relatedFrame ID="200">Criminal_process</relatedFrame>
        <relatedFrame ID="500">Criminal_investigation</relatedFrame>
        <relatedFrame ID="700">Committing_crime</relatedFrame>
    </frameRelation>
    <frameRelation type="Precedes"/>
    <frameRelation type="Is Preceded by"/>
    <frameRelation type="Is Inchoative of"/>
    <frameRelation type="Is Causative of"/>
    <frameRelation type="See also"/>
</frame>