<?xml version="1.0" encoding="UTF-8" standalone="yes"?>
<?xml-stylesheet type="text/xsl" href="frame.xsl"?>
<frame cBy="ChW" cDate="02/07/2001 04:12:09 PST Wed" name="Death" ID="53" xsi:schemaLocation="../schema/frame.xsd" xmlns="http://framenet.icsi.berkeley.edu" xmlns:xsi="http://www.w3.org/2001/XMLSchema-instance">
    <definition>&lt;def-root&gt;The words in this frame describe the death of a &lt;fen&gt;Protagonist&lt;/fen&gt;.  A &lt;fen&gt;Cause&lt;/fen&gt; of death may also be expressed obliquely.
&lt;ex&gt;&lt;/ex&gt;
&lt;ex&gt;The machine was not switched off, but &lt;fex name="Protagonist"&gt;Mr. Lavelle&lt;/fex&gt; &lt;t&gt;died&lt;/t&gt; &lt;fex name="Explanation"&gt;of natural causes&lt;/fex&gt;, police said.&lt;/ex&gt;

&lt;ex&gt;To avenge the &lt;t&gt;death&lt;/t&gt; &lt;fex name="Protagonist"&gt;of a son&lt;/fex&gt; is not hasty work, if he is to be honored.&lt;/ex&gt;&lt;/def-root&gt;</definition>
    <FE bgColor="FF0000" fgColor="FFFFFF" coreType="Core" cBy="ChW" cDate="02/07/2001 04:12:09 PST Wed" abbrev="Prot" name="Protagonist" ID="218">
        <definition>&lt;def-root&gt;The FE &lt;fen&gt;Protagonist&lt;/fen&gt; is the being or entity that dies.  With verbs in this frame, the &lt;fen&gt;Protagonist&lt;/fen&gt; is the External Argument.

&lt;ex&gt;&lt;fex name="Protagonist"&gt;The goldfish&lt;/fex&gt; &lt;t&gt;died&lt;/t&gt;.&lt;/ex&gt;&lt;/def-root&gt;</definition>
        <semType name="Sentient" ID="5"/>
    </FE>
    <FE bgColor="A52A2A" fgColor="FFFFFF" coreType="Extra-Thematic" cBy="ChW" cDate="02/07/2001 04:12:09 PST Wed" abbrev="Expl" name="Explanation" ID="219">
        <definition>&lt;def-root&gt;The FE &lt;fen&gt;Explanation&lt;/fen&gt; expresses any object or eventuality that brings about the &lt;fen&gt;Protagonist&lt;/fen&gt;'s death.

&lt;ex&gt;The cat &lt;t&gt;died&lt;/t&gt; &lt;fex name="Explanation"&gt;of old age&lt;/fex&gt;.&lt;/ex&gt;
&lt;ex&gt;The children &lt;t&gt;perished&lt;/t&gt; &lt;fex name="Explanation"&gt;from hunger&lt;/fex&gt;.&lt;/ex&gt;
&lt;/def-root&gt;</definition>
    </FE>
    <FE bgColor="FF69B4" fgColor="FFFFFF" coreType="Peripheral" cBy="JKR" cDate="06/01/2001 09:41:42 PDT Fri" abbrev="Degr" name="Degree" ID="684">
        <definition>&lt;def-root&gt;Some measure of the event, generally frequency.

&lt;ex&gt;You know, I wouldn't want to live in a Shakespearian play; people &lt;t&gt;die&lt;/t&gt; in them &lt;fex name="Degr"&gt;a lot&lt;/fex&gt;.&lt;/ex&gt;&lt;/def-root&gt;</definition>
        <semType name="Degree" ID="172"/>
    </FE>
    <FE bgColor="9400D3" fgColor="FFFFFF" coreType="Extra-Thematic" cBy="JKR" cDate="06/01/2001 09:41:42 PDT Fri" abbrev="Dep" name="Depictive" ID="685">
        <definition>&lt;def-root&gt;The FE &lt;fen&gt;Depictive&lt;/fen&gt; denotes the state of the &lt;fen&gt;Protagonist&lt;/fen&gt; as the death occurred.  &lt;ex&gt;I think he &lt;t&gt;died&lt;/t&gt; &lt;fex name="Dep"&gt;happy&lt;/fex&gt;.&lt;/ex&gt;&lt;/def-root&gt;</definition>
    </FE>
    <FE bgColor="FF00FF" fgColor="FFFFFF" coreType="Peripheral" cBy="JKR" cDate="06/01/2001 09:41:42 PDT Fri" abbrev="Manr" name="Manner" ID="688">
        <definition>&lt;def-root&gt;Any description of the event which is not covered by more specific FEs, including force (hard, softly), secondary effects (quietly, loudly), and general descriptions comparing events (the same way). 

&lt;ex&gt;He &lt;t&gt;died&lt;/t&gt; &lt;fex name="Manr"&gt;horribly&lt;/fex&gt;; I won't describe it.&lt;/ex&gt;
&lt;/def-root&gt;</definition>
        <semType name="Manner" ID="173"/>
    </FE>
    <FE bgColor="9F79EE" fgColor="FFFFFF" coreType="Extra-Thematic" cBy="JKR" cDate="06/01/2001 09:41:42 PDT Fri" abbrev="Res" name="Result" ID="689">
        <definition>&lt;def-root&gt;The FE &lt;fen&gt;Result&lt;/fen&gt; indicates what occurs as the result of the death of the &lt;fen&gt;Protagonist&lt;/fen&gt;.

&lt;ex&gt;If we don't find something soon, we'll all &lt;t&gt;starve&lt;/t&gt; &lt;fex name="Res"&gt;to death&lt;/fex&gt;.&lt;/ex&gt;&lt;/def-root&gt;</definition>
    </FE>
    <FE bgColor="008000" fgColor="FFFFFF" coreType="Peripheral" cBy="MJE" cDate="09/04/2001 01:58:03 PDT Tue" abbrev="Place" name="Place" ID="1840">
        <definition>&lt;def-root&gt;The FE &lt;fen&gt;Place&lt;/fen&gt; indicates where the death takes place.

&lt;ex&gt;Your father &lt;t&gt;passed&lt;/t&gt; &lt;t&gt;away&lt;/t&gt; &lt;fex name="Place"&gt;in his hospital bed&lt;/fex&gt;.&lt;/ex&gt;&lt;/def-root&gt;</definition>
        <semType name="Locative_relation" ID="182"/>
    </FE>
    <FE bgColor="FFA500" fgColor="FFFFFF" coreType="Peripheral" cBy="MJE" cDate="09/04/2001 01:58:04 PDT Tue" abbrev="Time" name="Time" ID="1842">
        <definition>&lt;def-root&gt;The FE &lt;fen&gt;Time&lt;/fen&gt; denotes when the dying or killing occurs.

&lt;ex&gt;Your father &lt;t&gt;passed&lt;/t&gt;  &lt;t&gt;away&lt;/t&gt; &lt;fex name="Time"&gt;about four minutes ago&lt;/fex&gt;.&lt;/ex&gt;
&lt;ex&gt;He sadly &lt;t&gt;passed&lt;/t&gt;  &lt;t&gt;away&lt;/t&gt; &lt;fex name="Time"&gt;in 1962&lt;/fex&gt; because of severe cerebrovascular disease.&lt;/ex&gt;

&lt;/def-root&gt;</definition>
        <semType name="Time" ID="141"/>
    </FE>
    <FE bgColor="A9A9A9" fgColor="FFFFFF" coreType="Extra-Thematic" cBy="MJE" cDate="08/08/2003 03:42:41 PDT Fri" abbrev="sub" name="Containing_event" ID="4910">
        <definition>&lt;def-root&gt;This FE identifies the larger event in which the &lt;fen&gt;Protagonist&lt;/fen&gt; dies, i.e. changes from living to dead.

&lt;ex&gt;The pilot &lt;t&gt;died&lt;/t&gt; &lt;fex name="sub"&gt;in the crash&lt;/fex&gt;&lt;/ex&gt;&lt;/def-root&gt;</definition>
    </FE>
    <FE bgColor="2E8B57" fgColor="000000" coreType="Extra-Thematic" cBy="MJE" cDate="08/07/2014 02:42:15 PDT Thu" abbrev="mal" name="Maleficiary" ID="16192">
        <definition>&lt;def-root&gt;An individual negatively affected by the death of the &lt;fen&gt;Protagonist&lt;/fen&gt;.

&lt;ex&gt;Aww man, my dog &lt;t&gt;died&lt;/t&gt; &lt;fex name="Maleficiary"&gt;on me&lt;/fex&gt;.&lt;/ex&gt;&lt;/def-root&gt;</definition>
    </FE>
    <frameRelation type="Inherits from">
        <relatedFrame ID="2104">Ceasing_to_be</relatedFrame>
    </frameRelation>
    <frameRelation type="Is Inherited by"/>
    <frameRelation type="Perspective on"/>
    <frameRelation type="Is Perspectivized in"/>
    <frameRelation type="Uses"/>
    <frameRelation type="Is Used by"/>
    <frameRelation type="Subframe of">
        <relatedFrame ID="2106">Cycle_of_life_and_death</relatedFrame>
    </frameRelation>
    <frameRelation type="Has Subframe(s)"/>
    <frameRelation type="Precedes"/>
    <frameRelation type="Is Preceded by">
        <relatedFrame ID="2055">Dying</relatedFrame>
        <relatedFrame ID="281">Giving_birth</relatedFrame>
        <relatedFrame ID="793">Being_born</relatedFrame>
    </frameRelation>
    <frameRelation type="Is Inchoative of">
        <relatedFrame ID="310">Dead_or_alive</relatedFrame>
    </frameRelation>
    <frameRelation type="Is Causative of"/>
    <frameRelation type="See also"/>
    <lexUnit status="Finished_Initial" POS="N" name="death.n" ID="922" lemmaID="9696" cBy="ChW" cDate="02/08/2001 01:28:54 PST Thu">
        <definition>COD: the action or fact of dying or being killed.</definition>
        <sentenceCount annotated="54" total="256"/>
        <lexeme order="1" headword="false" breakBefore="false" POS="N" name="death"/>
    </lexUnit>
    <lexUnit status="Finished_Initial" POS="N" name="demise.n" ID="923" lemmaID="10105" cBy="ChW" cDate="02/08/2001 01:28:54 PST Thu">
        <definition>COD: a person's death.</definition>
        <sentenceCount annotated="31" total="90"/>
        <lexeme order="1" headword="false" breakBefore="false" POS="N" name="demise"/>
    </lexUnit>
    <lexUnit status="Finished_Initial" POS="V" name="die.v" ID="924" lemmaID="10617" cBy="ChW" cDate="02/08/2001 01:28:54 PST Thu">
        <definition>COD: stop living.</definition>
        <sentenceCount annotated="42" total="323"/>
        <lexeme order="1" headword="false" breakBefore="false" POS="V" name="die"/>
    </lexUnit>
    <lexUnit status="Finished_Initial" POS="V" name="perish.v" ID="933" lemmaID="28478" cBy="ChW" cDate="02/08/2001 01:28:55 PST Thu">
        <definition>COD: die, especially in large numbers.</definition>
        <sentenceCount annotated="25" total="98"/>
        <lexeme order="1" headword="false" breakBefore="false" POS="V" name="perish"/>
    </lexUnit>
    <lexUnit status="Insufficient_Attestations" POS="N" name="terminator.n" ID="2079" lemmaID="44880" cBy="HCB" cDate="05/03/2001 02:53:49 PDT Thu">
        <definition>FN: (slang) person who kills.</definition>
        <sentenceCount annotated="0" total="43"/>
        <lexeme order="1" headword="false" breakBefore="false" POS="N" name="terminator"/>
    </lexUnit>
    <lexUnit status="Needs_SCs" POS="V" name="croak.v" ID="2097" lemmaID="8981" cBy="HCB" cDate="05/04/2001 12:09:45 PDT Fri">
        <definition>COD: (informal) die.</definition>
        <sentenceCount annotated="3" total="112"/>
        <lexeme order="1" headword="false" breakBefore="false" POS="V" name="croak"/>
    </lexUnit>
    <lexUnit status="Insufficient_Attestations" POS="V" name="decease.v" ID="2098" lemmaID="9759" cBy="HCB" cDate="05/04/2001 12:10:25 PDT Fri">
        <definition>COD: (archaic) die.</definition>
        <sentenceCount annotated="0" total="37"/>
        <lexeme order="1" headword="false" breakBefore="false" POS="V" name="decease"/>
    </lexUnit>
    <lexUnit status="Finished_Initial" POS="V" name="starve.v" ID="2099" lemmaID="37848" cBy="HCB" cDate="05/04/2001 05:25:56 PDT Fri">
        <definition>COD: suffer or die or cause to suffer or die from hunger.</definition>
        <sentenceCount annotated="15" total="23"/>
        <lexeme order="1" headword="false" breakBefore="false" POS="V" name="starve"/>
    </lexUnit>
    <lexUnit status="Finished_Initial" POS="N" name="starvation.n" ID="2230" lemmaID="37847" cBy="HCB" cDate="05/22/2001 06:32:46 PDT Tue">
        <definition>FN: the fact of suffering or dying from hunger</definition>
        <sentenceCount annotated="25" total="93"/>
        <lexeme order="1" headword="false" breakBefore="false" POS="N" name="starvation"/>
    </lexUnit>
    <lexUnit status="Needs_SCs" POS="V" name="expire.v" ID="3990" lemmaID="13553" cBy="JKR" cDate="09/17/2001 03:28:46 PDT Mon">
        <definition>COD: (of a person)  die</definition>
        <sentenceCount annotated="6" total="34"/>
        <lexeme order="1" headword="false" breakBefore="false" POS="V" name="expire"/>
    </lexUnit>
    <lexUnit status="Finished_Initial" POS="V" name="pass away.v" ID="4049" lemmaID="45204" cBy="JKR" cDate="09/19/2001 03:26:55 PDT Wed">
        <definition>FN: to die</definition>
        <sentenceCount annotated="7" total="75"/>
        <lexeme order="1" headword="true" breakBefore="false" POS="V" name="pass"/>
        <lexeme order="2" headword="false" breakBefore="false" POS="PREP" name="away"/>
    </lexUnit>
    <lexUnit status="Insufficient_Attestations" POS="V" name="kick the bucket.v" ID="5307" lemmaID="45562" cBy="MJE" cDate="03/21/2002 06:11:44 PST Thu">
        <definition>COD: (s.v. kick) die.</definition>
        <sentenceCount annotated="0" total="150"/>
        <lexeme order="1" headword="true" breakBefore="false" POS="V" name="kick"/>
        <lexeme order="2" headword="false" breakBefore="false" POS="ART" name="the"/>
        <lexeme order="3" headword="false" breakBefore="false" POS="N" name="bucket"/>
    </lexUnit>
    <lexUnit status="Finished_Initial" POS="V" name="drown.v" ID="6933" lemmaID="11838" cBy="ACW" cDate="08/01/2002 09:27:40 PDT Thu">
        <definition>COD: die through submersion in water</definition>
        <sentenceCount annotated="39" total="299"/>
        <lexeme order="1" headword="false" breakBefore="false" POS="V" name="drown"/>
    </lexUnit>
    <lexUnit status="Created" POS="V" name="croak it.v" ID="8649" lemmaID="47749" cBy="MJE" cDate="04/28/2003 03:23:37 PDT Mon">
        <definition>FN: to die</definition>
        <sentenceCount annotated="0" total="0"/>
        <lexeme order="1" headword="true" breakBefore="false" POS="V" name="croak"/>
        <lexeme order="2" headword="false" breakBefore="false" POS="N" name="it"/>
    </lexUnit>
    <lexUnit status="Created" POS="V" name="asphyxiate.v" ID="8916" lemmaID="2113" cBy="MJE" cDate="06/20/2003 03:38:30 PDT Fri">
        <definition>FN: die due to insufficient oxygen.</definition>
        <sentenceCount annotated="0" total="0"/>
        <lexeme order="1" headword="false" breakBefore="false" POS="V" name="asphyxiate"/>
    </lexUnit>
    <lexUnit status="Created" POS="V" name="suffocate.v" ID="9089" lemmaID="38693" cBy="ACW" cDate="07/10/2003 04:43:29 PDT Thu">
        <definition>FN: die from a lack of oxygen.</definition>
        <sentenceCount annotated="0" total="0"/>
        <lexeme order="1" headword="false" breakBefore="false" POS="V" name="suffocate"/>
    </lexUnit>
    <lexUnit status="Finished_Initial" POS="N" name="suffocation.n" ID="9127" lemmaID="48225" cBy="RLG" cDate="07/18/2003 11:01:53 PDT Fri">
        <definition>FN: death due to lack of oxygen caused by an obstruction of the airway.</definition>
        <sentenceCount annotated="11" total="37"/>
        <lexeme order="1" headword="true" breakBefore="false" POS="N" name="suffocation"/>
    </lexUnit>
    <lexUnit status="Created" POS="N" name="mortality.n" ID="14966" lemmaID="50873" cBy="JKs" cDate="04/25/2008 02:59:18 PDT Fri">
        <definition>FN: the death of a person or other entity</definition>
        <sentenceCount annotated="0" total="0"/>
        <lexeme order="1" headword="true" breakBefore="false" POS="N" name="mortality"/>
    </lexUnit>
    <lexUnit status="Created" POS="N" name="end.n" ID="17334" lemmaID="12712" cBy="CVa" cDate="02/19/2013 04:23:23 PST Tue">
        <definition>FN: death; 'meet' used as a support verb</definition>
        <sentenceCount annotated="1" total="1"/>
        <lexeme order="1" headword="false" breakBefore="false" POS="N" name="end"/>
        <semType name="Bound_dependent_LU" ID="224"/>
    </lexUnit>
    <lexUnit status="Created" POS="A" name="mortal.a" ID="18820" lemmaID="24965" cBy="MJE" cDate="10/28/2016 05:22:36 PDT Fri">
        <definition>FN: destined eventually to die.</definition>
        <sentenceCount annotated="0" total="0"/>
        <lexeme order="1" headword="false" breakBefore="false" POS="A" name="mortal"/>
        <semType name="Tendency_grading_LU" ID="91"/>
    </lexUnit>
</frame>