<?xml version="1.0" encoding="UTF-8" standalone="yes"?>
<?xml-stylesheet type="text/xsl" href="frame.xsl"?>
<frame cBy="JKR" cDate="06/30/2004 12:16:29 PDT Wed" name="Degree_of_processing" ID="1159" xsi:schemaLocation="../schema/frame.xsd" xmlns="http://framenet.icsi.berkeley.edu" xmlns:xsi="http://www.w3.org/2001/XMLSchema-instance">
    <definition>&lt;def-root&gt;A &lt;fen&gt;Material&lt;/fen&gt; has been processed (generally industrially) to some &lt;fen&gt;Degree&lt;/fen&gt; in order to make it more useful for some (usually implicit) function.  In some cases, an &lt;fen&gt;Alterant&lt;/fen&gt; is used to process the &lt;fen&gt;Material&lt;/fen&gt;.

&lt;ex&gt;&lt;/ex&gt;&lt;/def-root&gt;</definition>
    <FE bgColor="FF00FF" fgColor="FFFFFF" coreType="Extra-Thematic" cBy="JKR" cDate="06/30/2004 12:16:29 PDT Wed" abbrev="Alt" name="Alterant" ID="6699">
        <definition>&lt;def-root&gt;The &lt;fen&gt;Alterant&lt;/fen&gt; causes a change in the &lt;fen&gt;Material&lt;/fen&gt;.&lt;/def-root&gt;</definition>
    </FE>
    <FE bgColor="0000FF" fgColor="FFFFFF" coreType="Core" cBy="JKR" cDate="06/30/2004 12:16:29 PDT Wed" abbrev="Mat" name="Material" ID="6700">
        <definition>&lt;def-root&gt;The substance which is altered in some useful way.

&lt;ex&gt;&lt;/ex&gt;&lt;/def-root&gt;</definition>
    </FE>
    <FE bgColor="800080" fgColor="FFFFFF" coreType="Peripheral" cBy="JKR" cDate="06/30/2004 12:25:01 PDT Wed" abbrev="" name="Degree" ID="6707">
        <definition>&lt;def-root&gt;The amount to which a &lt;fen&gt;Material&lt;/fen&gt; has undergone processing.&lt;/def-root&gt;</definition>
        <semType name="Degree" ID="172"/>
    </FE>
    <frameRelation type="Inherits from"/>
    <frameRelation type="Is Inherited by"/>
    <frameRelation type="Perspective on"/>
    <frameRelation type="Is Perspectivized in"/>
    <frameRelation type="Uses">
        <relatedFrame ID="620">Processing_materials</relatedFrame>
    </frameRelation>
    <frameRelation type="Is Used by"/>
    <frameRelation type="Subframe of"/>
    <frameRelation type="Has Subframe(s)"/>
    <frameRelation type="Precedes"/>
    <frameRelation type="Is Preceded by"/>
    <frameRelation type="Is Inchoative of"/>
    <frameRelation type="Is Causative of"/>
    <frameRelation type="See also"/>
    <lexUnit status="Created" POS="A" name="unprocessed.a" ID="10719" lemmaID="49309" cBy="JKR" cDate="06/30/2004 12:27:37 PDT Wed">
        <definition>FN: not having undergone processing.</definition>
        <sentenceCount annotated="0" total="0"/>
        <lexeme order="1" headword="true" breakBefore="false" POS="A" name="unprocessed"/>
    </lexUnit>
    <lexUnit status="Finished_Initial" POS="A" name="raw.a" ID="10720" lemmaID="31934" cBy="JKR" cDate="06/30/2004 12:28:34 PDT Wed">
        <definition>COD: (of a material or substance) in its natural state; not processed.</definition>
        <sentenceCount annotated="27" total="56"/>
        <lexeme order="1" headword="false" breakBefore="false" POS="A" name="raw"/>
    </lexUnit>
    <lexUnit status="Rules_Defined" POS="A" name="enriched.a" ID="10721" lemmaID="49311" cBy="JKR" cDate="06/30/2004 12:29:23 PDT Wed">
        <definition>FN: having undergone enrichment processing.</definition>
        <sentenceCount annotated="30" total="30"/>
        <lexeme order="1" headword="true" breakBefore="false" POS="A" name="enriched"/>
    </lexUnit>
    <lexUnit status="Created" POS="A" name="processed.a" ID="11438" lemmaID="49823" cBy="MJE" cDate="12/14/2004 10:54:45 PST Tue">
        <definition>COD: having undergone processing.</definition>
        <sentenceCount annotated="0" total="0"/>
        <lexeme order="1" headword="true" breakBefore="false" POS="A" name="processed"/>
    </lexUnit>
</frame>