<?xml version="1.0" encoding="UTF-8" standalone="yes"?>
<?xml-stylesheet type="text/xsl" href="frame.xsl"?>
<frame cBy="KmG" cDate="01/29/2008 04:47:13 PST Tue" name="Degree" ID="2001" xsi:schemaLocation="../schema/frame.xsd" xmlns="http://framenet.icsi.berkeley.edu" xmlns:xsi="http://www.w3.org/2001/XMLSchema-instance">
    <definition>&lt;def-root&gt;LUs in this frame modify a gradable attribute and describe intensities at the extreme positions on a scale.

&lt;ex&gt;She is &lt;t&gt;very&lt;/t&gt; &lt;fex name="Gradable_attribute"&gt;brave&lt;/fex&gt;.&lt;/ex&gt;

&lt;ex&gt;It is &lt;t&gt;that&lt;/t&gt; &lt;fex name="Gradable_attribute"&gt;simple&lt;/fex&gt;!&lt;/ex&gt;

&lt;ex&gt;The feuds are &lt;t&gt;so&lt;/t&gt; &lt;fex name="Gradable_attribute"&gt;vicious&lt;/fex&gt; because the stakes are so low.&lt;/ex&gt;

&lt;ex&gt;The plant is &lt;t&gt;totally&lt;/t&gt; &lt;fex name="Gradable_attribute"&gt;red&lt;/fex&gt;  without the slightest hint of green.&lt;/ex&gt;
&lt;/def-root&gt;</definition>
    <semType name="End_of_scale" ID="98"/>
    <FE bgColor="A52A2A" fgColor="FFFFFF" coreType="Core" cBy="KmG" cDate="01/29/2008 04:52:22 PST Tue" abbrev="Gra" name="Gradable_attribute" ID="12081">
        <definition>&lt;def-root&gt;&lt;/def-root&gt;</definition>
    </FE>
    <frameRelation type="Inherits from"/>
    <frameRelation type="Is Inherited by"/>
    <frameRelation type="Perspective on"/>
    <frameRelation type="Is Perspectivized in"/>
    <frameRelation type="Uses">
        <relatedFrame ID="407">Importance</relatedFrame>
    </frameRelation>
    <frameRelation type="Is Used by"/>
    <frameRelation type="Subframe of"/>
    <frameRelation type="Has Subframe(s)"/>
    <frameRelation type="Precedes"/>
    <frameRelation type="Is Preceded by"/>
    <frameRelation type="Is Inchoative of"/>
    <frameRelation type="Is Causative of"/>
    <frameRelation type="See also">
        <relatedFrame ID="2960">Hedging</relatedFrame>
    </frameRelation>
    <lexUnit status="Created" POS="ADV" name="so.adv" ID="14742" lemmaID="36737" cBy="KmG" cDate="01/29/2008 04:54:23 PST Tue">
        <definition>FN: to a high degree</definition>
        <sentenceCount annotated="7" total="7"/>
        <lexeme order="1" headword="false" breakBefore="false" POS="ADV" name="so"/>
    </lexUnit>
    <lexUnit status="Created" POS="ADV" name="a little.adv" ID="14743" lemmaID="50817" cBy="KmG" cDate="01/29/2008 04:57:57 PST Tue">
        <definition>FN: to a small degree</definition>
        <sentenceCount annotated="1" total="1"/>
        <lexeme order="1" headword="false" breakBefore="false" POS="ART" name="a"/>
        <lexeme order="2" headword="true" breakBefore="false" POS="A" name="little"/>
    </lexUnit>
    <lexUnit status="Created" POS="ADV" name="a little bit.adv" ID="14744" lemmaID="50818" cBy="KmG" cDate="01/29/2008 04:58:46 PST Tue">
        <definition>FN: to a small degree</definition>
        <sentenceCount annotated="0" total="0"/>
        <lexeme order="1" headword="false" breakBefore="false" POS="ART" name="a"/>
        <lexeme order="2" headword="false" breakBefore="false" POS="A" name="little"/>
        <lexeme order="3" headword="true" breakBefore="false" POS="N" name="bit"/>
    </lexUnit>
    <lexUnit status="Needs_SCs" POS="ADV" name="very.adv" ID="14745" lemmaID="42919" cBy="KmG" cDate="01/29/2008 05:01:43 PST Tue">
        <definition>FN: extremely</definition>
        <sentenceCount annotated="18" total="94"/>
        <lexeme order="1" headword="false" breakBefore="false" POS="ADV" name="very"/>
    </lexUnit>
    <lexUnit status="Created" POS="ADV" name="that.adv" ID="14746" lemmaID="40008" cBy="KmG" cDate="01/29/2008 05:23:41 PST Tue">
        <definition>FN: very much so (to a particular and high degree understood by all)</definition>
        <sentenceCount annotated="0" total="0"/>
        <lexeme order="1" headword="false" breakBefore="false" POS="ADV" name="that"/>
    </lexUnit>
    <lexUnit status="Created" POS="ADV" name="totally.adv" ID="14747" lemmaID="40811" cBy="KmG" cDate="01/29/2008 05:33:35 PST Tue">
        <definition>FN: to the fullest extent</definition>
        <sentenceCount annotated="4" total="6"/>
        <lexeme order="1" headword="false" breakBefore="false" POS="ADV" name="totally"/>
    </lexUnit>
    <lexUnit status="Created" POS="ADV" name="fully.adv" ID="14753" lemmaID="15657" cBy="JKs" cDate="01/30/2008 04:22:31 PST Wed">
        <definition>FN: to the fullest extent</definition>
        <sentenceCount annotated="1" total="1"/>
        <lexeme order="1" headword="false" breakBefore="false" POS="ADV" name="fully"/>
    </lexUnit>
    <lexUnit status="Created" POS="ADV" name="heavily.adv" ID="14826" lemmaID="17740" cBy="KmG" cDate="03/04/2008 04:53:30 PST Tue">
        <definition>FN: to a great degree</definition>
        <sentenceCount annotated="2" total="2"/>
        <lexeme order="1" headword="false" breakBefore="false" POS="ADV" name="heavily"/>
    </lexUnit>
    <lexUnit status="Created" POS="ADV" name="far.adv" ID="14978" lemmaID="50877" cBy="KmG" cDate="04/28/2008 02:59:12 PDT Mon">
        <definition>FN: very much so</definition>
        <sentenceCount annotated="3" total="3"/>
        <lexeme order="1" headword="true" breakBefore="false" POS="ADV" name="far"/>
    </lexUnit>
    <lexUnit status="Created" POS="ADV" name="somewhat.adv" ID="15970" lemmaID="36928" cBy="MJE" cDate="07/30/2010 06:56:01 PDT Fri">
        <definition>FN: not very much.</definition>
        <sentenceCount annotated="2" total="2"/>
        <lexeme order="1" headword="false" breakBefore="false" POS="ADV" name="somewhat"/>
    </lexUnit>
    <lexUnit status="Created" POS="ADV" name="in part.adv" ID="16165" lemmaID="51262" cBy="AlK" cDate="11/19/2010 04:43:25 PST Fri">
        <definition>FN: not entirely</definition>
        <sentenceCount annotated="5" total="5"/>
        <lexeme order="1" headword="true" breakBefore="false" POS="PREP" name="in"/>
        <lexeme order="2" headword="false" breakBefore="false" POS="N" name="part"/>
    </lexUnit>
    <lexUnit status="Created" POS="A" name="great.a" ID="16311" lemmaID="16767" cBy="AlK" cDate="05/05/2011 01:21:09 PDT Thu">
        <definition>FN: more than normal (often with quantity)</definition>
        <sentenceCount annotated="7" total="8"/>
        <lexeme order="1" headword="false" breakBefore="false" POS="A" name="great"/>
        <semType name="Bound_dependent_LU" ID="224"/>
    </lexUnit>
    <lexUnit status="Created" POS="ADV" name="way.adv" ID="16356" lemmaID="43604" cBy="MLC" cDate="06/07/2011 12:37:42 PDT Tue">
        <definition>FN: adds emphasis to a description of some entity or state of affairs. </definition>
        <sentenceCount annotated="0" total="0"/>
        <lexeme order="1" headword="false" breakBefore="false" POS="ADV" name="way"/>
    </lexUnit>
    <lexUnit status="Created" POS="A" name="particular.a" ID="16667" lemmaID="27912" cBy="RyC" cDate="10/04/2011 04:41:12 PDT Tue">
        <definition>FN: special, surpassing what is usually expected</definition>
        <sentenceCount annotated="7" total="7"/>
        <lexeme order="1" headword="false" breakBefore="false" POS="A" name="particular"/>
    </lexUnit>
    <lexUnit status="Created" POS="ADV" name="a lot.adv" ID="17659" lemmaID="51721" cBy="MJE" cDate="07/28/2014 06:43:28 PDT Mon">
        <definition>FN: to a great degree.</definition>
        <sentenceCount annotated="1" total="1"/>
        <lexeme order="1" headword="false" breakBefore="false" POS="ART" name="a"/>
        <lexeme order="2" headword="true" breakBefore="false" POS="N" name="lot"/>
    </lexUnit>
    <lexUnit status="Created" POS="N" name="stone (cold).n" ID="18810" lemmaID="52175" cBy="MJE" cDate="09/17/2016 10:00:37 PDT Sat">
        <definition>FN: (with cold) extremely.</definition>
        <sentenceCount annotated="0" total="0"/>
        <lexeme order="1" headword="true" breakBefore="false" POS="N" name="stone"/>
        <semType name="Bound_dependent_LU" ID="224"/>
    </lexUnit>
    <lexUnit status="Created" POS="N" name="dirt (poor).n" ID="18811" lemmaID="10769" cBy="MJE" cDate="09/17/2016 10:03:22 PDT Sat">
        <definition>FN: (with poor) extremely.</definition>
        <sentenceCount annotated="0" total="0"/>
        <lexeme order="1" headword="false" breakBefore="false" POS="N" name="dirt"/>
        <semType name="Bound_dependent_LU" ID="224"/>
    </lexUnit>
    <lexUnit status="Created" POS="A" name="sopping (wet).a" ID="18812" lemmaID="36975" cBy="MJE" cDate="09/17/2016 10:04:33 PDT Sat">
        <definition>FN: (with wet) extremely.</definition>
        <sentenceCount annotated="0" total="0"/>
        <lexeme order="1" headword="false" breakBefore="false" POS="A" name="sopping"/>
        <semType name="Bound_dependent_LU" ID="224"/>
    </lexUnit>
    <lexUnit status="Created" POS="N" name="crystal (clear).n" ID="18813" lemmaID="52176" cBy="MJE" cDate="09/17/2016 10:05:37 PDT Sat">
        <definition>FN: (with clear) completely.</definition>
        <sentenceCount annotated="0" total="0"/>
        <lexeme order="1" headword="true" breakBefore="false" POS="N" name="crystal"/>
        <semType name="Bound_dependent_LU" ID="224"/>
    </lexUnit>
    <lexUnit status="Created" POS="ADV" name="as hell.adv" ID="18815" lemmaID="52178" cBy="MJE" cDate="09/17/2016 10:07:43 PDT Sat">
        <definition>FN: impressively.</definition>
        <sentenceCount annotated="0" total="0"/>
        <lexeme order="1" headword="true" breakBefore="false" POS="PREP" name="as"/>
        <lexeme order="2" headword="false" breakBefore="false" POS="N" name="hell"/>
    </lexUnit>
    <lexUnit status="Created" POS="ADV" name="kind of.adv" ID="18816" lemmaID="51936" cBy="MJE" cDate="09/17/2016 10:11:28 PDT Sat">
        <definition>FN: somewhat.</definition>
        <sentenceCount annotated="0" total="0"/>
        <lexeme order="1" headword="true" breakBefore="false" POS="N" name="kind"/>
        <lexeme order="2" headword="false" breakBefore="false" POS="PREP" name="of"/>
    </lexUnit>
</frame>