<?xml version="1.0" encoding="UTF-8" standalone="yes"?>
<?xml-stylesheet type="text/xsl" href="frame.xsl"?>
<frame cBy="MJE" cDate="11/12/2008 05:35:51 PST Wed" name="Delimited_state_scenario" ID="2123" xsi:schemaLocation="../schema/frame.xsd" xmlns="http://framenet.icsi.berkeley.edu" xmlns:xsi="http://www.w3.org/2001/XMLSchema-instance">
    <definition>&lt;def-root&gt;A &lt;fen&gt;State&lt;/fen&gt; (often an ongoing process) is ongoing for some period of time.&lt;/def-root&gt;</definition>
    <semType name="Non-Lexical Frame" ID="16"/>
    <semType name="Non-perspectivalized_frame" ID="52"/>
    <FE bgColor="008000" fgColor="FFFFFF" coreType="Core" cBy="MJE" cDate="11/12/2008 05:35:51 PST Wed" abbrev="" name="Duration" ID="13123">
        <definition>&lt;def-root&gt;A quantity or other characterization of the &lt;fen&gt;State&lt;/fen&gt;'s absolute duration.&lt;/def-root&gt;</definition>
    </FE>
    <FE bgColor="800080" fgColor="FFFFFF" coreType="Core" cBy="MJE" cDate="11/12/2008 05:35:51 PST Wed" abbrev="" name="State" ID="13127">
        <definition>&lt;def-root&gt;An ongoing state whose duration can be measured.&lt;/def-root&gt;</definition>
    </FE>
    <frameRelation type="Inherits from"/>
    <frameRelation type="Is Inherited by"/>
    <frameRelation type="Perspective on"/>
    <frameRelation type="Is Perspectivized in">
        <relatedFrame ID="145">Process_continue</relatedFrame>
        <relatedFrame ID="2122">Duration_scenario</relatedFrame>
        <relatedFrame ID="2142">Timespan</relatedFrame>
    </frameRelation>
    <frameRelation type="Uses"/>
    <frameRelation type="Is Used by"/>
    <frameRelation type="Subframe of"/>
    <frameRelation type="Has Subframe(s)"/>
    <frameRelation type="Precedes"/>
    <frameRelation type="Is Preceded by"/>
    <frameRelation type="Is Inchoative of"/>
    <frameRelation type="Is Causative of"/>
    <frameRelation type="See also"/>
</frame>