<?xml version="1.0" encoding="UTF-8" standalone="yes"?>
<?xml-stylesheet type="text/xsl" href="frame.xsl"?>
<frame cBy="JKR" cDate="06/13/2002 05:24:22 PDT Thu" name="Desirability" ID="354" xsi:schemaLocation="../schema/frame.xsd" xmlns="http://framenet.icsi.berkeley.edu" xmlns:xsi="http://www.w3.org/2001/XMLSchema-instance">
    <definition>&lt;def-root&gt;This frame concerns an &lt;fen&gt;Evaluee&lt;/fen&gt; being judged for its quality, i.e. how much it would probably be liked.  In many cases, the &lt;fen&gt;Evaluee&lt;/fen&gt; is implicitly judged good or bad relative to other instances of its type. The &lt;fen&gt;Evaluee&lt;/fen&gt;'s desirability is determined by one or more &lt;fen&gt;Parameter&lt;/fen&gt;s, which are scalar properties of the &lt;fen&gt;Evaluee&lt;/fen&gt;. The evaluation may also explicitly be relativized to a set of &lt;fen&gt;Circumstances&lt;/fen&gt;, a &lt;fen&gt;Comparison_set&lt;/fen&gt; of entities that belong to the same class as the &lt;fen&gt;Evaluee&lt;/fen&gt;, or an &lt;fen&gt;Affected_party&lt;/fen&gt;. The &lt;fen&gt;Degree&lt;/fen&gt; of goodness or badness may also be expressed.

Note: With some targets, desirability is conventionally aligned with quantity, i.e., GOOD is MORE.

&lt;ex&gt;&lt;fex name="Evaluee"&gt;The view&lt;/fex&gt; was  &lt;t&gt;astonishing&lt;/t&gt;.&lt;/ex&gt;
&lt;ex&gt;&lt;fex name="Circumstances"&gt;On clear days&lt;/fex&gt;, &lt;fex name="Evaluee"&gt;the view&lt;/fex&gt; was &lt;t&gt;excellent&lt;/t&gt;.&lt;/ex&gt;
&lt;ex&gt;The book is &lt;t&gt;astounding&lt;/t&gt; &lt;fex name="Parameter"&gt;in its scope&lt;/fex&gt;.&lt;/ex&gt;
&lt;ex&gt;The games have been &lt;t&gt;awful&lt;/t&gt; &lt;fex name="Affected_party"&gt;for the team&lt;/fex&gt;.&lt;/ex&gt;
&lt;/def-root&gt;</definition>
    <FE bgColor="9F79EE" fgColor="FFFFFF" coreType="Core" cBy="JKR" cDate="06/21/2002 01:25:20 PDT Fri" abbrev="Evaluee" name="Evaluee" ID="3153">
        <definition>&lt;def-root&gt;The &lt;fen&gt;Evaluee&lt;/fen&gt; is being judged for its quality.

&lt;ex&gt; He gave me another &lt;t&gt;lame&lt;/t&gt; &lt;fex name="Evaluee"&gt;excuse&lt;/fex&gt;.&lt;/ex&gt;&lt;/def-root&gt;</definition>
    </FE>
    <FE bgColor="FF69B4" fgColor="FFFFFF" coreType="Peripheral" cBy="JKR" cDate="06/21/2002 01:32:12 PDT Fri" abbrev="Degree" name="Degree" ID="3155">
        <definition>&lt;def-root&gt;This FE identifies the  &lt;fen&gt;Degree&lt;/fen&gt; to which the &lt;fen&gt;Evaluee&lt;/fen&gt; is judged good or bad.

&lt;ex&gt; Smithers was doing an &lt;fex name="Degree"&gt;absolutely&lt;/fex&gt; &lt;t&gt;splendid&lt;/t&gt; job.&lt;/ex&gt;&lt;/def-root&gt;</definition>
        <semType name="Degree" ID="172"/>
    </FE>
    <FE bgColor="FF0000" fgColor="FFFFFF" coreType="Extra-Thematic" cBy="JKR" cDate="06/21/2002 01:50:27 PDT Fri" abbrev="Circumstances" name="Circumstances" ID="3158">
        <definition>&lt;def-root&gt;&lt;fen&gt;Circumstances&lt;/fen&gt; marks expressions that indicate a set of conditions under which the quality of the &lt;fen&gt;Evaluee&lt;/fen&gt; is being judged.

&lt;ex&gt;It's a &lt;t&gt;great&lt;/t&gt; &lt;fex name="Evaluee"&gt;game&lt;/fex&gt; &lt;fex name="Circumstances"&gt;when it rains&lt;/fex&gt;.&lt;/ex&gt;&lt;/def-root&gt;</definition>
    </FE>
    <FE bgColor="1E90FF" fgColor="FFFFFF" coreType="Core-Unexpressed" cBy="JKR" cDate="06/21/2002 02:30:10 PDT Fri" abbrev="Parameter" name="Parameter" ID="3160">
        <definition>&lt;def-root&gt;This FE marks expressions that denote a scalar property of the &lt;fen&gt;Evaluee&lt;/fen&gt; with respect to which the &lt;fen&gt;Evaluee&lt;/fen&gt; is judged.

&lt;ex&gt;The Beaujolais Nouveau is dazzling &lt;fex name="Parameter"&gt;in freshness&lt;/fex&gt;.&lt;/ex&gt;
&lt;/def-root&gt;</definition>
    </FE>
    <FE bgColor="FF00FF" fgColor="FFFFFF" coreType="Extra-Thematic" cBy="JKR" cDate="06/26/2002 03:41:56 PDT Wed" abbrev="" name="Comparison_set" ID="3251">
        <definition>&lt;def-root&gt;This FE marks expressions that indicate what class of things or events the Evaluee is being judged against.

&lt;ex&gt;&lt;fex name="Parameter"&gt;The standard of living&lt;/fex&gt; is &lt;t&gt;poor&lt;/t&gt; &lt;fex name="Comparison_set"&gt;compared to other Western industrialized countries&lt;/fex&gt;.&lt;/ex&gt;&lt;/def-root&gt;</definition>
    </FE>
    <FE bgColor="00008B" fgColor="FFFFFF" coreType="Extra-Thematic" cBy="JKR" cDate="06/26/2002 03:44:52 PDT Wed" abbrev="Affected_p" name="Affected_party" ID="3252">
        <definition>&lt;def-root&gt;The &lt;fen&gt;Affected_party&lt;/fen&gt; indicates entities that benefit or suffer from the good or bad quality of the &lt;fen&gt;Evaluee&lt;/fen&gt;.

&lt;ex&gt;The season was &lt;t&gt;splendid&lt;/t&gt; &lt;fex name="Affected_party"&gt;for the team&lt;/fex&gt;.&lt;/ex&gt;&lt;/def-root&gt;</definition>
    </FE>
    <FE bgColor="9400D3" fgColor="FFFFFF" coreType="Extra-Thematic" cBy="JKR" cDate="07/05/2002 03:05:14 PDT Fri" abbrev="Depictive" name="Depictive" ID="3332">
        <definition>&lt;def-root&gt;The Frame Element &lt;fen&gt;Depictive&lt;/fen&gt; encodes a state that the &lt;fen&gt;Evaluee&lt;/fen&gt; is in and which does not represent a temporary or hypothetical set of &lt;fen&gt;Circumstances&lt;/fen&gt;.

&lt;ex&gt;The aerial view is &lt;t&gt;superb&lt;/t&gt; &lt;fex name="Depictive"&gt;with its view of the harbour&lt;/fex&gt;.&lt;/ex&gt;&lt;/def-root&gt;</definition>
    </FE>
    <FEcoreSet>
        <memberFE name="Parameter" ID="3160"/>
        <memberFE name="Evaluee" ID="3153"/>
    </FEcoreSet>
    <frameRelation type="Inherits from">
        <relatedFrame ID="1015">Gradable_attributes</relatedFrame>
    </frameRelation>
    <frameRelation type="Is Inherited by">
        <relatedFrame ID="1016">Aesthetics</relatedFrame>
        <relatedFrame ID="1383">Desirable_event</relatedFrame>
        <relatedFrame ID="2660">Social_desirability</relatedFrame>
        <relatedFrame ID="2380">Popularity</relatedFrame>
    </frameRelation>
    <frameRelation type="Perspective on"/>
    <frameRelation type="Is Perspectivized in"/>
    <frameRelation type="Uses">
        <relatedFrame ID="48">Experiencer_focus</relatedFrame>
    </frameRelation>
    <frameRelation type="Is Used by">
        <relatedFrame ID="159">Grooming</relatedFrame>
        <relatedFrame ID="1771">Thriving</relatedFrame>
        <relatedFrame ID="2910">Preferred_alternative_scenario</relatedFrame>
    </frameRelation>
    <frameRelation type="Subframe of"/>
    <frameRelation type="Has Subframe(s)"/>
    <frameRelation type="Precedes"/>
    <frameRelation type="Is Preceded by"/>
    <frameRelation type="Is Inchoative of"/>
    <frameRelation type="Is Causative of"/>
    <frameRelation type="See also"/>
    <lexUnit status="Finished_Initial" POS="A" name="pathetic.a" ID="6123" lemmaID="28047" cBy="JKR" cDate="06/13/2002 05:28:14 PDT Thu">
        <definition>COD: miserably inadequate</definition>
        <sentenceCount annotated="16" total="141"/>
        <lexeme order="1" headword="false" breakBefore="false" POS="A" name="pathetic"/>
        <semType name="End_of_scale" ID="98"/>
        <semType name="Negative" ID="99"/>
    </lexUnit>
    <lexUnit status="Finished_Initial" POS="A" name="superb.a" ID="6126" lemmaID="38845" cBy="JKR" cDate="06/13/2002 05:29:20 PDT Thu">
        <definition>FN: being of outstanding quality</definition>
        <sentenceCount annotated="41" total="221"/>
        <lexeme order="1" headword="false" breakBefore="false" POS="A" name="superb"/>
        <semType name="End_of_scale" ID="98"/>
    </lexUnit>
    <lexUnit status="Finished_Initial" POS="A" name="superlative.a" ID="6127" lemmaID="38875" cBy="JKR" cDate="06/13/2002 05:29:32 PDT Thu">
        <definition>COD: of the highest quality</definition>
        <sentenceCount annotated="7" total="38"/>
        <lexeme order="1" headword="false" breakBefore="false" POS="A" name="superlative"/>
        <semType name="End_of_scale" ID="98"/>
    </lexUnit>
    <lexUnit status="Finished_Initial" POS="A" name="excellent.a" ID="6128" lemmaID="13347" cBy="JKR" cDate="06/13/2002 05:29:46 PDT Thu">
        <definition>FN: of very high quality</definition>
        <sentenceCount annotated="34" total="241"/>
        <lexeme order="1" headword="false" breakBefore="false" POS="A" name="excellent"/>
        <semType name="End_of_scale" ID="98"/>
    </lexUnit>
    <lexUnit status="Finished_Initial" POS="A" name="fabulous.a" ID="6129" lemmaID="13758" cBy="JKR" cDate="06/13/2002 05:30:00 PDT Thu">
        <definition>COD: wonderful. </definition>
        <sentenceCount annotated="34" total="123"/>
        <lexeme order="1" headword="false" breakBefore="false" POS="A" name="fabulous"/>
        <semType name="End_of_scale" ID="98"/>
    </lexUnit>
    <lexUnit status="Finished_Initial" POS="A" name="outstanding.a" ID="6130" lemmaID="27162" cBy="JKR" cDate="06/13/2002 05:30:39 PDT Thu">
        <definition>FN: of excellent quality</definition>
        <sentenceCount annotated="40" total="256"/>
        <lexeme order="1" headword="false" breakBefore="false" POS="A" name="outstanding"/>
        <semType name="End_of_scale" ID="98"/>
    </lexUnit>
    <lexUnit status="Finished_Initial" POS="A" name="pitiful.a" ID="6131" lemmaID="29163" cBy="JKR" cDate="06/13/2002 05:31:07 PDT Thu">
        <definition>FN: of very poor or inadequate quality</definition>
        <sentenceCount annotated="8" total="73"/>
        <lexeme order="1" headword="false" breakBefore="false" POS="A" name="pitiful"/>
        <semType name="End_of_scale" ID="98"/>
        <semType name="Negative" ID="99"/>
    </lexUnit>
    <lexUnit status="Finished_Initial" POS="A" name="appalling.a" ID="6133" lemmaID="1696" cBy="JKR" cDate="06/13/2002 05:31:30 PDT Thu">
        <definition>COD: very bad</definition>
        <sentenceCount annotated="24" total="152"/>
        <lexeme order="1" headword="false" breakBefore="false" POS="A" name="appalling"/>
        <semType name="End_of_scale" ID="98"/>
        <semType name="Negative" ID="99"/>
    </lexUnit>
    <lexUnit status="Finished_Initial" POS="A" name="execrable.a" ID="6134" lemmaID="13416" cBy="JKR" cDate="06/13/2002 05:32:01 PDT Thu">
        <definition>COD: extremely bad or unpleasant. </definition>
        <sentenceCount annotated="5" total="7"/>
        <lexeme order="1" headword="false" breakBefore="false" POS="A" name="execrable"/>
        <semType name="End_of_scale" ID="98"/>
        <semType name="Negative" ID="99"/>
    </lexUnit>
    <lexUnit status="Finished_Initial" POS="A" name="fantastic.a" ID="6135" lemmaID="13933" cBy="JKR" cDate="06/13/2002 05:32:35 PDT Thu">
        <definition>FN: of outstanding quality</definition>
        <sentenceCount annotated="34" total="169"/>
        <lexeme order="1" headword="false" breakBefore="false" POS="A" name="fantastic"/>
        <semType name="End_of_scale" ID="98"/>
    </lexUnit>
    <lexUnit status="Finished_Initial" POS="A" name="awful.a" ID="6137" lemmaID="2525" cBy="JKR" cDate="06/13/2002 05:33:10 PDT Thu">
        <definition>FN: very bad or unpleasant in quality</definition>
        <sentenceCount annotated="35" total="318"/>
        <lexeme order="1" headword="false" breakBefore="false" POS="A" name="awful"/>
        <semType name="End_of_scale" ID="98"/>
        <semType name="Negative" ID="99"/>
    </lexUnit>
    <lexUnit status="Finished_Initial" POS="A" name="splendid.a" ID="6139" lemmaID="37402" cBy="JKR" cDate="06/13/2002 05:33:49 PDT Thu">
        <definition>COD: excellent.</definition>
        <sentenceCount annotated="46" total="208"/>
        <lexeme order="1" headword="false" breakBefore="false" POS="A" name="splendid"/>
        <semType name="End_of_scale" ID="98"/>
        <semType name="Negative" ID="99"/>
    </lexUnit>
    <lexUnit status="Finished_Initial" POS="A" name="sensational.a" ID="6140" lemmaID="35070" cBy="JKR" cDate="06/13/2002 05:34:02 PDT Thu">
        <definition>COD: very impressive or attractive</definition>
        <sentenceCount annotated="28" total="136"/>
        <lexeme order="1" headword="false" breakBefore="false" POS="A" name="sensational"/>
        <semType name="End_of_scale" ID="98"/>
    </lexUnit>
    <lexUnit status="Finished_Initial" POS="A" name="wonderful.a" ID="6142" lemmaID="44386" cBy="JKR" cDate="06/13/2002 05:35:13 PDT Thu">
        <definition>FN: extremely pleasent </definition>
        <sentenceCount annotated="79" total="381"/>
        <lexeme order="1" headword="false" breakBefore="false" POS="A" name="wonderful"/>
        <semType name="End_of_scale" ID="98"/>
    </lexUnit>
    <lexUnit status="Finished_Initial" POS="A" name="astonishing.a" ID="6144" lemmaID="2201" cBy="JKR" cDate="06/13/2002 05:36:08 PDT Thu">
        <definition>FN: surprisingly good</definition>
        <sentenceCount annotated="4" total="150"/>
        <lexeme order="1" headword="false" breakBefore="false" POS="A" name="astonishing"/>
        <semType name="End_of_scale" ID="98"/>
    </lexUnit>
    <lexUnit status="Finished_Initial" POS="A" name="rotten.a" ID="6147" lemmaID="33573" cBy="JKR" cDate="06/13/2002 05:37:10 PDT Thu">
        <definition>FN: very bad </definition>
        <sentenceCount annotated="28" total="144"/>
        <lexeme order="1" headword="false" breakBefore="false" POS="A" name="rotten"/>
        <semType name="Negative" ID="99"/>
    </lexUnit>
    <lexUnit status="Finished_Initial" POS="A" name="terrible.a" ID="6219" lemmaID="39923" cBy="JKR" cDate="06/21/2002 02:47:45 PDT Fri">
        <definition>FN: of extremely poor quality</definition>
        <sentenceCount annotated="36" total="256"/>
        <lexeme order="1" headword="false" breakBefore="false" POS="A" name="terrible"/>
        <semType name="End_of_scale" ID="98"/>
        <semType name="Negative" ID="99"/>
    </lexUnit>
    <lexUnit status="Finished_Initial" POS="A" name="magnificent.a" ID="6221" lemmaID="23146" cBy="JKR" cDate="06/21/2002 03:09:03 PDT Fri">
        <definition>COD: very good; excellent</definition>
        <sentenceCount annotated="25" total="187"/>
        <lexeme order="1" headword="false" breakBefore="false" POS="A" name="magnificent"/>
        <semType name="End_of_scale" ID="98"/>
    </lexUnit>
    <lexUnit status="Finished_Initial" POS="A" name="horrible.a" ID="6272" lemmaID="18411" cBy="ACW" cDate="06/27/2002 04:25:37 PDT Thu">
        <definition>FN: of extremeley low quality</definition>
        <sentenceCount annotated="15" total="154"/>
        <lexeme order="1" headword="false" breakBefore="false" POS="A" name="horrible"/>
        <semType name="End_of_scale" ID="98"/>
        <semType name="Negative" ID="99"/>
    </lexUnit>
    <lexUnit status="Finished_Initial" POS="A" name="dreadful.a" ID="6280" lemmaID="11729" cBy="ACW" cDate="06/27/2002 04:36:04 PDT Thu">
        <definition>FN: extremely bad</definition>
        <sentenceCount annotated="15" total="184"/>
        <lexeme order="1" headword="false" breakBefore="false" POS="A" name="dreadful"/>
        <semType name="End_of_scale" ID="98"/>
        <semType name="Negative" ID="99"/>
    </lexUnit>
    <lexUnit status="Finished_Initial" POS="A" name="stupendous.a" ID="6282" lemmaID="38458" cBy="ACW" cDate="06/28/2002 08:43:47 PDT Fri">
        <definition>FN: being of excellent quality</definition>
        <sentenceCount annotated="10" total="69"/>
        <lexeme order="1" headword="false" breakBefore="false" POS="A" name="stupendous"/>
        <semType name="End_of_scale" ID="98"/>
    </lexUnit>
    <lexUnit status="Finished_Initial" POS="A" name="marvellous.a" ID="6283" lemmaID="23574" cBy="ACW" cDate="06/28/2002 08:50:48 PDT Fri">
        <definition>FN: of extraordinary quality</definition>
        <sentenceCount annotated="48" total="213"/>
        <lexeme order="1" headword="false" breakBefore="false" POS="A" name="marvellous"/>
        <semType name="End_of_scale" ID="98"/>
    </lexUnit>
    <lexUnit status="Finished_Initial" POS="A" name="super.a" ID="6284" lemmaID="38837" cBy="ACW" cDate="06/28/2002 08:51:38 PDT Fri">
        <definition>FN: of great quality</definition>
        <sentenceCount annotated="29" total="160"/>
        <lexeme order="1" headword="false" breakBefore="false" POS="A" name="super"/>
        <semType name="End_of_scale" ID="98"/>
    </lexUnit>
    <lexUnit status="Finished_Initial" POS="A" name="first-rate.a" ID="6285" lemmaID="14495" cBy="ACW" cDate="06/28/2002 08:52:27 PDT Fri">
        <definition>COD: of the best class, quality, or condition; excellent.</definition>
        <sentenceCount annotated="34" total="101"/>
        <lexeme order="1" headword="false" breakBefore="false" POS="A" name="first-rate"/>
        <semType name="End_of_scale" ID="98"/>
    </lexUnit>
    <lexUnit status="Finished_Initial" POS="A" name="tremendous.a" ID="6286" lemmaID="41156" cBy="ACW" cDate="06/28/2002 08:53:59 PDT Fri">
        <definition>FN: of extremely high quality</definition>
        <sentenceCount annotated="24" total="155"/>
        <lexeme order="1" headword="false" breakBefore="false" POS="A" name="tremendous"/>
        <semType name="End_of_scale" ID="98"/>
    </lexUnit>
    <lexUnit status="Finished_Initial" POS="A" name="good.a" ID="6287" lemmaID="16523" cBy="ACW" cDate="06/28/2002 08:56:15 PDT Fri">
        <definition>COD: having the required qualities </definition>
        <sentenceCount annotated="145" total="873"/>
        <lexeme order="1" headword="false" breakBefore="false" POS="A" name="good"/>
    </lexUnit>
    <lexUnit status="Finished_Initial" POS="A" name="bad.a" ID="6288" lemmaID="2664" cBy="ACW" cDate="06/28/2002 08:57:41 PDT Fri">
        <definition>FN: of poor quality</definition>
        <sentenceCount annotated="115" total="680"/>
        <lexeme order="1" headword="false" breakBefore="false" POS="A" name="bad"/>
        <semType name="Negative" ID="99"/>
    </lexUnit>
    <lexUnit status="Finished_Initial" POS="A" name="fair.a" ID="6289" lemmaID="13840" cBy="ACW" cDate="06/28/2002 08:59:20 PDT Fri">
        <definition>COD: moderately good. </definition>
        <sentenceCount annotated="8" total="197"/>
        <lexeme order="1" headword="false" breakBefore="false" POS="A" name="fair"/>
    </lexUnit>
    <lexUnit status="Finished_Initial" POS="A" name="mediocre.a" ID="6290" lemmaID="23871" cBy="ACW" cDate="06/28/2002 09:00:45 PDT Fri">
        <definition>FN: of average quality </definition>
        <sentenceCount annotated="13" total="127"/>
        <lexeme order="1" headword="false" breakBefore="false" POS="A" name="mediocre"/>
        <semType name="Negative" ID="99"/>
    </lexUnit>
    <lexUnit status="Finished_Initial" POS="A" name="decent.a" ID="6291" lemmaID="9773" cBy="ACW" cDate="06/28/2002 09:03:04 PDT Fri">
        <definition>COD: of an acceptable standard</definition>
        <sentenceCount annotated="36" total="188"/>
        <lexeme order="1" headword="false" breakBefore="false" POS="A" name="decent"/>
    </lexUnit>
    <lexUnit status="Needs_SCs" POS="A" name="okay.a" ID="6293" lemmaID="45775" cBy="ACW" cDate="06/28/2002 09:19:04 PDT Fri">
        <definition>COD: satisfactory, but not especially good</definition>
        <sentenceCount annotated="4" total="92"/>
        <lexeme order="1" headword="false" breakBefore="false" POS="A" name="okay"/>
    </lexUnit>
    <lexUnit status="Needs_SCs" POS="A" name="average.a" ID="6294" lemmaID="2479" cBy="ACW" cDate="06/28/2002 09:21:04 PDT Fri">
        <definition>COD: mediocre</definition>
        <sentenceCount annotated="0" total="0"/>
        <lexeme order="1" headword="false" breakBefore="false" POS="A" name="average"/>
    </lexUnit>
    <lexUnit status="Finished_Initial" POS="A" name="tolerable.a" ID="6295" lemmaID="40630" cBy="ACW" cDate="06/28/2002 09:34:20 PDT Fri">
        <definition>COD: fairly good</definition>
        <sentenceCount annotated="5" total="87"/>
        <lexeme order="1" headword="false" breakBefore="false" POS="A" name="tolerable"/>
    </lexUnit>
    <lexUnit status="Finished_Initial" POS="A" name="second-rate.a" ID="6296" lemmaID="34772" cBy="ACW" cDate="06/28/2002 09:36:01 PDT Fri">
        <definition>COD: of mediocre or inferior quality. </definition>
        <sentenceCount annotated="25" total="68"/>
        <lexeme order="1" headword="false" breakBefore="false" POS="A" name="second-rate"/>
        <semType name="Negative" ID="99"/>
    </lexUnit>
    <lexUnit status="Finished_Initial" POS="A" name="third-rate.a" ID="6297" lemmaID="40172" cBy="ACW" cDate="06/28/2002 09:36:54 PDT Fri">
        <definition>COD: of inferior or very poor quality.</definition>
        <sentenceCount annotated="6" total="21"/>
        <lexeme order="1" headword="false" breakBefore="false" POS="A" name="third-rate"/>
        <semType name="Negative" ID="99"/>
    </lexUnit>
    <lexUnit status="Finished_Initial" POS="A" name="astounding.a" ID="6298" lemmaID="45776" cBy="ACW" cDate="06/28/2002 09:50:35 PDT Fri">
        <definition>FN: very good</definition>
        <sentenceCount annotated="13" total="61"/>
        <lexeme order="1" headword="false" breakBefore="false" POS="A" name="astounding"/>
        <semType name="End_of_scale" ID="98"/>
    </lexUnit>
    <lexUnit status="Finished_Initial" POS="A" name="fine.a" ID="6312" lemmaID="14396" cBy="ACW" cDate="06/28/2002 02:33:03 PDT Fri">
        <definition>COD: of very high quality. </definition>
        <sentenceCount annotated="62" total="310"/>
        <lexeme order="1" headword="false" breakBefore="false" POS="A" name="fine"/>
    </lexUnit>
    <lexUnit status="Finished_Initial" POS="A" name="terrific.a" ID="6313" lemmaID="39926" cBy="ACW" cDate="06/28/2002 02:33:45 PDT Fri">
        <definition>COD: excellent. </definition>
        <sentenceCount annotated="29" total="92"/>
        <lexeme order="1" headword="false" breakBefore="false" POS="A" name="terrific"/>
        <semType name="End_of_scale" ID="98"/>
    </lexUnit>
    <lexUnit status="Finished_Initial" POS="A" name="great.a" ID="6316" lemmaID="16767" cBy="ACW" cDate="06/28/2002 03:52:14 PDT Fri">
        <definition>COD: excellent. </definition>
        <sentenceCount annotated="66" total="596"/>
        <lexeme order="1" headword="false" breakBefore="false" POS="A" name="great"/>
        <semType name="End_of_scale" ID="98"/>
    </lexUnit>
    <lexUnit status="Finished_Initial" POS="A" name="so-so.a" ID="6388" lemmaID="37008" cBy="ACW" cDate="07/05/2002 08:54:19 PDT Fri">
        <definition>FN: of an average quality</definition>
        <sentenceCount annotated="4" total="13"/>
        <lexeme order="1" headword="false" breakBefore="false" POS="A" name="so-so"/>
        <semType name="Negative_judgment" ID="14"/>
    </lexUnit>
    <lexUnit status="Finished_Initial" POS="A" name="substandard.a" ID="6666" lemmaID="38601" cBy="ACW" cDate="07/16/2002 12:28:18 PDT Tue">
        <definition>COD: below the usual or required standard. </definition>
        <sentenceCount annotated="18" total="44"/>
        <lexeme order="1" headword="false" breakBefore="false" POS="A" name="substandard"/>
        <semType name="Negative" ID="99"/>
    </lexUnit>
    <lexUnit status="Finished_Initial" POS="A" name="shitty.a" ID="6668" lemmaID="35579" cBy="ACW" cDate="07/16/2002 04:08:00 PDT Tue">
        <definition>COD: awful</definition>
        <sentenceCount annotated="11" total="39"/>
        <lexeme order="1" headword="false" breakBefore="false" POS="A" name="shitty"/>
        <semType name="Negative" ID="99"/>
    </lexUnit>
    <lexUnit status="Finished_Initial" POS="A" name="inferior.a" ID="6669" lemmaID="19836" cBy="ACW" cDate="07/16/2002 04:23:10 PDT Tue">
        <definition>COD: of low standard or quality. </definition>
        <sentenceCount annotated="23" total="139"/>
        <lexeme order="1" headword="false" breakBefore="false" POS="A" name="inferior"/>
        <semType name="Negative" ID="99"/>
    </lexUnit>
    <lexUnit status="Finished_Initial" POS="A" name="top-notch.a" ID="6673" lemmaID="40739" cBy="ACW" cDate="07/16/2002 04:27:37 PDT Tue">
        <definition>COD: of the highest quality. </definition>
        <sentenceCount annotated="10" total="21"/>
        <lexeme order="1" headword="false" breakBefore="false" POS="A" name="top-notch"/>
        <semType name="End_of_scale" ID="98"/>
    </lexUnit>
    <lexUnit status="Finished_Initial" POS="A" name="tip-top.a" ID="6674" lemmaID="40527" cBy="ACW" cDate="07/16/2002 04:31:29 PDT Tue">
        <definition>COD: of the very best; excellent. </definition>
        <sentenceCount annotated="12" total="34"/>
        <lexeme order="1" headword="false" breakBefore="false" POS="A" name="tip-top"/>
        <semType name="End_of_scale" ID="98"/>
    </lexUnit>
    <lexUnit status="Finished_Initial" POS="A" name="incredible.a" ID="6734" lemmaID="19537" cBy="ACW" cDate="07/24/2002 03:09:23 PDT Wed">
        <definition>FN: being of exceptional quality</definition>
        <sentenceCount annotated="10" total="175"/>
        <lexeme order="1" headword="false" breakBefore="false" POS="A" name="incredible"/>
        <semType name="End_of_scale" ID="98"/>
    </lexUnit>
    <lexUnit status="Finished_Initial" POS="A" name="crappy.a" ID="6914" lemmaID="8799" cBy="ACW" cDate="07/30/2002 04:47:07 PDT Tue">
        <definition>FN: awful</definition>
        <sentenceCount annotated="5" total="18"/>
        <lexeme order="1" headword="false" breakBefore="false" POS="A" name="crappy"/>
        <semType name="Negative" ID="99"/>
    </lexUnit>
    <lexUnit status="Created" POS="A" name="amazing.a" ID="7652" lemmaID="1185" cBy="MJE" cDate="10/28/2002 06:33:06 PST Mon">
        <definition>FN:</definition>
        <sentenceCount annotated="0" total="0"/>
        <lexeme order="1" headword="false" breakBefore="false" POS="A" name="amazing"/>
        <semType name="End_of_scale" ID="98"/>
    </lexUnit>
    <lexUnit status="Created" POS="V" name="suck.v" ID="9122" lemmaID="38664" cBy="MJE" cDate="07/15/2003 04:44:50 PDT Tue">
        <definition>FN: be objectionable.</definition>
        <sentenceCount annotated="0" total="0"/>
        <lexeme order="1" headword="false" breakBefore="false" POS="V" name="suck"/>
        <semType name="Negative" ID="99"/>
    </lexUnit>
    <lexUnit status="Created" POS="V" name="rock.v" ID="9123" lemmaID="33420" cBy="MJE" cDate="07/15/2003 04:47:47 PDT Tue">
        <definition>FN: be outstanding.</definition>
        <sentenceCount annotated="0" total="0"/>
        <lexeme order="1" headword="false" breakBefore="false" POS="V" name="rock"/>
        <semType name="End_of_scale" ID="98"/>
    </lexUnit>
    <lexUnit status="Created" POS="N" name="lamer.n" ID="9124" lemmaID="48222" cBy="MJE" cDate="07/15/2003 04:52:29 PDT Tue">
        <definition>FN: person who is uncool.</definition>
        <sentenceCount annotated="0" total="0"/>
        <lexeme order="1" headword="true" breakBefore="false" POS="N" name="lamer"/>
        <semType name="Negative" ID="99"/>
    </lexUnit>
    <lexUnit status="Created" POS="A" name="lame.a" ID="9274" lemmaID="21617" cBy="MJE" cDate="08/13/2003 03:19:07 PDT Wed">
        <definition>FN: uncool.</definition>
        <sentenceCount annotated="0" total="0"/>
        <lexeme order="1" headword="false" breakBefore="false" POS="A" name="lame"/>
        <semType name="Negative" ID="99"/>
    </lexUnit>
    <lexUnit status="Created" POS="A" name="uncool.a" ID="9275" lemmaID="48286" cBy="MJE" cDate="08/13/2003 03:23:23 PDT Wed">
        <definition>FN: lacking in social approbation, or enjoyability.</definition>
        <sentenceCount annotated="0" total="0"/>
        <lexeme order="1" headword="true" breakBefore="false" POS="A" name="uncool"/>
        <semType name="Negative" ID="99"/>
    </lexUnit>
    <lexUnit status="Created" POS="N" name="excellence.n" ID="10126" lemmaID="13345" cBy="TRn" cDate="02/26/2004 03:00:02 PST Thu">
        <definition>FN: The quality of being extremely good or outstanding.</definition>
        <sentenceCount annotated="1" total="1"/>
        <lexeme order="1" headword="false" breakBefore="false" POS="N" name="excellence"/>
        <semType name="End_of_scale" ID="98"/>
    </lexUnit>
    <lexUnit status="Created" POS="A" name="desirable.a" ID="10852" lemmaID="10354" cBy="JKR" cDate="08/17/2004 07:28:33 PDT Tue">
        <definition>COD: wished for as being attractive, useful, or necessary</definition>
        <sentenceCount annotated="4" total="4"/>
        <lexeme order="1" headword="false" breakBefore="false" POS="A" name="desirable"/>
    </lexUnit>
    <lexUnit status="Created" POS="A" name="extraordinary.a" ID="14559" lemmaID="13685" cBy="KmG" cDate="10/24/2007 12:13:18 PDT Wed">
        <definition>FN: beyong the ordinary; fantastic</definition>
        <sentenceCount annotated="2" total="2"/>
        <lexeme order="1" headword="false" breakBefore="false" POS="A" name="extraordinary"/>
        <semType name="End_of_scale" ID="98"/>
    </lexUnit>
    <lexUnit status="Created" POS="A" name="sweet.a" ID="14570" lemmaID="39127" cBy="KmG" cDate="10/24/2007 01:30:15 PDT Wed">
        <definition>FN: good, fortunate</definition>
        <sentenceCount annotated="0" total="0"/>
        <lexeme order="1" headword="false" breakBefore="false" POS="A" name="sweet"/>
        <semType name="End_of_scale" ID="98"/>
    </lexUnit>
    <lexUnit status="Finished_Initial" POS="A" name="cool.a" ID="14588" lemmaID="8256" cBy="KmG" cDate="10/26/2007 11:45:29 PDT Fri">
        <definition>FN: fine, good. </definition>
        <sentenceCount annotated="14" total="14"/>
        <lexeme order="1" headword="false" breakBefore="false" POS="A" name="cool"/>
    </lexUnit>
    <lexUnit status="Created" POS="A" name="nasty.a" ID="14599" lemmaID="25464" cBy="KmG" cDate="10/26/2007 12:31:41 PDT Fri">
        <definition>FN: offensivse or gross</definition>
        <sentenceCount annotated="1" total="1"/>
        <lexeme order="1" headword="false" breakBefore="false" POS="A" name="nasty"/>
        <semType name="Negative" ID="99"/>
    </lexUnit>
    <lexUnit status="Created" POS="A" name="miserable.a" ID="14756" lemmaID="24504" cBy="JKs" cDate="02/01/2008 11:20:58 PST Fri">
        <definition>FN: of a quality that causes misery</definition>
        <sentenceCount annotated="0" total="1"/>
        <lexeme order="1" headword="false" breakBefore="false" POS="A" name="miserable"/>
        <semType name="End_of_scale" ID="98"/>
        <semType name="Negative" ID="99"/>
    </lexUnit>
    <lexUnit status="Created" POS="A" name="unfortunate.a" ID="14809" lemmaID="42136" cBy="KmG" cDate="02/28/2008 05:00:14 PST Thu">
        <definition>FN: much less than ideal and not favoring those concerned</definition>
        <sentenceCount annotated="1" total="1"/>
        <lexeme order="1" headword="false" breakBefore="false" POS="A" name="unfortunate"/>
        <semType name="Negative" ID="99"/>
    </lexUnit>
    <lexUnit status="Created" POS="A" name="popular.a" ID="15007" lemmaID="29770" cBy="JKs" cDate="05/28/2008 11:01:02 PDT Wed">
        <definition>FN: desirable to a lot of people</definition>
        <sentenceCount annotated="8" total="8"/>
        <lexeme order="1" headword="false" breakBefore="false" POS="A" name="popular"/>
    </lexUnit>
    <lexUnit status="Created" POS="A" name="idyllic.a" ID="15203" lemmaID="18917" cBy="KmG" cDate="07/24/2008 02:32:19 PDT Thu">
        <definition>FN: picturesque</definition>
        <sentenceCount annotated="3" total="3"/>
        <lexeme order="1" headword="false" breakBefore="false" POS="A" name="idyllic"/>
        <semType name="End_of_scale" ID="98"/>
    </lexUnit>
    <lexUnit status="Created" POS="A" name="poor.a" ID="16190" lemmaID="29732" cBy="AlK" cDate="12/16/2010 12:31:05 PST Thu">
        <definition>FN: unsatisfactory</definition>
        <sentenceCount annotated="35" total="35"/>
        <lexeme order="1" headword="false" breakBefore="false" POS="A" name="poor"/>
        <semType name="Negative" ID="99"/>
    </lexUnit>
    <lexUnit status="Created" POS="A" name="atrocious.a" ID="17637" lemmaID="2273" cBy="CVa" cDate="07/21/2014 10:23:35 PDT Mon">
        <definition>FN: extremely unpleasent</definition>
        <sentenceCount annotated="1" total="1"/>
        <lexeme order="1" headword="false" breakBefore="false" POS="A" name="atrocious"/>
        <semType name="End_of_scale" ID="98"/>
        <semType name="Negative" ID="99"/>
    </lexUnit>
    <lexUnit status="Created" POS="ADV" name="well.adv" ID="18721" lemmaID="43739" cBy="CFB" cDate="06/09/2016 02:16:15 PDT Thu">
        <definition>FN: in a manner which is regarded as desirable or admirable</definition>
        <sentenceCount annotated="1" total="1"/>
        <lexeme order="1" headword="false" breakBefore="false" POS="ADV" name="well"/>
    </lexUnit>
    <lexUnit status="Created" POS="N" name="standout.n" ID="18795" lemmaID="52168" cBy="MJE" cDate="09/07/2016 05:14:02 PDT Wed">
        <definition>FN: notably excellent.</definition>
        <sentenceCount annotated="0" total="0"/>
        <lexeme order="1" headword="true" breakBefore="false" POS="N" name="standout"/>
    </lexUnit>
    <lexUnit status="Created" POS="N" name="crap.n" ID="18796" lemmaID="8795" cBy="MJE" cDate="09/07/2016 05:15:01 PDT Wed">
        <definition>FN: a thing or substance that does not please or serve a purpose.</definition>
        <sentenceCount annotated="0" total="0"/>
        <lexeme order="1" headword="false" breakBefore="false" POS="N" name="crap"/>
        <semType name="Negative" ID="99"/>
    </lexUnit>
    <lexUnit status="Created" POS="N" name="shit.n" ID="18797" lemmaID="52169" cBy="MJE" cDate="09/07/2016 05:16:27 PDT Wed">
        <definition>FN: (vulgar) a thing or substance that is not useful or pleasing.</definition>
        <sentenceCount annotated="0" total="0"/>
        <lexeme order="1" headword="true" breakBefore="false" POS="N" name="shit"/>
        <semType name="Negative" ID="99"/>
    </lexUnit>
    <lexUnit status="Created" POS="N" name="garbage.n" ID="18798" lemmaID="15909" cBy="MJE" cDate="09/07/2016 05:18:58 PDT Wed">
        <definition>FN: thing or substance that is completely unsuited for any purpose or aesthetic.</definition>
        <sentenceCount annotated="0" total="0"/>
        <lexeme order="1" headword="false" breakBefore="false" POS="N" name="garbage"/>
        <semType name="End_of_scale" ID="98"/>
        <semType name="Negative" ID="99"/>
    </lexUnit>
    <lexUnit status="Created" POS="N" name="gem.n" ID="18799" lemmaID="16046" cBy="MJE" cDate="09/07/2016 05:21:43 PDT Wed">
        <definition>FN: thing that is highly desirable.</definition>
        <sentenceCount annotated="0" total="0"/>
        <lexeme order="1" headword="false" breakBefore="false" POS="N" name="gem"/>
        <semType name="End_of_scale" ID="98"/>
    </lexUnit>
    <lexUnit status="Created" POS="N" name="gold.n" ID="18800" lemmaID="16492" cBy="MJE" cDate="09/07/2016 05:22:39 PDT Wed">
        <definition>FN: thing or substance of great beauty or usefulness.</definition>
        <sentenceCount annotated="0" total="0"/>
        <lexeme order="1" headword="false" breakBefore="false" POS="N" name="gold"/>
    </lexUnit>
    <lexUnit status="Created" POS="A" name="killer.a" ID="18801" lemmaID="52170" cBy="MJE" cDate="09/07/2016 05:29:19 PDT Wed">
        <definition>FN: amazingly good.</definition>
        <sentenceCount annotated="0" total="0"/>
        <lexeme order="1" headword="true" breakBefore="false" POS="A" name="killer"/>
        <semType name="End_of_scale" ID="98"/>
    </lexUnit>
    <lexUnit status="Created" POS="A" name="awesome.a" ID="18802" lemmaID="2522" cBy="MJE" cDate="09/07/2016 05:30:51 PDT Wed">
        <definition>FN: (variable use across dialects) astonishingly good.</definition>
        <sentenceCount annotated="0" total="0"/>
        <lexeme order="1" headword="false" breakBefore="false" POS="A" name="awesome"/>
        <semType name="End_state_LU" ID="253"/>
    </lexUnit>
    <lexUnit status="Created" POS="N" name="best thing since sliced bread.n" ID="18803" lemmaID="52171" cBy="MJE" cDate="09/07/2016 05:33:36 PDT Wed">
        <definition>FN: a very good thing.</definition>
        <sentenceCount annotated="0" total="0"/>
        <lexeme order="1" headword="false" breakBefore="false" POS="A" name="best"/>
        <lexeme order="2" headword="true" breakBefore="true" POS="N" name="thing"/>
        <lexeme order="3" headword="false" breakBefore="false" POS="PREP" name="since"/>
        <lexeme order="4" headword="false" breakBefore="false" POS="A" name="sliced"/>
        <lexeme order="5" headword="false" breakBefore="false" POS="N" name="bread"/>
        <semType name="End_state_LU" ID="253"/>
    </lexUnit>
    <lexUnit status="Created" POS="N" name="junk.n" ID="18804" lemmaID="52172" cBy="MJE" cDate="09/07/2016 05:41:08 PDT Wed">
        <definition>FN: a thing or substance of no value.</definition>
        <sentenceCount annotated="0" total="0"/>
        <lexeme order="1" headword="true" breakBefore="false" POS="N" name="junk"/>
        <semType name="End_of_scale" ID="98"/>
        <semType name="Negative" ID="99"/>
    </lexUnit>
    <lexUnit status="Created" POS="A" name="worthless.a" ID="18805" lemmaID="44533" cBy="MJE" cDate="09/07/2016 05:41:42 PDT Wed">
        <definition>FN: of no use or aesthetic desirability.</definition>
        <sentenceCount annotated="0" total="0"/>
        <lexeme order="1" headword="false" breakBefore="false" POS="A" name="worthless"/>
        <semType name="End_of_scale" ID="98"/>
        <semType name="Negative" ID="99"/>
    </lexUnit>
</frame>