<?xml version="1.0" encoding="UTF-8" standalone="yes"?>
<?xml-stylesheet type="text/xsl" href="frame.xsl"?>
<frame cBy="MJE" cDate="10/21/2002 05:08:16 PDT Mon" name="Destroying" ID="417" xsi:schemaLocation="../schema/frame.xsd" xmlns="http://framenet.icsi.berkeley.edu" xmlns:xsi="http://www.w3.org/2001/XMLSchema-instance">
    <definition>&lt;def-root&gt;A &lt;fen&gt;Destroyer&lt;/fen&gt; (a conscious entity) or &lt;fen&gt;Cause&lt;/fen&gt; (an event, or an entity involved in such an event) affects the &lt;fen&gt;Patient&lt;/fen&gt; negatively so that the &lt;fen&gt;Patient&lt;/fen&gt; no longer exists.  &lt;ex&gt;&lt;fex name="Cause"&gt;An asteroid&lt;/fex&gt; &lt;t&gt;obliterated&lt;/t&gt; &lt;fex name="Patient"&gt;the dinosaurs&lt;/fex&gt;.&lt;/ex&gt;&lt;/def-root&gt;</definition>
    <FE bgColor="FF0000" fgColor="FFFFFF" coreType="Core" cBy="MJE" cDate="10/21/2002 05:13:51 PDT Mon" abbrev="Agt" name="Destroyer" ID="3837">
        <definition>&lt;def-root&gt;The conscious entity, generally a person, that performs the intentional action that results in the &lt;fen&gt;Patient&lt;/fen&gt;'s destruction.  &lt;ex&gt;&lt;fex name="Agt"&gt;Who&lt;/fex&gt; can &lt;t&gt;unmake&lt;/t&gt; the ring?&lt;/ex&gt;&lt;/def-root&gt;</definition>
        <semType name="Sentient" ID="5"/>
    </FE>
    <FE bgColor="1E90FF" fgColor="FFFFFF" coreType="Peripheral" cBy="MJE" cDate="10/21/2002 05:13:51 PDT Mon" abbrev="Degr" name="Degree" ID="3838">
        <definition>&lt;def-root&gt;The degree to which the destruction is completed.
&lt;ex&gt;I &lt;t&gt;destroyed&lt;/t&gt; all signs of our presence &lt;fex name="Degr"&gt;completely&lt;/fex&gt;.&lt;/ex&gt;&lt;/def-root&gt;</definition>
        <semType name="Degree" ID="172"/>
    </FE>
    <FE bgColor="808080" fgColor="FFFFFF" coreType="Peripheral" cBy="MJE" cDate="10/21/2002 05:13:51 PDT Mon" abbrev="Ins" name="Instrument" ID="3839">
        <definition>&lt;def-root&gt;An entity directed by the &lt;fen&gt;Destroyer&lt;/fen&gt; that interacts with a &lt;fen&gt;Patient&lt;/fen&gt; to accomplish the &lt;fen&gt;Patient&lt;/fen&gt;'s destruction. &lt;/def-root&gt;</definition>
        <semType name="Physical_entity" ID="70"/>
    </FE>
    <FE bgColor="FF00FF" fgColor="FFFFFF" coreType="Peripheral" cBy="MJE" cDate="10/21/2002 05:13:51 PDT Mon" abbrev="Mnr" name="Manner" ID="3840">
        <definition>&lt;def-root&gt;Any description of the process of destruction which is not covered by more specific FEs, including epistemic modification (&lt;ment&gt;probably, presumably, mysteriously&lt;/ment&gt;), secondary effects (&lt;ment&gt;quietly, loudly&lt;/ment&gt;), and general descriptions comparing events (&lt;ment&gt;the same way&lt;/ment&gt;). It may also indicate salient characteristics of the &lt;fen&gt;Destroyer&lt;/fen&gt; that also affect the action (&lt;ment&gt;presumptuously, coldly, deliberately, eagerly, carefully&lt;/ment&gt;). &lt;/def-root&gt;</definition>
        <semType name="Manner" ID="173"/>
    </FE>
    <FE bgColor="00008B" fgColor="FFFFFF" coreType="Peripheral" cBy="MJE" cDate="10/21/2002 05:13:51 PDT Mon" abbrev="Mns" name="Means" ID="3841">
        <definition>&lt;def-root&gt;An intentional action performed by the &lt;fen&gt;Destroyer&lt;/fen&gt; that accomplishes the destruction.
&lt;ex&gt;Samptu &lt;t&gt;obliterated&lt;/t&gt; the land of Abde &lt;fex name="Mns"&gt;with a great flood&lt;/fex&gt;, leaving only the sea.&lt;/ex&gt; &lt;/def-root&gt;</definition>
        <semType name="State_of_affairs" ID="177"/>
        <excludesFE name="Cause" ID="3893"/>
    </FE>
    <FE bgColor="008000" fgColor="FFFFFF" coreType="Peripheral" cBy="MJE" cDate="10/21/2002 05:13:51 PDT Mon" abbrev="Place" name="Place" ID="3843">
        <definition>&lt;def-root&gt;This FE identifies the place where the &lt;fen&gt;Destroyer&lt;/fen&gt; destroys the &lt;fen&gt;Patient&lt;/fen&gt;. &lt;/def-root&gt;</definition>
        <semType name="Locative_relation" ID="182"/>
    </FE>
    <FE bgColor="800080" fgColor="FFFFFF" coreType="Extra-Thematic" cBy="MJE" cDate="10/21/2002 05:13:51 PDT Mon" abbrev="Purp" name="Purpose" ID="3844">
        <definition>&lt;def-root&gt;This FE identifies the purpose for which a &lt;fen&gt;Destroyer&lt;/fen&gt; causes the destruction of the &lt;fen&gt;Patient&lt;/fen&gt;. &lt;ex&gt;We &lt;t&gt;laid&lt;/t&gt; &lt;t&gt;waste&lt;/t&gt; to Hattusas &lt;fex name="Purp"&gt;to subjugate them, not to vex them&lt;/fex&gt;.&lt;/ex&gt;&lt;/def-root&gt;</definition>
        <semType name="State_of_affairs" ID="177"/>
    </FE>
    <FE bgColor="9F79EE" fgColor="FFFFFF" coreType="Extra-Thematic" cBy="MJE" cDate="10/21/2002 05:13:51 PDT Mon" abbrev="Expl" name="Explanation" ID="3845">
        <definition>&lt;def-root&gt;A state of affairs that the &lt;fen&gt;Destroyer&lt;/fen&gt; is responding to in destroying the &lt;fen&gt;Undergoer&lt;/fen&gt;.
&lt;ex&gt;He &lt;t&gt;razed&lt;/t&gt; the goddess's temple &lt;fex name="Explanation"&gt;out of sheer anger&lt;/fex&gt;.&lt;/ex&gt;
&lt;/def-root&gt;</definition>
        <semType name="State_of_affairs" ID="177"/>
    </FE>
    <FE bgColor="A52A2A" fgColor="FFFFFF" coreType="Extra-Thematic" cBy="MJE" cDate="10/21/2002 05:13:51 PDT Mon" abbrev="Result" name="Result" ID="3847">
        <definition>&lt;def-root&gt;This FE identifies the &lt;fen&gt;Result&lt;/fen&gt; of an event on the &lt;fen&gt;Patient&lt;/fen&gt;.  This FE is very rare in this frame, and since the &lt;fen&gt;Patient&lt;/fen&gt; is destroyed by this process, the &lt;fen&gt;Result&lt;/fen&gt; is generally constrained to indicate the &lt;fen&gt;Patient&lt;/fen&gt; 's resulting inexistence. &lt;ex&gt;All of the buildings had been &lt;t&gt;razed&lt;/t&gt; &lt;fex name="Result"&gt;to nothing&lt;/fex&gt;.&lt;/ex&gt;&lt;/def-root&gt;</definition>
    </FE>
    <FE bgColor="7CCD73" fgColor="FFFFFF" coreType="Extra-Thematic" cBy="MJE" cDate="10/21/2002 05:13:51 PDT Mon" abbrev="Subr" name="Subregion" ID="3848">
        <definition>&lt;def-root&gt;The part of the &lt;fen&gt;Patient&lt;/fen&gt; which is directly affected by the destruction. &lt;ex&gt;The village was &lt;t&gt;devastated&lt;/t&gt; &lt;fex name="Subr"&gt;from the north end to the banks of the Neva&lt;/fex&gt;.&lt;/ex&gt;&lt;/def-root&gt;</definition>
        <semType name="Locative_relation" ID="182"/>
    </FE>
    <FE bgColor="FFA500" fgColor="FFFFFF" coreType="Peripheral" cBy="MJE" cDate="10/21/2002 05:13:51 PDT Mon" abbrev="Time" name="Time" ID="3849">
        <definition>&lt;def-root&gt;This FE identifies the time when the &lt;fen&gt;Destroyer&lt;/fen&gt; destroys the &lt;fen&gt;Patient&lt;/fen&gt;.&lt;/def-root&gt;</definition>
        <semType name="Time" ID="141"/>
    </FE>
    <FE bgColor="0000FF" fgColor="FFFFFF" coreType="Core" cBy="MJE" cDate="10/21/2002 05:13:51 PDT Mon" abbrev="Pat" name="Patient" ID="3850">
        <definition>&lt;def-root&gt;The entity which is destroyed by the &lt;fen&gt;Destroyer&lt;/fen&gt;.  &lt;ex&gt;Who can &lt;t&gt;unmake&lt;/t&gt; &lt;fex name="Patient"&gt;the ring&lt;/fex&gt;?&lt;/ex&gt;&lt;/def-root&gt;</definition>
    </FE>
    <FE bgColor="00BFFF" fgColor="FFFFFF" coreType="Core" cBy="MJE" cDate="11/11/2002 03:02:21 PST Mon" abbrev="Cause" name="Cause" ID="3893">
        <definition>&lt;def-root&gt;The event or entity which is responsible for the destruction of the &lt;fen&gt;Patient&lt;/fen&gt;. &lt;ex&gt;&lt;fex name="Cause"&gt;The subsequent explosions&lt;/fex&gt; &lt;t&gt;leveled&lt;/t&gt; most downtown office buildings.&lt;/ex&gt; &lt;ex&gt;&lt;fex name="Cause"&gt;Tornados&lt;/fex&gt; &lt;t&gt;vaporized&lt;/t&gt; this town a few decades back.&lt;/ex&gt;&lt;/def-root&gt;</definition>
        <excludesFE name="Destroyer" ID="3837"/>
    </FE>
    <FE bgColor="FFFF00" fgColor="0000FF" coreType="Extra-Thematic" cBy="KmG" cDate="03/02/2007 04:12:08 PST Fri" abbrev="Rol" name="Role" ID="11149">
        <definition>&lt;def-root&gt;The category in which the &lt;fen&gt;Patient&lt;/fen&gt; is destroyed. &lt;/def-root&gt;</definition>
    </FE>
    <FE bgColor="FF69B4" fgColor="FFFFFF" coreType="Extra-Thematic" cBy="KmG" cDate="06/23/2008 02:58:32 PDT Mon" abbrev="Fre" name="Frequency" ID="12863">
        <definition>&lt;def-root&gt;How often the &lt;fen&gt;Cause&lt;/fen&gt; or &lt;fen&gt;Destroyer&lt;/fen&gt; destroys the &lt;fen&gt;Patient&lt;/fen&gt;.&lt;/def-root&gt;</definition>
    </FE>
    <FE bgColor="7FFF00" fgColor="00008B" coreType="Extra-Thematic" cBy="KmG" cDate="06/23/2008 03:04:49 PDT Mon" abbrev="Con" name="Containing_event" ID="12866">
        <definition>&lt;def-root&gt;This FE denotes an event that occurs or state of affairs that holds at a time that includes the time during which the event or state of affairs reported by the target occurs and of which it is taken to be a part.&lt;/def-root&gt;</definition>
    </FE>
    <FE bgColor="A9A9A9" fgColor="00008B" coreType="Extra-Thematic" cBy="KmG" cDate="06/23/2008 03:09:54 PDT Mon" abbrev="Dep" name="Depictive" ID="12867">
        <definition>&lt;def-root&gt;This FE describes a participant of the state of affairs introduced by the target as being in some state during the action. &lt;/def-root&gt;</definition>
    </FE>
    <FE bgColor="d0d0d0" fgColor="000000" coreType="Peripheral" cBy="CVa" cDate="01/05/2012 11:56:15 PST Thu" abbrev="Med" name="Medium" ID="15383">
        <definition>&lt;def-root&gt;&lt;fen&gt;Medium&lt;/fen&gt; expresses the &lt;fen&gt;Medium&lt;/fen&gt; in which the &lt;fen&gt;Patient&lt;/fen&gt; is destroyed by the &lt;fen&gt;Cause&lt;/fen&gt; or &lt;fen&gt;Destroyer&lt;/fen&gt;.  This FE is generally used in Metaphorical uses of this frame. &lt;ex&gt;West &lt;t&gt;demolished&lt;/t&gt; Kraft's arguments &lt;fex name="Med"&gt;in his most recent essay&lt;/fex&gt;.&lt;/ex&gt;&lt;/def-root&gt;</definition>
    </FE>
    <frameRelation type="Inherits from">
        <relatedFrame ID="10">Transitive_action</relatedFrame>
    </frameRelation>
    <frameRelation type="Is Inherited by"/>
    <frameRelation type="Perspective on"/>
    <frameRelation type="Is Perspectivized in"/>
    <frameRelation type="Uses"/>
    <frameRelation type="Is Used by">
        <relatedFrame ID="414">Cause_to_fragment</relatedFrame>
    </frameRelation>
    <frameRelation type="Subframe of"/>
    <frameRelation type="Has Subframe(s)"/>
    <frameRelation type="Precedes"/>
    <frameRelation type="Is Preceded by"/>
    <frameRelation type="Is Inchoative of"/>
    <frameRelation type="Is Causative of"/>
    <frameRelation type="See also"/>
    <lexUnit status="Finished_Initial" POS="V" name="raze.v" ID="7619" lemmaID="46170" cBy="MJE" cDate="10/21/2002 05:10:59 PDT Mon">
        <definition>FN: to destroy (buildings, etc.), esp. by fire</definition>
        <sentenceCount annotated="11" total="49"/>
        <lexeme order="1" headword="false" breakBefore="false" POS="V" name="raze"/>
    </lexUnit>
    <lexUnit status="Created" POS="V" name="unmake.v" ID="7620" lemmaID="46171" cBy="MJE" cDate="10/21/2002 06:50:15 PDT Mon">
        <definition>FN: to undo the action of making (as of a law); to destroy the structure of something</definition>
        <sentenceCount annotated="0" total="0"/>
        <lexeme order="1" headword="false" breakBefore="false" POS="V" name="unmake"/>
    </lexUnit>
    <lexUnit status="Created" POS="V" name="level.v" ID="7621" lemmaID="22153" cBy="MJE" cDate="10/21/2002 06:51:27 PDT Mon">
        <definition>COD: demolish (a building or town). </definition>
        <sentenceCount annotated="0" total="0"/>
        <lexeme order="1" headword="false" breakBefore="false" POS="V" name="level"/>
    </lexUnit>
    <lexUnit status="Finished_Initial" POS="V" name="destroy.v" ID="7622" lemmaID="10396" cBy="MJE" cDate="10/21/2002 06:51:44 PDT Mon">
        <definition>FN: to exert force so as to cause something to cease to exist</definition>
        <sentenceCount annotated="66" total="327"/>
        <lexeme order="1" headword="false" breakBefore="false" POS="V" name="destroy"/>
    </lexUnit>
    <lexUnit status="Finished_Initial" POS="V" name="obliterate.v" ID="7623" lemmaID="26398" cBy="MJE" cDate="10/24/2002 02:06:32 PDT Thu">
        <definition>COD: destroy utterly; wipe out.</definition>
        <sentenceCount annotated="4" total="120"/>
        <lexeme order="1" headword="false" breakBefore="false" POS="V" name="obliterate"/>
    </lexUnit>
    <lexUnit status="Created" POS="N" name="obliteration.n" ID="7624" lemmaID="26399" cBy="MJE" cDate="10/24/2002 02:06:44 PDT Thu">
        <definition>FN: the complete destruction of something so that nothing can be found where it once was</definition>
        <sentenceCount annotated="0" total="0"/>
        <lexeme order="1" headword="false" breakBefore="false" POS="N" name="obliteration"/>
    </lexUnit>
    <lexUnit status="In_Use" POS="N" name="destruction.n" ID="7625" lemmaID="10401" cBy="MJE" cDate="10/24/2002 02:06:56 PDT Thu">
        <definition>FN: an event of destroying</definition>
        <sentenceCount annotated="20" total="47"/>
        <lexeme order="1" headword="false" breakBefore="false" POS="N" name="destruction"/>
    </lexUnit>
    <lexUnit status="Finished_Initial" POS="V" name="devastate.v" ID="7626" lemmaID="10474" cBy="MJE" cDate="10/24/2002 02:07:15 PDT Thu">
        <definition>COD: destroy or ruin. </definition>
        <sentenceCount annotated="26" total="261"/>
        <lexeme order="1" headword="false" breakBefore="false" POS="V" name="devastate"/>
    </lexUnit>
    <lexUnit status="Created" POS="N" name="devastation.n" ID="7627" lemmaID="10477" cBy="MJE" cDate="10/24/2002 02:07:29 PDT Thu">
        <definition>FN: the destruction of large parts of "Floods caused the devastation of most of the fall crops."</definition>
        <sentenceCount annotated="2" total="2"/>
        <lexeme order="1" headword="false" breakBefore="false" POS="N" name="devastation"/>
    </lexUnit>
    <lexUnit status="Finished_Initial" POS="V" name="vaporize.v" ID="7628" lemmaID="42710" cBy="MJE" cDate="10/24/2002 02:07:44 PDT Thu">
        <definition>FN: destroy utterly (as if) by turning into vapor.</definition>
        <sentenceCount annotated="5" total="60"/>
        <lexeme order="1" headword="false" breakBefore="false" POS="V" name="vaporize"/>
    </lexUnit>
    <lexUnit status="Finished_Initial" POS="V" name="annihilate.v" ID="7629" lemmaID="1457" cBy="MJE" cDate="10/24/2002 02:08:03 PDT Thu">
        <definition>COD: destroy utterly.</definition>
        <sentenceCount annotated="7" total="92"/>
        <lexeme order="1" headword="false" breakBefore="false" POS="V" name="annihilate"/>
    </lexUnit>
    <lexUnit status="Created" POS="N" name="annihilation.n" ID="7630" lemmaID="1458" cBy="MJE" cDate="10/24/2002 02:08:15 PDT Thu">
        <definition>FN: to destroy completely</definition>
        <sentenceCount annotated="0" total="0"/>
        <lexeme order="1" headword="false" breakBefore="false" POS="N" name="annihilation"/>
    </lexUnit>
    <lexUnit status="Insufficient_Attestations" POS="V" name="lay waste.v" ID="7633" lemmaID="46173" cBy="MJE" cDate="10/24/2002 02:13:57 PDT Thu">
        <definition>FN: the deliberate destruction of buildings, farms, etc., as by an army or force of nature</definition>
        <sentenceCount annotated="0" total="0"/>
        <lexeme order="1" headword="true" breakBefore="false" POS="V" name="lay"/>
        <lexeme order="2" headword="false" breakBefore="true" POS="N" name="waste"/>
    </lexUnit>
    <lexUnit status="Finished_Initial" POS="V" name="demolish.v" ID="7634" lemmaID="10125" cBy="MJE" cDate="10/24/2002 02:49:29 PDT Thu">
        <definition>FN: destroy a fixed structure by crushing</definition>
        <sentenceCount annotated="78" total="292"/>
        <lexeme order="1" headword="false" breakBefore="false" POS="V" name="demolish"/>
    </lexUnit>
    <lexUnit status="Created" POS="N" name="demolition.n" ID="7635" lemmaID="10126" cBy="MJE" cDate="10/24/2002 02:49:41 PDT Thu">
        <definition>FN: the act of destroying or dismantling, esp. of buildings</definition>
        <sentenceCount annotated="2" total="2"/>
        <lexeme order="1" headword="false" breakBefore="false" POS="N" name="demolition"/>
    </lexUnit>
    <lexUnit status="Created" POS="V" name="dismantle.v" ID="7648" lemmaID="11041" cBy="MJE" cDate="10/24/2002 06:33:14 PDT Thu">
        <definition>COD:  take to pieces. </definition>
        <sentenceCount annotated="9" total="9"/>
        <lexeme order="1" headword="false" breakBefore="false" POS="V" name="dismantle"/>
    </lexUnit>
    <lexUnit status="Created" POS="N" name="dismantlement.n" ID="11594" lemmaID="11042" cBy="RLG" cDate="02/23/2005 04:23:35 PST Wed">
        <definition>FN: the act of taking something apart.</definition>
        <sentenceCount annotated="4" total="4"/>
        <lexeme order="1" headword="false" breakBefore="false" POS="N" name="dismantlement"/>
    </lexUnit>
    <lexUnit status="Created" POS="A" name="destructive.a" ID="13919" lemmaID="10402" cBy="KmG" cDate="03/02/2007 01:56:58 PST Fri">
        <definition>COD: causing destruction.</definition>
        <sentenceCount annotated="1" total="1"/>
        <lexeme order="1" headword="false" breakBefore="false" POS="A" name="destructive"/>
    </lexUnit>
    <lexUnit status="Finished_Initial" POS="V" name="blow up.v" ID="14692" lemmaID="50798" cBy="JKs" cDate="01/23/2008 03:51:10 PST Wed">
        <definition>FN: to destroy with explosives</definition>
        <sentenceCount annotated="22" total="180"/>
        <lexeme order="1" headword="true" breakBefore="false" POS="V" name="blow"/>
        <lexeme order="2" headword="false" breakBefore="false" POS="PREP" name="up"/>
    </lexUnit>
    <lexUnit status="In_Use" POS="V" name="take out.v" ID="16450" lemmaID="51338" cBy="RLG" cDate="08/02/2011 03:59:33 PDT Tue">
        <definition>FN: incapacitate and destroy.</definition>
        <sentenceCount annotated="7" total="43"/>
        <lexeme order="1" headword="true" breakBefore="false" POS="V" name="take"/>
        <lexeme order="2" headword="false" breakBefore="true" POS="PREP" name="out"/>
    </lexUnit>
    <lexUnit status="Created" POS="V" name="blast.v" ID="16801" lemmaID="3779" cBy="RLG" cDate="11/28/2011 10:21:00 PST Mon">
        <definition>FN: destroy with an explosion or similar violent means.</definition>
        <sentenceCount annotated="0" total="0"/>
        <lexeme order="1" headword="false" breakBefore="false" POS="V" name="blast"/>
    </lexUnit>
    <lexUnit status="Created" POS="V" name="ruin.v" ID="17612" lemmaID="33738" cBy="WMcQ" cDate="07/17/2014 02:42:55 PDT Thu">
        <definition>FN: A Destroyer causes an Undergoer to become unusable.</definition>
        <sentenceCount annotated="1" total="1"/>
        <lexeme order="1" headword="false" breakBefore="false" POS="V" name="ruin"/>
    </lexUnit>
</frame>