<?xml version="1.0" encoding="UTF-8" standalone="yes"?>
<?xml-stylesheet type="text/xsl" href="frame.xsl"?>
<frame cBy="MJE" cDate="04/16/2015 05:08:00 PDT Thu" name="Distributed_abundance" ID="2916" xsi:schemaLocation="../schema/frame.xsd" xmlns="http://framenet.icsi.berkeley.edu" xmlns:xsi="http://www.w3.org/2001/XMLSchema-instance">
    <definition>&lt;def-root&gt;There is a &lt;fen&gt;Location&lt;/fen&gt; and an abundant or large &lt;fen&gt;Theme&lt;/fen&gt;.  The &lt;fen&gt;Location&lt;/fen&gt; and &lt;fen&gt;Theme&lt;/fen&gt; are largely coextensive, i.e. occupying the same area.&lt;/def-root&gt;</definition>
    <FE bgColor="008000" fgColor="FFFFFF" coreType="Core" cBy="MJE" cDate="04/16/2015 05:08:00 PDT Thu" abbrev="Thm" name="Theme" ID="16376">
        <definition>&lt;def-root&gt;The &lt;fen&gt;Theme&lt;/fen&gt; covers or fills the &lt;fen&gt;Location&lt;/fen&gt;. &lt;/def-root&gt;</definition>
        <semType name="Physical_object" ID="68"/>
    </FE>
    <FE bgColor="FF0000" fgColor="FFFFFF" coreType="Core" cBy="MJE" cDate="04/16/2015 05:08:00 PDT Thu" abbrev="Loc" name="Location" ID="16377">
        <definition>&lt;def-root&gt;&lt;fen&gt;Location&lt;/fen&gt; is the object or area that the &lt;fen&gt;Theme&lt;/fen&gt; fills or covers.  &lt;/def-root&gt;</definition>
        <semType name="Location" ID="54"/>
    </FE>
    <FE bgColor="FF69B4" fgColor="FFFFFF" coreType="Peripheral" cBy="MJE" cDate="04/16/2015 05:08:00 PDT Thu" abbrev="Degr" name="Degree" ID="16378">
        <definition>&lt;def-root&gt;This FE identifies the &lt;fen&gt;Degree&lt;/fen&gt; of abundance with which the &lt;fen&gt;Theme&lt;/fen&gt; covers or fills the &lt;fen&gt;Location&lt;/fen&gt;.&lt;/def-root&gt;</definition>
        <semType name="Degree" ID="172"/>
    </FE>
    <FE bgColor="FFA500" fgColor="FFFF00" coreType="Peripheral" cBy="MJE" cDate="04/16/2015 05:08:00 PDT Thu" abbrev="" name="Time" ID="16380">
        <definition>&lt;def-root&gt;The time during which the &lt;fen&gt;Theme&lt;/fen&gt; and the &lt;fen&gt;Location&lt;/fen&gt; are positioned relative to each other.&lt;/def-root&gt;</definition>
    </FE>
    <frameRelation type="Inherits from"/>
    <frameRelation type="Is Inherited by"/>
    <frameRelation type="Perspective on"/>
    <frameRelation type="Is Perspectivized in">
        <relatedFrame ID="262">Abounding_with</relatedFrame>
        <relatedFrame ID="76">Distributed_position</relatedFrame>
    </frameRelation>
    <frameRelation type="Uses"/>
    <frameRelation type="Is Used by"/>
    <frameRelation type="Subframe of"/>
    <frameRelation type="Has Subframe(s)"/>
    <frameRelation type="Precedes"/>
    <frameRelation type="Is Preceded by"/>
    <frameRelation type="Is Inchoative of"/>
    <frameRelation type="Is Causative of"/>
    <frameRelation type="See also"/>
</frame>