<?xml version="1.0" encoding="UTF-8" standalone="yes"?>
<?xml-stylesheet type="text/xsl" href="frame.xsl"?>
<frame cBy="JKR" cDate="06/23/2004 02:35:36 PDT Wed" name="Distinctiveness" ID="1133" xsi:schemaLocation="../schema/frame.xsd" xmlns="http://framenet.icsi.berkeley.edu" xmlns:xsi="http://www.w3.org/2001/XMLSchema-instance">
    <definition>&lt;def-root&gt;A &lt;fen&gt;Feature&lt;/fen&gt; of an &lt;fen&gt;Entity&lt;/fen&gt; serves to distinguish the &lt;fen&gt;Entity&lt;/fen&gt; from other members of its type which have a different value for the &lt;fen&gt;Feature&lt;/fen&gt;.  Note that the &lt;fen&gt;Entity&lt;/fen&gt; is often implicit.

&lt;ex&gt;His &lt;t&gt;distinctive&lt;/t&gt; flowing &lt;fex name="Feature"&gt;gait&lt;/fex&gt; and skill with the rapier set him apart from his fellows.&lt;/ex&gt;
&lt;ex&gt;&lt;fex name="Feature"&gt;The swinging axe-kick&lt;/fex&gt; was &lt;t&gt;characteristic&lt;/t&gt; &lt;fex name="Entity"&gt;of Xena&lt;/fex&gt;.&lt;/ex&gt;
&lt;/def-root&gt;</definition>
    <FE bgColor="0000FF" fgColor="FFFFFF" coreType="Core" cBy="JKR" cDate="06/23/2004 02:35:36 PDT Wed" abbrev="fea" name="Feature" ID="6557">
        <definition>&lt;def-root&gt;The aspect of the &lt;fen&gt;Entity&lt;/fen&gt; which makes it different from the other members of its class.

&lt;ex&gt;That never depleting ammo in his arsenal - his &lt;t&gt;signature&lt;/t&gt; &lt;fex name="fea"&gt;smile&lt;/fex&gt; - is contagious.&lt;/ex&gt;&lt;/def-root&gt;</definition>
    </FE>
    <FE bgColor="9400D3" fgColor="FFFFFF" coreType="Core" cBy="JKR" cDate="06/23/2004 02:35:36 PDT Wed" abbrev="ent" name="Entity" ID="6559">
        <definition>&lt;def-root&gt;The item which differs from other members of its class in the &lt;fen&gt;Feature&lt;/fen&gt;'s value.

&lt;ex&gt;These signatures may be &lt;t&gt;distinctive&lt;/t&gt; &lt;fex name="ent"&gt;of the entire Chlamydiales order&lt;/fex&gt;.&lt;/ex&gt;

&lt;/def-root&gt;</definition>
    </FE>
    <FE bgColor="FF69B4" fgColor="FFFFFF" coreType="Extra-Thematic" cBy="JKR" cDate="06/23/2004 02:35:36 PDT Wed" abbrev="" name="Degree" ID="6560">
        <definition>&lt;def-root&gt;The extent to which the values of the Feature of the Entity and the Comparison_set are similar to each other.

&lt;ex&gt;The twins have a &lt;fex name="Degree"&gt;very&lt;/fex&gt; &lt;t&gt;distinct&lt;/t&gt; walk.&lt;/ex&gt;&lt;/def-root&gt;</definition>
        <semType name="Degree" ID="172"/>
    </FE>
    <FE bgColor="FF0000" fgColor="FFFFFF" coreType="Extra-Thematic" cBy="KmG" cDate="04/03/2007 04:34:07 PDT Tue" abbrev="dur" name="Duration" ID="11617">
        <definition>&lt;def-root&gt;Duration denotes the length of time from the beginning of a continuous situation to its end. In many cases, the continuous situation is a dynamic action which is ongoing, while in others it is simply an undifferentiated state.&lt;/def-root&gt;</definition>
    </FE>
    <frameRelation type="Inherits from"/>
    <frameRelation type="Is Inherited by"/>
    <frameRelation type="Perspective on"/>
    <frameRelation type="Is Perspectivized in"/>
    <frameRelation type="Uses">
        <relatedFrame ID="481">Similarity</relatedFrame>
    </frameRelation>
    <frameRelation type="Is Used by"/>
    <frameRelation type="Subframe of"/>
    <frameRelation type="Has Subframe(s)"/>
    <frameRelation type="Precedes"/>
    <frameRelation type="Is Preceded by"/>
    <frameRelation type="Is Inchoative of"/>
    <frameRelation type="Is Causative of"/>
    <frameRelation type="See also"/>
    <lexUnit status="Finished_Initial" POS="A" name="characteristic.a" ID="10596" lemmaID="6080" cBy="JKR" cDate="06/23/2004 03:19:13 PDT Wed">
        <definition>COD: typical of a particular person, place, or thing.</definition>
        <sentenceCount annotated="58" total="374"/>
        <lexeme order="1" headword="false" breakBefore="false" POS="A" name="characteristic"/>
    </lexUnit>
    <lexUnit status="Finished_Initial" POS="A" name="trademark.a" ID="10597" lemmaID="49187" cBy="JKR" cDate="06/23/2004 03:20:16 PDT Wed">
        <definition>FN: distinctive</definition>
        <sentenceCount annotated="5" total="110"/>
        <lexeme order="1" headword="true" breakBefore="false" POS="A" name="trademark"/>
    </lexUnit>
    <lexUnit status="Finished_Initial" POS="A" name="signature.a" ID="10598" lemmaID="49188" cBy="JKR" cDate="06/23/2004 03:22:26 PDT Wed">
        <definition>FN: characteristic</definition>
        <sentenceCount annotated="12" total="90"/>
        <lexeme order="1" headword="true" breakBefore="false" POS="A" name="signature"/>
    </lexUnit>
    <lexUnit status="Finished_Initial" POS="A" name="distinctive.a" ID="10599" lemmaID="11215" cBy="JKR" cDate="06/23/2004 03:23:34 PDT Wed">
        <definition>COD: individually characteristic; distinct from others of its kind.</definition>
        <sentenceCount annotated="28" total="122"/>
        <lexeme order="1" headword="false" breakBefore="false" POS="A" name="distinctive"/>
    </lexUnit>
    <lexUnit status="Created" POS="A" name="distinct.a" ID="10600" lemmaID="11213" cBy="JKR" cDate="06/23/2004 03:24:08 PDT Wed">
        <definition>COD: recognizably different in nature; individual or separate</definition>
        <sentenceCount annotated="0" total="0"/>
        <lexeme order="1" headword="false" breakBefore="false" POS="A" name="distinct"/>
    </lexUnit>
    <lexUnit status="Finished_Initial" POS="V" name="characterize.v" ID="10601" lemmaID="16" cBy="JKR" cDate="06/23/2004 03:26:15 PDT Wed">
        <definition>COD: (of a feature or quality) be characteristic of.</definition>
        <sentenceCount annotated="30" total="265"/>
        <lexeme order="1" headword="false" breakBefore="false" POS="V" name="characterize"/>
    </lexUnit>
    <lexUnit status="Created" POS="N" name="signature.n" ID="10602" lemmaID="35878" cBy="JKR" cDate="06/23/2004 03:27:16 PDT Wed">
        <definition>COD: a distinctive product or characteristic by which someone or something can be identified</definition>
        <sentenceCount annotated="0" total="0"/>
        <lexeme order="1" headword="false" breakBefore="false" POS="N" name="signature"/>
    </lexUnit>
    <lexUnit status="Problem" POS="N" name="characteristic.n" ID="10603" lemmaID="6081" cBy="JKR" cDate="06/23/2004 03:41:35 PDT Wed">
        <definition>COD: a feature or quality typical of a person, place, or thing.</definition>
        <sentenceCount annotated="1" total="1"/>
        <lexeme order="1" headword="false" breakBefore="false" POS="N" name="characteristic"/>
    </lexUnit>
    <lexUnit status="Finished_Initial" POS="N" name="trademark.n" ID="10610" lemmaID="40913" cBy="JKR" cDate="06/25/2004 02:05:35 PDT Fri">
        <definition>FN: a distinctive characteristic </definition>
        <sentenceCount annotated="17" total="142"/>
        <lexeme order="1" headword="false" breakBefore="false" POS="N" name="trademark"/>
    </lexUnit>
    <lexUnit status="Created" POS="N" name="aspect.n" ID="12681" lemmaID="2102" cBy="MiL" cDate="08/23/2005 12:11:09 PDT Tue">
        <definition>COD: a particular part or feature.</definition>
        <sentenceCount annotated="2" total="2"/>
        <lexeme order="1" headword="false" breakBefore="false" POS="N" name="aspect"/>
    </lexUnit>
    <lexUnit status="Created" POS="A" name="marked.a" ID="16998" lemmaID="23505" cBy="WmS" cDate="03/28/2012 03:17:30 PDT Wed">
        <definition>FN: A noticable occurance
</definition>
        <sentenceCount annotated="0" total="0"/>
        <lexeme order="1" headword="false" breakBefore="false" POS="A" name="marked"/>
    </lexUnit>
</frame>