<?xml version="1.0" encoding="UTF-8" standalone="yes"?>
<?xml-stylesheet type="text/xsl" href="frame.xsl"?>
<frame cBy="GlY" cDate="02/04/2003 05:07:21 PST Tue" name="Documents" ID="560" xsi:schemaLocation="../schema/frame.xsd" xmlns="http://framenet.icsi.berkeley.edu" xmlns:xsi="http://www.w3.org/2001/XMLSchema-instance">
    <definition>&lt;def-root&gt;Words in the frame refer to any &lt;fen&gt;Document&lt;/fen&gt; that has a legal status or conventional social significance.  Some &lt;fen&gt;Document&lt;/fen&gt;s empower the &lt;fen&gt;Bearer&lt;/fen&gt; of the &lt;fen&gt;Document&lt;/fen&gt; to execute the &lt;fen&gt;Right&lt;/fen&gt;.  Others indicate the &lt;fen&gt;Obligation&lt;/fen&gt; of the &lt;fen&gt;Bearer&lt;/fen&gt;.  Still others show the identity or &lt;fen&gt;Status&lt;/fen&gt; of the &lt;fen&gt;Bearer&lt;/fen&gt;.

&lt;ex&gt;They got &lt;fex name="Bearer"&gt;their&lt;/fex&gt; &lt;fex name="Status"&gt;marriage&lt;/fex&gt; &lt;fex name="Document"&gt;&lt;t&gt;licence&lt;/t&gt;&lt;/fex&gt; &lt;fex name="Issuer"&gt;from Canada&lt;/fex&gt;.&lt;/ex&gt;&lt;/def-root&gt;</definition>
    <FE bgColor="FF69B4" fgColor="FFFFFF" coreType="Core" cBy="GlY" cDate="02/04/2003 05:30:46 PST Tue" abbrev="Bea" name="Bearer" ID="4181">
        <definition>&lt;def-root&gt;The holder of the document.
&lt;ex&gt;&lt;fex name="Bearer"&gt;My &lt;/fex&gt; &lt;t&gt;visa&lt;/t&gt; will expire next month.&lt;/ex&gt;&lt;/def-root&gt;</definition>
    </FE>
    <FE bgColor="0000FF" fgColor="FFFFFF" coreType="Core" cBy="GlY" cDate="02/04/2003 05:35:16 PST Tue" abbrev="Iss" name="Issuer" ID="4187">
        <definition>&lt;def-root&gt;The authority that issues the document.
&lt;ex&gt;&lt;fex name="Issuer"&gt;US consulate&lt;/fex&gt; issued a &lt;t&gt;Visa&lt;/t&gt; to Ms. Yang to travel to San Francisco.&lt;/ex&gt;&lt;/def-root&gt;</definition>
    </FE>
    <FE bgColor="2E8B57" fgColor="FFFFFF" coreType="Core" cBy="GlY" cDate="02/04/2003 05:36:10 PST Tue" abbrev="Obl" name="Obligation" ID="4188">
        <definition>&lt;def-root&gt;Obligation is the obligation that is imposed on the &lt;fen&gt;Bearer&lt;/fen&gt; of the &lt;fen&gt;Document&lt;/fen&gt;.
&lt;ex&gt;They were all under &lt;t&gt;subpoena&lt;/t&gt; &lt;fex name="Obligation"&gt;to appear in court.&lt;/fex&gt;&lt;/ex&gt; &lt;/def-root&gt;</definition>
    </FE>
    <FE bgColor="800080" fgColor="FFFFFF" coreType="Core" cBy="GlY" cDate="02/04/2003 05:38:00 PST Tue" abbrev="Rig" name="Right" ID="4189">
        <definition>&lt;def-root&gt;Right is the right of the &lt;fen&gt;Bearer&lt;/fen&gt; of the &lt;fen&gt;Document&lt;/fen&gt;  that is authorized by the &lt;fen&gt;Document&lt;/fen&gt;.
 &lt;ex&gt;&lt;fex name="Bearer"&gt;Raymond&lt;/fex&gt; has a &lt;fex name="Right"&gt;fishing&lt;/fex&gt; &lt;t&gt;licence&lt;/t&gt;.&lt;/ex&gt;&lt;/def-root&gt;</definition>
        <excludesFE name="Obligation" ID="4188"/>
    </FE>
    <FE bgColor="FFA500" fgColor="FFFFFF" coreType="Core" cBy="GlY" cDate="02/04/2003 05:42:12 PST Tue" abbrev="Sta" name="Status" ID="4190">
        <definition>&lt;def-root&gt;Status is the state of the Bearer of the Document indicated by the Document.
&lt;ex&gt;The couple just got &lt;fex name="Bearer"&gt;their&lt;/fex&gt; &lt;fex name="Status"&gt;marriage&lt;/fex&gt; &lt;t&gt;certificate&lt;/t&gt;.&lt;/ex&gt;&lt;/def-root&gt;</definition>
        <excludesFE name="Obligation" ID="4188"/>
    </FE>
    <FE bgColor="808080" fgColor="FFFFFF" coreType="Extra-Thematic" cBy="GlY" cDate="02/04/2003 05:43:30 PST Tue" abbrev="Spec" name="Specification" ID="4191">
        <definition>&lt;def-root&gt;A &lt;fen&gt;Specification&lt;/fen&gt; is a condition that applies to the &lt;fen&gt;Right&lt;/fen&gt;s and/or &lt;fen&gt;Obligation&lt;/fen&gt;s described in the Document.
&lt;ex&gt;Before you get your driver's liscense, you need to carry your &lt;fex name="Specification"&gt;temporary&lt;/fex&gt; driving &lt;t&gt;permit&lt;/t&gt; when you drive. &lt;/ex&gt;&lt;/def-root&gt;</definition>
    </FE>
    <FE bgColor="FF0000" fgColor="FFFFFF" coreType="Core" cBy="GlY" cDate="02/04/2003 06:02:08 PST Tue" abbrev="Do" name="Document" ID="4192">
        <definition>&lt;def-root&gt;Document is the piece of paper that has the legal status.
&lt;ex&gt;The police need a &lt;fex name="Right"&gt;search&lt;/fex&gt; &lt;fex name="Document"&gt;&lt;t&gt;warrant&lt;/t&gt;&lt;/fex&gt; to enter his house.&lt;/ex&gt;&lt;/def-root&gt;</definition>
    </FE>
    <FE bgColor="00BFFF" fgColor="FFFFFF" coreType="Peripheral" cBy="MJE" cDate="07/19/2006 07:26:52 PDT Wed" abbrev="" name="Medium" ID="10412">
        <definition>&lt;def-root&gt;The language the &lt;fen&gt;Document&lt;/fen&gt; is written in, or a specification of the kind of object that instantiates it.

&lt;ex&gt;We only need an &lt;fex name="Medium"&gt;electronic&lt;/fex&gt; &lt;t&gt;confirmation&lt;/t&gt;.&lt;/ex&gt;&lt;/def-root&gt;</definition>
    </FE>
    <FE bgColor="7FFF00" fgColor="000000" coreType="Extra-Thematic" cBy="AnW" cDate="08/06/2010 01:26:02 PDT Fri" abbrev="" name="Descriptor" ID="14141">
        <definition>&lt;def-root&gt;&lt;fen&gt;Descriptor&lt;/fen&gt; covers any characterization or description of the target that is not covered by another more specific FE.&lt;/def-root&gt;</definition>
    </FE>
    <frameRelation type="Inherits from">
        <relatedFrame ID="298">Text</relatedFrame>
    </frameRelation>
    <frameRelation type="Is Inherited by"/>
    <frameRelation type="Perspective on"/>
    <frameRelation type="Is Perspectivized in"/>
    <frameRelation type="Uses">
        <relatedFrame ID="1493">Obligation_scenario</relatedFrame>
    </frameRelation>
    <frameRelation type="Is Used by">
        <relatedFrame ID="1531">Terms_of_agreement</relatedFrame>
    </frameRelation>
    <frameRelation type="Subframe of"/>
    <frameRelation type="Has Subframe(s)"/>
    <frameRelation type="Precedes"/>
    <frameRelation type="Is Preceded by"/>
    <frameRelation type="Is Inchoative of"/>
    <frameRelation type="Is Causative of"/>
    <frameRelation type="See also"/>
    <lexUnit status="Add_Annotation" POS="N" name="visa.n" ID="8290" lemmaID="43108" cBy="GlY" cDate="02/06/2003 05:18:01 PST Thu">
        <definition>COD: an endorsement on a passport indicating that the holder is allowed to enter, leave, or stay for a specified period of time in a country. </definition>
        <sentenceCount annotated="4" total="183"/>
        <lexeme order="1" headword="false" breakBefore="false" POS="N" name="visa"/>
    </lexUnit>
    <lexUnit status="Created" POS="N" name="passport.n" ID="8291" lemmaID="27980" cBy="GlY" cDate="02/06/2003 05:25:50 PST Thu">
        <definition>cOD: an official document issued by a government, certifying the holder's identity and citizenship and entitling them to travel abroad under its protection.</definition>
        <sentenceCount annotated="2" total="2"/>
        <lexeme order="1" headword="false" breakBefore="false" POS="N" name="passport"/>
    </lexUnit>
    <lexUnit status="Add_Annotation" POS="N" name="subpoena.n" ID="8292" lemmaID="38576" cBy="GlY" cDate="02/06/2003 05:27:13 PST Thu">
        <definition>COD: a writ ordering a person to attend a court.</definition>
        <sentenceCount annotated="1" total="42"/>
        <lexeme order="1" headword="false" breakBefore="false" POS="N" name="subpoena"/>
    </lexUnit>
    <lexUnit status="Created" POS="N" name="warrant.n" ID="8293" lemmaID="43469" cBy="GlY" cDate="02/06/2003 05:28:13 PST Thu">
        <definition>COD: an official authorization enabling the police or some other body to make an arrest, search premises, etc.</definition>
        <sentenceCount annotated="1" total="1"/>
        <lexeme order="1" headword="false" breakBefore="false" POS="N" name="warrant"/>
    </lexUnit>
    <lexUnit status="Created" POS="N" name="certificate.n" ID="8330" lemmaID="5953" cBy="GlY" cDate="02/18/2003 05:20:04 PST Tue">
        <definition>COD: an official document attesting or recording a particular fact or event, a level of achievement, the fulfilment of a legal requirement, etc. </definition>
        <sentenceCount annotated="1" total="1"/>
        <lexeme order="1" headword="false" breakBefore="false" POS="N" name="certificate"/>
    </lexUnit>
    <lexUnit status="Created" POS="N" name="papers.n" ID="8331" lemmaID="27720" cBy="GlY" cDate="02/18/2003 05:24:45 PST Tue">
        <definition>COD: sheets of paper covered with writing or printing; documents. </definition>
        <sentenceCount annotated="1" total="1"/>
        <lexeme order="1" headword="false" breakBefore="false" POS="N" name="papers"/>
    </lexUnit>
    <lexUnit status="Created" POS="N" name="license.n" ID="8364" lemmaID="22231" cBy="GlY" cDate="02/27/2003 04:51:23 PST Thu">
        <definition>COD: a permit from an authority to own or use something, do a particular thing, or carry on a trade (especially in alcoholic liquor). </definition>
        <sentenceCount annotated="1" total="1"/>
        <lexeme order="1" headword="false" breakBefore="false" POS="N" name="license"/>
    </lexUnit>
    <lexUnit status="Created" POS="N" name="summons.n" ID="8365" lemmaID="38776" cBy="GlY" cDate="02/27/2003 04:55:19 PST Thu">
        <definition>COD: an order to appear in a law court. </definition>
        <sentenceCount annotated="0" total="0"/>
        <lexeme order="1" headword="false" breakBefore="false" POS="N" name="summons"/>
    </lexUnit>
    <lexUnit status="Created" POS="N" name="diploma.n" ID="8366" lemmaID="10735" cBy="GlY" cDate="02/27/2003 04:56:31 PST Thu">
        <definition>COD: a certificate awarded by an educational establishment for passing an examination or completing a course of study. </definition>
        <sentenceCount annotated="1" total="1"/>
        <lexeme order="1" headword="false" breakBefore="false" POS="N" name="diploma"/>
    </lexUnit>
    <lexUnit status="Created" POS="N" name="deed.n" ID="8367" lemmaID="9867" cBy="GlY" cDate="02/27/2003 05:01:00 PST Thu">
        <definition>COD: a legal document, especially one relating to property ownership or legal rights.</definition>
        <sentenceCount annotated="0" total="0"/>
        <lexeme order="1" headword="false" breakBefore="false" POS="N" name="deed"/>
    </lexUnit>
    <lexUnit status="Created" POS="N" name="lease.n" ID="8368" lemmaID="21949" cBy="GlY" cDate="02/27/2003 05:01:54 PST Thu">
        <definition>FN: a contract by which one party conveys land, goods, or property to another for a specified time.</definition>
        <sentenceCount annotated="0" total="0"/>
        <lexeme order="1" headword="false" breakBefore="false" POS="N" name="lease"/>
    </lexUnit>
    <lexUnit status="Created" POS="N" name="agreement.n" ID="8369" lemmaID="838" cBy="GlY" cDate="02/27/2003 05:02:48 PST Thu">
        <definition>COD: a contract by which one party conveys land, property, services, etc. to another for a specified time. </definition>
        <sentenceCount annotated="8" total="8"/>
        <lexeme order="1" headword="false" breakBefore="false" POS="N" name="agreement"/>
    </lexUnit>
    <lexUnit status="Created" POS="N" name="treaty.n" ID="8370" lemmaID="41139" cBy="GlY" cDate="02/27/2003 05:03:40 PST Thu">
        <definition>COD: a formally concluded and ratified agreement between states. </definition>
        <sentenceCount annotated="14" total="14"/>
        <lexeme order="1" headword="false" breakBefore="false" POS="N" name="treaty"/>
    </lexUnit>
    <lexUnit status="Created" POS="N" name="charter.n" ID="8371" lemmaID="6120" cBy="GlY" cDate="02/27/2003 05:05:49 PST Thu">
        <definition>COD: a written grant by a sovereign or legislature, by which a body such as a university is created or its rights and privileges defined.</definition>
        <sentenceCount annotated="0" total="0"/>
        <lexeme order="1" headword="false" breakBefore="false" POS="N" name="charter"/>
    </lexUnit>
    <lexUnit status="Created" POS="N" name="authorization.n" ID="8381" lemmaID="47481" cBy="GlY" cDate="03/04/2003 12:53:13 PST Tue">
        <definition>FN: a legal document that gives official permission for or approval to something</definition>
        <sentenceCount annotated="0" total="0"/>
        <lexeme order="1" headword="true" breakBefore="false" POS="N" name="authorization"/>
    </lexUnit>
    <lexUnit status="Created" POS="N" name="deposition.n" ID="8382" lemmaID="10239" cBy="GlY" cDate="03/04/2003 12:53:58 PST Tue">
        <definition>COD: a statement to be used as evidence.</definition>
        <sentenceCount annotated="0" total="0"/>
        <lexeme order="1" headword="false" breakBefore="false" POS="N" name="deposition"/>
    </lexUnit>
    <lexUnit status="Created" POS="N" name="brief.n" ID="8383" lemmaID="4594" cBy="GlY" cDate="03/04/2003 12:54:43 PST Tue">
        <definition>COD: a summary of the facts and legal points in a case given to a barrister to argue in court								</definition>
        <sentenceCount annotated="0" total="0"/>
        <lexeme order="1" headword="false" breakBefore="false" POS="N" name="brief"/>
    </lexUnit>
    <lexUnit status="Add_Annotation" POS="N" name="writ.n" ID="8384" lemmaID="44594" cBy="GlY" cDate="03/04/2003 12:55:04 PST Tue">
        <definition>COD:  a form of written command in the name of a court or other legal authority to do or abstain from doing a specified act</definition>
        <sentenceCount annotated="1" total="120"/>
        <lexeme order="1" headword="false" breakBefore="false" POS="N" name="writ"/>
    </lexUnit>
    <lexUnit status="Created" POS="N" name="affidavit.n" ID="8385" lemmaID="680" cBy="GlY" cDate="03/04/2003 12:55:26 PST Tue">
        <definition>COD:  a written statement confirmed by oath or affirmation, for use as evidence in court.</definition>
        <sentenceCount annotated="0" total="88"/>
        <lexeme order="1" headword="false" breakBefore="false" POS="N" name="affidavit"/>
    </lexUnit>
    <lexUnit status="Created" POS="N" name="will.n" ID="8386" lemmaID="44176" cBy="GlY" cDate="03/04/2003 12:55:46 PST Tue">
        <definition>COD: a legal document containing instructions for the disposition of one's money and property after one's death</definition>
        <sentenceCount annotated="0" total="0"/>
        <lexeme order="1" headword="false" breakBefore="false" POS="N" name="will"/>
    </lexUnit>
    <lexUnit status="Created" POS="N" name="testimony.n" ID="8387" lemmaID="39965" cBy="GlY" cDate="03/04/2003 12:56:18 PST Tue">
        <definition>COD:  a formal statement, especially one given in a court of law</definition>
        <sentenceCount annotated="1" total="1"/>
        <lexeme order="1" headword="false" breakBefore="false" POS="N" name="testimony"/>
    </lexUnit>
    <lexUnit status="Created" POS="N" name="testament.n" ID="8388" lemmaID="39952" cBy="GlY" cDate="03/04/2003 12:56:45 PST Tue">
        <definition>COD: a person's will.</definition>
        <sentenceCount annotated="0" total="0"/>
        <lexeme order="1" headword="false" breakBefore="false" POS="N" name="testament"/>
    </lexUnit>
    <lexUnit status="Created" POS="N" name="ruling.n" ID="8389" lemmaID="33747" cBy="GlY" cDate="03/04/2003 12:57:11 PST Tue">
        <definition>FN: a decision made by court</definition>
        <sentenceCount annotated="0" total="0"/>
        <lexeme order="1" headword="false" breakBefore="false" POS="N" name="ruling"/>
    </lexUnit>
    <lexUnit status="Created" POS="N" name="finding.n" ID="8390" lemmaID="14393" cBy="GlY" cDate="03/04/2003 12:57:39 PST Tue">
        <definition>FN: a conclusion reached as a result of a trial</definition>
        <sentenceCount annotated="2" total="2"/>
        <lexeme order="1" headword="false" breakBefore="false" POS="N" name="finding"/>
    </lexUnit>
    <lexUnit status="Created" POS="N" name="opinion.n" ID="8391" lemmaID="26826" cBy="GlY" cDate="03/04/2003 12:58:04 PST Tue">
        <definition>COD: a formal statement of reasons for a judgement given																								</definition>
        <sentenceCount annotated="0" total="0"/>
        <lexeme order="1" headword="false" breakBefore="false" POS="N" name="opinion"/>
    </lexUnit>
    <lexUnit status="Created" POS="N" name="title.n" ID="8392" lemmaID="40554" cBy="GlY" cDate="03/04/2003 12:58:57 PST Tue">
        <definition>COD: a right or claim to the ownership of property or to a rank or throne</definition>
        <sentenceCount annotated="0" total="0"/>
        <lexeme order="1" headword="false" breakBefore="false" POS="N" name="title"/>
    </lexUnit>
    <lexUnit status="Created" POS="N" name="orders.n" ID="8393" lemmaID="26915" cBy="GlY" cDate="03/04/2003 12:59:28 PST Tue">
        <definition>FN: a legal written document that specifies the rules to be followed</definition>
        <sentenceCount annotated="0" total="0"/>
        <lexeme order="1" headword="false" breakBefore="false" POS="N" name="orders"/>
    </lexUnit>
    <lexUnit status="Created" POS="N" name="contract.n" ID="8394" lemmaID="8104" cBy="GlY" cDate="03/04/2003 01:00:07 PST Tue">
        <definition>FN: a legally binding written agreement</definition>
        <sentenceCount annotated="5" total="7"/>
        <lexeme order="1" headword="false" breakBefore="false" POS="N" name="contract"/>
    </lexUnit>
    <lexUnit status="Created" POS="N" name="permit.n" ID="11165" lemmaID="28520" cBy="MiL" cDate="11/18/2004 01:25:39 PST Thu">
        <definition>COD: an official document giving permission to do something.</definition>
        <sentenceCount annotated="0" total="0"/>
        <lexeme order="1" headword="false" breakBefore="false" POS="N" name="permit"/>
    </lexUnit>
    <lexUnit status="Created" POS="N" name="document.n" ID="11422" lemmaID="11369" cBy="Pam" cDate="12/13/2004 03:18:48 PST Mon">
        <definition>COD: A written or printed paper that bears the original, official, or legal form of something and can be used to furnish decisive evidence or information.</definition>
        <sentenceCount annotated="6" total="7"/>
        <lexeme order="1" headword="false" breakBefore="false" POS="N" name="document"/>
    </lexUnit>
    <lexUnit status="Add_Annotation" POS="A" name="contractual.a" ID="12701" lemmaID="8110" cBy="RLG" cDate="08/23/2005 04:36:28 PDT Tue">
        <definition>FN: of or relating to a legally binding document, i.e., a contract.</definition>
        <sentenceCount annotated="1" total="125"/>
        <lexeme order="1" headword="false" breakBefore="false" POS="A" name="contractual"/>
    </lexUnit>
    <lexUnit status="Created" POS="N" name="accord.n" ID="13767" lemmaID="294" cBy="KmG" cDate="02/23/2007 11:41:47 PST Fri">
        <definition>FN: an official, written agreement


</definition>
        <sentenceCount annotated="1" total="1"/>
        <lexeme order="1" headword="false" breakBefore="false" POS="N" name="accord"/>
    </lexUnit>
    <lexUnit status="Created" POS="N" name="confirmation.n" ID="15814" lemmaID="7734" cBy="AnW" cDate="05/14/2010 01:02:55 PDT Fri">
        <definition>FN: something that serves to confirm</definition>
        <sentenceCount annotated="0" total="0"/>
        <lexeme order="1" headword="false" breakBefore="false" POS="N" name="confirmation"/>
    </lexUnit>
    <lexUnit status="New" POS="N" name="identification.n" ID="17352" lemmaID="51630" cBy="CVa" cDate="04/11/2013 02:34:06 PDT Thu">
        <definition>FN: a legal document proving the identity of a person</definition>
        <sentenceCount annotated="10" total="178"/>
        <lexeme order="1" headword="true" breakBefore="false" POS="N" name="identification"/>
    </lexUnit>
    <lexUnit status="Created" POS="N" name="business card.n" ID="18640" lemmaID="52110" cBy="CFB" cDate="02/25/2016 09:59:49 PST Thu">
        <definition>FN: a small card containing the name of a person, and information about the company associated with them, usually including the person's position in the company, typically exchanged between people meeting for business purposes.</definition>
        <sentenceCount annotated="0" total="0"/>
        <lexeme order="1" headword="true" breakBefore="false" POS="N" name="business"/>
        <lexeme order="2" headword="false" breakBefore="false" POS="N" name="card"/>
        <semType name="Artifact" ID="61"/>
    </lexUnit>
</frame>