<?xml version="1.0" encoding="UTF-8" standalone="yes"?>
<?xml-stylesheet type="text/xsl" href="frame.xsl"?>
<frame cBy="RLG" cDate="10/02/2006 05:40:38 PDT Mon" name="Dominate_situation" ID="1795" xsi:schemaLocation="../schema/frame.xsd" xmlns="http://framenet.icsi.berkeley.edu" xmlns:xsi="http://www.w3.org/2001/XMLSchema-instance">
    <definition>&lt;def-root&gt;An &lt;fen&gt;Agent&lt;/fen&gt; acts so as to be the strongest force, or most important causal factor in some &lt;fen&gt;Situation&lt;/fen&gt;, to the exclusion of other competing actors.

&lt;ex&gt;&lt;fex name="Agent"&gt;York&lt;/fex&gt; &lt;t&gt;dominated&lt;/t&gt; &lt;fex name="Situation"&gt;the game&lt;/fex&gt; &lt;fex name="Manner"&gt;as they held the ball on offense almost the entire 70 minutes&lt;/fex&gt;.&lt;/ex&gt;
&lt;ex&gt;Is there a future for Unix in &lt;fex name="Situation"&gt;a market&lt;/fex&gt; &lt;fex name="Degree"&gt;increasingly&lt;/fex&gt; &lt;t&gt;dominated&lt;/t&gt; &lt;fex name="Agent"&gt;by Microsoft&lt;/fex&gt;?&lt;/ex&gt;
&lt;ex&gt;&lt;fex name="Agent"&gt;Walz&lt;/fex&gt; &lt;t&gt;dominated&lt;/t&gt; &lt;fex name="Situation"&gt;the debate&lt;/fex&gt; &lt;fex name="Degree"&gt;so completely it was almost embarrassing&lt;/fex&gt;.&lt;/ex&gt;&lt;/def-root&gt;</definition>
    <FE bgColor="FF0000" fgColor="FFFFFF" coreType="Core" cBy="RLG" cDate="10/02/2006 06:05:35 PDT Mon" abbrev="age" name="Agent" ID="10643">
        <definition>&lt;def-root&gt;The &lt;fen&gt;Agent&lt;/fen&gt; is the most forceful and pivotal factor in the situation.&lt;/def-root&gt;</definition>
        <semType name="Sentient" ID="5"/>
    </FE>
    <FE bgColor="008000" fgColor="FFFFFF" coreType="Core" cBy="RLG" cDate="10/02/2006 06:06:37 PDT Mon" abbrev="sit" name="Situation" ID="10644">
        <definition>&lt;def-root&gt;The &lt;fen&gt;Situation&lt;/fen&gt; is primarily affected by the &lt;fen&gt;Agent&lt;/fen&gt;, in particular how it develops or concludes.&lt;/def-root&gt;</definition>
    </FE>
    <FE bgColor="FFA500" fgColor="FFFFFF" coreType="Peripheral" cBy="RLG" cDate="10/05/2006 02:14:51 PDT Thu" abbrev="tim" name="Time" ID="10651">
        <definition>&lt;def-root&gt;The &lt;fen&gt;Time&lt;/fen&gt; when the &lt;fen&gt;Agent&lt;/fen&gt; is dominant.

&lt;ex&gt;As discussed above, Ford &lt;t&gt;dominated&lt;/t&gt; the market &lt;fex name="tim"&gt;in the 1920s&lt;/fex&gt;, then left the business to create production capacity for the Model A.&lt;/ex&gt;&lt;/def-root&gt;</definition>
        <semType name="Time" ID="141"/>
    </FE>
    <FE bgColor="808080" fgColor="FFFFFF" coreType="Peripheral" cBy="RLG" cDate="10/05/2006 02:16:47 PDT Thu" abbrev="dur" name="Duration" ID="10652">
        <definition>&lt;def-root&gt;The period of time over which the domination occurs.

&lt;ex&gt;Dinosaurs were vertebrate animals that &lt;t&gt;dominated&lt;/t&gt; the terrestrial ecosystem &lt;fex name="dur"&gt;for over 160 million years&lt;/fex&gt;.&lt;/ex&gt;&lt;/def-root&gt;</definition>
    </FE>
    <FE bgColor="006400" fgColor="FFFFFF" coreType="Peripheral" cBy="RLG" cDate="10/05/2006 02:19:39 PDT Thu" abbrev="pla" name="Place" ID="10653">
        <definition>&lt;def-root&gt;The location where the domination takes place.

&lt;ex&gt;Indeed, &lt;fex name="pla"&gt;in all Latin America&lt;/fex&gt;, United States corporations &lt;t&gt;dominated&lt;/t&gt; the key sectors of the economy.&lt;/ex&gt;&lt;/def-root&gt;</definition>
        <semType name="Locative_relation" ID="182"/>
    </FE>
    <FE bgColor="FF69B4" fgColor="FFFFFF" coreType="Peripheral" cBy="RLG" cDate="10/05/2006 02:20:58 PDT Thu" abbrev="man" name="Manner" ID="10654">
        <definition>&lt;def-root&gt;A description of the event as a whole, or of any of the participants that does not fit any of the other more specific Frame Elements.

&lt;ex&gt;Most predict that the top teams from last year to &lt;fex name="man"&gt;ruthlessly&lt;/fex&gt; &lt;t&gt;dominate&lt;/t&gt; the league.&lt;/ex&gt;&lt;/def-root&gt;</definition>
        <semType name="Manner" ID="173"/>
    </FE>
    <FE bgColor="A52A2A" fgColor="FFFFFF" coreType="Peripheral" cBy="AnW" cDate="05/05/2010 04:16:25 PDT Wed" abbrev="" name="Degree" ID="13839">
        <definition>&lt;def-root&gt;The &lt;fen&gt;Degree&lt;/fen&gt; to which the &lt;fen&gt;Agent&lt;/fen&gt; dominates the &lt;fen&gt;Situation&lt;/fen&gt;.&lt;/def-root&gt;</definition>
        <semType name="Degree" ID="172"/>
    </FE>
    <frameRelation type="Inherits from"/>
    <frameRelation type="Is Inherited by"/>
    <frameRelation type="Perspective on">
        <relatedFrame ID="1797">Domination</relatedFrame>
    </frameRelation>
    <frameRelation type="Is Perspectivized in"/>
    <frameRelation type="Uses">
        <relatedFrame ID="402">First_rank</relatedFrame>
    </frameRelation>
    <frameRelation type="Is Used by"/>
    <frameRelation type="Subframe of"/>
    <frameRelation type="Has Subframe(s)"/>
    <frameRelation type="Precedes"/>
    <frameRelation type="Is Preceded by"/>
    <frameRelation type="Is Inchoative of"/>
    <frameRelation type="Is Causative of"/>
    <frameRelation type="See also"/>
    <lexUnit status="Finished_Initial" POS="V" name="dominate.v" ID="13596" lemmaID="11467" cBy="RLG" cDate="10/02/2006 06:51:55 PDT Mon">
        <definition>COD: have a commanding or controlling influence over.</definition>
        <sentenceCount annotated="24" total="244"/>
        <lexeme order="1" headword="false" breakBefore="false" POS="V" name="dominate"/>
    </lexUnit>
    <lexUnit status="Created" POS="N" name="domination.n" ID="13597" lemmaID="11468" cBy="RLG" cDate="10/02/2006 07:01:44 PDT Mon">
        <definition>FN: a state of controlling force over a situation.</definition>
        <sentenceCount annotated="1" total="1"/>
        <lexeme order="1" headword="false" breakBefore="false" POS="N" name="domination"/>
    </lexUnit>
    <lexUnit status="Created" POS="A" name="dominant.a" ID="13601" lemmaID="11464" cBy="RLG" cDate="10/05/2006 02:14:11 PDT Thu">
        <definition>COD: most important, powerful, or influential.</definition>
        <sentenceCount annotated="1" total="1"/>
        <lexeme order="1" headword="false" breakBefore="false" POS="A" name="dominant"/>
    </lexUnit>
    <lexUnit status="Created" POS="V" name="predominate.v" ID="13604" lemmaID="30147" cBy="RLG" cDate="10/06/2006 09:38:19 PDT Fri">
        <definition>COD: be the strongest or main element.</definition>
        <sentenceCount annotated="0" total="0"/>
        <lexeme order="1" headword="false" breakBefore="false" POS="V" name="predominate"/>
    </lexUnit>
    <lexUnit status="New" POS="V" name="rule.v" ID="16841" lemmaID="33744" cBy="CVa" cDate="01/18/2012 10:48:29 PST Wed">
        <definition>FN: having significant influence over a situation</definition>
        <sentenceCount annotated="5" total="62"/>
        <lexeme order="1" headword="false" breakBefore="false" POS="V" name="rule"/>
    </lexUnit>
</frame>