<?xml version="1.0" encoding="UTF-8" standalone="yes"?>
<?xml-stylesheet type="text/xsl" href="frame.xsl"?>
<frame cBy="RLG" cDate="10/04/2006 03:20:00 PDT Wed" name="Dominate_competitor" ID="1796" xsi:schemaLocation="../schema/frame.xsd" xmlns="http://framenet.icsi.berkeley.edu" xmlns:xsi="http://www.w3.org/2001/XMLSchema-instance">
    <definition>&lt;def-root&gt;An &lt;fen&gt;Agent&lt;/fen&gt;, by virtue of strength or forcefulness, controls, rules, or strongly influences some &lt;fen&gt;Patient&lt;/fen&gt; in some &lt;fen&gt;Situation&lt;/fen&gt;.

&lt;ex&gt;&lt;fex name="age"&gt;The fireballing righthander&lt;/fex&gt; looked poised to &lt;t&gt;dominate&lt;/t&gt; &lt;fex name="Patient"&gt;the Yankees&lt;/fex&gt; yet again, striking out seven straight batters during one stretch&lt;/ex&gt;&lt;/def-root&gt;</definition>
    <FE bgColor="FF0000" fgColor="FFFFFF" coreType="Core" cBy="RLG" cDate="10/04/2006 03:40:41 PDT Wed" abbrev="age" name="Agent" ID="10645">
        <definition>&lt;def-root&gt;The &lt;fen&gt;Agent&lt;/fen&gt; controls the Patient by being forceful and possibly aggressive.&lt;/def-root&gt;</definition>
        <semType name="Sentient" ID="5"/>
    </FE>
    <FE bgColor="0000FF" fgColor="FFFFFF" coreType="Core" cBy="RLG" cDate="10/04/2006 03:42:24 PDT Wed" abbrev="pat" name="Patient" ID="10646">
        <definition>&lt;def-root&gt;The &lt;fen&gt;Patient&lt;/fen&gt; is trying to gain control of a situation, but ends up being subject to the control and influence of the &lt;fen&gt;Agent&lt;/fen&gt;.&lt;/def-root&gt;</definition>
    </FE>
    <FE bgColor="008000" fgColor="FFFFFF" coreType="Peripheral" cBy="RLG" cDate="10/04/2006 03:43:42 PDT Wed" abbrev="sit" name="Situation" ID="10647">
        <definition>&lt;def-root&gt;The &lt;fen&gt;Situation&lt;/fen&gt; within which the &lt;fen&gt;Agent&lt;/fen&gt; is able to gain control over the &lt;fen&gt;Patient&lt;/fen&gt; (thus excluding them from controlling the &lt;fen&gt;Situation&lt;/fen&gt;).&lt;/def-root&gt;</definition>
    </FE>
    <FE bgColor="808080" fgColor="FFFFFF" coreType="Peripheral" cBy="RLG" cDate="10/05/2006 02:23:48 PDT Thu" abbrev="dur" name="Duration" ID="10655">
        <definition>&lt;def-root&gt;The period of time over which the domination occurs.

&lt;ex&gt;For England and France, &lt;t&gt;domination&lt;/t&gt; over their colonies &lt;fex name="dur"&gt;during the colonial period&lt;/fex&gt; was mainly a cultural obligation.&lt;/ex&gt;&lt;/def-root&gt;</definition>
    </FE>
    <FE bgColor="FF69B4" fgColor="FFFFFF" coreType="Peripheral" cBy="RLG" cDate="10/05/2006 02:25:54 PDT Thu" abbrev="man" name="Manner" ID="10656">
        <definition>&lt;def-root&gt;A description of the event as a whole, or of any of the participants that does not fit any of the other more specific Frame Elements.

&lt;ex&gt;He managed to be &lt;t&gt;dominant&lt;/t&gt; over most of the rest of the staff, &lt;fex name="man"&gt;in a good way&lt;/fex&gt;.&lt;/ex&gt;&lt;/def-root&gt;</definition>
        <semType name="Manner" ID="173"/>
    </FE>
    <FE bgColor="006400" fgColor="FFFFFF" coreType="Peripheral" cBy="RLG" cDate="10/05/2006 02:28:05 PDT Thu" abbrev="pla" name="Place" ID="10657">
        <definition>&lt;def-root&gt;The place where the domination occurs.

&lt;ex&gt;Women tend to &lt;t&gt;dominate&lt;/t&gt;men &lt;fex name="pla"&gt;at home and at Church&lt;/fex&gt;.&lt;/ex&gt;&lt;/def-root&gt;</definition>
        <semType name="Locative_relation" ID="182"/>
    </FE>
    <FE bgColor="FFA500" fgColor="FFFFFF" coreType="Peripheral" cBy="RLG" cDate="10/05/2006 02:32:01 PDT Thu" abbrev="tim" name="Time" ID="10658">
        <definition>&lt;def-root&gt;The time when the domination takes place.

&lt;ex&gt;Their role models might have &lt;t&gt;dominated&lt;/t&gt; women &lt;fex name="tim"&gt;in the past&lt;/fex&gt;; they may not have understood the concept of equality.&lt;/ex&gt;&lt;/def-root&gt;</definition>
        <semType name="Time" ID="141"/>
    </FE>
    <FE bgColor="A52A2A" fgColor="FFFFFF" coreType="Peripheral" cBy="AnW" cDate="05/05/2010 04:14:32 PDT Wed" abbrev="" name="Degree" ID="13838">
        <definition>&lt;def-root&gt;The &lt;fen&gt;Degree&lt;/fen&gt; to which the &lt;fen&gt;Agent&lt;/fen&gt; dominates the &lt;fen&gt;Patient&lt;/fen&gt;.&lt;/def-root&gt;</definition>
        <semType name="Degree" ID="172"/>
    </FE>
    <frameRelation type="Inherits from">
        <relatedFrame ID="1800">Being_in_control</relatedFrame>
    </frameRelation>
    <frameRelation type="Is Inherited by"/>
    <frameRelation type="Perspective on">
        <relatedFrame ID="1797">Domination</relatedFrame>
    </frameRelation>
    <frameRelation type="Is Perspectivized in"/>
    <frameRelation type="Uses"/>
    <frameRelation type="Is Used by"/>
    <frameRelation type="Subframe of"/>
    <frameRelation type="Has Subframe(s)"/>
    <frameRelation type="Precedes"/>
    <frameRelation type="Is Preceded by"/>
    <frameRelation type="Is Inchoative of"/>
    <frameRelation type="Is Causative of"/>
    <frameRelation type="See also"/>
    <lexUnit status="Finished_Initial" POS="V" name="dominate.v" ID="13598" lemmaID="11467" cBy="RLG" cDate="10/04/2006 03:49:00 PDT Wed">
        <definition>FN: control, rule, or influence.</definition>
        <sentenceCount annotated="17" total="148"/>
        <lexeme order="1" headword="false" breakBefore="false" POS="V" name="dominate"/>
    </lexUnit>
    <lexUnit status="Created" POS="N" name="domination.n" ID="13599" lemmaID="11468" cBy="RLG" cDate="10/04/2006 03:49:22 PDT Wed">
        <definition>FN: the state of control over someone or something.</definition>
        <sentenceCount annotated="0" total="0"/>
        <lexeme order="1" headword="false" breakBefore="false" POS="N" name="domination"/>
    </lexUnit>
    <lexUnit status="Created" POS="A" name="dominant.a" ID="13600" lemmaID="11464" cBy="RLG" cDate="10/05/2006 02:13:54 PDT Thu">
        <definition>COD: most important, powerful, or influential. </definition>
        <sentenceCount annotated="0" total="0"/>
        <lexeme order="1" headword="false" breakBefore="false" POS="A" name="dominant"/>
    </lexUnit>
    <lexUnit status="Created" POS="N" name="strongman.n" ID="13626" lemmaID="50452" cBy="RLG" cDate="10/16/2006 11:49:29 PDT Mon">
        <definition>COD: a leader who rules by the exercise of threats, force, or violence.</definition>
        <sentenceCount annotated="1" total="1"/>
        <lexeme order="1" headword="true" breakBefore="false" POS="N" name="strongman"/>
        <semType name="Agentive_noun" ID="102"/>
    </lexUnit>
</frame>