<?xml version="1.0" encoding="UTF-8" standalone="yes"?>
<?xml-stylesheet type="text/xsl" href="frame.xsl"?>
<frame cBy="JKR" cDate="04/29/2005 06:13:57 PDT Fri" name="Dough_rising" ID="1421" xsi:schemaLocation="../schema/frame.xsd" xmlns="http://framenet.icsi.berkeley.edu" xmlns:xsi="http://www.w3.org/2001/XMLSchema-instance">
    <definition>&lt;def-root&gt;The LUs of this frame describe a lump of &lt;fen&gt;Dough&lt;/fen&gt; expanding as gas develops inside it.  This is part of a process where, in order to produce a lighter, more easily chewed bread, &lt;fen&gt;Dough&lt;/fen&gt; is leavened with yeast, baking soda or in another fashion to add gas to it before baking.  

&lt;ex&gt;I've got no frozen boxed meals, and no other real options to make something to keep me going while &lt;fex name="dou"&gt;my pizza dough&lt;/fex&gt; &lt;t&gt;rises&lt;/t&gt;.&lt;/ex&gt;&lt;/def-root&gt;</definition>
    <FE bgColor="0000FF" fgColor="FFFFFF" coreType="Core" cBy="JKR" cDate="04/29/2005 06:18:27 PDT Fri" abbrev="dou" name="Dough" ID="7901">
        <definition>&lt;def-root&gt;The paste made out of any cereals (grains) or leguminous crops by grinding, with some water added, which expands in volume as a result of leavening before baking. 

&lt;ex&gt;While &lt;fex name="dou"&gt;the dough&lt;/fex&gt; was &lt;t&gt;rising&lt;/t&gt;, they heated the oven.&lt;/ex&gt;&lt;/def-root&gt;</definition>
    </FE>
    <FE bgColor="800080" fgColor="FFFFFF" coreType="Peripheral" cBy="JKR" cDate="04/29/2005 06:23:23 PDT Fri" abbrev="dur" name="Duration_of_activity" ID="7902">
        <definition>&lt;def-root&gt;The length of the interval during which the &lt;fen&gt;Dough&lt;/fen&gt; rises.

&lt;ex&gt;The dough &lt;t&gt;rose&lt;/t&gt; &lt;fex name="dur"&gt;for about 2 hours&lt;/fex&gt;.&lt;/ex&gt;&lt;/def-root&gt;</definition>
        <semType name="Duration" ID="142"/>
    </FE>
    <FE bgColor="008000" fgColor="FFFFFF" coreType="Peripheral" cBy="JKR" cDate="04/29/2005 06:27:29 PDT Fri" abbrev="tim" name="Time" ID="7903">
        <definition>&lt;def-root&gt;The &lt;fen&gt;Time&lt;/fen&gt; when the expansion of the &lt;fen&gt;Dough&lt;/fen&gt; takes place.

&lt;ex&gt; The dough &lt;t&gt;rose&lt;/t&gt; beautifully &lt;fex name="tim"&gt;before it went into the fridge&lt;/fex&gt; but afterwards it never really recovered.&lt;/ex&gt;&lt;/def-root&gt;</definition>
        <semType name="Time" ID="141"/>
    </FE>
    <FE bgColor="FFA500" fgColor="FFFFFF" coreType="Peripheral" cBy="JKR" cDate="04/29/2005 06:29:54 PDT Fri" abbrev="spe" name="Speed" ID="7904">
        <definition>&lt;def-root&gt;The &lt;fen&gt;Speed&lt;/fen&gt; at which the &lt;fen&gt;Dough&lt;/fen&gt; expands.


&lt;ex&gt;The bread dough &lt;t&gt;rose&lt;/t&gt; &lt;fex name="spe"&gt;quickly&lt;/fex&gt;.&lt;/ex&gt;&lt;/def-root&gt;</definition>
        <semType name="Speed" ID="234"/>
    </FE>
    <FE bgColor="FF69B4" fgColor="FFFFFF" coreType="Peripheral" cBy="JKR" cDate="04/29/2005 06:36:43 PDT Fri" abbrev="man" name="Manner" ID="7905">
        <definition>&lt;def-root&gt;Any description of the rising of the &lt;fen&gt;Dough&lt;/fen&gt;  which is not covered by more specific FEs, including epistemic modification (&lt;ment&gt;probably&lt;/ment&gt;, &lt;ment&gt;presumably&lt;/ment&gt;, &lt;ment&gt;mysteriously&lt;/ment&gt;) and general descriptions comparing events (&lt;ment&gt;the same way&lt;/ment&gt;). 

&lt;ex&gt;My dough &lt;t&gt;rose&lt;/t&gt; &lt;fex name="man"&gt;nicely&lt;/fex&gt;.&lt;/ex&gt;&lt;/def-root&gt;</definition>
        <semType name="Manner" ID="173"/>
    </FE>
    <FE bgColor="00008B" fgColor="FFFFFF" coreType="Extra-Thematic" cBy="JKR" cDate="04/29/2005 06:38:19 PDT Fri" abbrev="cir" name="Circumstances" ID="7906">
        <definition>&lt;def-root&gt;A setting, often temporal or spatial, within which the event takes place. This FE also covers conditions that are causally connected to the event of the &lt;fen&gt;Dough&lt;/fen&gt; rising.

&lt;ex&gt;The dough &lt;t&gt;rises&lt;/t&gt; higher &lt;fex name="cir"&gt;if made by the bread machine than made by a standard mixer&lt;/fex&gt;.&lt;/ex&gt;&lt;/def-root&gt;</definition>
    </FE>
    <FE bgColor="2E8B57" fgColor="FFFFFF" coreType="Peripheral" cBy="JKR" cDate="04/29/2005 06:49:07 PDT Fri" abbrev="siz" name="Size_change" ID="7907">
        <definition>&lt;def-root&gt;The amount by which the volume of the &lt;fen&gt;Dough&lt;/fen&gt; increases.

&lt;ex&gt;While in the refrigerator, the dough &lt;t&gt;rose&lt;/t&gt; &lt;fex name="siz"&gt;by about 25%&lt;/fex&gt;.&lt;/ex&gt;&lt;/def-root&gt;</definition>
    </FE>
    <FE bgColor="FF0000" fgColor="FFFFFF" coreType="Extra-Thematic" cBy="JKR" cDate="04/29/2005 06:51:33 PDT Fri" abbrev="Exp" name="Explanation" ID="7908">
        <definition>&lt;def-root&gt;The entity or state of affairs that leads to the event of the &lt;fen&gt;Dough&lt;/fen&gt;'s rising.


&lt;ex&gt;A slimmer approach relies on the bubbles of carbon dioxide created as the dough &lt;t&gt;rises&lt;/t&gt; &lt;fex name="Explanation"&gt;from the yeast&lt;/fex&gt;.&lt;/ex&gt;&lt;/def-root&gt;</definition>
    </FE>
    <frameRelation type="Inherits from"/>
    <frameRelation type="Is Inherited by"/>
    <frameRelation type="Perspective on"/>
    <frameRelation type="Is Perspectivized in"/>
    <frameRelation type="Uses">
        <relatedFrame ID="725">Expansion</relatedFrame>
    </frameRelation>
    <frameRelation type="Is Used by"/>
    <frameRelation type="Subframe of"/>
    <frameRelation type="Has Subframe(s)"/>
    <frameRelation type="Precedes"/>
    <frameRelation type="Is Preceded by"/>
    <frameRelation type="Is Inchoative of"/>
    <frameRelation type="Is Causative of"/>
    <frameRelation type="See also"/>
    <lexUnit status="Needs_SCs" POS="V" name="rise.v" ID="11982" lemmaID="33335" cBy="JKR" cDate="04/29/2005 06:26:32 PDT Fri">
        <definition>FN: to puff up as a result of leavening</definition>
        <sentenceCount annotated="0" total="54"/>
        <lexeme order="1" headword="false" breakBefore="false" POS="V" name="rise"/>
    </lexUnit>
    <lexUnit status="Insufficient_Attestations" POS="V" name="prove.v" ID="11983" lemmaID="30888" cBy="JKR" cDate="04/29/2005 06:46:48 PDT Fri">
        <definition>COD: (of bread dough) become aerated by the action of yeast; rise</definition>
        <sentenceCount annotated="0" total="0"/>
        <lexeme order="1" headword="false" breakBefore="false" POS="V" name="prove"/>
    </lexUnit>
</frame>