<?xml version="1.0" encoding="UTF-8" standalone="yes"?>
<?xml-stylesheet type="text/xsl" href="frame.xsl"?>
<frame cBy="MJE" cDate="09/16/2004 11:20:41 PDT Thu" name="Dressing" ID="1211" xsi:schemaLocation="../schema/frame.xsd" xmlns="http://framenet.icsi.berkeley.edu" xmlns:xsi="http://www.w3.org/2001/XMLSchema-instance">
    <definition>&lt;def-root&gt;A &lt;fen&gt;Wearer&lt;/fen&gt; puts on an item of &lt;fen&gt;Clothing&lt;/fen&gt;, which then occupies the &lt;fen&gt;Body_location&lt;/fen&gt;.

&lt;ex&gt;&lt;fex name="wea"&gt;You&lt;/fex&gt; didn't have to &lt;t&gt;dress&lt;/t&gt; &lt;fex name="man"&gt;like a pirate&lt;/fex&gt; &lt;fex name="pur"&gt;to impress me&lt;/fex&gt;. &lt;fex name="bod"&gt;INI&lt;/fex&gt;&lt;/ex&gt;
&lt;ex&gt;He &lt;t&gt;put&lt;/t&gt; &lt;t&gt;on&lt;/t&gt; &lt;fex name="Clothing"&gt;his thickest pair of gloves&lt;/fex&gt; and then went back out to see if he could move them now. &lt;fex name="bod"&gt;INI&lt;/fex&gt;&lt;/ex&gt;
&lt;ex&gt;Jack &lt;t&gt;put&lt;/t&gt; &lt;t&gt;on&lt;/t&gt; &lt;fex name="Clothing"&gt;his watch&lt;/fex&gt; - &lt;fex name="bod"&gt;on his right wrist&lt;/fex&gt;, and checked the time.&lt;/ex&gt;&lt;/def-root&gt;</definition>
    <FE bgColor="FF0000" fgColor="FFFFFF" coreType="Core" cBy="MJE" cDate="09/16/2004 11:20:41 PDT Thu" abbrev="wea" name="Wearer" ID="7073">
        <definition>&lt;def-root&gt;The individual that puts &lt;fen&gt;Clothing&lt;/fen&gt; on their body.
&lt;/def-root&gt;</definition>
        <semType name="Sentient" ID="5"/>
    </FE>
    <FE bgColor="0000FF" fgColor="FFFFFF" coreType="Core" cBy="MJE" cDate="09/16/2004 11:20:42 PDT Thu" abbrev="clo" name="Clothing" ID="7074">
        <definition>&lt;def-root&gt;&lt;fen&gt;Clothing&lt;/fen&gt; is used for the item of clothing that the &lt;fen&gt;Wearer&lt;/fen&gt; ends up wearing.&lt;/def-root&gt;</definition>
        <semType name="Artifact" ID="61"/>
    </FE>
    <FE bgColor="00BFFF" fgColor="FFFFFF" coreType="Peripheral" cBy="MJE" cDate="09/16/2004 11:20:42 PDT Thu" abbrev="bod" name="Body_location" ID="7077">
        <definition>&lt;def-root&gt;The body part that the &lt;fen&gt;Clothing&lt;/fen&gt; ends up covering.&lt;/def-root&gt;</definition>
        <semType name="Goal" ID="153"/>
    </FE>
    <FE bgColor="FF00FF" fgColor="FFFFFF" coreType="Peripheral" cBy="MJE" cDate="09/16/2004 11:20:42 PDT Thu" abbrev="man" name="Manner" ID="7078">
        <definition>&lt;def-root&gt;Any expression which describes a property of the donning event which is not directly related to the trajectory of the &lt;fen&gt;Clothing&lt;/fen&gt;'s motion expresses the frame element &lt;fen&gt;Manner&lt;/fen&gt;. Descriptions of speed, steadiness, grace, means of motion, and other things count as &lt;fen&gt;Manner&lt;/fen&gt; expressions.
&lt;/def-root&gt;</definition>
        <semType name="Manner" ID="173"/>
    </FE>
    <FE bgColor="9400D3" fgColor="FFFFFF" coreType="Extra-Thematic" cBy="MJE" cDate="09/16/2004 11:20:42 PDT Thu" abbrev="Dep" name="Depictive" ID="7080">
        <definition>&lt;def-root&gt;This FE identifies any &lt;fen&gt;Depictive&lt;/fen&gt; phrase describing the &lt;fen&gt;Wearer&lt;/fen&gt; or &lt;fen&gt;Clothing&lt;/fen&gt; during the act.

&lt;/def-root&gt;</definition>
    </FE>
    <FE bgColor="FF69B4" fgColor="FFFFFF" coreType="Peripheral" cBy="MJE" cDate="09/16/2004 11:20:42 PDT Thu" abbrev="Mns" name="Means" ID="7081">
        <definition>&lt;def-root&gt;The &lt;fen&gt;Means&lt;/fen&gt; is an act whereby the &lt;fen&gt;Wearer&lt;/fen&gt; puts on the &lt;fen&gt;Clothing&lt;/fen&gt;
&lt;/def-root&gt;</definition>
        <semType name="State_of_affairs" ID="177"/>
    </FE>
    <FE bgColor="808080" fgColor="FFFFFF" coreType="Extra-Thematic" cBy="MJE" cDate="09/16/2004 11:20:42 PDT Thu" abbrev="Result" name="Result" ID="7082">
        <definition>&lt;def-root&gt;This FE identifies the &lt;fen&gt;Result&lt;/fen&gt; of the Placing.&lt;/def-root&gt;</definition>
    </FE>
    <FE bgColor="A52A2A" fgColor="FFFFFF" coreType="Extra-Thematic" cBy="MJE" cDate="09/16/2004 11:20:42 PDT Thu" abbrev="Duration" name="Duration" ID="7083">
        <definition>&lt;def-root&gt;This FE identifies the &lt;fen&gt;Duration&lt;/fen&gt; of the Wearing that results from putting on the &lt;fen&gt;Clothing&lt;/fen&gt;.&lt;/def-root&gt;</definition>
        <semType name="Duration" ID="142"/>
    </FE>
    <FE bgColor="008000" fgColor="FFFFFF" coreType="Peripheral" cBy="MJE" cDate="09/16/2004 11:20:42 PDT Thu" abbrev="Place" name="Place" ID="7084">
        <definition>&lt;def-root&gt;The &lt;fen&gt;Place&lt;/fen&gt; indicates where the Donning occurs.&lt;/def-root&gt;</definition>
        <semType name="Locative_relation" ID="182"/>
    </FE>
    <FE bgColor="9F79EE" fgColor="FFFFFF" coreType="Extra-Thematic" cBy="MJE" cDate="09/16/2004 11:20:42 PDT Thu" abbrev="Exp" name="Explanation" ID="7085">
        <definition>&lt;def-root&gt;The &lt;fen&gt;Explanation&lt;/fen&gt; indicates why the &lt;fen&gt;Wearer&lt;/fen&gt; puts on the &lt;fen&gt;Clothing&lt;/fen&gt;.&lt;/def-root&gt;</definition>
        <semType name="State_of_affairs" ID="177"/>
    </FE>
    <FE bgColor="FFA500" fgColor="FFFFFF" coreType="Peripheral" cBy="MJE" cDate="09/16/2004 11:20:42 PDT Thu" abbrev="tim" name="Time" ID="7086">
        <definition>&lt;def-root&gt;The time when the &lt;fen&gt;Wearer&lt;/fen&gt; puts an item of &lt;fen&gt;Clothing&lt;/fen&gt; on.

&lt;ex&gt;She had &lt;t&gt;put&lt;/t&gt; the dress &lt;t&gt;on&lt;/t&gt; &lt;fex name="tim"&gt;this morning&lt;/fex&gt; expecting it to be sunny.&lt;/ex&gt;&lt;/def-root&gt;</definition>
        <semType name="Time" ID="141"/>
    </FE>
    <FE bgColor="800080" fgColor="FFFFFF" coreType="Extra-Thematic" cBy="MJE" cDate="09/16/2004 11:20:42 PDT Thu" abbrev="pur" name="Purpose" ID="7092">
        <definition>&lt;def-root&gt;An action that the &lt;fen&gt;Wearer&lt;/fen&gt; intends to accomplish by putting on &lt;fen&gt;Clothing&lt;/fen&gt;.
&lt;/def-root&gt;</definition>
        <semType name="State_of_affairs" ID="177"/>
    </FE>
    <frameRelation type="Inherits from"/>
    <frameRelation type="Is Inherited by"/>
    <frameRelation type="Perspective on"/>
    <frameRelation type="Is Perspectivized in"/>
    <frameRelation type="Uses">
        <relatedFrame ID="62">Placing</relatedFrame>
        <relatedFrame ID="158">Accoutrements</relatedFrame>
        <relatedFrame ID="134">Clothing</relatedFrame>
    </frameRelation>
    <frameRelation type="Is Used by"/>
    <frameRelation type="Subframe of"/>
    <frameRelation type="Has Subframe(s)"/>
    <frameRelation type="Precedes"/>
    <frameRelation type="Is Preceded by"/>
    <frameRelation type="Is Inchoative of"/>
    <frameRelation type="Is Causative of"/>
    <frameRelation type="See also"/>
    <lexUnit status="Finished_Initial" POS="V" name="don.v" ID="10970" lemmaID="11480" cBy="MJE" cDate="09/17/2004 04:44:07 PDT Fri">
        <definition>COD: put on (an item of clothing).</definition>
        <sentenceCount annotated="12" total="12"/>
        <lexeme order="1" headword="false" breakBefore="false" POS="V" name="don"/>
    </lexUnit>
    <lexUnit status="Finished_Initial" POS="V" name="put on.v" ID="10971" lemmaID="49561" cBy="MJE" cDate="09/17/2004 04:44:57 PDT Fri">
        <definition>FN: manipulate (a clothing or accoutrement) such that one ends up wearing it.</definition>
        <sentenceCount annotated="60" total="71"/>
        <lexeme order="1" headword="true" breakBefore="false" POS="V" name="put"/>
        <lexeme order="2" headword="false" breakBefore="true" POS="ADV" name="on"/>
    </lexUnit>
    <lexUnit status="Finished_Initial" POS="V" name="slip on.v" ID="10972" lemmaID="49562" cBy="MJE" cDate="09/17/2004 04:48:16 PDT Fri">
        <definition>FN: put on (clothing) gracefully or sensuously.</definition>
        <sentenceCount annotated="5" total="6"/>
        <lexeme order="1" headword="true" breakBefore="false" POS="V" name="slip"/>
        <lexeme order="2" headword="false" breakBefore="false" POS="ADV" name="on"/>
    </lexUnit>
    <lexUnit status="Finished_Initial" POS="V" name="pull on.v" ID="10973" lemmaID="49563" cBy="MJE" cDate="09/20/2004 04:05:02 PDT Mon">
        <definition>FN: put on (an item of clothing)</definition>
        <sentenceCount annotated="28" total="31"/>
        <lexeme order="1" headword="true" breakBefore="false" POS="V" name="pull"/>
        <lexeme order="2" headword="false" breakBefore="false" POS="ADV" name="on"/>
    </lexUnit>
    <lexUnit status="Finished_Initial" POS="V" name="dress.v" ID="10981" lemmaID="11757" cBy="MJE" cDate="09/20/2004 05:56:26 PDT Mon">
        <definition>COD: put on one's clothes.</definition>
        <sentenceCount annotated="10" total="100"/>
        <lexeme order="1" headword="false" breakBefore="false" POS="V" name="dress"/>
    </lexUnit>
    <lexUnit status="Needs_SCs" POS="V" name="dress up.v" ID="10982" lemmaID="49572" cBy="MJE" cDate="09/20/2004 06:13:32 PDT Mon">
        <definition>COD:  dress in smart or formal clothes, or in a special costume.</definition>
        <sentenceCount annotated="1" total="1"/>
        <lexeme order="1" headword="true" breakBefore="false" POS="V" name="dress"/>
        <lexeme order="2" headword="false" breakBefore="false" POS="ADV" name="up"/>
    </lexUnit>
    <lexUnit status="Needs_SCs" POS="V" name="get on.v" ID="10983" lemmaID="49573" cBy="MJE" cDate="09/20/2004 06:17:13 PDT Mon">
        <definition>FN: begin wearing</definition>
        <sentenceCount annotated="1" total="1"/>
        <lexeme order="1" headword="true" breakBefore="false" POS="V" name="get"/>
        <lexeme order="2" headword="false" breakBefore="false" POS="ADV" name="on"/>
    </lexUnit>
    <lexUnit status="Needs_SCs" POS="V" name="throw on.v" ID="10995" lemmaID="49585" cBy="MJE" cDate="09/20/2004 07:03:02 PDT Mon">
        <definition>FN: put on (clothing) quickly.</definition>
        <sentenceCount annotated="1" total="1"/>
        <lexeme order="1" headword="true" breakBefore="false" POS="V" name="throw"/>
        <lexeme order="2" headword="false" breakBefore="false" POS="ADV" name="on"/>
    </lexUnit>
</frame>