<?xml version="1.0" encoding="UTF-8" standalone="yes"?>
<?xml-stylesheet type="text/xsl" href="frame.xsl"?>
<frame cBy="RLG" cDate="01/25/2010 11:13:23 PST Mon" name="Dunking" ID="2192" xsi:schemaLocation="../schema/frame.xsd" xmlns="http://framenet.icsi.berkeley.edu" xmlns:xsi="http://www.w3.org/2001/XMLSchema-instance">
    <definition>&lt;def-root&gt;An &lt;fen&gt;Agent&lt;/fen&gt; temporarily places a &lt;fen&gt;Theme&lt;/fen&gt; into a &lt;fen&gt;Substance&lt;/fen&gt;, often with the intention to remove it later. The &lt;fen&gt;Substance&lt;/fen&gt; may be metonymically represented by its container. The &lt;fen&gt;Theme&lt;/fen&gt; may be partially or completely submerged.

&lt;ex&gt;&lt;fex name="Agent"&gt;She&lt;/fex&gt; &lt;t&gt;dunked&lt;/t&gt; &lt;fex name="Theme"&gt;her sandwich&lt;/fex&gt; &lt;fex name="Substance"&gt;into some tomato soup&lt;/fex&gt;.&lt;/ex&gt;&lt;/def-root&gt;</definition>
    <FE bgColor="FF0000" fgColor="FFFFFF" coreType="Core" cBy="RLG" cDate="01/25/2010 11:16:42 PST Mon" abbrev="age" name="Agent" ID="13481">
        <definition>&lt;def-root&gt;The &lt;fen&gt;Agent&lt;/fen&gt; places the &lt;fen&gt;Theme&lt;/fen&gt; into a &lt;fen&gt;Substance&lt;/fen&gt;.

&lt;ex&gt;&lt;fex name="Agent"&gt;She&lt;/fex&gt; &lt;t&gt;dunked&lt;/t&gt; her sandwich into some tomato soup.&lt;/ex&gt;&lt;/def-root&gt;</definition>
    </FE>
    <FE bgColor="00BFFF" fgColor="FFFFFF" coreType="Core" cBy="RLG" cDate="01/25/2010 11:19:11 PST Mon" abbrev="the" name="Theme" ID="13482">
        <definition>&lt;def-root&gt;The &lt;fen&gt;Theme&lt;/fen&gt; temporarily goes partially or completely into the Substance.

&lt;ex&gt;She &lt;t&gt;dunked&lt;/t&gt; &lt;fex name="Theme"&gt;her sandwich&lt;/fex&gt; into some tomato soup.&lt;/ex&gt;&lt;/def-root&gt;</definition>
    </FE>
    <FE bgColor="0000FF" fgColor="FFFFFF" coreType="Core" cBy="RLG" cDate="01/25/2010 11:20:39 PST Mon" abbrev="sub" name="Substance" ID="13483">
        <definition>&lt;def-root&gt;The &lt;fen&gt;Substance&lt;/fen&gt; is the fluid into which the &lt;fen&gt;Theme&lt;/fen&gt; is placed. This may be metonymically represented by the container of the fluid.

&lt;ex&gt;She &lt;t&gt;dunked&lt;/t&gt; her sandwich &lt;fex name="Substance"&gt;into some tomato soup&lt;/fex&gt;.&lt;/ex&gt;&lt;/def-root&gt;</definition>
    </FE>
    <FE bgColor="FF00FF" fgColor="FFFFFF" coreType="Peripheral" cBy="AlK" cDate="04/21/2010 10:54:07 PDT Wed" abbrev="" name="Manner" ID="13828">
        <definition>&lt;def-root&gt;The way that the &lt;fen&gt;Agent&lt;/fen&gt; puts &lt;fen&gt;Theme&lt;/fen&gt; in the &lt;fen&gt;Substance&lt;/fen&gt;.

&lt;ex&gt;He &lt;fex name="Manner"&gt;slowly&lt;/fex&gt; &lt;t&gt;dunked&lt;/t&gt; the biscuit into the coffee.&lt;/ex&gt;&lt;/def-root&gt;</definition>
    </FE>
    <FE bgColor="FFA500" fgColor="FFFFFF" coreType="Peripheral" cBy="AlK" cDate="04/21/2010 11:20:34 PDT Wed" abbrev="" name="Time" ID="13829">
        <definition>&lt;def-root&gt;The location in time when the dunking occurs.&lt;/def-root&gt;</definition>
    </FE>
    <frameRelation type="Inherits from"/>
    <frameRelation type="Is Inherited by"/>
    <frameRelation type="Perspective on"/>
    <frameRelation type="Is Perspectivized in"/>
    <frameRelation type="Uses">
        <relatedFrame ID="62">Placing</relatedFrame>
        <relatedFrame ID="63">Removing</relatedFrame>
    </frameRelation>
    <frameRelation type="Is Used by"/>
    <frameRelation type="Subframe of"/>
    <frameRelation type="Has Subframe(s)"/>
    <frameRelation type="Precedes"/>
    <frameRelation type="Is Preceded by"/>
    <frameRelation type="Is Inchoative of"/>
    <frameRelation type="Is Causative of"/>
    <frameRelation type="See also"/>
    <lexUnit status="Rules_Defined" POS="V" name="dunk.v" ID="15580" lemmaID="11969" cBy="RLG" cDate="01/25/2010 11:28:27 PST Mon">
        <definition>FN: temporarily submerge in a liquid.</definition>
        <sentenceCount annotated="0" total="0"/>
        <lexeme order="1" headword="false" breakBefore="false" POS="V" name="dunk"/>
    </lexUnit>
    <lexUnit status="Finished_Initial" POS="V" name="dip.v" ID="15581" lemmaID="10732" cBy="RLG" cDate="01/25/2010 11:28:42 PST Mon">
        <definition>FN: temporarily place into a liquid.</definition>
        <sentenceCount annotated="19" total="167"/>
        <lexeme order="1" headword="false" breakBefore="false" POS="V" name="dip"/>
    </lexUnit>
</frame>