<?xml version="1.0" encoding="UTF-8" standalone="yes"?>
<?xml-stylesheet type="text/xsl" href="frame.xsl"?>
<frame cBy="MJE" cDate="11/12/2008 04:26:38 PST Wed" name="Duration_scenario" ID="2122" xsi:schemaLocation="../schema/frame.xsd" xmlns="http://framenet.icsi.berkeley.edu" xmlns:xsi="http://www.w3.org/2001/XMLSchema-instance">
    <definition>&lt;def-root&gt;An Event or &lt;fen&gt;Period&lt;/fen&gt; has a particular &lt;fen&gt;Duration&lt;/fen&gt;.  The &lt;fen&gt;Duration&lt;/fen&gt; may be characterized in several different ways: as a &lt;fen&gt;Duration&lt;/fen&gt;al direct measure, a &lt;fen&gt;Degree&lt;/fen&gt; of deviation from an expected &lt;fen&gt;Duration&lt;/fen&gt;, or as a &lt;fen&gt;Count&lt;/fen&gt; of &lt;fen&gt;Unit&lt;/fen&gt;s of standard, known duration.&lt;/def-root&gt;</definition>
    <semType name="Non-Lexical Frame" ID="16"/>
    <semType name="Non-perspectivalized_frame" ID="52"/>
    <FE bgColor="FF0000" fgColor="FFFFFF" coreType="Core" cBy="MJE" cDate="11/12/2008 04:26:38 PST Wed" abbrev="" name="Period" ID="13111">
        <definition>&lt;def-root&gt;The &lt;fen&gt;Period&lt;/fen&gt; whose the duration &lt;fen&gt;Attribute&lt;/fen&gt; is appropriate and under consideration.

&lt;/def-root&gt;</definition>
    </FE>
    <FE bgColor="1E90FF" fgColor="FFFFFF" coreType="Core" cBy="MJE" cDate="11/12/2008 04:26:38 PST Wed" abbrev="" name="Attribute" ID="13112">
        <definition>&lt;def-root&gt;The feature of an &lt;fen&gt;Period&lt;/fen&gt; which is under discussion, namely the duration.&lt;/def-root&gt;</definition>
    </FE>
    <FE bgColor="008000" fgColor="FFFFFF" coreType="Core" cBy="MJE" cDate="11/12/2008 04:26:38 PST Wed" abbrev="" name="Duration" ID="13113">
        <definition>&lt;def-root&gt;A quantity or other characterization of the &lt;fen&gt;Period&lt;/fen&gt;'s absolute duration.&lt;/def-root&gt;</definition>
    </FE>
    <FE bgColor="FF00FF" fgColor="FFFFFF" coreType="Core" cBy="MJE" cDate="11/12/2008 04:26:38 PST Wed" abbrev="" name="Degree" ID="13114">
        <definition>&lt;def-root&gt;A modifier expressing  the deviation of the &lt;fen&gt;Duration&lt;/fen&gt; from the norm.&lt;/def-root&gt;</definition>
        <semType name="Degree" ID="172"/>
    </FE>
    <FE bgColor="00BFFF" fgColor="FFFFFF" coreType="Core" cBy="MJE" cDate="11/12/2008 04:26:39 PST Wed" abbrev="uni" name="Unit" ID="13117">
        <definition>&lt;def-root&gt;A standard measure, having a known duration.&lt;/def-root&gt;</definition>
    </FE>
    <FE bgColor="9F79EE" fgColor="FFFFFF" coreType="Core" cBy="MJE" cDate="11/12/2008 04:26:39 PST Wed" abbrev="" name="Count" ID="13118">
        <definition>&lt;def-root&gt;The number of &lt;fen&gt;Unit&lt;/fen&gt;s which are equivalent to the &lt;fen&gt;Duration&lt;/fen&gt; of the &lt;fen&gt;Period&lt;/fen&gt; .&lt;/def-root&gt;</definition>
    </FE>
    <FE bgColor="800080" fgColor="FFFFFF" coreType="Core" cBy="MJE" cDate="11/12/2008 04:35:28 PST Wed" abbrev="" name="Event" ID="13119">
        <definition>&lt;def-root&gt;An process whose duration is measured.&lt;/def-root&gt;</definition>
    </FE>
    <frameRelation type="Inherits from">
        <relatedFrame ID="1687">Measure_scenario</relatedFrame>
    </frameRelation>
    <frameRelation type="Is Inherited by"/>
    <frameRelation type="Perspective on">
        <relatedFrame ID="2123">Delimited_state_scenario</relatedFrame>
    </frameRelation>
    <frameRelation type="Is Perspectivized in">
        <relatedFrame ID="2121">Duration_relation</relatedFrame>
        <relatedFrame ID="224">Measure_duration</relatedFrame>
        <relatedFrame ID="79">Duration_description</relatedFrame>
    </frameRelation>
    <frameRelation type="Uses"/>
    <frameRelation type="Is Used by"/>
    <frameRelation type="Subframe of"/>
    <frameRelation type="Has Subframe(s)"/>
    <frameRelation type="Precedes"/>
    <frameRelation type="Is Preceded by"/>
    <frameRelation type="Is Inchoative of"/>
    <frameRelation type="Is Causative of"/>
    <frameRelation type="See also"/>
</frame>