<?xml version="1.0" encoding="UTF-8" standalone="yes"?>
<?xml-stylesheet type="text/xsl" href="frame.xsl"?>
<frame cBy="MJE" cDate="11/12/2008 02:03:33 PST Wed" name="Duration_relation" ID="2121" xsi:schemaLocation="../schema/frame.xsd" xmlns="http://framenet.icsi.berkeley.edu" xmlns:xsi="http://www.w3.org/2001/XMLSchema-instance">
    <definition>&lt;def-root&gt;A &lt;fen&gt;Period&lt;/fen&gt; or &lt;fen&gt;Eventuality&lt;/fen&gt; is related to its &lt;fen&gt;Duration&lt;/fen&gt;.  Alternatively, an &lt;fen&gt;Entity&lt;/fen&gt; may stand in metonymically for an &lt;fen&gt;Eventuality&lt;/fen&gt; that it is involved in.

&lt;ex&gt;&lt;fex name="Entity"&gt;You&lt;/fex&gt; wouldn't &lt;t&gt;last&lt;/t&gt; &lt;fex name="Duration"&gt;five minutes&lt;/fex&gt;!&lt;/ex&gt;&lt;/def-root&gt;</definition>
    <FE bgColor="006400" fgColor="FFFFFF" coreType="Core" cBy="MJE" cDate="11/12/2008 02:03:33 PST Wed" abbrev="Evty" name="Eventuality" ID="13105">
        <definition>&lt;def-root&gt;A situation, action or event whose duration is being described.  The &lt;fen&gt;Eventuality&lt;/fen&gt; occurs as the External Argument if the adjective is used predicatively, or as the modified noun if the adjective is used attributively: 

&lt;ex&gt;&lt;fex name="Eventuality"&gt;The lecture&lt;/fex&gt; did n't &lt;t&gt;last&lt;/t&gt; long .&lt;/ex&gt; 
&lt;ex&gt;&lt;fex name="Eventuality"&gt;My unease&lt;/fex&gt; &lt;t&gt;persisted&lt;/t&gt; for some time .&lt;/ex&gt;
&lt;ex&gt;&lt;t&gt;Persisting&lt;/t&gt; decades past the end of the war , &lt;fex name="Eventuality"&gt;the economic disaster&lt;/fex&gt; was to shape the fate of central Europe .&lt;/ex&gt;&lt;/def-root&gt;</definition>
        <excludesFE name="Period" ID="13106"/>
    </FE>
    <FE bgColor="0000FF" fgColor="FFFFFF" coreType="Core" cBy="MJE" cDate="11/12/2008 02:03:33 PST Wed" abbrev="Prd" name="Period" ID="13106">
        <definition>&lt;def-root&gt;Sometimes a period of time, rather than an event or state is described.  

&lt;ex&gt;&lt;fex name="Period"&gt;This difficult period&lt;/fex&gt; lasted only a short while .&lt;/ex&gt;&lt;/def-root&gt;</definition>
        <excludesFE name="Entity" ID="13109"/>
    </FE>
    <FE bgColor="800080" fgColor="FFFFFF" coreType="Core" cBy="MJE" cDate="11/12/2008 02:06:51 PST Wed" abbrev="" name="Duration" ID="13108">
        <definition>&lt;def-root&gt;The amount of time that the &lt;fen&gt;Eventuality&lt;/fen&gt;, &lt;fen&gt;Period&lt;/fen&gt;, or &lt;fen&gt;Entity&lt;/fen&gt; lasts.

&lt;ex&gt;If the film &lt;t&gt;lasts&lt;/t&gt; &lt;fex name="Duration"&gt;more than one hour&lt;/fex&gt; , I ca n't stay .&lt;/ex&gt;&lt;/def-root&gt;</definition>
    </FE>
    <FE bgColor="FF0000" fgColor="FFFFFF" coreType="Core" cBy="MJE" cDate="11/12/2008 02:07:34 PST Wed" abbrev="" name="Entity" ID="13109">
        <definition>&lt;def-root&gt;An item which is metonymically related to an &lt;fen&gt;Eventuality&lt;/fen&gt;.  Some common eventualities that are metonymically entailed are the effect of the entity in its capacity as an instrument and the existence of the entity.

&lt;ex&gt;&lt;fex name="Entity"&gt;The anesthesia&lt;/fex&gt; &lt;t&gt;lasted&lt;/t&gt; four hours .&lt;/ex&gt;
&lt;ex&gt;&lt;fex name="Entity"&gt;You&lt;/fex&gt; would n't &lt;t&gt;last&lt;/t&gt; five minutes !&lt;/ex&gt;&lt;/def-root&gt;</definition>
        <excludesFE name="Eventuality" ID="13105"/>
    </FE>
    <FE bgColor="2E8B57" fgColor="000000" coreType="Extra-Thematic" cBy="MJE" cDate="11/12/2008 02:46:40 PST Wed" abbrev="" name="User" ID="13110">
        <definition>&lt;def-root&gt;An individual that deploys a resource to receive a benefit.  The construction that introduces this FE is idiosyncratic, combining with &lt;ment&gt;last&lt;/ment&gt; (in this frame), &lt;ment&gt;cost&lt;/ment&gt;, and &lt;ment&gt;take&lt;/ment&gt;--and more marginally &lt;ment&gt;see&lt;/ment&gt; (in "saw me through the winter") and &lt;ment&gt;keep&lt;/ment&gt; (in "It 'll keep me for a while .")  In this frame, the resource maps onto the &lt;fen&gt;Entity&lt;/fen&gt;, and the benefit is the &lt;fen&gt;Eventuality&lt;/fen&gt;.

&lt;ex&gt;A gallon of water wo n't &lt;t&gt;last&lt;/t&gt; &lt;fex name="User"&gt;us&lt;/fex&gt; more than a few days .&lt;/ex&gt;&lt;/def-root&gt;</definition>
    </FE>
    <frameRelation type="Inherits from">
        <relatedFrame ID="248">Relation</relatedFrame>
    </frameRelation>
    <frameRelation type="Is Inherited by"/>
    <frameRelation type="Perspective on">
        <relatedFrame ID="2122">Duration_scenario</relatedFrame>
    </frameRelation>
    <frameRelation type="Is Perspectivized in"/>
    <frameRelation type="Uses"/>
    <frameRelation type="Is Used by"/>
    <frameRelation type="Subframe of"/>
    <frameRelation type="Has Subframe(s)"/>
    <frameRelation type="Precedes"/>
    <frameRelation type="Is Preceded by"/>
    <frameRelation type="Is Inchoative of"/>
    <frameRelation type="Is Causative of"/>
    <frameRelation type="See also"/>
    <lexUnit status="Add_Annotation" POS="V" name="last.v" ID="15261" lemmaID="21762" cBy="MJE" cDate="11/12/2008 02:44:26 PST Wed">
        <definition>FN: have a duration or period of relevance of</definition>
        <sentenceCount annotated="2" total="277"/>
        <lexeme order="1" headword="false" breakBefore="false" POS="V" name="last"/>
    </lexUnit>
    <lexUnit status="Created" POS="V" name="persist.v" ID="15262" lemmaID="28563" cBy="MJE" cDate="11/12/2008 02:45:55 PST Wed">
        <definition>FN: (of an undesirable thing) have a duration of</definition>
        <sentenceCount annotated="0" total="0"/>
        <lexeme order="1" headword="false" breakBefore="false" POS="V" name="persist"/>
    </lexUnit>
    <lexUnit status="Created" POS="PREP" name="for.prep" ID="17645" lemmaID="15005" cBy="MJE" cDate="07/21/2014 03:19:08 PDT Mon">
        <definition>FN: (of an event) lasting (the specified duration).</definition>
        <sentenceCount annotated="1" total="1"/>
        <lexeme order="1" headword="false" breakBefore="false" POS="PREP" name="for"/>
    </lexUnit>
</frame>