<?xml version="1.0" encoding="UTF-8" standalone="yes"?>
<?xml-stylesheet type="text/xsl" href="frame.xsl"?>
<frame cBy="MJE" cDate="07/16/2001 07:34:17 PDT Mon" name="Dynamic_situation_scenario" ID="184" xsi:schemaLocation="../schema/frame.xsd" xmlns="http://framenet.icsi.berkeley.edu" xmlns:xsi="http://www.w3.org/2001/XMLSchema-instance">
    <definition>&lt;def-root&gt;This frame denotes simple &lt;fen&gt;Event&lt;/fen&gt;s in which an &lt;fen&gt;Entity&lt;/fen&gt; is in a dynamic situation, usually punctually or continually changing to conform to the situation encoded in the Event_endstate.  This frame also covers situations in which there is no significant difference between the pre- and post-states, but the dynamic situation that occurs between them is notably temporally bounded.&lt;/def-root&gt;</definition>
    <semType name="Non-Lexical Frame" ID="16"/>
    <FE bgColor="FFA500" fgColor="FFFFFF" coreType="Peripheral" cBy="MJE" cDate="07/16/2001 07:43:05 PDT Mon" abbrev="Time" name="Time" ID="1433">
        <definition>&lt;def-root&gt;When the event occurs.&lt;/def-root&gt;</definition>
        <semType name="Time" ID="141"/>
    </FE>
    <FE bgColor="0000FF" fgColor="FFFFFF" coreType="Core" cBy="MJE" cDate="07/16/2001 07:43:08 PDT Mon" abbrev="Ent" name="Entity" ID="1434">
        <definition>&lt;def-root&gt;Concrete or abstract entity&lt;/def-root&gt;</definition>
    </FE>
    <FE bgColor="90876C" fgColor="FFFFFF" coreType="Extra-Thematic" cBy="MJE" cDate="07/16/2001 07:43:21 PDT Mon" abbrev="exp" name="Explanation" ID="1435">
        <definition>&lt;def-root&gt;The &lt;fen&gt;Explanation&lt;/fen&gt; denotes a proposition from which the main clause (headed by the target) logically follows. This often means that the &lt;fen&gt;Explanation&lt;/fen&gt; causes the target's proposition, but not in all cases.
&lt;/def-root&gt;</definition>
        <semType name="State_of_affairs" ID="177"/>
    </FE>
    <FE bgColor="FF0000" fgColor="FFFFFF" coreType="Core" cBy="MJE" cDate="07/16/2001 07:48:10 PDT Mon" abbrev="Evnt" name="Event" ID="1440">
        <definition>&lt;def-root&gt;Name of the event which occurs.&lt;/def-root&gt;</definition>
        <semType name="State_of_affairs" ID="177"/>
    </FE>
    <FE bgColor="008000" fgColor="FFFFFF" coreType="Peripheral" cBy="MJE" cDate="07/16/2001 07:48:13 PDT Mon" abbrev="Place" name="Place" ID="1441">
        <definition>&lt;def-root&gt;Where the event takes place.&lt;/def-root&gt;</definition>
        <semType name="Locative_relation" ID="182"/>
    </FE>
    <frameRelation type="Inherits from"/>
    <frameRelation type="Is Inherited by"/>
    <frameRelation type="Perspective on"/>
    <frameRelation type="Is Perspectivized in"/>
    <frameRelation type="Uses"/>
    <frameRelation type="Is Used by"/>
    <frameRelation type="Subframe of"/>
    <frameRelation type="Has Subframe(s)">
        <relatedFrame ID="187">Event</relatedFrame>
        <relatedFrame ID="185">Event_initial_state</relatedFrame>
        <relatedFrame ID="186">Event_endstate</relatedFrame>
    </frameRelation>
    <frameRelation type="Precedes"/>
    <frameRelation type="Is Preceded by"/>
    <frameRelation type="Is Inchoative of"/>
    <frameRelation type="Is Causative of"/>
    <frameRelation type="See also"/>
</frame>