<?xml version="1.0" encoding="UTF-8" standalone="yes"?>
<?xml-stylesheet type="text/xsl" href="frame.xsl"?>
<frame cBy="MLC" cDate="11/10/2010 12:47:31 PST Wed" name="Dynamism" ID="2440" xsi:schemaLocation="../schema/frame.xsd" xmlns="http://framenet.icsi.berkeley.edu" xmlns:xsi="http://www.w3.org/2001/XMLSchema-instance">
    <definition>&lt;def-root&gt;A physical &lt;fen&gt;Exerter&lt;/fen&gt;, &lt;fen&gt;Action&lt;/fen&gt;, or &lt;fen&gt;Force&lt;/fen&gt; exerts energy at a level specified by the target. This frame covers both individual-level/static uses ("an INTENSE person") as well as stage-level/dynamic uses ("an INTENSE look"), although the individual-level meaning seems more basic. 

&lt;ex&gt;Although an &lt;t&gt;energetic&lt;/t&gt; and able &lt;fex name="Exer"&gt;warrior&lt;/fex&gt;, Charlemagne tended to direct battles rather than fight in person.&lt;/ex&gt;
&lt;ex&gt;&lt;fex name="Act"&gt;She dumped a mug on the bedside table&lt;/fex&gt; with &lt;fex name="Deg"&gt;such&lt;/fex&gt; &lt;t&gt;vigor&lt;/t&gt; that steaming coffee spashed out.&lt;/ex&gt;
&lt;ex&gt;Swing the racket with &lt;t&gt;dynamic&lt;/t&gt; &lt;fex name="For"&gt;force&lt;/fex&gt;.&lt;/ex&gt; 

&lt;ex&gt;&lt;fex name="Exer"&gt;I&lt;/fex&gt; felt &lt;fex name="Deg"&gt;particularly&lt;/fex&gt; &lt;t&gt;sluggish&lt;/t&gt; &lt;fex name="Pla"&gt;at work&lt;/fex&gt; &lt;fex name="Tim"&gt;that day&lt;/fex&gt;.&lt;/ex&gt;
&lt;fen&gt;Exerter&lt;/fen&gt;, &lt;fen&gt;Action&lt;/fen&gt;, and &lt;fen&gt;Force&lt;/fen&gt; belong to a Core set. 
&lt;ex&gt;&lt;/ex&gt;
This frame also covers several productive metaphor cases. In the first one, movement or change caused by a social entity is conveyed as energy exerted by a physical entity. 'Social' here encompasses entities that are economic, political, technological, historical, cultural, and intimate:
&lt;ex&gt;&lt;fex name="Exer"&gt;The private sector&lt;/fex&gt; is &lt;fex name="Deg"&gt;so much more&lt;/fex&gt; &lt;t&gt;dynamic&lt;/t&gt;.&lt;/ex&gt;
&lt;ex&gt;Singh had been under &lt;t&gt;intense&lt;/t&gt; &lt;fex name="Exer"&gt;political pressure&lt;/fex&gt;.&lt;/ex&gt;
&lt;ex&gt;&lt;fex name="Exer"&gt;Economies&lt;/fex&gt; are &lt;fex name="Tim"&gt;still&lt;/fex&gt; &lt;t&gt;sluggish&lt;/t&gt;.&lt;/ex&gt;
Relatedly, the influential effect of an psychological entity is described in terms of energy exertion by a physical entity. 'Psychological' includes the intellectual, emotional, and creative:
&lt;ex&gt;&lt;fex name="Exer"&gt;Sinead's&lt;/fex&gt; &lt;fex name="Dom"&gt;emotional&lt;/fex&gt; &lt;t&gt;intensity&lt;/t&gt; permeates every nuance of every lyric.&lt;/ex&gt;
&lt;ex&gt;He finds &lt;fex name="Exer"&gt;the Poet Laureate's theory about Shakespeare&lt;/fex&gt; to be &lt;fex name="Deg"&gt;more&lt;/fex&gt; &lt;t&gt;energetic&lt;/t&gt; &lt;fex name="Deg"&gt;than persuasive&lt;/fex&gt;.&lt;/ex&gt;
Both metaphors appear to involve a third metaphor, which is the anthropomorphization of processes (see examples directly above) or inhuman entities (e.g. in nature):
&lt;ex&gt;The &lt;t&gt;lazy&lt;/t&gt; &lt;fex name="Act"&gt;creak&lt;/fex&gt; of sails&lt;/ex&gt;
&lt;ex&gt;The &lt;t&gt;energetic&lt;/t&gt; &lt;fex name="Exer"&gt;waves&lt;/fex&gt;&lt;/ex&gt;
&lt;ex&gt;A broad, &lt;t&gt;lethargic&lt;/t&gt; &lt;fex name="Exer"&gt;river&lt;/fex&gt;&lt;/ex&gt;

Further, there is a metonymy wherein energy exerted by people carrying out an activity characterizes instead a central object or other component of the activity:
&lt;ex&gt;Lucker plays &lt;t&gt;lazy&lt;/t&gt; &lt;fex name="Act"&gt;games&lt;/fex&gt;.&lt;/ex&gt;
&lt;ex&gt;She thought the &lt;t&gt;lazy&lt;/t&gt; &lt;fex name="Exer"&gt;days&lt;/fex&gt; in France would never end.&lt;/ex&gt;

&lt;ex&gt;&lt;/ex&gt;
Compare to: Level_of_force_exertion. &lt;/def-root&gt;</definition>
    <FE bgColor="800080" fgColor="FFFFFF" coreType="Core" cBy="MLC" cDate="11/10/2010 01:07:42 PST Wed" abbrev="Act" name="Action" ID="14260">
        <definition>&lt;def-root&gt;The &lt;fen&gt;Action&lt;/fen&gt; that exerts an energy of the level specified by the target. 

&lt;ex&gt;He was given a &lt;t&gt;vigorous&lt;/t&gt; &lt;fex name="Act"&gt;slap&lt;/fex&gt; on the ear for his behavior.&lt;/ex&gt;&lt;/def-root&gt;</definition>
    </FE>
    <FE bgColor="FF0000" fgColor="FFFFFF" coreType="Core" cBy="MLC" cDate="11/10/2010 01:09:00 PST Wed" abbrev="Exer" name="Exerter" ID="14261">
        <definition>&lt;def-root&gt;The &lt;fen&gt;Exerter&lt;/fen&gt; which exerts an energy of the level specified by the target. 

&lt;ex&gt;More deadly and painful is the chemical weaponry of the camouflaged but &lt;t&gt;lethargic&lt;/t&gt; &lt;fex name="Exer"&gt;stonefish&lt;/fex&gt;.&lt;/ex&gt; &lt;/def-root&gt;</definition>
    </FE>
    <FE bgColor="9F79EE" fgColor="FFFFFF" coreType="Peripheral" cBy="MLC" cDate="11/10/2010 01:22:54 PST Wed" abbrev="Desc" name="Descriptor" ID="14263">
        <definition>&lt;def-root&gt;This FE describes the energy exertion of the &lt;fen&gt;Exerter&lt;/fen&gt;, &lt;fen&gt;Action&lt;/fen&gt;, or &lt;fen&gt;Force&lt;/fen&gt;.

&lt;ex&gt;I admired her &lt;fex name="Desc"&gt;incredible&lt;/fex&gt; &lt;t&gt;stamina&lt;/t&gt; throughout the marathon.&lt;/ex&gt;&lt;/def-root&gt;</definition>
    </FE>
    <FE bgColor="FF69B4" fgColor="FFFFFF" coreType="Peripheral" cBy="MLC" cDate="11/10/2010 03:55:23 PST Wed" abbrev="Deg" name="Degree" ID="14264">
        <definition>&lt;def-root&gt;The &lt;fen&gt;Degree&lt;/fen&gt; to which the &lt;fen&gt;Exerter&lt;/fen&gt;, &lt;fen&gt;Action&lt;/fen&gt;, or &lt;fen&gt;Force&lt;/fen&gt; exerts an energy.

&lt;ex&gt;Uncle Dickie was &lt;fex name="Deg"&gt;exceedingly&lt;/fex&gt; &lt;t&gt;dynamic&lt;/t&gt; in the play that evening.&lt;/ex&gt;
Where &lt;fen&gt;Degree&lt;/fen&gt; is expressed by a comparative or superlative form of the target, the FE is marked on the target (as well as on the rest of the comparative/superlative expression, if present):

&lt;ex&gt;Uncle John gave a &lt;fex name="Deg"&gt;much&lt;/fex&gt; &lt;t&gt;&lt;fex name="Deg"&gt;lazier&lt;/fex&gt;&lt;/t&gt; performance &lt;fex name="Deg"&gt;than Unckle Dickie&lt;/fex&gt;.&lt;/ex&gt; &lt;/def-root&gt;</definition>
        <semType name="Degree" ID="172"/>
    </FE>
    <FE bgColor="FFA500" fgColor="FFFFFF" coreType="Peripheral" cBy="MJE" cDate="06/30/2015 05:29:13 PDT Tue" abbrev="Tim" name="Time" ID="16495">
        <definition>&lt;def-root&gt;The &lt;fen&gt;Time&lt;/fen&gt; during which the &lt;fen&gt;Exerter&lt;/fen&gt;, &lt;fen&gt;Action&lt;/fen&gt;, or &lt;fen&gt;Force&lt;/fen&gt; exerts an energy. 

&lt;ex&gt;Charlie's workout was &lt;t&gt;intense&lt;/t&gt; even &lt;fex name="Tim"&gt;first thing in the morning&lt;/fex&gt;.&lt;/ex&gt; &lt;/def-root&gt;</definition>
        <semType name="Time" ID="141"/>
    </FE>
    <FE bgColor="1E90FF" fgColor="FFFFFF" coreType="Core" cBy="HPh" cDate="09/10/2015 06:06:35 PDT Thu" abbrev="For" name="Force" ID="16705">
        <definition>&lt;def-root&gt;The &lt;fen&gt;Force&lt;/fen&gt; that exerts an energy of the level specified by the target. 

&lt;ex&gt; They were trying to harness some of the lightening's &lt;t&gt;intense&lt;/t&gt; &lt;fex name="For"&gt;power&lt;/fex&gt;.&lt;/ex&gt;&lt;/def-root&gt;</definition>
    </FE>
    <FE bgColor="808080" fgColor="FFFFFF" coreType="Extra-Thematic" cBy="HPh" cDate="09/10/2015 06:26:08 PDT Thu" abbrev="Cir" name="Circumstances" ID="16706">
        <definition>&lt;def-root&gt;The &lt;fen&gt;Circumstances&lt;/fen&gt; under which the &lt;fen&gt;Exerter&lt;/fen&gt;, &lt;fen&gt;Action&lt;/fen&gt;, or &lt;fen&gt;Force&lt;/fen&gt; exerts an energy. 

&lt;ex&gt;Athletes gradually release &lt;t&gt;energy&lt;/t&gt; &lt;fex name="Cir"&gt;in long-distance events&lt;/fex&gt;.&lt;/ex&gt;&lt;/def-root&gt;</definition>
    </FE>
    <FE bgColor="008000" fgColor="FFFFFF" coreType="Peripheral" cBy="HPh" cDate="09/10/2015 07:12:10 PDT Thu" abbrev="Pla" name="Place" ID="16709">
        <definition>&lt;def-root&gt;The location where the &lt;fen&gt;Exerter&lt;/fen&gt;, &lt;fen&gt;Action&lt;/fen&gt;, or &lt;fen&gt;Force&lt;/fen&gt; exerts its energy. 
&lt;ex&gt;Because of the added space, our ultimate frisbee game was more &lt;t&gt;vigorous&lt;/t&gt; &lt;fex name="Pla"&gt;in Golden Gate Park&lt;/fex&gt;.&lt;/ex&gt;&lt;/def-root&gt;</definition>
        <semType name="Location" ID="54"/>
    </FE>
    <FE bgColor="7CCD7C" fgColor="000000" coreType="Peripheral" cBy="HPh" cDate="10/22/2015 07:02:39 PDT Thu" abbrev="Dom" name="Domain" ID="16752">
        <definition>&lt;def-root&gt;The &lt;fen&gt;Domain&lt;/fen&gt; is the field in which the &lt;fen&gt;Exerter&lt;/fen&gt;, &lt;fen&gt;Action&lt;/fen&gt;, or &lt;fen&gt;Force&lt;/fen&gt; exerts its energy.

&lt;ex&gt;On the stage of New York's Felt Forum, Eddie Murphy glows with a &lt;fex name="Dom"&gt;kinetic&lt;/fex&gt; &lt;t&gt;dynamism&lt;/t&gt; that captivates the audience.&lt;/ex&gt;&lt;/def-root&gt;</definition>
    </FE>
    <FEcoreSet>
        <memberFE name="Exerter" ID="14261"/>
        <memberFE name="Force" ID="16705"/>
        <memberFE name="Action" ID="14260"/>
    </FEcoreSet>
    <frameRelation type="Inherits from">
        <relatedFrame ID="1015">Gradable_attributes</relatedFrame>
    </frameRelation>
    <frameRelation type="Is Inherited by"/>
    <frameRelation type="Perspective on"/>
    <frameRelation type="Is Perspectivized in"/>
    <frameRelation type="Uses"/>
    <frameRelation type="Is Used by"/>
    <frameRelation type="Subframe of"/>
    <frameRelation type="Has Subframe(s)"/>
    <frameRelation type="Precedes"/>
    <frameRelation type="Is Preceded by"/>
    <frameRelation type="Is Inchoative of"/>
    <frameRelation type="Is Causative of"/>
    <frameRelation type="See also">
        <relatedFrame ID="1563">Level_of_force_exertion</relatedFrame>
    </frameRelation>
    <lexUnit status="Finished_Initial" POS="A" name="dynamic.a" ID="18290" lemmaID="12037" cBy="HPh" cDate="09/10/2015 07:59:12 PDT Thu">
        <definition>FN: characterized by energy or effective action; vigorously active or forceful</definition>
        <sentenceCount annotated="40" total="276"/>
        <lexeme order="1" headword="false" breakBefore="false" POS="A" name="dynamic"/>
    </lexUnit>
    <lexUnit status="Finished_Initial" POS="N" name="dynamism.n" ID="18291" lemmaID="12041" cBy="HPh" cDate="09/14/2015 02:41:05 PDT Mon">
        <definition>FN: great energy, force, or power; vigor</definition>
        <sentenceCount annotated="14" total="97"/>
        <lexeme order="1" headword="false" breakBefore="false" POS="N" name="dynamism"/>
    </lexUnit>
    <lexUnit status="Finished_Initial" POS="A" name="energetic.a" ID="18292" lemmaID="12742" cBy="HPh" cDate="09/14/2015 02:43:18 PDT Mon">
        <definition>FN: possessing or showing energy, esp. in abundance; vigorous</definition>
        <sentenceCount annotated="44" total="260"/>
        <lexeme order="1" headword="false" breakBefore="false" POS="A" name="energetic"/>
    </lexUnit>
    <lexUnit status="Finished_Initial" POS="N" name="energy.n" ID="18293" lemmaID="12745" cBy="HPh" cDate="09/14/2015 02:44:12 PDT Mon">
        <definition>FN: available power or the exertion of such power</definition>
        <sentenceCount annotated="33" total="465"/>
        <lexeme order="1" headword="false" breakBefore="false" POS="N" name="energy"/>
    </lexUnit>
    <lexUnit status="Finished_Initial" POS="A" name="intense.a" ID="18294" lemmaID="20268" cBy="HPh" cDate="09/14/2015 02:46:13 PDT Mon">
        <definition>FN: existing at an extreme degree or exhibiting a high degree (ex. of strength)</definition>
        <sentenceCount annotated="16" total="187"/>
        <lexeme order="1" headword="false" breakBefore="false" POS="A" name="intense"/>
    </lexUnit>
    <lexUnit status="Finished_Initial" POS="N" name="intensity.n" ID="18295" lemmaID="20272" cBy="HPh" cDate="09/14/2015 02:49:45 PDT Mon">
        <definition>FN: the quality or condition of being intense</definition>
        <sentenceCount annotated="14" total="190"/>
        <lexeme order="1" headword="false" breakBefore="false" POS="N" name="intensity"/>
    </lexUnit>
    <lexUnit status="Finished_Initial" POS="A" name="lazy.a" ID="18296" lemmaID="21896" cBy="HPh" cDate="09/14/2015 02:50:52 PDT Mon">
        <definition>FN: averse to work, activity, or exertion</definition>
        <sentenceCount annotated="45" total="237"/>
        <lexeme order="1" headword="false" breakBefore="false" POS="A" name="lazy"/>
    </lexUnit>
    <lexUnit status="Finished_Initial" POS="N" name="laziness.n" ID="18297" lemmaID="21895" cBy="HPh" cDate="09/14/2015 02:51:27 PDT Mon">
        <definition>FN: the quality or condition of being lazy</definition>
        <sentenceCount annotated="15" total="76"/>
        <lexeme order="1" headword="false" breakBefore="false" POS="N" name="laziness"/>
    </lexUnit>
    <lexUnit status="Finished_Initial" POS="A" name="lethargic.a" ID="18298" lemmaID="22124" cBy="HPh" cDate="09/14/2015 02:52:05 PDT Mon">
        <definition>FN: relating to lethargy; drowsy, sluggish and/or apathetic</definition>
        <sentenceCount annotated="13" total="80"/>
        <lexeme order="1" headword="false" breakBefore="false" POS="A" name="lethargic"/>
    </lexUnit>
    <lexUnit status="Finished_Initial" POS="N" name="lethargy.n" ID="18299" lemmaID="22126" cBy="HPh" cDate="09/14/2015 02:53:06 PDT Mon">
        <definition>FN: the quality or state of being drowsy, unenergetic, and/or apathetic</definition>
        <sentenceCount annotated="14" total="95"/>
        <lexeme order="1" headword="false" breakBefore="false" POS="N" name="lethargy"/>
    </lexUnit>
    <lexUnit status="Finished_Initial" POS="A" name="sluggish.a" ID="18300" lemmaID="36439" cBy="HPh" cDate="09/14/2015 02:54:12 PDT Mon">
        <definition>FN: indisposed to action or exertion; unenergetic</definition>
        <sentenceCount annotated="24" total="148"/>
        <lexeme order="1" headword="false" breakBefore="false" POS="A" name="sluggish"/>
    </lexUnit>
    <lexUnit status="Finished_Initial" POS="N" name="sluggishness.n" ID="18301" lemmaID="36441" cBy="HPh" cDate="09/14/2015 02:55:42 PDT Mon">
        <definition>FN: the quality or condition of being sluggish</definition>
        <sentenceCount annotated="6" total="14"/>
        <lexeme order="1" headword="false" breakBefore="false" POS="N" name="sluggishness"/>
    </lexUnit>
    <lexUnit status="Finished_Initial" POS="N" name="stamina.n" ID="18302" lemmaID="37764" cBy="HPh" cDate="09/14/2015 02:56:04 PDT Mon">
        <definition>FN: strength of physical constitution; power to endure</definition>
        <sentenceCount annotated="14" total="100"/>
        <lexeme order="1" headword="false" breakBefore="false" POS="N" name="stamina"/>
    </lexUnit>
    <lexUnit status="Finished_Initial" POS="A" name="vibrant.a" ID="18303" lemmaID="42965" cBy="HPh" cDate="09/14/2015 02:57:02 PDT Mon">
        <definition>FN: vigorous and energetic</definition>
        <sentenceCount annotated="11" total="100"/>
        <lexeme order="1" headword="false" breakBefore="false" POS="A" name="vibrant"/>
    </lexUnit>
    <lexUnit status="Finished_Initial" POS="A" name="vigorous.a" ID="18304" lemmaID="43027" cBy="HPh" cDate="09/14/2015 02:58:37 PDT Mon">
        <definition>FN: energetic or forceful</definition>
        <sentenceCount annotated="27" total="199"/>
        <lexeme order="1" headword="false" breakBefore="false" POS="A" name="vigorous"/>
    </lexUnit>
    <lexUnit status="Finished_Initial" POS="N" name="vigor.n" ID="18306" lemmaID="51952" cBy="HPh" cDate="09/14/2015 03:10:31 PDT Mon">
        <definition>FN: active strength or force, or energetic activity</definition>
        <sentenceCount annotated="20" total="271"/>
        <lexeme order="1" headword="true" breakBefore="false" POS="N" name="vigor"/>
    </lexUnit>
</frame>