<?xml version="1.0" encoding="UTF-8" standalone="yes"?>
<?xml-stylesheet type="text/xsl" href="frame.xsl"?>
<frame cBy="RLG" cDate="06/29/2005 02:33:02 PDT Wed" name="Electricity" ID="1535" xsi:schemaLocation="../schema/frame.xsd" xmlns="http://framenet.icsi.berkeley.edu" xmlns:xsi="http://www.w3.org/2001/XMLSchema-instance">
    <definition>&lt;def-root&gt;Lexical units in this frame refer to &lt;fen&gt;Electricity&lt;/fen&gt;, in particular as a form of energy harnessed for particular uses (such as powering machines).  The &lt;fen&gt;Source&lt;/fen&gt; of the &lt;fen&gt;Electricity&lt;/fen&gt; may also be expressed, or incorporated in the meaning of the LUs.

&lt;ex&gt;A compound to generate &lt;fex name="sou"&gt;wind&lt;/fex&gt; &lt;fex name="ele"&gt;&lt;t&gt;electricity&lt;/t&gt;&lt;/fex&gt; was built on the other side of those mountains.&lt;/ex&gt;

&lt;ex&gt;China's &lt;fex name="ele"&gt;&lt;t&gt;hydroelectric&lt;/t&gt;&lt;/fex&gt; dam is being built primarily for flood control and energy production.&lt;/ex&gt;&lt;/def-root&gt;</definition>
    <FE bgColor="00008B" fgColor="FFFFFF" coreType="Core" cBy="RLG" cDate="06/29/2005 02:49:18 PDT Wed" abbrev="ele" name="Electricity" ID="8354">
        <definition>&lt;def-root&gt;&lt;fen&gt;Electricity&lt;/fen&gt; is the physical force that is used as power.

&lt;ex&gt;The Brunswick Electric Membership Corporation supplies &lt;fex name="ele"&gt;&lt;t&gt;electricity&lt;/t&gt;&lt;/fex&gt; for sections of Brunswick and Columbus counties.&lt;/ex&gt;

&lt;ex&gt;&lt;fex name="ele"&gt;&lt;t&gt;Power&lt;/t&gt;&lt;/fex&gt;'s out!&lt;/ex&gt;&lt;/def-root&gt;</definition>
    </FE>
    <FE bgColor="008000" fgColor="FFFFFF" coreType="Peripheral" cBy="RLG" cDate="06/29/2005 03:16:11 PDT Wed" abbrev="sou" name="Source" ID="8355">
        <definition>&lt;def-root&gt;The &lt;fen&gt;Source&lt;/fen&gt; of the &lt;fen&gt;Electricity&lt;/fen&gt;.

&lt;ex&gt;The &lt;t&gt;electrical power&lt;/t&gt; &lt;fex name="sou"&gt;from the plant&lt;/fex&gt; will be fed into the public grid&lt;/ex&gt;
&lt;ex&gt;And that is part of the reason Italy is now rethinking its ban on &lt;fex name="sou"&gt;nuclear&lt;/fex&gt; &lt;t&gt;power&lt;/t&gt;.&lt;/ex&gt;&lt;/def-root&gt;</definition>
    </FE>
    <FE bgColor="FF69B4" fgColor="FFFFFF" coreType="Peripheral" cBy="RLG" cDate="06/29/2005 03:58:26 PDT Wed" abbrev="des" name="Descriptor" ID="8356">
        <definition>&lt;def-root&gt;A characterization of some property of the &lt;fen&gt;Electricity&lt;/fen&gt;.

&lt;ex&gt;Finally, electricity pricing will be determined by pooling &lt;fex name="des"&gt;cheaper&lt;/fex&gt; &lt;t&gt;hydroelectricity&lt;/t&gt; with more expensive thermoelectric plants (natural gas).&lt;/ex&gt;&lt;/def-root&gt;</definition>
    </FE>
    <FE bgColor="FF0000" fgColor="FFFFFF" coreType="Extra-Thematic" cBy="RLG" cDate="06/29/2005 04:06:46 PDT Wed" abbrev="Inh" name="Inherent_purpose" ID="8357">
        <definition>&lt;def-root&gt;The intended &lt;fen&gt;Inherent_purpose&lt;/fen&gt; of the &lt;fen&gt;Electricity&lt;/fen&gt;.

&lt;ex&gt;The government provides free &lt;t&gt;electricity&lt;/t&gt; &lt;fex name="Inherent_purpose"&gt;for cooking and cleaning only&lt;/fex&gt;.&lt;/ex&gt;&lt;/def-root&gt;</definition>
    </FE>
    <frameRelation type="Inherits from"/>
    <frameRelation type="Is Inherited by"/>
    <frameRelation type="Perspective on"/>
    <frameRelation type="Is Perspectivized in"/>
    <frameRelation type="Uses">
        <relatedFrame ID="990">Capability</relatedFrame>
    </frameRelation>
    <frameRelation type="Is Used by"/>
    <frameRelation type="Subframe of"/>
    <frameRelation type="Has Subframe(s)"/>
    <frameRelation type="Precedes"/>
    <frameRelation type="Is Preceded by"/>
    <frameRelation type="Is Inchoative of"/>
    <frameRelation type="Is Causative of"/>
    <frameRelation type="See also"/>
    <lexUnit status="Created" POS="N" name="electricity.n" ID="12353" lemmaID="12413" cBy="RLG" cDate="06/29/2005 02:45:56 PDT Wed">
        <definition>COD: the supply of electric current to a building for heating, lighting, etc.</definition>
        <sentenceCount annotated="6" total="6"/>
        <lexeme order="1" headword="false" breakBefore="false" POS="N" name="electricity"/>
    </lexUnit>
    <lexUnit status="Rules_Defined" POS="A" name="electric.a" ID="12354" lemmaID="12409" cBy="RLG" cDate="06/29/2005 02:46:32 PDT Wed">
        <definition>COD: of, worked by, or producing electricity.</definition>
        <sentenceCount annotated="2" total="2"/>
        <lexeme order="1" headword="false" breakBefore="false" POS="A" name="electric"/>
    </lexUnit>
    <lexUnit status="Finished_Initial" POS="N" name="power.n" ID="12355" lemmaID="50116" cBy="RLG" cDate="06/29/2005 02:47:58 PDT Wed">
        <definition>COD: energy that is produced by mechanical, electrical, or other means.</definition>
        <sentenceCount annotated="69" total="267"/>
        <lexeme order="1" headword="true" breakBefore="false" POS="N" name="power"/>
    </lexUnit>
    <lexUnit status="Created" POS="N" name="electric power.n" ID="12356" lemmaID="50117" cBy="RLG" cDate="06/29/2005 02:48:25 PDT Wed">
        <definition>FN: electric energy.</definition>
        <sentenceCount annotated="3" total="3"/>
        <lexeme order="1" headword="false" breakBefore="false" POS="A" name="electric"/>
        <lexeme order="2" headword="true" breakBefore="false" POS="N" name="power"/>
    </lexUnit>
    <lexUnit status="Needs_SCs" POS="N" name="juice.n" ID="12357" lemmaID="50118" cBy="RLG" cDate="06/29/2005 02:49:08 PDT Wed">
        <definition>COD: electrical energy.</definition>
        <sentenceCount annotated="6" total="114"/>
        <lexeme order="1" headword="true" breakBefore="false" POS="N" name="juice"/>
    </lexUnit>
    <lexUnit status="Created" POS="A" name="electrical.a" ID="12358" lemmaID="12410" cBy="RLG" cDate="06/29/2005 03:42:39 PDT Wed">
        <definition>COD: concerned with, operating by, or producing electricity.</definition>
        <sentenceCount annotated="2" total="2"/>
        <lexeme order="1" headword="false" breakBefore="false" POS="A" name="electrical"/>
    </lexUnit>
    <lexUnit status="Created" POS="A" name="hydroelectric.a" ID="12359" lemmaID="18752" cBy="RLG" cDate="06/29/2005 03:43:37 PDT Wed">
        <definition>FN: related to the production of electricity by waterpower.</definition>
        <sentenceCount annotated="0" total="0"/>
        <lexeme order="1" headword="false" breakBefore="false" POS="A" name="hydroelectric"/>
    </lexUnit>
    <lexUnit status="Created" POS="N" name="hydroelectricity.n" ID="12360" lemmaID="50119" cBy="RLG" cDate="06/29/2005 03:49:43 PDT Wed">
        <definition>FN: electricity produced by water power.</definition>
        <sentenceCount annotated="0" total="0"/>
        <lexeme order="1" headword="true" breakBefore="false" POS="N" name="hydroelectricity"/>
    </lexUnit>
    <lexUnit status="Created" POS="A" name="photoelectric.a" ID="12361" lemmaID="28821" cBy="RLG" cDate="06/29/2005 03:50:03 PDT Wed">
        <definition>COD: characterized by or involving the emission of electrons from a surface by the action of light.</definition>
        <sentenceCount annotated="0" total="0"/>
        <lexeme order="1" headword="false" breakBefore="false" POS="A" name="photoelectric"/>
    </lexUnit>
    <lexUnit status="Created" POS="N" name="photoelectricity.n" ID="12362" lemmaID="50120" cBy="RLG" cDate="06/29/2005 03:51:41 PDT Wed">
        <definition>FN: electricity created or affected by light.</definition>
        <sentenceCount annotated="0" total="0"/>
        <lexeme order="1" headword="true" breakBefore="false" POS="N" name="photoelectricity"/>
    </lexUnit>
    <lexUnit status="Created" POS="N" name="energy.n" ID="12423" lemmaID="12745" cBy="MJE" cDate="07/10/2005 12:41:52 PDT Sun">
        <definition>COD: power derived from physical or chemical resources to provide light and heat or to work machines. </definition>
        <sentenceCount annotated="8" total="8"/>
        <lexeme order="1" headword="false" breakBefore="false" POS="N" name="energy"/>
    </lexUnit>
    <lexUnit status="Created" POS="N" name="electrical power.n" ID="12850" lemmaID="50274" cBy="Amy" cDate="10/19/2005 05:27:25 PDT Wed">
        <definition>FN: electric energy.</definition>
        <sentenceCount annotated="0" total="0"/>
        <lexeme order="1" headword="true" breakBefore="false" POS="A" name="electrical"/>
        <lexeme order="2" headword="false" breakBefore="false" POS="N" name="power"/>
    </lexUnit>
    <lexUnit status="Created" POS="N" name="current.n" ID="15941" lemmaID="9300" cBy="MJE" cDate="07/27/2010 11:30:45 PDT Tue">
        <definition>FN: the flow of electrons providing power to electrical devices.</definition>
        <sentenceCount annotated="1" total="1"/>
        <lexeme order="1" headword="false" breakBefore="false" POS="N" name="current"/>
    </lexUnit>
</frame>