<?xml version="1.0" encoding="UTF-8" standalone="yes"?>
<?xml-stylesheet type="text/xsl" href="frame.xsl"?>
<frame cBy="KmG" cDate="04/01/2008 04:16:23 PDT Tue" name="Emotions_of_mental_activity" ID="2045" xsi:schemaLocation="../schema/frame.xsd" xmlns="http://framenet.icsi.berkeley.edu" xmlns:xsi="http://www.w3.org/2001/XMLSchema-instance">
    <definition>&lt;def-root&gt;An &lt;fen&gt;Experiencer&lt;/fen&gt; can be described as having an emotion as induced by a &lt;fen&gt;Stimulus&lt;/fen&gt;.

&lt;ex&gt;&lt;fex name="Experiencer"&gt;The children&lt;/fex&gt; &lt;t&gt;enjoyed&lt;/t&gt; &lt;fex name="Stimulus"&gt;noise games and sing-songs&lt;/fex&gt;.&lt;/ex&gt;

&lt;ex&gt;The &lt;t&gt;pleasures&lt;/t&gt; &lt;fex name="Stimulus"&gt;of eating&lt;/fex&gt; are fleeting.&lt;/ex&gt;


&lt;ex&gt;&lt;fex name="Experiencer"&gt;Diners&lt;/fex&gt; &lt;t&gt;delight&lt;/t&gt; &lt;fex name="Stimulus"&gt;in counter culture cuisine&lt;/fex&gt;.&lt;/ex&gt;


&lt;/def-root&gt;</definition>
    <FE bgColor="800080" fgColor="FFFFFF" coreType="Core" cBy="KmG" cDate="04/01/2008 04:16:23 PDT Tue" abbrev="Exp" name="Experiencer" ID="12423">
        <definition>&lt;def-root&gt;The &lt;fen&gt;Experiencer&lt;/fen&gt; is the person or sentient entity that experiences or feels the emotions.


&lt;/def-root&gt;</definition>
        <semType name="Sentient" ID="5"/>
    </FE>
    <FE bgColor="FF0000" fgColor="FFFFFF" coreType="Core" cBy="KmG" cDate="04/01/2008 04:16:23 PDT Tue" abbrev="Stim" name="Stimulus" ID="12425">
        <definition>&lt;def-root&gt;The &lt;fen&gt;Stimulus&lt;/fen&gt; is the person, event, or state of affairs that evokes the emotional response in the &lt;fen&gt;Experiencer&lt;/fen&gt;.



&lt;/def-root&gt;</definition>
    </FE>
    <FE bgColor="FF69B4" fgColor="FFFFFF" coreType="Peripheral" cBy="KmG" cDate="04/01/2008 04:16:23 PDT Tue" abbrev="Degr" name="Degree" ID="12426">
        <definition>&lt;def-root&gt;The extent to which the &lt;fen&gt;Experiencer&lt;/fen&gt;'s emotion deviates from the norm for the emotion.
&lt;/def-root&gt;</definition>
        <semType name="Degree" ID="172"/>
    </FE>
    <FE bgColor="0000FF" fgColor="FFFFFF" coreType="Extra-Thematic" cBy="KmG" cDate="04/01/2008 04:16:23 PDT Tue" abbrev="ET" name="Empathy_target" ID="12427">
        <definition>&lt;def-root&gt;The &lt;fen&gt;Empathy_target&lt;/fen&gt; is the individual or individuals with which the &lt;fen&gt;Experiencer&lt;/fen&gt; identifies emotionally and thus shares their emotional response.
&lt;/def-root&gt;</definition>
    </FE>
    <FE bgColor="00008B" fgColor="FFFFFF" coreType="Extra-Thematic" cBy="KmG" cDate="04/01/2008 04:16:23 PDT Tue" abbrev="Exp" name="Explanation" ID="12429">
        <definition>&lt;def-root&gt;The &lt;fen&gt;Explanation&lt;/fen&gt; is the explanation for why the &lt;fen&gt;Stimulus&lt;/fen&gt; evokes a certain emotional response.
&lt;/def-root&gt;</definition>
        <semType name="State_of_affairs" ID="177"/>
    </FE>
    <FE bgColor="00BFFF" fgColor="FFFFFF" coreType="Extra-Thematic" cBy="KmG" cDate="04/01/2008 04:16:23 PDT Tue" abbrev="cir" name="Circumstances" ID="12430">
        <definition>&lt;def-root&gt;The &lt;fen&gt;Circumstances&lt;/fen&gt; is the condition(s) under which the &lt;fen&gt;Stimulus&lt;/fen&gt; evokes its response.  In some cases it may appear without an explicit &lt;fen&gt;Stimulus&lt;/fen&gt;.  Quite often in such cases, the &lt;fen&gt;Stimulus&lt;/fen&gt; can be inferred from the &lt;fen&gt;Circumstances&lt;/fen&gt; 
&lt;/def-root&gt;</definition>
    </FE>
    <FE bgColor="2E8B57" fgColor="FFFFFF" coreType="Peripheral" cBy="KmG" cDate="04/01/2008 04:16:23 PDT Tue" abbrev="Par" name="Parameter" ID="12433">
        <definition>&lt;def-root&gt;The &lt;fen&gt;Parameter&lt;/fen&gt; is a domain in which the &lt;fen&gt;Experiencer&lt;/fen&gt; experiences the &lt;fen&gt;Stimulus&lt;/fen&gt;.&lt;/def-root&gt;</definition>
    </FE>
    <FE bgColor="FF00FF" fgColor="FFFFFF" coreType="Peripheral" cBy="KmG" cDate="04/01/2008 04:16:23 PDT Tue" abbrev="Man" name="Manner" ID="12434">
        <definition>&lt;def-root&gt;Any description of the way in which the &lt;fen&gt;Experiencer&lt;/fen&gt; experiences the &lt;fen&gt;Stimulus&lt;/fen&gt; which is not covered by more specific FEs, including secondary effects (&lt;ment&gt;quietly, loudly&lt;/ment&gt;), and general descriptions comparing events (&lt;ment&gt;the same way&lt;/ment&gt;).  &lt;fen&gt;Manner&lt;/fen&gt; may also describe a state of the &lt;fen&gt;Experiencer&lt;/fen&gt; that affects the details of the emotional experience.

&lt;/def-root&gt;</definition>
        <semType name="Manner" ID="173"/>
    </FE>
    <FE bgColor="FFFF00" fgColor="00008B" coreType="Peripheral" cBy="KmG" cDate="04/07/2008 06:00:28 PDT Mon" abbrev="Tim" name="Time" ID="12467">
        <definition>&lt;def-root&gt;The &lt;fen&gt;Time&lt;/fen&gt; when the &lt;fen&gt;Experiencer&lt;/fen&gt; has an emotion as caused by the &lt;fen&gt;Stimulus&lt;/fen&gt;.&lt;/def-root&gt;</definition>
    </FE>
    <FE bgColor="90876C" fgColor="FFFFFF" coreType="Extra-Thematic" cBy="KmG" cDate="04/16/2008 03:26:53 PDT Wed" abbrev="Eve" name="Event_description" ID="12546">
        <definition>&lt;def-root&gt;This FE sums up what is expressed in the main clause, often with a VPing.&lt;/def-root&gt;</definition>
    </FE>
    <frameRelation type="Inherits from">
        <relatedFrame ID="2042">Emotions_by_stimulus</relatedFrame>
    </frameRelation>
    <frameRelation type="Is Inherited by"/>
    <frameRelation type="Perspective on"/>
    <frameRelation type="Is Perspectivized in">
        <relatedFrame ID="2044">Mental_stimulus_exp_focus</relatedFrame>
        <relatedFrame ID="2046">Mental_stimulus_stimulus_focus</relatedFrame>
    </frameRelation>
    <frameRelation type="Uses">
        <relatedFrame ID="791">Attention</relatedFrame>
    </frameRelation>
    <frameRelation type="Is Used by"/>
    <frameRelation type="Subframe of"/>
    <frameRelation type="Has Subframe(s)"/>
    <frameRelation type="Precedes"/>
    <frameRelation type="Is Preceded by"/>
    <frameRelation type="Is Inchoative of"/>
    <frameRelation type="Is Causative of"/>
    <frameRelation type="See also"/>
    <lexUnit status="Created" POS="N" name="delight.n" ID="14908" lemmaID="10039" cBy="KmG" cDate="04/01/2008 04:19:29 PDT Tue">
        <definition>FN: pleasure, joy</definition>
        <sentenceCount annotated="0" total="0"/>
        <lexeme order="1" headword="false" breakBefore="false" POS="N" name="delight"/>
    </lexUnit>
    <lexUnit status="Created" POS="N" name="enjoyment.n" ID="14909" lemmaID="12790" cBy="KmG" cDate="04/01/2008 04:19:40 PDT Tue">
        <definition>Fn: pleasure</definition>
        <sentenceCount annotated="0" total="0"/>
        <lexeme order="1" headword="false" breakBefore="false" POS="N" name="enjoyment"/>
    </lexUnit>
    <lexUnit status="Created" POS="N" name="pleasure.n" ID="14910" lemmaID="29357" cBy="KmG" cDate="04/01/2008 04:20:01 PDT Tue">
        <definition>FN: joy, satisfaction</definition>
        <sentenceCount annotated="1" total="1"/>
        <lexeme order="1" headword="false" breakBefore="false" POS="N" name="pleasure"/>
    </lexUnit>
    <lexUnit status="Finished_Initial" POS="N" name="drudgery.n" ID="14911" lemmaID="11848" cBy="KmG" cDate="04/01/2008 04:20:11 PDT Tue">
        <definition>FN: burdensome monotomy</definition>
        <sentenceCount annotated="17" total="59"/>
        <lexeme order="1" headword="false" breakBefore="false" POS="N" name="drudgery"/>
    </lexUnit>
    <lexUnit status="Created" POS="V" name="enjoy.v" ID="14913" lemmaID="12787" cBy="KmG" cDate="04/01/2008 04:20:41 PDT Tue">
        <definition>Fn: take pleasure in</definition>
        <sentenceCount annotated="2" total="2"/>
        <lexeme order="1" headword="false" breakBefore="false" POS="V" name="enjoy"/>
    </lexUnit>
    <lexUnit status="Created" POS="V" name="relish.v" ID="14914" lemmaID="32537" cBy="KmG" cDate="04/01/2008 04:21:01 PDT Tue">
        <definition>FN: get pleasure from</definition>
        <sentenceCount annotated="0" total="0"/>
        <lexeme order="1" headword="false" breakBefore="false" POS="V" name="relish"/>
    </lexUnit>
    <lexUnit status="Created" POS="V" name="savour.v" ID="14918" lemmaID="50862" cBy="KmG" cDate="04/01/2008 04:22:06 PDT Tue">
        <definition>FN: experience appreciatively</definition>
        <sentenceCount annotated="0" total="0"/>
        <lexeme order="1" headword="true" breakBefore="false" POS="V" name="savour"/>
    </lexUnit>
    <lexUnit status="Created" POS="V" name="luxuriate.v" ID="14919" lemmaID="45436" cBy="KmG" cDate="04/01/2008 04:28:15 PDT Tue">
        <definition>FN: indulge in and enjoy</definition>
        <sentenceCount annotated="0" total="0"/>
        <lexeme order="1" headword="false" breakBefore="false" POS="V" name="luxuriate"/>
    </lexUnit>
    <lexUnit status="Finished_Initial" POS="V" name="delight (in).v" ID="14956" lemmaID="10040" cBy="KmG" cDate="04/16/2008 03:00:31 PDT Wed">
        <definition>FN: to enjoy</definition>
        <sentenceCount annotated="10" total="97"/>
        <lexeme order="1" headword="false" breakBefore="false" POS="V" name="delight"/>
    </lexUnit>
    <lexUnit status="Created" POS="V" name="groove.v" ID="15675" lemmaID="16892" cBy="RLG" cDate="03/08/2010 04:31:18 PST Mon">
        <definition>FN: enjoy.</definition>
        <sentenceCount annotated="0" total="0"/>
        <lexeme order="1" headword="false" breakBefore="false" POS="V" name="groove"/>
    </lexUnit>
</frame>