<?xml version="1.0" encoding="UTF-8" standalone="yes"?>
<?xml-stylesheet type="text/xsl" href="frame.xsl"?>
<frame cBy="MJE" cDate="01/17/2006 09:16:18 PST Tue" name="Emotions" ID="1712" xsi:schemaLocation="../schema/frame.xsd" xmlns="http://framenet.icsi.berkeley.edu" xmlns:xsi="http://www.w3.org/2001/XMLSchema-instance">
    <definition>&lt;def-root&gt;An &lt;fen&gt;Experiencer&lt;/fen&gt; has a particular emotional &lt;fen&gt;State&lt;/fen&gt;, which may be described in terms of a specific &lt;fen&gt;Stimulus&lt;/fen&gt; that provokes it, or a &lt;fen&gt;Topic&lt;/fen&gt; which categorizes the kind of &lt;fen&gt;Stimulus&lt;/fen&gt;.  Rather than expressing the &lt;fen&gt;Experiencer&lt;/fen&gt; directly, it may (metonymically) have in its place a particular &lt;fen&gt;Event&lt;/fen&gt; (with participants who are &lt;fen&gt;Experiencer&lt;/fen&gt;s of the emotion) or an &lt;fen&gt;Expressor&lt;/fen&gt; (a body-part of gesture which would give an indication of the &lt;fen&gt;Experiencer&lt;/fen&gt;'s state to an external observer).&lt;/def-root&gt;</definition>
    <semType name="Non-Lexical Frame" ID="16"/>
    <semType name="Non-perspectivalized_frame" ID="52"/>
    <FE bgColor="800080" fgColor="FFFFFF" coreType="Core" cBy="MJE" cDate="01/17/2006 09:16:18 PST Tue" abbrev="Exp" name="Experiencer" ID="9851">
        <definition>&lt;def-root&gt;The &lt;fen&gt;Experiencer&lt;/fen&gt; is the person or sentient entity that experiences or feels the emotions.

&lt;/def-root&gt;</definition>
        <semType name="Sentient" ID="5"/>
    </FE>
    <FE bgColor="FFA500" fgColor="FFFFFF" coreType="Core" cBy="MJE" cDate="01/17/2006 09:16:18 PST Tue" abbrev="Top" name="Topic" ID="9852">
        <definition>&lt;def-root&gt;The &lt;fen&gt;Topic&lt;/fen&gt; is the general area in which the emotion occurs.  It indicates a range of possible &lt;fen&gt;Stimulus&lt;/fen&gt;.

&lt;/def-root&gt;</definition>
    </FE>
    <FE bgColor="FF0000" fgColor="FFFFFF" coreType="Core" cBy="MJE" cDate="01/17/2006 09:16:18 PST Tue" abbrev="Stim" name="Stimulus" ID="9853">
        <definition>&lt;def-root&gt;The &lt;fen&gt;Stimulus&lt;/fen&gt; is the person, event, or state of affairs that evokes the emotional response in the &lt;fen&gt;Experiencer&lt;/fen&gt;.

&lt;/def-root&gt;</definition>
    </FE>
    <FE bgColor="FF69B4" fgColor="FFFFFF" coreType="Peripheral" cBy="MJE" cDate="01/17/2006 09:16:18 PST Tue" abbrev="Degr" name="Degree" ID="9854">
        <definition>&lt;def-root&gt;The extent to which the &lt;fen&gt;Experiencer&lt;/fen&gt;'s emotion deviates from the norm for the emotion.

&lt;/def-root&gt;</definition>
        <semType name="Degree" ID="172"/>
    </FE>
    <FE bgColor="0000FF" fgColor="FFFFFF" coreType="Extra-Thematic" cBy="MJE" cDate="01/17/2006 09:16:18 PST Tue" abbrev="ET" name="Empathy_target" ID="9855">
        <definition>&lt;def-root&gt;The &lt;fen&gt;Empathy_target&lt;/fen&gt; is the individual or individuals with which the &lt;fen&gt;Experiencer&lt;/fen&gt; identifies emotionally and thus shares their emotional response.

&lt;/def-root&gt;</definition>
    </FE>
    <FE bgColor="008000" fgColor="FFFFFF" coreType="Core" cBy="MJE" cDate="01/17/2006 09:16:18 PST Tue" abbrev="Exr" name="Expressor" ID="9856">
        <definition>&lt;def-root&gt;The body part, gesture, or other expression of the &lt;fen&gt;Experiencer&lt;/fen&gt; that reflects his or her emotional state.  They describe a presentation of the experience or emotion denoted by the adjective or noun.

&lt;/def-root&gt;</definition>
    </FE>
    <FE bgColor="00008B" fgColor="FFFFFF" coreType="Extra-Thematic" cBy="MJE" cDate="01/17/2006 09:16:18 PST Tue" abbrev="Exp" name="Explanation" ID="9857">
        <definition>&lt;def-root&gt;The &lt;fen&gt;Explanation&lt;/fen&gt; is the explanation for why the &lt;fen&gt;Stimulus&lt;/fen&gt; evokes a certain emotional response.
&lt;/def-root&gt;</definition>
        <semType name="State_of_affairs" ID="177"/>
    </FE>
    <FE bgColor="00BFFF" fgColor="FFFFFF" coreType="Extra-Thematic" cBy="MJE" cDate="01/17/2006 09:16:18 PST Tue" abbrev="cir" name="Circumstances" ID="9858">
        <definition>&lt;def-root&gt;The &lt;fen&gt;Circumstances&lt;/fen&gt; is the condition(s) under which the &lt;fen&gt;Stimulus&lt;/fen&gt; evokes its response.  In some cases it may appear without an explicit &lt;fen&gt;Stimulus&lt;/fen&gt;.  Quite often in such cases, the &lt;fen&gt;Stimulus&lt;/fen&gt; can be inferred from the &lt;fen&gt;Circumstances&lt;/fen&gt; 

&lt;/def-root&gt;</definition>
    </FE>
    <FE bgColor="9F79EE" fgColor="FFFFFF" coreType="Core" cBy="MJE" cDate="01/17/2006 09:16:18 PST Tue" abbrev="State" name="State" ID="9859">
        <definition>&lt;def-root&gt;The &lt;fen&gt;State&lt;/fen&gt; is the abstract noun that describes a more lasting experience by the &lt;fen&gt;Experiencer&lt;/fen&gt;.

&lt;/def-root&gt;</definition>
    </FE>
    <FE bgColor="A52A2A" fgColor="FFFFFF" coreType="Core" cBy="MJE" cDate="01/17/2006 09:16:18 PST Tue" abbrev="Event" name="Event" ID="9860">
        <definition>&lt;def-root&gt;The &lt;fen&gt;Event&lt;/fen&gt; is the occasion or happening that &lt;fen&gt;Experiencer&lt;/fen&gt;s in a certain emotional state participate in. &lt;/def-root&gt;</definition>
        <semType name="State_of_affairs" ID="177"/>
    </FE>
    <FE bgColor="2E8B57" fgColor="FFFFFF" coreType="Peripheral" cBy="MJE" cDate="01/17/2006 09:16:18 PST Tue" abbrev="" name="Parameter" ID="9861">
        <definition>&lt;def-root&gt;The &lt;fen&gt;Parameter&lt;/fen&gt; is a domain in which the &lt;fen&gt;Experiencer&lt;/fen&gt; experiences the &lt;fen&gt;Stimulus&lt;/fen&gt;.&lt;/def-root&gt;</definition>
    </FE>
    <FE bgColor="FF00FF" fgColor="FFFFFF" coreType="Peripheral" cBy="MJE" cDate="01/17/2006 09:16:18 PST Tue" abbrev="" name="Manner" ID="9862">
        <definition>&lt;def-root&gt;Any description of the way in which the &lt;fen&gt;Experiencer&lt;/fen&gt; experiences the &lt;fen&gt;Stimulus&lt;/fen&gt; which is not covered by more specific FEs, including secondary effects (&lt;ment&gt;quietly, loudly&lt;/ment&gt;), and general descriptions comparing events (&lt;ment&gt;the same way&lt;/ment&gt;).  &lt;fen&gt;Manner&lt;/fen&gt; may also describe a state of the &lt;fen&gt;Experiencer&lt;/fen&gt; that affects the details of the emotional experience.
&lt;/def-root&gt;</definition>
        <semType name="Manner" ID="173"/>
    </FE>
    <FEcoreSet>
        <memberFE name="Experiencer" ID="9851"/>
        <memberFE name="Event" ID="9860"/>
        <memberFE name="State" ID="9859"/>
        <memberFE name="Expressor" ID="9856"/>
    </FEcoreSet>
    <FEcoreSet>
        <memberFE name="Stimulus" ID="9853"/>
        <memberFE name="Topic" ID="9852"/>
    </FEcoreSet>
    <frameRelation type="Inherits from">
        <relatedFrame ID="150">State</relatedFrame>
    </frameRelation>
    <frameRelation type="Is Inherited by">
        <relatedFrame ID="2042">Emotions_by_stimulus</relatedFrame>
    </frameRelation>
    <frameRelation type="Perspective on"/>
    <frameRelation type="Is Perspectivized in">
        <relatedFrame ID="48">Experiencer_focus</relatedFrame>
        <relatedFrame ID="364">Stimulus_focus</relatedFrame>
    </frameRelation>
    <frameRelation type="Uses"/>
    <frameRelation type="Is Used by">
        <relatedFrame ID="45">Emotion_active</relatedFrame>
        <relatedFrame ID="46">Emotion_directed</relatedFrame>
        <relatedFrame ID="49">Emotion_heat</relatedFrame>
        <relatedFrame ID="47">Experiencer_obj</relatedFrame>
        <relatedFrame ID="366">Desiring</relatedFrame>
        <relatedFrame ID="382">Contrition</relatedFrame>
        <relatedFrame ID="401">Forgiveness</relatedFrame>
        <relatedFrame ID="396">Feeling</relatedFrame>
        <relatedFrame ID="300">Predicament</relatedFrame>
        <relatedFrame ID="28">Judgment</relatedFrame>
        <relatedFrame ID="2713">Attitude_description</relatedFrame>
    </frameRelation>
    <frameRelation type="Subframe of"/>
    <frameRelation type="Has Subframe(s)"/>
    <frameRelation type="Precedes"/>
    <frameRelation type="Is Preceded by"/>
    <frameRelation type="Is Inchoative of"/>
    <frameRelation type="Is Causative of"/>
    <frameRelation type="See also"/>
</frame>