<?xml version="1.0" encoding="UTF-8" standalone="yes"?>
<?xml-stylesheet type="text/xsl" href="frame.xsl"?>
<frame cBy="ChW" cDate="02/07/2001 04:12:07 PST Wed" name="Emotion_heat" ID="49" xsi:schemaLocation="../schema/frame.xsd" xmlns="http://framenet.icsi.berkeley.edu" xmlns:xsi="http://www.w3.org/2001/XMLSchema-instance">
    <definition>&lt;def-root&gt;This frame contains verbs that describe emotional experiences and participate in the locative alternation, as in the following examples:
&lt;ex&gt;&lt;/ex&gt;
&lt;ex&gt; &lt;fex name="Expe"&gt;I&lt;/fex&gt; was &lt;t&gt;boiling&lt;/t&gt; &lt;fex name="Emo"&gt;with anger&lt;/fex&gt;.&lt;/ex&gt;
&lt;ex&gt;&lt;fex name="Emo"&gt;Anger&lt;/fex&gt; was &lt;t&gt;boiling&lt;/t&gt; &lt;fex name="sea"&gt;inside me&lt;/fex&gt;.&lt;/ex&gt;

 While these words might seem to be like support verbs for emotion nouns such as anger, the same verbs can be used in the absence of such nouns, as in:
&lt;ex&gt;&lt;/ex&gt;
&lt;ex&gt;&lt;fex name="Cause"&gt;His remarks&lt;/fex&gt; &lt;m&gt;made&lt;/m&gt; &lt;fex name="Expe"&gt;me&lt;/fex&gt; &lt;t&gt;boil&lt;/t&gt; &lt;fex name="sea"&gt;inside&lt;/fex&gt;.&lt;/ex&gt;
&lt;/def-root&gt;</definition>
    <semType name="Non-perspectivalized_frame" ID="52"/>
    <FE bgColor="FF0000" fgColor="FFFFFF" coreType="Core" cBy="ChW" cDate="02/07/2001 04:12:07 PST Wed" abbrev="Expe" name="Experiencer" ID="204">
        <definition>&lt;def-root&gt;The Experiencer is the individual that experiences the &lt;fen&gt;Emotion&lt;/fen&gt;.

&lt;ex&gt;&lt;fex name="Experiencer"&gt;Pat&lt;/fex&gt; &lt;t&gt;seethed&lt;/t&gt; with rage.&lt;/ex&gt;&lt;/def-root&gt;</definition>
        <semType name="Sentient" ID="5"/>
    </FE>
    <FE bgColor="800080" fgColor="FFFFFF" coreType="Core" cBy="ChW" cDate="02/07/2001 04:12:08 PST Wed" abbrev="Emo" name="Emotion" ID="205">
        <definition>&lt;def-root&gt;The Emotion experienced (usually restricted to words such as &lt;ment&gt;anger, fury, rage, passion&lt;/ment&gt;) can occur as the External Argument or in a PP Complement. Alternatively, there may be no expression of Emotion separate from the target verb: 

&lt;ex&gt;&lt;fex name="Emotion"&gt;Rage&lt;/fex&gt; &lt;t&gt;boiled&lt;/t&gt; inside him.&lt;/ex&gt; 

&lt;ex&gt;He &lt;t&gt;boiled&lt;/t&gt; &lt;fex name="Emotion"&gt;with rage&lt;/fex&gt;.&lt;/ex&gt;
&lt;ex&gt;Pat's behavior made me &lt;t&gt;seethe&lt;/t&gt;.&lt;/ex&gt;&lt;/def-root&gt;</definition>
    </FE>
    <FE bgColor="808080" fgColor="FFFFFF" coreType="Peripheral" cBy="ChW" cDate="02/07/2001 04:12:08 PST Wed" abbrev="Cause" name="Cause" ID="206">
        <definition>&lt;def-root&gt;The Cause of the Emotion can be expressed in a PP Complement headed by &lt;ment&gt;at&lt;/ment&gt;: &lt;ex&gt;Jo &lt;t&gt;burned&lt;/t&gt; with shame &lt;fex name="Cause"&gt;at the criticism&lt;/fex&gt;.&lt;/ex&gt;&lt;/def-root&gt;</definition>
    </FE>
    <FE bgColor="1E90FF" fgColor="FFFFFF" coreType="Core" cBy="ChW" cDate="02/07/2001 04:12:08 PST Wed" abbrev="sea" name="Seat_of_emotion" ID="207">
        <definition>&lt;def-root&gt;The words in this frame can occur with an overtly expressed Seat of the Emotion. This frame element occurs as a PP Complement: 

&lt;ex&gt;Fury &lt;t&gt;seethed&lt;/t&gt; &lt;fex name="sea"&gt;within her&lt;/fex&gt;.&lt;/ex&gt;
&lt;ex&gt;I was &lt;t&gt;seething&lt;/t&gt; &lt;fex name="sea"&gt;inside&lt;/fex&gt;.&lt;/ex&gt;&lt;/def-root&gt;</definition>
    </FE>
    <FE bgColor="FF69B4" fgColor="FFFFFF" coreType="Peripheral" cBy="MJE" cDate="09/18/2001 03:44:41 PDT Tue" abbrev="Degr" name="Degree" ID="1953">
        <definition>&lt;def-root&gt;Degree to which event occurs&lt;/def-root&gt;</definition>
        <semType name="Degree" ID="172"/>
    </FE>
    <FE bgColor="FF00FF" fgColor="FFFFFF" coreType="Peripheral" cBy="MJE" cDate="09/18/2001 03:44:41 PDT Tue" abbrev="Manr" name="Manner" ID="1954">
        <definition>&lt;def-root&gt;Manner of performing an action&lt;/def-root&gt;</definition>
        <semType name="Manner" ID="173"/>
    </FE>
    <FE bgColor="9F79EE" fgColor="FFFFFF" coreType="Peripheral" cBy="MJE" cDate="09/18/2001 03:54:23 PDT Tue" abbrev="Top" name="Topic" ID="1958">
        <definition>&lt;def-root&gt;Topic is the entity that the proposition or propositions conveyed relate to, that they are about. Had someone &lt;t&gt;communicated&lt;/t&gt; to the capital &lt;fex name="Topic"&gt;about the flagrant disregard of the religious law&lt;/fex&gt; ? &lt;/def-root&gt;</definition>
    </FE>
    <FE bgColor="00008B" fgColor="FFFFFF" coreType="Peripheral" cBy="ACW" cDate="08/21/2002 10:09:52 PDT Wed" abbrev="Expr" name="Expression" ID="3594">
        <definition>&lt;def-root&gt;The &lt;fen&gt;Expression&lt;/fen&gt; is the words or behavior through which the &lt;fen&gt;Emotion&lt;/fen&gt; is expressed. &lt;ex&gt;&lt;fex name="Emotion"&gt;Anger&lt;/fex&gt; &lt;t&gt;boiled&lt;/t&gt; &lt;fex name="Expression"&gt;in every word she said&lt;/fex&gt;.&lt;/ex&gt;&lt;/def-root&gt;</definition>
    </FE>
    <FEcoreSet>
        <memberFE name="Experiencer" ID="204"/>
        <memberFE name="Seat_of_emotion" ID="207"/>
    </FEcoreSet>
    <frameRelation type="Inherits from"/>
    <frameRelation type="Is Inherited by"/>
    <frameRelation type="Perspective on"/>
    <frameRelation type="Is Perspectivized in"/>
    <frameRelation type="Uses">
        <relatedFrame ID="1712">Emotions</relatedFrame>
    </frameRelation>
    <frameRelation type="Is Used by"/>
    <frameRelation type="Subframe of"/>
    <frameRelation type="Has Subframe(s)"/>
    <frameRelation type="Precedes"/>
    <frameRelation type="Is Preceded by"/>
    <frameRelation type="Is Inchoative of"/>
    <frameRelation type="Is Causative of"/>
    <frameRelation type="See also"/>
    <lexUnit status="FN1_Sent" POS="V" name="boil.v" ID="891" lemmaID="4063" cBy="ChW" cDate="02/08/2001 01:28:51 PST Thu">
        <definition>COD: (of a person or emotion) be stirred up or inflamed.</definition>
        <sentenceCount annotated="12" total="139"/>
        <lexeme order="1" headword="false" breakBefore="false" POS="V" name="boil"/>
    </lexUnit>
    <lexUnit status="FN1_Sent" POS="V" name="burn.v" ID="892" lemmaID="4988" cBy="ChW" cDate="02/08/2001 01:28:51 PST Thu">
        <definition>COD: be entirely possessed by (a desire or emotion).</definition>
        <sentenceCount annotated="15" total="206"/>
        <lexeme order="1" headword="false" breakBefore="false" POS="V" name="burn"/>
    </lexUnit>
    <lexUnit status="FN1_Sent" POS="V" name="chafe.v" ID="893" lemmaID="5979" cBy="ChW" cDate="02/08/2001 01:28:51 PST Thu">
        <definition>COD: become annoyed or impatient because of a restriction or inconvenience</definition>
        <sentenceCount annotated="8" total="50"/>
        <lexeme order="1" headword="false" breakBefore="false" POS="V" name="chafe"/>
    </lexUnit>
    <lexUnit status="FN1_Sent" POS="V" name="fume.v" ID="894" lemmaID="15670" cBy="ChW" cDate="02/08/2001 01:28:52 PST Thu">
        <definition>COD: feel great anger.</definition>
        <sentenceCount annotated="19" total="108"/>
        <lexeme order="1" headword="false" breakBefore="false" POS="V" name="fume"/>
    </lexUnit>
    <lexUnit status="FN1_Sent" POS="V" name="seethe.v" ID="895" lemmaID="34866" cBy="ChW" cDate="02/08/2001 01:28:52 PST Thu">
        <definition>COD: be filled with intense but unexpressed anger.</definition>
        <sentenceCount annotated="21" total="82"/>
        <lexeme order="1" headword="false" breakBefore="false" POS="V" name="seethe"/>
    </lexUnit>
    <lexUnit status="FN1_Sent" POS="V" name="simmer.v" ID="896" lemmaID="35940" cBy="ChW" cDate="02/08/2001 01:28:52 PST Thu">
        <definition>COD: be in a state of suppressed anger or excitement. </definition>
        <sentenceCount annotated="18" total="128"/>
        <lexeme order="1" headword="false" breakBefore="false" POS="V" name="simmer"/>
    </lexUnit>
    <lexUnit status="FN1_Sent" POS="V" name="smoulder.v" ID="897" lemmaID="52" cBy="ChW" cDate="02/08/2001 01:28:52 PST Thu">
        <definition>COD: (with reference to an intense feeling) express or be expressed in a barely suppressed state. </definition>
        <sentenceCount annotated="17" total="85"/>
        <lexeme order="1" headword="false" breakBefore="false" POS="V" name="smolder"/>
    </lexUnit>
    <lexUnit status="FN1_Sent" POS="V" name="stew.v" ID="898" lemmaID="38017" cBy="ChW" cDate="02/08/2001 01:28:52 PST Thu">
        <definition>COD: remain in an anxious or agitated state</definition>
        <sentenceCount annotated="6" total="57"/>
        <lexeme order="1" headword="false" breakBefore="false" POS="V" name="stew"/>
    </lexUnit>
</frame>