<?xml version="1.0" encoding="UTF-8" standalone="yes"?>
<?xml-stylesheet type="text/xsl" href="frame.xsl"?>
<frame cBy="ChW" cDate="02/07/2001 04:12:13 PST Wed" name="Emptying" ID="58" xsi:schemaLocation="../schema/frame.xsd" xmlns="http://framenet.icsi.berkeley.edu" xmlns:xsi="http://www.w3.org/2001/XMLSchema-instance">
    <definition>&lt;def-root&gt;These are words relating to emptying containers and clearing areas of some substance or items. The area or container can appear as the direct object with all these verbs, and is designated  &lt;fen&gt;Source&lt;/fen&gt; because it is the source of motion of the &lt;fen&gt;Theme&lt;/fen&gt;. Corresponding to its nuclear argument status, it is also affected in some crucial way, unlike &lt;fen&gt;Source&lt;/fen&gt; in other frames. Some words in this frame, such as &lt;ment&gt;empty&lt;/ment&gt;, may also occur with &lt;fen&gt;Path&lt;/fen&gt; or &lt;fen&gt;Goal&lt;/fen&gt; expressions, e.g.

&lt;ex&gt;&lt;fex name="Agent"&gt;The players&lt;/fex&gt; &lt;t&gt;emptied&lt;/t&gt; &lt;fex name="Source"&gt;the bucket&lt;/fex&gt; &lt;fex name="Path"&gt;over his head&lt;/fex&gt;. &lt;/ex&gt;&lt;/def-root&gt;</definition>
    <FE bgColor="FF0000" fgColor="FFFFFF" coreType="Core" cBy="ChW" cDate="02/07/2001 04:12:13 PST Wed" abbrev="Agt" name="Agent" ID="248">
        <definition>&lt;def-root&gt;The &lt;fen&gt;Agent&lt;/fen&gt; is the entity that does the emptying. 
&lt;ex&gt;&lt;fex name="Agent"&gt;Pat&lt;/fex&gt; &lt;t&gt;cleared&lt;/t&gt; the table of dishes.&lt;/ex&gt;&lt;/def-root&gt;</definition>
        <semType name="Sentient" ID="5"/>
    </FE>
    <FE bgColor="800080" fgColor="FFFFFF" coreType="Core" cBy="ChW" cDate="02/07/2001 04:12:13 PST Wed" abbrev="Thm" name="Theme" ID="249">
        <definition>&lt;def-root&gt;The &lt;fen&gt;Theme&lt;/fen&gt;, when overtly expressed, invariably occurs in a PP Complement headed by "of".
&lt;ex&gt;Pat &lt;t&gt;cleared&lt;/t&gt; the table &lt;fex name="Thm"&gt;of dishes&lt;/fex&gt;.&lt;/ex&gt; &lt;/def-root&gt;</definition>
        <semType name="Physical_object" ID="68"/>
    </FE>
    <FE bgColor="006400" fgColor="FFFFFF" coreType="Core" cBy="ChW" cDate="02/07/2001 04:12:13 PST Wed" abbrev="Src" name="Source" ID="250">
        <definition>&lt;def-root&gt;The &lt;fen&gt;Source&lt;/fen&gt; is the region or container which is emptied of something.  In this frame, the &lt;fen&gt;Source&lt;/fen&gt; occurs as an NP Object. &lt;ex&gt;Pat &lt;t&gt;cleared&lt;/t&gt; &lt;fex name="Src"&gt;the table&lt;/fex&gt;.&lt;/ex&gt; &lt;/def-root&gt;</definition>
        <semType name="Source" ID="151"/>
    </FE>
    <FE bgColor="0000FF" fgColor="FFFFFF" coreType="Peripheral" cBy="ChW" cDate="02/07/2001 04:12:13 PST Wed" abbrev="Path" name="Path" ID="251">
        <definition>&lt;def-root&gt;The &lt;fen&gt;Path&lt;/fen&gt; is any description of a trajectory of motion which is neither a &lt;fen&gt;Source&lt;/fen&gt; nor a &lt;fen&gt;Goal&lt;/fen&gt;.
&lt;ex&gt;Kim &lt;t&gt;emptied&lt;/t&gt; the basin &lt;fex name="Path"&gt;over the edge of the balcony&lt;/fex&gt;.&lt;/ex&gt; &lt;/def-root&gt;</definition>
    </FE>
    <FE bgColor="00BFFF" fgColor="FFFFFF" coreType="Peripheral" cBy="ChW" cDate="02/07/2001 04:12:13 PST Wed" abbrev="Goal" name="Goal" ID="252">
        <definition>&lt;def-root&gt;The &lt;fen&gt;Goal&lt;/fen&gt; is any expression which tells where the &lt;fen&gt;Theme&lt;/fen&gt; ends up, or would end up, as a result of the motion.
&lt;ex&gt;The children &lt;t&gt;emptied&lt;/t&gt; the toy box &lt;fex name="Goal"&gt;onto the floor&lt;/fex&gt;.&lt;/ex&gt;&lt;/def-root&gt;</definition>
        <semType name="Goal" ID="153"/>
    </FE>
    <FE bgColor="FF69B4" fgColor="FFFFFF" coreType="Peripheral" cBy="Tess" cDate="06/05/2001 11:42:58 PDT Tue" abbrev="Degr" name="Degree" ID="723">
        <definition>&lt;def-root&gt;The &lt;fen&gt;Degree&lt;/fen&gt; to which the &lt;fen&gt;Agent&lt;/fen&gt; empties the &lt;fen&gt;Source&lt;/fen&gt;.&lt;/def-root&gt;</definition>
        <semType name="Degree" ID="172"/>
    </FE>
    <FE bgColor="9400D3" fgColor="FFFFFF" coreType="Extra-Thematic" cBy="Tess" cDate="06/05/2001 11:42:58 PDT Tue" abbrev="Dep" name="Depictive" ID="725">
        <definition>&lt;def-root&gt;Depicitive phrase describing either the &lt;fen&gt;Agent&lt;/fen&gt; or &lt;fen&gt;Theme&lt;/fen&gt; of the emptying. &lt;ex&gt;&lt;fex name="Dep"&gt;Naked&lt;/fex&gt;, &lt;fex name="Agent"&gt;Millhouse&lt;/fex&gt; &lt;t&gt;emptied&lt;/t&gt; &lt;fex name="Source"&gt;the trash can&lt;/fex&gt;.&lt;/ex&gt;&lt;/def-root&gt;</definition>
    </FE>
    <FE bgColor="FF00FF" fgColor="FFFFFF" coreType="Peripheral" cBy="Tess" cDate="06/05/2001 11:42:58 PDT Tue" abbrev="Manr" name="Manner" ID="727">
        <definition>&lt;def-root&gt;The &lt;fen&gt;Manner&lt;/fen&gt; in which the &lt;fen&gt;Agent&lt;/fen&gt; empties the &lt;fen&gt;Source&lt;/fen&gt;.&lt;/def-root&gt;</definition>
        <semType name="Manner" ID="173"/>
    </FE>
    <FE bgColor="9F79EE" fgColor="FFFFFF" coreType="Peripheral" cBy="Tess" cDate="06/05/2001 11:42:58 PDT Tue" abbrev="Mns" name="Means" ID="728">
        <definition>&lt;def-root&gt;The &lt;fen&gt;Means&lt;/fen&gt; by which the &lt;fen&gt;Agent&lt;/fen&gt; empties the &lt;fen&gt;Source&lt;/fen&gt;.&lt;/def-root&gt;</definition>
        <semType name="State_of_affairs" ID="177"/>
    </FE>
    <FE bgColor="808080" fgColor="FFFFFF" coreType="Extra-Thematic" cBy="Tess" cDate="06/05/2001 11:42:58 PDT Tue" abbrev="Result" name="Result" ID="729">
        <definition>&lt;def-root&gt;The &lt;fen&gt;Result&lt;/fen&gt; of  the &lt;fen&gt;Agent&lt;/fen&gt; emptying the &lt;fen&gt;Source&lt;/fen&gt;.&lt;/def-root&gt;</definition>
    </FE>
    <FE bgColor="A52A2A" fgColor="FFFFFF" coreType="Peripheral" cBy="Shw" cDate="07/11/2001 03:15:57 PDT Wed" abbrev="Inst" name="Instrument" ID="1320">
        <definition>&lt;def-root&gt;This is the object with which the &lt;fen&gt;Agent&lt;/fen&gt; empties the &lt;fen&gt;Source&lt;/fen&gt;.
&lt;ex&gt;I &lt;t&gt;emptied&lt;/t&gt; the tub &lt;fex name="Inst"&gt;with a bucket&lt;/fex&gt;.&lt;/ex&gt;
&lt;ex&gt;I &lt;t&gt;peeled&lt;/t&gt; the oranges &lt;fex name="Inst"&gt;with a knife&lt;/fex&gt;.&lt;/ex&gt;&lt;/def-root&gt;</definition>
        <semType name="Physical_entity" ID="70"/>
    </FE>
    <FE bgColor="00008B" fgColor="FFFFFF" coreType="Core" cBy="ACW" cDate="08/19/2002 04:25:56 PDT Mon" abbrev="Cause" name="Cause" ID="3582">
        <definition>&lt;def-root&gt;The &lt;fen&gt;Cause&lt;/fen&gt; is the non-sentient force which instigates the emptying. &lt;ex&gt;&lt;fex name="Cause"&gt;A basic washing&lt;/fex&gt; can &lt;t&gt;degrease&lt;/t&gt; &lt;fex name="Source"&gt;your workclothes&lt;/fex&gt;.&lt;/ex&gt;&lt;/def-root&gt;</definition>
        <excludesFE name="Agent" ID="248"/>
    </FE>
    <FE bgColor="008000" fgColor="FFFFFF" coreType="Peripheral" cBy="MJE" cDate="02/02/2006 11:34:19 PST Thu" abbrev="pla" name="Place" ID="9898">
        <definition>&lt;def-root&gt;The location where the emptying takes place.

&lt;ex&gt;Don't &lt;t&gt;eviscerate&lt;/t&gt; him &lt;fex name="pla"&gt;in the house&lt;/fex&gt;!&lt;/ex&gt;&lt;/def-root&gt;</definition>
        <semType name="Locative_relation" ID="182"/>
    </FE>
    <FE bgColor="FFA500" fgColor="FFFFFF" coreType="Peripheral" cBy="MJE" cDate="02/02/2006 11:37:10 PST Thu" abbrev="tim" name="Time" ID="9899">
        <definition>&lt;def-root&gt;The time at which the emptying takes place.

&lt;ex&gt;The prisoners were &lt;t&gt;deloused&lt;/t&gt; &lt;fex name="tim"&gt;in June and August&lt;/fex&gt;.&lt;/ex&gt;&lt;/def-root&gt;</definition>
        <semType name="Time" ID="141"/>
    </FE>
    <FE bgColor="FFFF00" fgColor="000000" coreType="Extra-Thematic" cBy="KmG" cDate="04/25/2006 01:02:00 PDT Tue" abbrev="" name="Containing_event" ID="10056">
        <definition>&lt;def-root&gt;This FE denotes an event that occurs or state of affairs that holds at a time that includes the time during which the event or state of affairs reported by the target occurs and of which it is taken to be a part.&lt;/def-root&gt;</definition>
    </FE>
    <FE bgColor="1E90FF" fgColor="000000" coreType="Extra-Thematic" cBy="KmG" cDate="04/25/2006 01:10:44 PDT Tue" abbrev="" name="Explanation" ID="10057">
        <definition>&lt;def-root&gt;The Explanation denotes a proposition from which the main clause (headed by the target) logically follows. This often means that the Explanation causes the target's proposition, but not in all cases. &lt;/def-root&gt;</definition>
        <semType name="State_of_affairs" ID="177"/>
    </FE>
    <FE bgColor="EEE8AA" fgColor="000000" coreType="Extra-Thematic" cBy="KmG" cDate="04/27/2006 05:42:51 PDT Thu" abbrev="" name="Circumstances" ID="10064">
        <definition>&lt;def-root&gt;Circumstances describe the state of the world (at a particular time and place) which is specifically independent of the event itself and any of its participants. &lt;/def-root&gt;</definition>
    </FE>
    <FE bgColor="7FFF00" fgColor="00008B" coreType="Extra-Thematic" cBy="KmG" cDate="08/08/2007 12:54:34 PDT Wed" abbrev="" name="Purpose" ID="11955">
        <definition>&lt;def-root&gt;The reason why the &lt;fen&gt;Agent&lt;/fen&gt; empties the &lt;fen&gt;Source&lt;/fen&gt; of the &lt;fen&gt;Theme&lt;/fen&gt;. &lt;/def-root&gt;</definition>
    </FE>
    <frameRelation type="Inherits from">
        <relatedFrame ID="2301">Container_focused_removing</relatedFrame>
    </frameRelation>
    <frameRelation type="Is Inherited by"/>
    <frameRelation type="Perspective on"/>
    <frameRelation type="Is Perspectivized in"/>
    <frameRelation type="Uses"/>
    <frameRelation type="Is Used by"/>
    <frameRelation type="Subframe of"/>
    <frameRelation type="Has Subframe(s)"/>
    <frameRelation type="Precedes"/>
    <frameRelation type="Is Preceded by"/>
    <frameRelation type="Is Inchoative of"/>
    <frameRelation type="Is Causative of"/>
    <frameRelation type="See also">
        <relatedFrame ID="55">Cause_motion</relatedFrame>
    </frameRelation>
    <lexUnit status="FN1_Sent" POS="V" name="clear.v" ID="1002" lemmaID="6729" cBy="ChW" cDate="02/08/2001 01:29:01 PST Thu">
        <definition>COD: free of any obstructions or unwanted objects</definition>
        <sentenceCount annotated="33" total="277"/>
        <lexeme order="1" headword="false" breakBefore="false" POS="V" name="clear"/>
    </lexUnit>
    <lexUnit status="FN1_Sent" POS="V" name="drain.v" ID="1003" lemmaID="11688" cBy="ChW" cDate="02/08/2001 01:29:02 PST Thu">
        <definition>COD: cause the water or other liquid in (something) to run out, leaving it empty or dry.</definition>
        <sentenceCount annotated="33" total="217"/>
        <lexeme order="1" headword="false" breakBefore="false" POS="V" name="drain"/>
    </lexUnit>
    <lexUnit status="FN1_Sent" POS="V" name="empty.v" ID="1004" lemmaID="12643" cBy="ChW" cDate="02/08/2001 01:29:02 PST Thu">
        <definition>FN: make a location or container empty, remove the contents of a container</definition>
        <sentenceCount annotated="22" total="234"/>
        <lexeme order="1" headword="false" breakBefore="false" POS="V" name="empty"/>
    </lexUnit>
    <lexUnit status="FN1_Sent" POS="V" name="purge.v" ID="1005" lemmaID="31218" cBy="ChW" cDate="02/08/2001 01:29:02 PST Thu">
        <definition>FN: to free from impurities, cleanse, rid of unwanted things</definition>
        <sentenceCount annotated="18" total="130"/>
        <lexeme order="1" headword="false" breakBefore="false" POS="V" name="purge"/>
    </lexUnit>
    <lexUnit status="FN1_Sent" POS="V" name="strip.v" ID="1006" lemmaID="38367" cBy="ChW" cDate="02/08/2001 01:29:02 PST Thu">
        <definition>FN: remove of accessories or fittings</definition>
        <sentenceCount annotated="19" total="206"/>
        <lexeme order="1" headword="false" breakBefore="false" POS="V" name="strip"/>
    </lexUnit>
    <lexUnit status="Finished_Initial" POS="V" name="divest.v" ID="2477" lemmaID="44924" cBy="Tess" cDate="06/01/2001 05:29:57 PDT Fri">
        <definition>COD: deprive or dispossess someone or something of</definition>
        <sentenceCount annotated="11" total="79"/>
        <lexeme order="1" headword="false" breakBefore="false" POS="V" name="divest"/>
    </lexUnit>
    <lexUnit status="Finished_Initial" POS="V" name="rid.v" ID="2478" lemmaID="44925" cBy="Tess" cDate="06/01/2001 05:38:11 PDT Fri">
        <definition>COD: make someone or something free of (an unwanted thing)</definition>
        <sentenceCount annotated="10" total="108"/>
        <lexeme order="1" headword="false" breakBefore="false" POS="V" name="rid"/>
    </lexUnit>
    <lexUnit status="Finished_Initial" incorporatedFE="Theme" POS="V" name="disembowel.v" ID="2479" lemmaID="10935" cBy="Tess" cDate="06/01/2001 05:52:06 PDT Fri">
        <definition>COD: cut open and remove the internal organs of</definition>
        <sentenceCount annotated="10" total="14"/>
        <lexeme order="1" headword="false" breakBefore="false" POS="V" name="disembowel"/>
    </lexUnit>
    <lexUnit status="Finished_Initial" incorporatedFE="Theme" POS="V" name="skin.v" ID="2480" lemmaID="36153" cBy="Tess" cDate="06/01/2001 05:55:04 PDT Fri">
        <definition>COD: remove the skin from</definition>
        <sentenceCount annotated="13" total="48"/>
        <lexeme order="1" headword="false" breakBefore="false" POS="V" name="skin"/>
    </lexUnit>
    <lexUnit status="Finished_Initial" incorporatedFE="Theme" POS="V" name="core.v" ID="2481" lemmaID="8359" cBy="Tess" cDate="06/01/2001 06:04:05 PDT Fri">
        <definition>COD: remove the core from (a fruit)</definition>
        <sentenceCount annotated="8" total="101"/>
        <lexeme order="1" headword="false" breakBefore="false" POS="V" name="core"/>
    </lexUnit>
    <lexUnit status="Finished_Initial" incorporatedFE="Theme" POS="V" name="peel.v" ID="2482" lemmaID="28243" cBy="Tess" cDate="06/01/2001 06:07:50 PDT Fri">
        <definition>COD: remove the outer covering or skin from (a fruit, vegetable, etc.)</definition>
        <sentenceCount annotated="28" total="164"/>
        <lexeme order="1" headword="false" breakBefore="false" POS="V" name="peel"/>
    </lexUnit>
    <lexUnit status="Finished_Initial" POS="V" name="gut.v" ID="2483" lemmaID="17114" cBy="Tess" cDate="06/01/2001 06:19:50 PDT Fri">
        <definition>COD: remove or destroy the internal parts of</definition>
        <sentenceCount annotated="24" total="115"/>
        <lexeme order="1" headword="false" breakBefore="false" POS="V" name="gut"/>
    </lexUnit>
    <lexUnit status="Finished_Initial" incorporatedFE="Theme" POS="V" name="bone.v" ID="2485" lemmaID="4119" cBy="Tess" cDate="06/02/2001 03:35:37 PDT Sat">
        <definition>COD: remove the bones from (meat or fish) before cooking</definition>
        <sentenceCount annotated="5" total="26"/>
        <lexeme order="1" headword="false" breakBefore="false" POS="V" name="bone"/>
    </lexUnit>
    <lexUnit status="Finished_Initial" incorporatedFE="Theme" POS="V" name="debug.v" ID="2593" lemmaID="9734" cBy="Tess" cDate="06/10/2001 09:58:49 PDT Sun">
        <definition>FN: remove a bug from; generally used metaphorically concerning incorrect computer code or concealed listening devices.</definition>
        <sentenceCount annotated="5" total="23"/>
        <lexeme order="1" headword="false" breakBefore="false" POS="V" name="debug"/>
    </lexUnit>
    <lexUnit status="Finished_Initial" incorporatedFE="Theme" POS="V" name="deforest.v" ID="2594" lemmaID="9959" cBy="Tess" cDate="06/10/2001 10:08:56 PDT Sun">
        <definition>COD: clear of forest or trees</definition>
        <sentenceCount annotated="4" total="5"/>
        <lexeme order="1" headword="false" breakBefore="false" POS="V" name="deforest"/>
    </lexUnit>
    <lexUnit status="Needs_SCs" incorporatedFE="Theme" POS="V" name="degrease.v" ID="2595" lemmaID="44936" cBy="Tess" cDate="06/10/2001 10:12:04 PDT Sun">
        <definition>FN: remove grease from</definition>
        <sentenceCount annotated="3" total="5"/>
        <lexeme order="1" headword="false" breakBefore="false" POS="V" name="degrease"/>
    </lexUnit>
    <lexUnit status="Add_Annotation" incorporatedFE="Theme" POS="V" name="descale.v" ID="2596" lemmaID="10310" cBy="Tess" cDate="06/10/2001 10:15:18 PDT Sun">
        <definition>COD: remove deposits of scale from</definition>
        <sentenceCount annotated="1" total="16"/>
        <lexeme order="1" headword="false" breakBefore="false" POS="V" name="descale"/>
    </lexUnit>
    <lexUnit status="Finished_Initial" incorporatedFE="Theme" POS="V" name="scalp.v" ID="2597" lemmaID="34307" cBy="Tess" cDate="06/10/2001 05:58:52 PDT Sun">
        <definition>COD: take the scalp of (an enemy)</definition>
        <sentenceCount annotated="5" total="26"/>
        <lexeme order="1" headword="false" breakBefore="false" POS="V" name="scalp"/>
    </lexUnit>
    <lexUnit status="Finished_Initial" incorporatedFE="Theme" POS="V" name="defrost.v" ID="2658" lemmaID="9970" cBy="JKR" cDate="06/16/2001 04:33:11 PDT Sat">
        <definition>COD: make or become free of accumulated ice</definition>
        <sentenceCount annotated="11" total="35"/>
        <lexeme order="1" headword="false" breakBefore="false" POS="V" name="defrost"/>
    </lexUnit>
    <lexUnit status="Needs_SCs" incorporatedFE="Theme" POS="V" name="delouse.v" ID="3871" lemmaID="10063" cBy="JKR" cDate="08/31/2001 12:12:46 PDT Fri">
        <definition>FN: clear of lice </definition>
        <sentenceCount annotated="3" total="4"/>
        <lexeme order="1" headword="false" breakBefore="false" POS="V" name="delouse"/>
    </lexUnit>
    <lexUnit status="Needs_SCs" POS="V" name="eviscerate.v" ID="4088" lemmaID="13301" cBy="JKR" cDate="09/21/2001 05:35:56 PDT Fri">
        <definition>COD: disembowel.</definition>
        <sentenceCount annotated="2" total="5"/>
        <lexeme order="1" headword="false" breakBefore="false" POS="V" name="eviscerate"/>
    </lexUnit>
    <lexUnit status="Finished_Initial" POS="V" name="denude.v" ID="4089" lemmaID="10194" cBy="JKR" cDate="09/21/2001 05:37:31 PDT Fri">
        <definition>COD: strip of covering or possessions; make bare</definition>
        <sentenceCount annotated="7" total="29"/>
        <lexeme order="1" headword="false" breakBefore="false" POS="V" name="denude"/>
    </lexUnit>
    <lexUnit status="Finished_Initial" POS="V" name="unload.v" ID="4149" lemmaID="42247" cBy="JKR" cDate="10/03/2001 02:35:20 PDT Wed">
        <definition>COD: remove a load from.</definition>
        <sentenceCount annotated="9" total="171"/>
        <lexeme order="1" headword="false" breakBefore="false" POS="V" name="unload"/>
    </lexUnit>
    <lexUnit status="Finished_Initial" POS="N" name="emptying.n" ID="4151" lemmaID="45234" cBy="JKR" cDate="10/03/2001 03:08:40 PDT Wed">
        <definition>FN: the act of emptying</definition>
        <sentenceCount annotated="8" total="48"/>
        <lexeme order="1" headword="false" breakBefore="false" POS="N" name="emptying"/>
    </lexUnit>
    <lexUnit status="Insufficient_Attestations" POS="V" name="expurgate.v" ID="4152" lemmaID="13617" cBy="JKR" cDate="10/03/2001 03:22:49 PDT Wed">
        <definition>FN: to rid (a text of account) of matter regarded as obscene or unsuitable </definition>
        <sentenceCount annotated="0" total="3"/>
        <lexeme order="1" headword="false" breakBefore="false" POS="V" name="expurgate"/>
    </lexUnit>
    <lexUnit status="Insufficient_Attestations" POS="V" name="void.v" ID="6267" lemmaID="43206" cBy="ACW" cDate="06/27/2002 12:32:42 PDT Thu">
        <definition>COD: empty or evacuate (a container or space)</definition>
        <sentenceCount annotated="2" total="33"/>
        <lexeme order="1" headword="false" breakBefore="false" POS="V" name="void"/>
    </lexUnit>
    <lexUnit status="Finished_Initial" POS="V" name="evacuate.v" ID="9471" lemmaID="13225" cBy="RLG" cDate="09/15/2003 10:05:52 PDT Mon">
        <definition>FN: empty a container (particularly, a building of people, to ensure safety)</definition>
        <sentenceCount annotated="6" total="6"/>
        <lexeme order="1" headword="false" breakBefore="false" POS="V" name="evacuate"/>
    </lexUnit>
    <lexUnit status="Created" POS="V" name="debone.v" ID="13108" lemmaID="9728" cBy="MJE" cDate="02/02/2006 11:40:33 PST Thu">
        <definition>FN: remove the bones from.</definition>
        <sentenceCount annotated="0" total="0"/>
        <lexeme order="1" headword="false" breakBefore="false" POS="V" name="debone"/>
    </lexUnit>
    <lexUnit status="Created" incorporatedFE="Theme" POS="V" name="devein.v" ID="13110" lemmaID="50340" cBy="RLG" cDate="03/14/2006 04:57:30 PST Tue">
        <definition>FN: remove the dark dorsal vein (of shrimp)</definition>
        <sentenceCount annotated="0" total="0"/>
        <lexeme order="1" headword="true" breakBefore="false" POS="V" name="devein"/>
    </lexUnit>
    <lexUnit status="Finished_Initial" incorporatedFE="Theme" POS="V" name="disarm.v" ID="13111" lemmaID="10808" cBy="RLG" cDate="03/14/2006 04:58:07 PST Tue">
        <definition>FN: take a weapon or weapons away from.</definition>
        <sentenceCount annotated="44" total="334"/>
        <lexeme order="1" headword="false" breakBefore="false" POS="V" name="disarm"/>
    </lexUnit>
    <lexUnit status="Finished_Initial" incorporatedFE="Theme" POS="N" name="disarmament.n" ID="13112" lemmaID="10809" cBy="RLG" cDate="03/14/2006 04:59:43 PST Tue">
        <definition>FN: the act of causing an individual (organization, nation, etc.) to disarm themselves.</definition>
        <sentenceCount annotated="40" total="443"/>
        <lexeme order="1" headword="false" breakBefore="false" POS="N" name="disarmament"/>
    </lexUnit>
    <lexUnit status="Add_Annotation" POS="V" name="decontaminate.v" ID="13213" lemmaID="9834" cBy="RLG" cDate="06/06/2006 01:48:50 PDT Tue">
        <definition>COD: remove dangerous substances from.</definition>
        <sentenceCount annotated="1" total="7"/>
        <lexeme order="1" headword="false" breakBefore="false" POS="V" name="decontaminate"/>
    </lexUnit>
    <lexUnit status="Created" POS="N" name="decontamination.n" ID="13214" lemmaID="9835" cBy="RLG" cDate="06/06/2006 01:49:06 PDT Tue">
        <definition>FN: the act of removing harmful, often toxic, substances from something.</definition>
        <sentenceCount annotated="1" total="1"/>
        <lexeme order="1" headword="false" breakBefore="false" POS="N" name="decontamination"/>
    </lexUnit>
    <lexUnit status="Finished_Initial" POS="V" name="cleanse.v" ID="13652" lemmaID="6724" cBy="RLG" cDate="11/02/2006 01:04:55 PST Thu">
        <definition>FN: empty of something, as if to clean.</definition>
        <sentenceCount annotated="10" total="110"/>
        <lexeme order="1" headword="false" breakBefore="false" POS="V" name="cleanse"/>
    </lexUnit>
    <lexUnit status="Created" POS="V" name="pit.v" ID="14827" lemmaID="29137" cBy="JKs" cDate="03/05/2008 12:41:12 PST Wed">
        <definition>FN: remove the pit, typically from some kind of fruit</definition>
        <sentenceCount annotated="0" total="0"/>
        <lexeme order="1" headword="false" breakBefore="false" POS="V" name="pit"/>
    </lexUnit>
    <lexUnit status="Created" POS="V" name="seed.v" ID="14828" lemmaID="34840" cBy="JKs" cDate="03/05/2008 12:44:30 PST Wed">
        <definition>FN: remove the seed of something, typically a fruit</definition>
        <sentenceCount annotated="0" total="0"/>
        <lexeme order="1" headword="false" breakBefore="false" POS="V" name="seed"/>
    </lexUnit>
    <lexUnit status="Created" POS="V" name="stone.v" ID="14829" lemmaID="38159" cBy="JKs" cDate="03/05/2008 12:44:52 PST Wed">
        <definition>FN: remove the stone of something, typically a stone-fruit</definition>
        <sentenceCount annotated="0" total="0"/>
        <lexeme order="1" headword="false" breakBefore="false" POS="V" name="stone"/>
    </lexUnit>
    <lexUnit status="Created" POS="V" name="stalk.v" ID="14830" lemmaID="37751" cBy="JKs" cDate="03/05/2008 12:46:16 PST Wed">
        <definition>FN: remove the stalk of something, typically a vegetable</definition>
        <sentenceCount annotated="0" total="0"/>
        <lexeme order="1" headword="false" breakBefore="false" POS="V" name="stalk"/>
    </lexUnit>
    <lexUnit status="Needs_SCs" POS="V" name="flush.v" ID="15631" lemmaID="14841" cBy="RLG" cDate="02/17/2010 10:48:48 PST Wed">
        <definition>FN: clear of dirt, debris, etc., by running through with a fluid.</definition>
        <sentenceCount annotated="5" total="7"/>
        <lexeme order="1" headword="false" breakBefore="false" POS="V" name="flush"/>
    </lexUnit>
    <lexUnit status="Created" POS="V" name="expunge.v" ID="15633" lemmaID="13616" cBy="RLG" cDate="02/17/2010 10:54:05 PST Wed">
        <definition>FN: completely clear of all traces of something.</definition>
        <sentenceCount annotated="0" total="0"/>
        <lexeme order="1" headword="false" breakBefore="false" POS="V" name="expunge"/>
    </lexUnit>
    <lexUnit status="Created" POS="V" name="weed.v" ID="15780" lemmaID="43686" cBy="RLG" cDate="04/19/2010 11:22:50 PDT Mon">
        <definition>FN: remove weeds (or, metaphorically, undesired elements) from.</definition>
        <sentenceCount annotated="0" total="0"/>
        <lexeme order="1" headword="false" breakBefore="false" POS="V" name="weed"/>
    </lexUnit>
</frame>