<?xml version="1.0" encoding="UTF-8" standalone="yes"?>
<?xml-stylesheet type="text/xsl" href="frame.xsl"?>
<frame cBy="AnW" cDate="03/09/2010 04:17:13 PST Tue" name="Encounter" ID="2249" xsi:schemaLocation="../schema/frame.xsd" xmlns="http://framenet.icsi.berkeley.edu" xmlns:xsi="http://www.w3.org/2001/XMLSchema-instance">
    <definition>&lt;def-root&gt;This frame describes &lt;fen&gt;Individuals&lt;/fen&gt; who unintentionally come together to form a &lt;fen&gt;Group&lt;/fen&gt;.  Alternatively, a grammatically more prominent &lt;fen&gt;Party_1&lt;/fen&gt; meets by chance a &lt;fen&gt;Party_2&lt;/fen&gt;, expressed as an oblique phrase.

&lt;ex&gt;&lt;/ex&gt;
&lt;ex&gt;&lt;fex name="Party_1"&gt;I&lt;/fex&gt; &lt;t&gt;encountered&lt;/t&gt; &lt;fex name="Party_2"&gt;Jim&lt;/fex&gt; &lt;fex name="Means"&gt;on my way to class&lt;/fex&gt;.&lt;/ex&gt;
&lt;/def-root&gt;</definition>
    <FE bgColor="0000FF" fgColor="FFFFFF" coreType="Core" cBy="AnW" cDate="03/09/2010 04:27:59 PST Tue" abbrev="gr" name="Group" ID="13721">
        <definition>&lt;def-root&gt;The &lt;fen&gt;Group&lt;/fen&gt; describes the resulting formation of the &lt;fen&gt;Individuals&lt;/fen&gt;.&lt;/def-root&gt;</definition>
    </FE>
    <FE bgColor="FF0000" fgColor="FFFFFF" coreType="Core" cBy="AnW" cDate="03/09/2010 04:28:18 PST Tue" abbrev="ind" name="Individuals" ID="13722">
        <definition>&lt;def-root&gt;The &lt;fen&gt;Individuals&lt;/fen&gt; are self-movers who unintentionally meet up.&lt;/def-root&gt;</definition>
    </FE>
    <FE bgColor="800080" fgColor="FFFFFF" coreType="Core" cBy="AnW" cDate="03/09/2010 04:28:30 PST Tue" abbrev="p1" name="Party_1" ID="13723">
        <definition>&lt;def-root&gt;&lt;fen&gt;Party_1&lt;/fen&gt; is the grammatically more prominent participant in the encountering event.  It can refer to either a single individual or a larger party separate from &lt;fen&gt;Party_2&lt;/fen&gt; previous to the by chance meeting.&lt;/def-root&gt;</definition>
    </FE>
    <FE bgColor="008000" fgColor="FFFFFF" coreType="Core" cBy="AnW" cDate="03/09/2010 04:28:44 PST Tue" abbrev="p2" name="Party_2" ID="13724">
        <definition>&lt;def-root&gt;A grammatically less prominent participant in the encountering event.  It can refer to either a single individual or a larger party separate from &lt;fen&gt;Party_1&lt;/fen&gt; previous to the by chance meeting.&lt;/def-root&gt;</definition>
    </FE>
    <FE bgColor="FFFF00" fgColor="000000" coreType="Peripheral" cBy="AnW" cDate="03/10/2010 02:12:33 PST Wed" abbrev="" name="Manner" ID="13726">
        <definition>&lt;def-root&gt;Any description of the unintentional meeting which is not covered by more specific FEs, including secondary effects and general descriptions comparing events In addition, it may indicate salient characteristics of the &lt;fen&gt;Individuals&lt;/fen&gt; or &lt;fen&gt;Group&lt;/fen&gt; that also affect the action.&lt;/def-root&gt;</definition>
        <semType name="Manner" ID="173"/>
    </FE>
    <FE bgColor="1E90FF" fgColor="FFFFFF" coreType="Peripheral" cBy="AnW" cDate="03/10/2010 02:16:10 PST Wed" abbrev="" name="Means" ID="13727">
        <definition>&lt;def-root&gt;The &lt;fen&gt;Means&lt;/fen&gt; descibes the way in which the &lt;fen&gt;Individuals&lt;/fen&gt; came together to form the &lt;fen&gt;Group&lt;/fen&gt;.&lt;/def-root&gt;</definition>
        <semType name="State_of_affairs" ID="177"/>
    </FE>
    <FE bgColor="A52A2A" fgColor="FFFFFF" coreType="Peripheral" cBy="AnW" cDate="03/10/2010 02:17:23 PST Wed" abbrev="" name="Time" ID="13728">
        <definition>&lt;def-root&gt;The &lt;fen&gt;Time&lt;/fen&gt; when the encountering event happens.&lt;/def-root&gt;</definition>
        <semType name="Time" ID="141"/>
    </FE>
    <FE bgColor="FF00FF" fgColor="FFFFFF" coreType="Peripheral" cBy="AnW" cDate="03/10/2010 02:17:59 PST Wed" abbrev="" name="Place" ID="13729">
        <definition>&lt;def-root&gt;The &lt;fen&gt;Place&lt;/fen&gt; where the encountering event happens.&lt;/def-root&gt;</definition>
        <semType name="Locative_relation" ID="182"/>
    </FE>
    <frameRelation type="Inherits from">
        <relatedFrame ID="730">Come_together</relatedFrame>
    </frameRelation>
    <frameRelation type="Is Inherited by"/>
    <frameRelation type="Perspective on"/>
    <frameRelation type="Is Perspectivized in"/>
    <frameRelation type="Uses"/>
    <frameRelation type="Is Used by"/>
    <frameRelation type="Subframe of"/>
    <frameRelation type="Has Subframe(s)"/>
    <frameRelation type="Precedes"/>
    <frameRelation type="Is Preceded by"/>
    <frameRelation type="Is Inchoative of"/>
    <frameRelation type="Is Causative of"/>
    <frameRelation type="See also"/>
    <lexUnit status="Needs_SCs" POS="V" name="encounter.v" ID="15692" lemmaID="12697" cBy="AnW" cDate="03/09/2010 04:30:04 PST Tue">
        <definition>FN: to unexpectedly come upon or meet with (someone)</definition>
        <sentenceCount annotated="1" total="147"/>
        <lexeme order="1" headword="false" breakBefore="false" POS="V" name="encounter"/>
    </lexUnit>
    <lexUnit status="Created" POS="V" name="stumble.v" ID="15693" lemmaID="38444" cBy="AnW" cDate="03/09/2010 04:30:51 PST Tue">
        <definition>FN: to accidentally meet with (someone or something)</definition>
        <sentenceCount annotated="0" total="0"/>
        <lexeme order="1" headword="false" breakBefore="false" POS="V" name="stumble"/>
    </lexUnit>
</frame>