<?xml version="1.0" encoding="UTF-8" standalone="yes"?>
<?xml-stylesheet type="text/xsl" href="frame.xsl"?>
<frame cBy="ChW" cDate="02/07/2001 04:12:00 PST Wed" name="Encoding" ID="35" xsi:schemaLocation="../schema/frame.xsd" xmlns="http://framenet.icsi.berkeley.edu" xmlns:xsi="http://www.w3.org/2001/XMLSchema-instance">
    <definition>&lt;def-root&gt;A person (&lt;fen&gt;Speaker&lt;/fen&gt;) expresses a &lt;fen&gt;Message&lt;/fen&gt; or mental content, broadly understood, in a particular &lt;fen&gt;Manner&lt;/fen&gt;. The content may be emotional, as in &lt;ex&gt;&lt;fex name="Speaker"&gt;Humans&lt;/fex&gt; &lt;t&gt;express&lt;/t&gt; &lt;fex name="Message"&gt; feelings&lt;/fex&gt; &lt;fex name="Medium"&gt;through words&lt;/fex&gt;&lt;/ex&gt; intellectual, as in &lt;ex&gt;&lt;t&gt;Formulate&lt;/t&gt; &lt;fex name="Message"&gt;the idea&lt;/fex&gt; &lt;fex name="Manner"&gt;carefully&lt;/fex&gt;&lt;/ex&gt;  or linguistic, as in &lt;ex&gt;&lt;t&gt;Phrase&lt;/t&gt; &lt;fex name="Message"&gt;your question&lt;/fex&gt; &lt;fex name="Medium"&gt;as a comment&lt;/fex&gt;.&lt;/ex&gt;



&lt;/def-root&gt;</definition>
    <FE bgColor="FF0000" fgColor="FFFFFF" coreType="Core" cBy="ChW" cDate="02/07/2001 04:12:00 PST Wed" abbrev="Spkr" name="Speaker" ID="145">
        <definition>&lt;def-root&gt;&lt;fen&gt;Speaker&lt;/fen&gt;, the person who encodes the &lt;fen&gt;Message&lt;/fen&gt;, occurs as the External Argument of all the verbs: &lt;ex&gt;&lt;fex name="Spkr"&gt;The teacher&lt;/fex&gt; &lt;t&gt;phrased&lt;/t&gt; the question carefully.&lt;/ex&gt; &lt;/def-root&gt;</definition>
        <semType name="Sentient" ID="5"/>
    </FE>
    <FE bgColor="0000FF" fgColor="FFFFFF" coreType="Core" cBy="ChW" cDate="02/07/2001 04:12:00 PST Wed" abbrev="Msg" name="Message" ID="146">
        <definition>&lt;def-root&gt;The &lt;fen&gt;Message&lt;/fen&gt; is almost invariably expressed in an NP Object. (The only exceptions occur with the verb &lt;t&gt;express&lt;/t&gt;, which is occasionally used with that-clause complements.) &lt;ex&gt;The Prime Minister &lt;t&gt;expressed&lt;/t&gt; &lt;fex name="Msg"&gt;her sympathy for the victims&lt;/fex&gt;.&lt;/ex&gt; BUT:&lt;ex&gt;The Prime Minister &lt;t&gt;expressed&lt;/t&gt; &lt;fex name="Msg"&gt;that she was worried about the victims&lt;/fex&gt;.&lt;/ex&gt; &lt;/def-root&gt;</definition>
        <semType name="Message" ID="56"/>
    </FE>
    <FE bgColor="FF00FF" fgColor="FFFFFF" coreType="Core" cBy="ChW" cDate="02/07/2001 04:12:00 PST Wed" abbrev="Manr" name="Manner" ID="147">
        <definition>&lt;def-root&gt;For most of the words in this frame, some expression of &lt;fen&gt;Manner&lt;/fen&gt; or &lt;fen&gt;Medium&lt;/fen&gt; is obligatory. As in other frames, &lt;fen&gt;Manner&lt;/fen&gt; expressions characterize the action (in this case, the speech act performed by the &lt;fen&gt;Speaker&lt;/fen&gt;). However, a wide range of &lt;fen&gt;Manner&lt;/fen&gt; expressions occurs in this frame, including the following types: &lt;ex&gt;True Manner: You should &lt;t&gt;phrase&lt;/t&gt; it &lt;fex name="Manr"&gt;carefully&lt;/fex&gt;.&lt;/ex&gt; &lt;ex&gt;Illocutionary Force: You should &lt;t&gt;phrase&lt;/t&gt; it &lt;fex name="Manr"&gt;as a question&lt;/fex&gt;.&lt;/ex&gt; &lt;ex&gt;Purpose: You should &lt;t&gt;phrase&lt;/t&gt; it &lt;fex name="Manr"&gt;so that everyone understands&lt;/fex&gt;. &lt;/ex&gt;&lt;/def-root&gt;</definition>
        <semType name="Manner" ID="173"/>
    </FE>
    <FE bgColor="800080" fgColor="FFFFFF" coreType="Core" cBy="ChW" cDate="02/07/2001 04:12:01 PST Wed" abbrev="Medium" name="Medium" ID="148">
        <definition>&lt;def-root&gt;&lt;fen&gt;Medium&lt;/fen&gt; expresses the &lt;fen&gt;Medium&lt;/fen&gt; of communication, such as the language used or the specific type of text in which the &lt;fen&gt;Message&lt;/fen&gt; occurs:&lt;ex&gt;Kim &lt;t&gt;formulated&lt;/t&gt; her objections &lt;fex name="Medium"&gt;in French&lt;/fex&gt;.&lt;/ex&gt; &lt;ex&gt;Kim &lt;t&gt;formulated&lt;/t&gt; her objections &lt;fex name="Medium"&gt;in a letter&lt;/fex&gt;.&lt;/ex&gt; &lt;/def-root&gt;</definition>
    </FE>
    <FE bgColor="00008B" fgColor="FFFFFF" coreType="Peripheral" cBy="BoC" cDate="07/02/2001 09:37:51 PDT Mon" abbrev="Other" name="Addressee" ID="1235">
        <definition>&lt;def-root&gt;The &lt;fen&gt;Addressee&lt;/fen&gt; is the person to whom the communication is directed.&lt;/def-root&gt;</definition>
        <semType name="Sentient" ID="5"/>
    </FE>
    <FE bgColor="008000" fgColor="FFFFFF" coreType="Peripheral" cBy="MJE" cDate="07/17/2001 02:02:23 PDT Tue" abbrev="Mns" name="Means" ID="1459">
        <definition>&lt;def-root&gt;An act done by the &lt;fen&gt;Speaker&lt;/fen&gt; whereby they achieve the phrasing of the &lt;fen&gt;Message&lt;/fen&gt;.
&lt;ex&gt;He &lt;t&gt;worded&lt;/t&gt; his response with precision &lt;fex name="Mns"&gt;by consulting the relevant case law&lt;/fex&gt;.&lt;/ex&gt;&lt;/def-root&gt;</definition>
        <semType name="State_of_affairs" ID="177"/>
    </FE>
    <FEcoreSet>
        <memberFE name="Speaker" ID="145"/>
        <memberFE name="Medium" ID="148"/>
    </FEcoreSet>
    <frameRelation type="Inherits from"/>
    <frameRelation type="Is Inherited by"/>
    <frameRelation type="Perspective on"/>
    <frameRelation type="Is Perspectivized in"/>
    <frameRelation type="Uses">
        <relatedFrame ID="6">Communication</relatedFrame>
    </frameRelation>
    <frameRelation type="Is Used by"/>
    <frameRelation type="Subframe of"/>
    <frameRelation type="Has Subframe(s)"/>
    <frameRelation type="Precedes"/>
    <frameRelation type="Is Preceded by"/>
    <frameRelation type="Is Inchoative of"/>
    <frameRelation type="Is Causative of"/>
    <frameRelation type="See also"/>
    <lexUnit status="FN1_Sent" POS="V" name="couch.v" ID="523" lemmaID="8546" cBy="ChW" cDate="02/08/2001 01:28:16 PST Thu">
        <definition>COD: express in language of a specified style.</definition>
        <sentenceCount annotated="38" total="67"/>
        <lexeme order="1" headword="false" breakBefore="false" POS="V" name="couch"/>
    </lexUnit>
    <lexUnit status="FN1_Sent" POS="N" name="expression.n" ID="525" lemmaID="13601" cBy="ChW" cDate="02/08/2001 01:28:17 PST Thu">
        <definition>COD:  the action of expressing something</definition>
        <sentenceCount annotated="47" total="194"/>
        <lexeme order="1" headword="false" breakBefore="false" POS="N" name="expression"/>
    </lexUnit>
    <lexUnit status="Problem" POS="V" name="formulate.v" ID="526" lemmaID="15161" cBy="ChW" cDate="02/08/2001 01:28:17 PST Thu">
        <definition>COD: express (an idea) in a concise or systematic way.</definition>
        <sentenceCount annotated="47" total="190"/>
        <lexeme order="1" headword="false" breakBefore="false" POS="V" name="formulate"/>
    </lexUnit>
    <lexUnit status="FN1_Sent" POS="N" name="formulation.n" ID="527" lemmaID="15162" cBy="ChW" cDate="02/08/2001 01:28:17 PST Thu">
        <definition>COD: the action of formulating.</definition>
        <sentenceCount annotated="18" total="100"/>
        <lexeme order="1" headword="false" breakBefore="false" POS="N" name="formulation"/>
    </lexUnit>
    <lexUnit status="FN1_Sent" POS="V" name="frame.v" ID="528" lemmaID="15312" cBy="ChW" cDate="02/08/2001 01:28:17 PST Thu">
        <definition>COD: formulate.</definition>
        <sentenceCount annotated="24" total="176"/>
        <lexeme order="1" headword="false" breakBefore="false" POS="V" name="frame"/>
    </lexUnit>
    <lexUnit status="FN1_Sent" POS="V" name="phrase.v" ID="529" lemmaID="28846" cBy="ChW" cDate="02/08/2001 01:28:17 PST Thu">
        <definition>COD: put into a particular form of words.</definition>
        <sentenceCount annotated="39" total="113"/>
        <lexeme order="1" headword="false" breakBefore="false" POS="V" name="phrase"/>
    </lexUnit>
    <lexUnit status="Finished_Initial" POS="V" name="put.v" ID="530" lemmaID="31295" cBy="ChW" cDate="02/08/2001 01:28:18 PST Thu">
        <definition>COD: express in a particular way</definition>
        <sentenceCount annotated="14" total="429"/>
        <lexeme order="1" headword="false" breakBefore="false" POS="V" name="put"/>
    </lexUnit>
    <lexUnit status="FN1_Sent" POS="V" name="word.v" ID="532" lemmaID="44444" cBy="ChW" cDate="02/08/2001 01:28:18 PST Thu">
        <definition>COD: express in particular words.</definition>
        <sentenceCount annotated="29" total="67"/>
        <lexeme order="1" headword="false" breakBefore="false" POS="V" name="word"/>
    </lexUnit>
    <lexUnit status="FN1_Sent" POS="N" name="wording.n" ID="533" lemmaID="44450" cBy="ChW" cDate="02/08/2001 01:28:18 PST Thu">
        <definition>COD: the words used to express something; the way in which something is expressed.</definition>
        <sentenceCount annotated="17" total="112"/>
        <lexeme order="1" headword="false" breakBefore="false" POS="N" name="wording"/>
    </lexUnit>
    <lexUnit status="Finished_Initial" POS="N" name="phrasing.n" ID="7429" lemmaID="46116" cBy="JKR" cDate="09/06/2002 07:40:08 PDT Fri">
        <definition>FN: the way a text is formulated</definition>
        <sentenceCount annotated="11" total="45"/>
        <lexeme order="1" headword="false" breakBefore="false" POS="N" name="phrasing"/>
    </lexUnit>
    <lexUnit status="Created" incorporatedFE="Manner" POS="V" name="misword.v" ID="10421" lemmaID="49012" cBy="JKR" cDate="04/12/2004 03:24:25 PDT Mon">
        <definition>FN: express incorrectly</definition>
        <sentenceCount annotated="0" total="0"/>
        <lexeme order="1" headword="true" breakBefore="false" POS="V" name="misword"/>
        <semType name="Negative_judgment" ID="14"/>
    </lexUnit>
    <lexUnit status="Finished_Initial" POS="V" name="express.v" ID="11169" lemmaID="13598" cBy="MiL" cDate="11/18/2004 01:52:38 PST Thu">
        <definition>FN: to covey an emotion or message in a specified manner</definition>
        <sentenceCount annotated="13" total="37"/>
        <lexeme order="1" headword="false" breakBefore="false" POS="V" name="express"/>
    </lexUnit>
    <lexUnit status="Created" POS="V" name="cast.v" ID="13000" lemmaID="5676" cBy="JKR" cDate="11/29/2005 12:21:59 PST Tue">
        <definition>COD: arrange and present in a specified form or style.</definition>
        <sentenceCount annotated="0" total="0"/>
        <lexeme order="1" headword="false" breakBefore="false" POS="V" name="cast"/>
    </lexUnit>
</frame>