<?xml version="1.0" encoding="UTF-8" standalone="yes"?>
<?xml-stylesheet type="text/xsl" href="frame.xsl"?>
<frame cBy="PKe" cDate="08/17/2011 05:18:37 PDT Wed" name="Endeavor_failure" ID="2622" xsi:schemaLocation="../schema/frame.xsd" xmlns="http://framenet.icsi.berkeley.edu" xmlns:xsi="http://www.w3.org/2001/XMLSchema-instance">
    <definition>&lt;def-root&gt;Some individual or group ceases to be able to sustain an &lt;fen&gt;Endeavor&lt;/fen&gt; (a long-term activity involving economic interaction with the public, often a business venture).

Unlike Business_failure and Locale_closure, the &lt;fen&gt;Endeavor&lt;/fen&gt; need not refer to an organization or business tied to a specific location or locations.

&lt;ex&gt;&lt;fex name="end"&gt;Exxon&lt;/fex&gt; &lt;t&gt;went under&lt;/t&gt;.&lt;/ex&gt;&lt;/def-root&gt;</definition>
    <FE bgColor="FF0000" fgColor="FFFFFF" coreType="Core" cBy="PKe" cDate="08/17/2011 05:18:37 PDT Wed" abbrev="end" name="Endeavor" ID="14798">
        <definition>&lt;def-root&gt;The &lt;fen&gt;Endeavor&lt;/fen&gt; is rendered unable to continue its regular operations.

&lt;ex&gt;&lt;fex name="end"&gt;His small business&lt;/fex&gt; &lt;t&gt;failed&lt;/t&gt;.&lt;/ex&gt;&lt;/def-root&gt;</definition>
    </FE>
    <FE bgColor="9400D3" fgColor="FFFFFF" coreType="Extra-Thematic" cBy="PKe" cDate="08/17/2011 05:18:37 PDT Wed" abbrev="exp" name="Explanation" ID="14799">
        <definition>&lt;def-root&gt;The &lt;fen&gt;Explanation&lt;/fen&gt; is named as one of the causes of failure.

&lt;ex&gt;&lt;fex name="end"&gt;The local McDonalds&lt;/fex&gt; &lt;t&gt;shut down&lt;/t&gt; in 2008 &lt;fex name="exp"&gt;because the owner died&lt;/fex&gt;.&lt;/ex&gt;&lt;/def-root&gt;</definition>
    </FE>
    <FE bgColor="00008B" fgColor="FFFFFF" coreType="Peripheral" cBy="PKe" cDate="08/17/2011 05:18:37 PDT Wed" abbrev="tim" name="Time" ID="14800">
        <definition>&lt;def-root&gt;The &lt;fen&gt;Time&lt;/fen&gt; of the failure.

&lt;ex&gt;&lt;fex name="end"&gt;Her campaign&lt;/fex&gt; &lt;t&gt;failed&lt;/t&gt; &lt;fex name="tim"&gt;in 2008&lt;/fex&gt; but found much more support in 2012.&lt;/ex&gt;&lt;/def-root&gt;</definition>
    </FE>
    <FE bgColor="008000" fgColor="FFFFFF" coreType="Peripheral" cBy="PKe" cDate="08/17/2011 05:18:37 PDT Wed" abbrev="pla" name="Place" ID="14801">
        <definition>&lt;def-root&gt;The &lt;fen&gt;Place&lt;/fen&gt; of the failing &lt;fen&gt;Endeavor&lt;/fen&gt;.

&lt;ex&gt;&lt;fex name="end"&gt;The hot dog stand&lt;/fex&gt; &lt;fex name="pla"&gt;on 4th avenue&lt;/fex&gt; &lt;t&gt;flopped&lt;/t&gt;.&lt;/ex&gt;&lt;/def-root&gt;</definition>
    </FE>
    <FE bgColor="1E90FF" fgColor="FFFFFF" coreType="Extra-Thematic" cBy="PKe" cDate="08/17/2011 05:18:37 PDT Wed" abbrev="cir" name="Circumstances" ID="14802">
        <definition>&lt;def-root&gt;The &lt;fen&gt;Circumstances&lt;/fen&gt; that caused failure. Compared to &lt;fen&gt;Explanation&lt;/fen&gt;, this describes situations or environments that lead to failure, not a specific reason for failure.

&lt;ex&gt;&lt;fex name="end"&gt;Shops&lt;/fex&gt; often &lt;t&gt;close down&lt;/t&gt; &lt;fex name="cir"&gt;amid political or economic chaos&lt;/fex&gt;.&lt;/ex&gt;&lt;/def-root&gt;</definition>
    </FE>
    <FE bgColor="90876C" fgColor="000000" coreType="Peripheral" cBy="PKe" cDate="08/17/2011 05:18:37 PDT Wed" abbrev="man" name="Manner" ID="14803">
        <definition>&lt;def-root&gt;The &lt;fen&gt;Manner&lt;/fen&gt; describes the way in which the &lt;fen&gt;Endeavor&lt;/fen&gt; failed.

&lt;ex&gt;&lt;fex name="exp"&gt;Because of its lack of funding&lt;/fex&gt;, &lt;fex name="end"&gt;the website&lt;/fex&gt; &lt;fex name="man"&gt;quickly&lt;/fex&gt; &lt;t&gt;flopped&lt;/t&gt;.&lt;/ex&gt;&lt;/def-root&gt;</definition>
    </FE>
    <FE bgColor="7FFF00" fgColor="000000" coreType="Extra-Thematic" cBy="PKe" cDate="08/17/2011 05:18:37 PDT Wed" abbrev="conta" name="Containing_event" ID="14804">
        <definition>&lt;def-root&gt;The &lt;fen&gt;Containing_event&lt;/fen&gt; is an event within which the failure occurs.

&lt;ex&gt;&lt;fex name="end"&gt;Businesses&lt;/fex&gt; &lt;fex name="pla"&gt;in the Congo&lt;/fex&gt; &lt;t&gt;failed&lt;/t&gt; &lt;fex name="Containing_event"&gt;during the civil war&lt;/fex&gt;.&lt;/ex&gt;&lt;/def-root&gt;</definition>
    </FE>
    <FE bgColor="FFA500" fgColor="000000" coreType="Extra-Thematic" cBy="PKe" cDate="08/17/2011 05:18:37 PDT Wed" abbrev="dep" name="Depictive" ID="14805">
        <definition>&lt;def-root&gt;A &lt;fen&gt;Depictive&lt;/fen&gt; describes something about the &lt;fen&gt;Endeavor&lt;/fen&gt;.

&lt;ex&gt;&lt;fex name="end"&gt;The business&lt;/fex&gt;, &lt;fex name="dep"&gt;unable to maintain appeal in the E.U.&lt;/fex&gt;, &lt;t&gt;closed its doors&lt;/t&gt; &lt;fex name="tim"&gt;in 2003&lt;/fex&gt;.&lt;/ex&gt;&lt;/def-root&gt;</definition>
    </FE>
    <FE bgColor="FF69B4" fgColor="FFFFFF" coreType="Peripheral" cBy="CVa" cDate="08/15/2013 12:30:50 PDT Thu" abbrev="" name="Degree" ID="15937">
        <definition>&lt;def-root&gt;The degree to which the &lt;fen&gt;Endeavor&lt;/fen&gt; fails.&lt;/def-root&gt;</definition>
    </FE>
    <FE bgColor="800080" fgColor="FFFFFF" coreType="Peripheral" cBy="CVa" cDate="08/15/2013 12:33:43 PDT Thu" abbrev="" name="Means" ID="15938">
        <definition>&lt;def-root&gt;The means by which the &lt;fen&gt;Endeavor&lt;/fen&gt; fails.&lt;/def-root&gt;</definition>
    </FE>
    <frameRelation type="Inherits from">
        <relatedFrame ID="1388">Success_or_failure</relatedFrame>
    </frameRelation>
    <frameRelation type="Is Inherited by">
        <relatedFrame ID="2590">Business_closure</relatedFrame>
    </frameRelation>
    <frameRelation type="Perspective on"/>
    <frameRelation type="Is Perspectivized in"/>
    <frameRelation type="Uses"/>
    <frameRelation type="Is Used by"/>
    <frameRelation type="Subframe of"/>
    <frameRelation type="Has Subframe(s)"/>
    <frameRelation type="Precedes"/>
    <frameRelation type="Is Preceded by"/>
    <frameRelation type="Is Inchoative of"/>
    <frameRelation type="Is Causative of"/>
    <frameRelation type="See also">
        <relatedFrame ID="2620">Locale_closure</relatedFrame>
        <relatedFrame ID="2590">Business_closure</relatedFrame>
    </frameRelation>
    <lexUnit status="Created" POS="V" name="fail.v" ID="16504" lemmaID="13824" cBy="PKe" cDate="08/17/2011 05:59:04 PDT Wed">
        <definition>An endeavor seaces to be feasible.</definition>
        <sentenceCount annotated="0" total="0"/>
        <lexeme order="1" headword="false" breakBefore="false" POS="V" name="fail"/>
    </lexUnit>
    <lexUnit status="Created" POS="V" name="flop.v" ID="16512" lemmaID="14764" cBy="PKe" cDate="08/18/2011 05:30:31 PDT Thu">
        <definition>Fail to perform well.</definition>
        <sentenceCount annotated="0" total="0"/>
        <lexeme order="1" headword="false" breakBefore="false" POS="V" name="flop"/>
    </lexUnit>
    <lexUnit status="Created" POS="V" name="collapse.v" ID="16517" lemmaID="7160" cBy="PKe" cDate="08/23/2011 04:29:03 PDT Tue">
        <definition>FN: Fall apart metaphorically so as to be unable to continue operation.</definition>
        <sentenceCount annotated="0" total="0"/>
        <lexeme order="1" headword="false" breakBefore="false" POS="V" name="collapse"/>
    </lexUnit>
    <lexUnit status="Created" POS="V" name="fold.v" ID="16518" lemmaID="14912" cBy="PKe" cDate="08/23/2011 04:31:53 PDT Tue">
        <definition>FN: An entity, usually a business, ceases to operate.</definition>
        <sentenceCount annotated="3" total="3"/>
        <lexeme order="1" headword="false" breakBefore="false" POS="V" name="fold"/>
    </lexUnit>
    <lexUnit status="Created" POS="V" name="go under.v" ID="16522" lemmaID="51367" cBy="PKe" cDate="08/23/2011 04:38:50 PDT Tue">
        <definition>FN: A business ceases to operate.</definition>
        <sentenceCount annotated="0" total="0"/>
        <lexeme order="1" headword="true" breakBefore="false" POS="V" name="go"/>
        <lexeme order="2" headword="false" breakBefore="false" POS="ADV" name="under"/>
    </lexUnit>
    <lexUnit status="Created" POS="V" name="go bust.v" ID="16523" lemmaID="51368" cBy="PKe" cDate="08/23/2011 04:39:39 PDT Tue">
        <definition>FN: A business entity becomes bankrupt.</definition>
        <sentenceCount annotated="0" total="0"/>
        <lexeme order="1" headword="true" breakBefore="false" POS="V" name="go"/>
        <lexeme order="2" headword="false" breakBefore="false" POS="A" name="bust"/>
    </lexUnit>
</frame>