<?xml version="1.0" encoding="UTF-8" standalone="yes"?>
<?xml-stylesheet type="text/xsl" href="frame.xsl"?>
<frame cBy="RLG" cDate="10/26/2006 02:13:05 PDT Thu" name="Enforcing" ID="1813" xsi:schemaLocation="../schema/frame.xsd" xmlns="http://framenet.icsi.berkeley.edu" xmlns:xsi="http://www.w3.org/2001/XMLSchema-instance">
    <definition>&lt;def-root&gt;An &lt;fen&gt;Agent&lt;/fen&gt; acts to ensure that a &lt;fen&gt;Rule&lt;/fen&gt; (often a constraint on behavior) is being followed. The &lt;fen&gt;Agent&lt;/fen&gt;'s action is according to a general plan for &lt;fen&gt;Rule&lt;/fen&gt;s (such that implicit in the &lt;fen&gt;Rule&lt;/fen&gt; is the affordance to certain entities to ensure that the &lt;fen&gt;Rule&lt;/fen&gt; is followed). The &lt;fen&gt;Rule&lt;/fen&gt; may be specified for the &lt;fen&gt;Duration&lt;/fen&gt; for which it is in effect.

&lt;ex&gt;Why don't &lt;fex name="Agent"&gt;we&lt;/fex&gt; &lt;t&gt;enforce&lt;/t&gt; &lt;fex name="Rule"&gt;the 20000 gun laws currently on the books across the nation&lt;/fex&gt;?&lt;/ex&gt;
&lt;ex&gt;&lt;fex name="Medium"&gt;Computer systems&lt;/fex&gt; can &lt;fex name="Manner"&gt;ruthlessly&lt;/fex&gt; &lt;t&gt;enforce&lt;/t&gt; &lt;fex name="Rule"&gt;rules and standards&lt;/fex&gt; &lt;fex name="Duration"&gt;indefinitely&lt;/fex&gt;.&lt;/ex&gt;
&lt;ex&gt;Can &lt;fex name="Agent"&gt;a landlord&lt;/fex&gt; &lt;target&gt;enforce&lt;/target&gt; &lt;fex name="Rule"&gt;rules&lt;/fex&gt; &lt;fex name="Focal_participant"&gt;upon tenants&lt;/fex&gt;?&lt;/ex&gt;&lt;/def-root&gt;</definition>
    <FE bgColor="0000FF" fgColor="FFFFFF" coreType="Core" cBy="RLG" cDate="10/26/2006 02:13:06 PDT Thu" abbrev="rul" name="Rule" ID="10712">
        <definition>&lt;def-root&gt;The &lt;fen&gt;Rule&lt;/fen&gt; is the set of constrants on behavior that the &lt;fen&gt;Agent&lt;/fen&gt; implements (i.e., forces others to obey or face consequences).

&lt;ex&gt;Employers should strictly &lt;t&gt;enforce&lt;/t&gt; &lt;fex name="Rule"&gt;a prohibition against use of any substance that may affect a worker's physical or mental ability&lt;/fex&gt;.&lt;/ex&gt;&lt;/def-root&gt;</definition>
    </FE>
    <FE bgColor="9400D3" fgColor="FFFFFF" coreType="Peripheral" cBy="RLG" cDate="10/26/2006 02:13:06 PDT Thu" abbrev="dur" name="Duration" ID="10713">
        <definition>&lt;def-root&gt;The length of time for which the &lt;fen&gt;Rule&lt;/fen&gt; is or is not in effect.

&lt;ex&gt;The coat-and-tie dress code for the Plimsoll Club in the World Trade Center was strictly &lt;t&gt;enforced&lt;/t&gt; &lt;fex name="dur"&gt;for years&lt;/fex&gt;.&lt;/ex&gt;&lt;/def-root&gt;</definition>
        <semType name="Duration" ID="142"/>
    </FE>
    <FE bgColor="FFA500" fgColor="FFFFFF" coreType="Peripheral" cBy="RLG" cDate="10/26/2006 02:13:06 PDT Thu" abbrev="tim" name="Time" ID="10714">
        <definition>&lt;def-root&gt;The &lt;fen&gt;Time&lt;/fen&gt; at which the Agent enforces the &lt;fen&gt;Rule&lt;/fen&gt;.

&lt;ex&gt;That particular regulation was only &lt;t&gt;enforced&lt;/t&gt; &lt;fex name="tim"&gt;in 1920&lt;/fex&gt;.&lt;/ex&gt;&lt;/def-root&gt;</definition>
        <semType name="Time" ID="141"/>
    </FE>
    <FE bgColor="008000" fgColor="FFFFFF" coreType="Peripheral" cBy="RLG" cDate="10/26/2006 02:13:06 PDT Thu" abbrev="place" name="Place" ID="10715">
        <definition>&lt;def-root&gt;The &lt;fen&gt;Place&lt;/fen&gt; at which the &lt;fen&gt;Rule&lt;/fen&gt; is or is not enforced.

&lt;ex&gt;For this reason they &lt;t&gt;enforced&lt;/t&gt; the settlement system &lt;fex name="place"&gt;in America&lt;/fex&gt; just as strictly as in Germany.&lt;/ex&gt;&lt;/def-root&gt;</definition>
        <semType name="Locative_relation" ID="182"/>
    </FE>
    <FE bgColor="d0d0d0" fgColor="000000" coreType="Extra-Thematic" cBy="RLG" cDate="10/26/2006 02:13:06 PDT Thu" abbrev="cir" name="Circumstances" ID="10716">
        <definition>&lt;def-root&gt;The state-of-affairs under which the Agent puts the &lt;fen&gt;Rule&lt;/fen&gt; into effect.&lt;/def-root&gt;</definition>
    </FE>
    <FE bgColor="A52A2A" fgColor="FFFFFF" coreType="Extra-Thematic" cBy="RLG" cDate="10/26/2006 02:13:06 PDT Thu" abbrev="exp" name="Explanation" ID="10717">
        <definition>&lt;def-root&gt;A cause, reason, or other explanation for the enforcing of the &lt;fen&gt;Rule&lt;/fen&gt;.&lt;/def-root&gt;</definition>
        <semType name="State_of_affairs" ID="177"/>
    </FE>
    <FE bgColor="1E90FF" fgColor="FFFFFF" coreType="Extra-Thematic" cBy="RLG" cDate="10/26/2006 02:13:06 PDT Thu" abbrev="foc" name="Focal_participant" ID="10718">
        <definition>&lt;def-root&gt;The individual or group who is obligated to follow the &lt;fen&gt;Rule&lt;/fen&gt;.

&lt;ex&gt;Can a landlord &lt;target&gt;enforce&lt;/target&gt; rules &lt;fex name="Focal_participant"&gt;upon tenants&lt;/fex&gt;?&lt;/ex&gt;&lt;/def-root&gt;</definition>
    </FE>
    <FE bgColor="FF0000" fgColor="FFFFFF" coreType="Core" cBy="RLG" cDate="10/26/2006 02:13:06 PDT Thu" abbrev="age" name="Agent" ID="10719">
        <definition>&lt;def-root&gt;The &lt;fen&gt;Agent&lt;/fen&gt;, often an institution, governmental organization, or arm thereof, puts into effect (i.e., enforces) a &lt;fen&gt;Rule&lt;/fen&gt;.

&lt;ex&gt;Can &lt;fex name="Agent"&gt;a landlord&lt;/fex&gt; &lt;target&gt;enforce&lt;/target&gt; rules upon tenants?&lt;/ex&gt;&lt;/def-root&gt;</definition>
        <semType name="Sentient" ID="5"/>
    </FE>
    <FE bgColor="FF69B4" fgColor="FFFFFF" coreType="Peripheral" cBy="RLG" cDate="10/26/2006 02:13:06 PDT Thu" abbrev="man" name="Manner" ID="10720">
        <definition>&lt;def-root&gt;The &lt;fen&gt;Manner&lt;/fen&gt; describes some state of the &lt;fen&gt;Agent&lt;/fen&gt;, or provides additional characterization of the event.

&lt;ex&gt;The coat-and-tie dress code for the Plimsoll Club in the World Trade Center was &lt;fex name="Manner"&gt;strictly&lt;/fex&gt; &lt;t&gt;enforced&lt;/t&gt; for years.&lt;/ex&gt;&lt;/def-root&gt;</definition>
        <semType name="Manner" ID="173"/>
    </FE>
    <FE bgColor="FF00FF" fgColor="FFFFFF" coreType="Peripheral" cBy="RLG" cDate="10/26/2006 02:13:06 PDT Thu" abbrev="mea" name="Means" ID="10721">
        <definition>&lt;def-root&gt;The &lt;fen&gt;Means&lt;/fen&gt; is an intermediate action done by the &lt;fen&gt;Agent&lt;/fen&gt; in order to enforce the &lt;fen&gt;Rule&lt;/fen&gt;.

&lt;ex&gt;Since 1961 the church has &lt;t&gt;enforced&lt;/t&gt; it &lt;fex name="mea"&gt;by "disfellowshipping" or expelling un-repentant members who wilfully accept prohibited blood components&lt;/fex&gt;.&lt;/ex&gt;&lt;/def-root&gt;</definition>
        <semType name="State_of_affairs" ID="177"/>
    </FE>
    <FE bgColor="800080" fgColor="FFFFFF" coreType="Peripheral" cBy="RLG" cDate="10/26/2006 02:13:06 PDT Thu" abbrev="pur" name="Purpose" ID="10722">
        <definition>&lt;def-root&gt;This FE identifies the &lt;fen&gt;Purpose&lt;/fen&gt; for which the &lt;fen&gt;Agent&lt;/fen&gt; enforces the &lt;fen&gt;Rule&lt;/fen&gt;.&lt;/def-root&gt;</definition>
        <semType name="State_of_affairs" ID="177"/>
    </FE>
    <FE bgColor="FFA500" fgColor="000000" coreType="Extra-Thematic" cBy="RLG" cDate="10/26/2006 02:13:07 PDT Thu" abbrev="" name="Degree" ID="10723">
        <definition>&lt;def-root&gt;This FE describes how fully the &lt;fen&gt;Rule&lt;/fen&gt; was enforced.&lt;/def-root&gt;</definition>
    </FE>
    <FE bgColor="FFFF00" fgColor="000000" coreType="Core" cBy="RLG" cDate="10/26/2006 02:13:07 PDT Thu" abbrev="" name="Medium" ID="10724">
        <definition>&lt;def-root&gt;This FE describes the medium through which the rule was enforced.  It may occur in the same syntactic position as the Agent.
&lt;ex&gt;The rules will be &lt;t&gt;enforced&lt;/t&gt; &lt;fex name="Medium"&gt;by a new computer system that tracks people's movements&lt;/fex&gt;.&lt;/ex&gt;&lt;/def-root&gt;</definition>
    </FE>
    <FE bgColor="90876C" fgColor="FFFFFF" coreType="Extra-Thematic" cBy="RLG" cDate="10/26/2006 02:13:07 PDT Thu" abbrev="" name="Outcome" ID="10725">
        <definition>&lt;def-root&gt;The Outcome is the failure or success of enforcing the rule.&lt;/def-root&gt;</definition>
    </FE>
    <FEcoreSet>
        <memberFE name="Agent" ID="10719"/>
        <memberFE name="Medium" ID="10724"/>
    </FEcoreSet>
    <frameRelation type="Inherits from">
        <relatedFrame ID="1726">Execute_plan</relatedFrame>
    </frameRelation>
    <frameRelation type="Is Inherited by"/>
    <frameRelation type="Perspective on"/>
    <frameRelation type="Is Perspectivized in"/>
    <frameRelation type="Uses">
        <relatedFrame ID="1510">Being_in_effect</relatedFrame>
    </frameRelation>
    <frameRelation type="Is Used by"/>
    <frameRelation type="Subframe of"/>
    <frameRelation type="Has Subframe(s)"/>
    <frameRelation type="Precedes"/>
    <frameRelation type="Is Preceded by"/>
    <frameRelation type="Is Inchoative of"/>
    <frameRelation type="Is Causative of"/>
    <frameRelation type="See also"/>
    <lexUnit status="Finished_Initial" POS="V" name="enforce.v" ID="13639" lemmaID="12752" cBy="RLG" cDate="10/26/2006 02:55:59 PDT Thu">
        <definition>COD: compel compliance with (a law, rule, or obligation).</definition>
        <sentenceCount annotated="22" total="388"/>
        <lexeme order="1" headword="false" breakBefore="false" POS="V" name="enforce"/>
    </lexUnit>
    <lexUnit status="Created" POS="N" name="enforcement.n" ID="13761" lemmaID="12754" cBy="KmG" cDate="02/22/2007 03:00:33 PST Thu">
        <definition>FN: The act of enforcing. </definition>
        <sentenceCount annotated="1" total="1"/>
        <lexeme order="1" headword="false" breakBefore="false" POS="N" name="enforcement"/>
    </lexUnit>
</frame>