<?xml version="1.0" encoding="UTF-8" standalone="yes"?>
<?xml-stylesheet type="text/xsl" href="frame.xsl"?>
<frame cBy="AlK" cDate="02/23/2011 10:49:19 PST Wed" name="Erasing" ID="2481" xsi:schemaLocation="../schema/frame.xsd" xmlns="http://framenet.icsi.berkeley.edu" xmlns:xsi="http://www.w3.org/2001/XMLSchema-instance">
    <definition>&lt;def-root&gt;An &lt;fen&gt;Agent&lt;/fen&gt; or &lt;fen&gt;Cause&lt;/fen&gt; removes a piece of &lt;fen&gt;Information&lt;/fen&gt; from a &lt;fen&gt;Document&lt;/fen&gt; such that it cannot be retrieved.

&lt;ex&gt;&lt;fex name="Agent"&gt;I&lt;/fex&gt; &lt;t&gt;deleted&lt;/t&gt; &lt;fex name="Information"&gt;the last line&lt;/fex&gt; &lt;fex name="Document"&gt;from my essay&lt;/fex&gt;.&lt;/ex&gt;&lt;/def-root&gt;</definition>
    <FE bgColor="FF0000" fgColor="FFFFFF" coreType="Core" cBy="AlK" cDate="02/23/2011 11:26:12 PST Wed" abbrev="" name="Agent" ID="14318">
        <definition>&lt;def-root&gt;The person who removes the &lt;fen&gt;Information&lt;/fen&gt;.&lt;/def-root&gt;</definition>
        <semType name="Sentient" ID="5"/>
        <excludesFE name="Cause" ID="14320"/>
    </FE>
    <FE bgColor="0000FF" fgColor="FFFFFF" coreType="Core" cBy="AlK" cDate="02/23/2011 11:27:05 PST Wed" abbrev="" name="Information" ID="14319">
        <definition>&lt;def-root&gt;The thing that the &lt;fen&gt;Agent&lt;/fen&gt; removes from the &lt;fen&gt;Document&lt;/fen&gt;.&lt;/def-root&gt;</definition>
    </FE>
    <FE bgColor="008000" fgColor="FFFFFF" coreType="Core" cBy="AlK" cDate="02/23/2011 11:27:50 PST Wed" abbrev="" name="Cause" ID="14320">
        <definition>&lt;def-root&gt;A non-agentive entity that removes the &lt;fen&gt;Information&lt;/fen&gt;.&lt;/def-root&gt;</definition>
    </FE>
    <FE bgColor="800080" fgColor="FFFFFF" coreType="Core" cBy="AlK" cDate="02/23/2011 11:28:19 PST Wed" abbrev="" name="Document" ID="14321">
        <definition>&lt;def-root&gt;The collection of pieces of information from which the specific &lt;fen&gt;Information&lt;/fen&gt; is removed.&lt;/def-root&gt;</definition>
    </FE>
    <FE bgColor="FF00FF" fgColor="FFFFFF" coreType="Peripheral" cBy="CVa" cDate="08/15/2013 12:41:05 PDT Thu" abbrev="" name="Manner" ID="15939">
        <definition>&lt;def-root&gt;The way in which the &lt;fen&gt;Agent&lt;/fen&gt; or &lt;fen&gt;Cause&lt;/fen&gt; removes the &lt;fen&gt;Information&lt;/fen&gt; from the &lt;fen&gt;Document&lt;/fen&gt;.&lt;/def-root&gt;</definition>
    </FE>
    <FE bgColor="FFD700" fgColor="000000" coreType="Peripheral" cBy="CVa" cDate="08/15/2013 12:42:06 PDT Thu" abbrev="" name="Time" ID="15940">
        <definition>&lt;def-root&gt;The time when the &lt;fen&gt;Agent&lt;/fen&gt; or &lt;fen&gt;Cause&lt;/fen&gt; removes the &lt;fen&gt;Information&lt;/fen&gt; from the &lt;fen&gt;Document&lt;/fen&gt;.&lt;/def-root&gt;</definition>
        <semType name="Time" ID="141"/>
    </FE>
    <FE bgColor="2E8B57" fgColor="FFFFFF" coreType="Peripheral" cBy="CVa" cDate="08/15/2013 12:43:02 PDT Thu" abbrev="" name="Place" ID="15941">
        <definition>&lt;def-root&gt;The location in which the &lt;fen&gt;Agent&lt;/fen&gt; or &lt;fen&gt;Cause&lt;/fen&gt; removes the &lt;fen&gt;Information&lt;/fen&gt; from the &lt;fen&gt;Document&lt;/fen&gt;.&lt;/def-root&gt;</definition>
    </FE>
    <FE bgColor="9400D3" fgColor="FFFFFF" coreType="Peripheral" cBy="CVa" cDate="08/15/2013 12:44:09 PDT Thu" abbrev="" name="Means" ID="15942">
        <definition>&lt;def-root&gt;The means by which the &lt;fen&gt;Agent&lt;/fen&gt; or &lt;fen&gt;Cause&lt;/fen&gt; removes the &lt;fen&gt;Information&lt;/fen&gt; from the &lt;fen&gt;Document&lt;/fen&gt;.&lt;/def-root&gt;</definition>
    </FE>
    <frameRelation type="Inherits from">
        <relatedFrame ID="10">Transitive_action</relatedFrame>
    </frameRelation>
    <frameRelation type="Is Inherited by"/>
    <frameRelation type="Perspective on"/>
    <frameRelation type="Is Perspectivized in"/>
    <frameRelation type="Uses"/>
    <frameRelation type="Is Used by"/>
    <frameRelation type="Subframe of"/>
    <frameRelation type="Has Subframe(s)"/>
    <frameRelation type="Precedes"/>
    <frameRelation type="Is Preceded by"/>
    <frameRelation type="Is Inchoative of"/>
    <frameRelation type="Is Causative of"/>
    <frameRelation type="See also"/>
    <lexUnit status="Created" POS="V" name="strike.v" ID="16224" lemmaID="38350" cBy="AlK" cDate="02/23/2011 11:29:54 PST Wed">
        <definition>FN: delete from a written record by drawing a line through or erasing</definition>
        <sentenceCount annotated="1" total="1"/>
        <lexeme order="1" headword="false" breakBefore="false" POS="V" name="strike"/>
    </lexUnit>
    <lexUnit status="Pre-Marked" POS="V" name="delete.v" ID="16225" lemmaID="10018" cBy="AlK" cDate="02/23/2011 11:30:29 PST Wed">
        <definition>FN: remove from a store of information, often electronic</definition>
        <sentenceCount annotated="0" total="83"/>
        <lexeme order="1" headword="false" breakBefore="false" POS="V" name="delete"/>
    </lexUnit>
    <lexUnit status="Created" POS="V" name="erase.v" ID="16226" lemmaID="13034" cBy="AlK" cDate="02/23/2011 11:31:11 PST Wed">
        <definition>FN: irrevocably remove from a document</definition>
        <sentenceCount annotated="0" total="0"/>
        <lexeme order="1" headword="false" breakBefore="false" POS="V" name="erase"/>
    </lexUnit>
    <lexUnit status="Created" POS="V" name="expunge.v" ID="16227" lemmaID="13616" cBy="AlK" cDate="02/23/2011 11:34:33 PST Wed">
        <definition>FN: erase, strike, or blot out</definition>
        <sentenceCount annotated="0" total="0"/>
        <lexeme order="1" headword="false" breakBefore="false" POS="V" name="expunge"/>
    </lexUnit>
    <lexUnit status="Insufficient_Attestations" POS="V" name="kill.v" ID="16408" lemmaID="21304" cBy="CVa" cDate="07/20/2011 01:51:03 PDT Wed">
        <definition>FN: remove or delete from a store of information</definition>
        <sentenceCount annotated="0" total="0"/>
        <lexeme order="1" headword="false" breakBefore="false" POS="V" name="kill"/>
    </lexUnit>
</frame>