<?xml version="1.0" encoding="UTF-8" standalone="yes"?>
<?xml-stylesheet type="text/xsl" href="frame.xsl"?>
<frame cBy="MJE" cDate="02/26/2002 03:21:13 PST Tue" name="Evading" ID="275" xsi:schemaLocation="../schema/frame.xsd" xmlns="http://framenet.icsi.berkeley.edu" xmlns:xsi="http://www.w3.org/2001/XMLSchema-instance">
    <definition>&lt;def-root&gt;An &lt;fen&gt;Evader&lt;/fen&gt; moves under its own power to thereby avoid &lt;fen&gt;Capture&lt;/fen&gt;  or contact with a &lt;fen&gt;Pursuer&lt;/fen&gt;, also generally moving under its own power. This frame characterizes a  more specific event  than Avoiding in that both the &lt;fen&gt;Evader&lt;/fen&gt; and the &lt;fen&gt;Pursuer&lt;/fen&gt; are moving entities.  In addition, this frame differs from Escaping by requiring a &lt;fen&gt;Pursuer&lt;/fen&gt; and being neutral about the prior captivity of the &lt;fen&gt;Evader&lt;/fen&gt;.

&lt;ex&gt;&lt;fex name="Evader"&gt;I&lt;/fex&gt; &lt;t&gt;gave&lt;/t&gt; &lt;fex name="Pursuer"&gt;my handler&lt;/fex&gt; &lt;t&gt;the&lt;/t&gt; &lt;t&gt;slip&lt;/t&gt;.&lt;/ex&gt;

&lt;ex&gt;&lt;fex name="Evader"&gt;He&lt;/fex&gt; &lt;t&gt;evaded&lt;/t&gt; &lt;fex name="Capture"&gt;capture&lt;/fex&gt; &lt;fex name="Time"&gt;for several hours&lt;/fex&gt;.&lt;/ex&gt;&lt;/def-root&gt;</definition>
    <FE bgColor="008000" fgColor="FFFFFF" coreType="Peripheral" cBy="MJE" cDate="02/26/2002 05:39:15 PST Tue" abbrev="Area" name="Area" ID="2374">
        <definition>&lt;def-root&gt;This FE is used for phrases that describe a general &lt;fen&gt;Area&lt;/fen&gt; in which motion occurs when it is understood to be irregular and not to consist of a single linear path. Locative setting adjuncts of motion expressions may also be assigned this frame element.  &lt;ex&gt;Smithers fled and &lt;t&gt;evaded&lt;/t&gt; them &lt;fex name="Area"&gt;all over the ship&lt;/fex&gt;.&lt;/ex&gt;&lt;/def-root &gt;</definition>
        <semType name="Location" ID="54"/>
    </FE>
    <FE bgColor="006400" fgColor="FFFFFF" coreType="Peripheral" cBy="MJE" cDate="02/26/2002 05:39:15 PST Tue" abbrev="Path" name="Path" ID="2375">
        <definition>&lt;def-root&gt;&lt;fen&gt;Path&lt;/fen&gt; is used for any description of a trajectory of the motion of the &lt;fen&gt;Evader&lt;/fen&gt;, including directional phrases.  &lt;ex&gt;Smithers &lt;t&gt;fled&lt;/t&gt; &lt;fex name="Path"&gt;northward&lt;/fex&gt;.&lt;/ex&gt;  &lt;ex&gt;Smithers &lt;t&gt;evaded&lt;/t&gt; the police &lt;fex name="Path"&gt;through the empty field&lt;/fex&gt;.&lt;/ex&gt;&lt;/def-root&gt;</definition>
    </FE>
    <FE bgColor="FF0000" fgColor="FFFFFF" coreType="Core" cBy="MJE" cDate="02/26/2002 05:39:15 PST Tue" abbrev="Evad" name="Evader" ID="2376">
        <definition>&lt;def-root&gt;The &lt;fen&gt;Evader&lt;/fen&gt; moves under its own power to &lt;fen&gt;Capture&lt;/fen&gt; or contact with the &lt;fen&gt;Pursuer&lt;/fen&gt;. Normally the &lt;fen&gt;Evader&lt;/fen&gt; frame element is expressed as an external argument. 

&lt;ex&gt;&lt;fex name="Evader"&gt;The mouse&lt;/fex&gt; &lt;t&gt;eluded&lt;/t&gt; the cats for only a few minutes.&lt;/ex&gt;&lt;/def-root&gt;</definition>
        <semType name="Sentient" ID="5"/>
    </FE>
    <FE bgColor="1E90FF" fgColor="FFFFFF" coreType="Peripheral" cBy="MJE" cDate="02/26/2002 05:39:15 PST Tue" abbrev="MoT" name="Mode_of_transportation" ID="2378">
        <definition>&lt;def-root&gt;This  FE identifies  the &lt;fen&gt;Mode_of_transportation&lt;/fen&gt; that the &lt;fen&gt;Evader&lt;/fen&gt; uses to move.  It can either bea part of the &lt;fen&gt;Evader&lt;/fen&gt;'s own body or a vehicle.
&lt;ex&gt; Smithers &lt;t&gt;got&lt;/t&gt; &lt;t&gt;away&lt;/t&gt; from us &lt;fex name="Mode_of_transportation"&gt;on foot&lt;/fex&gt; .&lt;/ex&gt;
&lt;ex&gt; Smithers &lt;t&gt;got&lt;/t&gt; &lt;t&gt;away&lt;/t&gt; from us &lt;fex name="Mode_of_transportation"&gt;on bike&lt;/fex&gt; .&lt;/ex&gt;
&lt;/def-root&gt;</definition>
    </FE>
    <FE bgColor="A52A2A" fgColor="FFFFFF" coreType="Peripheral" cBy="MJE" cDate="02/26/2002 05:39:21 PST Tue" abbrev="Mns" name="Means" ID="2379">
        <definition>&lt;def-root&gt;This FE identifies the &lt;fen&gt;Means&lt;/fen&gt; by which the &lt;fen&gt;Evader&lt;/fen&gt; bringd about the evasion. 

&lt;ex&gt;Smithers &lt;t&gt;evaded&lt;/t&gt; the police &lt;fex name="Mns"&gt;by ducking behind the dumpster&lt;/fex&gt;.&lt;/ex&gt;&lt;/def-root&gt;</definition>
        <semType name="State_of_affairs" ID="177"/>
    </FE>
    <FE bgColor="7FFF00" fgColor="000000" coreType="Core" cBy="MJE" cDate="02/26/2002 05:39:42 PST Tue" abbrev="" name="Pursuer" ID="2380">
        <definition>&lt;def-root&gt;The &lt;fen&gt;Pursuer&lt;/fen&gt; is going after the &lt;fen&gt;Evader&lt;/fen&gt; unless they act.

&lt;ex&gt;The mouse &lt;t&gt;eluded&lt;/t&gt; &lt;fex name="Pursuer"&gt;the cats&lt;/fex&gt; for only a few minutes.&lt;/ex&gt;&lt;/def-root&gt;</definition>
    </FE>
    <FE bgColor="FF69B4" fgColor="FFFFFF" coreType="Peripheral" cBy="MJE" cDate="02/26/2002 05:39:49 PST Tue" abbrev="Degr" name="Degree" ID="2381">
        <definition>&lt;def-root&gt;This FE is used for any expression that describes  the &lt;fen&gt;Degree&lt;/fen&gt; to which the &lt;fen&gt;Evader&lt;/fen&gt;
avoids &lt;fen&gt;Capture&lt;/fen&gt; or contact with the &lt;fen&gt;Pursuer&lt;/fen&gt;.

&lt;ex&gt;The mouse &lt;fex name="Degree"&gt;barely&lt;/fex&gt; &lt;t&gt;eluded&lt;/t&gt; the cats.&lt;/ex&gt;&lt;/def-root&gt;</definition>
        <semType name="Degree" ID="172"/>
    </FE>
    <FE bgColor="FF00FF" fgColor="FFFFFF" coreType="Peripheral" cBy="MJE" cDate="02/26/2002 05:40:01 PST Tue" abbrev="Manr" name="Manner" ID="2382">
        <definition>&lt;def-root&gt;This FE identifies the &lt;fen&gt;Manner&lt;/fen&gt; in which the evading occurs.  It is used for any expression that does not relate directly to the trajectory of motion, including speed, steadiness, and grace.
&lt;ex&gt;Smithers &lt;t&gt;evaded&lt;/t&gt; the police &lt;fex name="Manr"&gt;gracefully&lt;/fex&gt;.&lt;/ex&gt;&lt;/def-root&gt;</definition>
        <semType name="Manner" ID="173"/>
    </FE>
    <FE bgColor="800080" fgColor="FFFFFF" coreType="Peripheral" cBy="MJE" cDate="02/26/2002 05:40:40 PST Tue" abbrev="Purp" name="Purpose" ID="2383">
        <definition>&lt;def-root&gt;This  FE identifies the &lt;fen&gt;Purpose&lt;/fen&gt; for which the Evading is done.

&lt;ex&gt;Smithers &lt;t&gt;evaded&lt;/t&gt; the police &lt;fex name="Purp"&gt;to prevent being captured&lt;/fex&gt;.&lt;/ex&gt;&lt;/def-root&gt;</definition>
        <semType name="State_of_affairs" ID="177"/>
    </FE>
    <FE bgColor="00BFFF" fgColor="FFFFFF" coreType="Extra-Thematic" cBy="MJE" cDate="02/26/2002 05:40:44 PST Tue" abbrev="Exp" name="Explanation" ID="2384">
        <definition>&lt;def-root&gt;This FE identifies the &lt;fen&gt;Explanation&lt;/fen&gt; for which the Evading is. done.
&lt;ex&gt;Smithers &lt;t&gt;fled&lt;/t&gt; &lt;fex name="Explanation"&gt;because he feared capture&lt;/fex&gt;.&lt;/ex&gt;&lt;/def-root&gt;</definition>
        <semType name="State_of_affairs" ID="177"/>
    </FE>
    <FE bgColor="808080" fgColor="FFFFFF" coreType="Extra-Thematic" cBy="MJE" cDate="02/26/2002 05:40:50 PST Tue" abbrev="Cond" name="Circumstances" ID="2385">
        <definition>&lt;def-root&gt;This FE identifies the &lt;fen&gt;Circumstances&lt;/fen&gt; under which the &lt;fen&gt;Evader&lt;/fen&gt; evades the &lt;fen&gt;Pursuer&lt;/fen&gt;, or avoids &lt;fen&gt;Capture&lt;/fen&gt;.

&lt;ex&gt;Smithers &lt;t&gt;evaded&lt;/t&gt; the police &lt;fex name="Circumstances"&gt;at all costs&lt;/fex&gt;.&lt;/ex&gt;&lt;/def-root&gt;</definition>
    </FE>
    <FE bgColor="FFA500" fgColor="FFFFFF" coreType="Peripheral" cBy="MJE" cDate="02/26/2002 05:41:08 PST Tue" abbrev="Time" name="Time" ID="2386">
        <definition>&lt;def-root&gt;This FE identifies the &lt;fen&gt;Time&lt;/fen&gt; at which the Evading occurs.
&lt;ex&gt;Smithers &lt;t&gt;got&lt;/t&gt; &lt;t&gt;away&lt;/t&gt; &lt;fex name="Time"&gt;at the stroke of midnight&lt;/fex&gt;.&lt;/ex&gt;&lt;/def-root&gt;</definition>
        <semType name="Time" ID="141"/>
    </FE>
    <FE bgColor="9400D3" fgColor="FFFFFF" coreType="Extra-Thematic" cBy="RLG" cDate="07/22/2003 11:37:20 PDT Tue" abbrev="Dep" name="Depictive" ID="4809">
        <definition>&lt;def-root&gt;&lt;fen&gt;Depictive&lt;/fen&gt; is used to identify the state of any of the participants in the evading event.

&lt;ex&gt;Smithers &lt;t&gt;evaded&lt;/t&gt; the police &lt;fex name="Dep"&gt;barefoot&lt;/fex&gt;.&lt;/ex&gt;&lt;/def-root&gt;</definition>
    </FE>
    <FE bgColor="9F79EE" fgColor="FFFFFF" coreType="Peripheral" cBy="RLG" cDate="07/22/2003 11:38:43 PDT Tue" abbrev="Spd" name="Speed" ID="4810">
        <definition>&lt;def-root&gt;This FE marks the &lt;fen&gt;Speed&lt;/fen&gt; at which the &lt;fen&gt;Evader&lt;/fen&gt; evades the &lt;fen&gt;Pursuer&lt;/fen&gt;.
&lt;ex&gt;Smithers &lt;t&gt;got&lt;/t&gt; &lt;t&gt;away&lt;/t&gt; from the police &lt;fex name="Speed"&gt;at lightning speed&lt;/fex&gt;.&lt;/ex&gt;&lt;/def-root&gt;</definition>
        <semType name="Speed" ID="234"/>
    </FE>
    <FE bgColor="00008B" fgColor="FFFFFF" coreType="Core" cBy="MRLP" cDate="01/03/2005 06:28:03 PST Mon" abbrev="cap" name="Capture" ID="7416">
        <definition>&lt;def-root&gt;An actual or hypothetical  event in which the &lt;fen&gt;Pursuer&lt;/fen&gt; takes physical control of the &lt;fen&gt;Evader&lt;/fen&gt;.

&lt;ex&gt;Rýmirez-Sýnchez , tried in absentia , had &lt;t&gt;evaded&lt;/t&gt; &lt;fex name="Capture"&gt;capture&lt;/fex&gt; since the murders in Paris on June 27 , 1975 &lt;/ex&gt;&lt;/def-root&gt;</definition>
        <excludesFE name="Pursuer" ID="2380"/>
    </FE>
    <frameRelation type="Inherits from">
        <relatedFrame ID="274">Avoiding</relatedFrame>
    </frameRelation>
    <frameRelation type="Is Inherited by"/>
    <frameRelation type="Perspective on"/>
    <frameRelation type="Is Perspectivized in"/>
    <frameRelation type="Uses">
        <relatedFrame ID="7">Motion</relatedFrame>
    </frameRelation>
    <frameRelation type="Is Used by"/>
    <frameRelation type="Subframe of"/>
    <frameRelation type="Has Subframe(s)"/>
    <frameRelation type="Precedes"/>
    <frameRelation type="Is Preceded by"/>
    <frameRelation type="Is Inchoative of"/>
    <frameRelation type="Is Causative of"/>
    <frameRelation type="See also">
        <relatedFrame ID="1305">Elusive_goal</relatedFrame>
    </frameRelation>
    <lexUnit status="Finished_Initial" POS="V" name="evade.v" ID="5017" lemmaID="13228" cBy="MJE" cDate="02/26/2002 03:21:47 PST Tue">
        <definition>COD: escape or avoid, especially by guile or trickery</definition>
        <sentenceCount annotated="46" total="194"/>
        <lexeme order="1" headword="false" breakBefore="false" POS="V" name="evade"/>
    </lexUnit>
    <lexUnit status="Finished_Initial" POS="N" name="evasion.n" ID="5018" lemmaID="13246" cBy="MJE" cDate="02/26/2002 03:22:07 PST Tue">
        <definition>FN: the act of eluding capture or a person intending to capture</definition>
        <sentenceCount annotated="4" total="120"/>
        <lexeme order="1" headword="false" breakBefore="false" POS="N" name="evasion"/>
    </lexUnit>
    <lexUnit status="Finished_Initial" POS="A" name="evasive.a" ID="5019" lemmaID="13247" cBy="MJE" cDate="02/26/2002 03:22:26 PST Tue">
        <definition>COD: directed towards avoidance or escape</definition>
        <sentenceCount annotated="7" total="118"/>
        <lexeme order="1" headword="false" breakBefore="false" POS="A" name="evasive"/>
    </lexUnit>
    <lexUnit status="Finished_Initial" POS="V" name="elude.v" ID="5023" lemmaID="12507" cBy="MJE" cDate="02/26/2002 03:24:05 PST Tue">
        <definition>COD: evade or escape from, typically in a skilful or cunning way. </definition>
        <sentenceCount annotated="10" total="73"/>
        <lexeme order="1" headword="false" breakBefore="false" POS="V" name="elude"/>
    </lexUnit>
    <lexUnit status="Needs_SCs" POS="A" name="elusive.a" ID="5039" lemmaID="12509" cBy="MJE" cDate="02/26/2002 05:27:12 PST Tue">
        <definition>COD: difficult to find, catch, or achieve. </definition>
        <sentenceCount annotated="5" total="12"/>
        <lexeme order="1" headword="false" breakBefore="false" POS="A" name="elusive"/>
    </lexUnit>
    <lexUnit status="Finished_Initial" POS="V" name="give the slip.v" ID="5336" lemmaID="45570" cBy="MJE" cDate="03/28/2002 04:11:58 PST Thu">
        <definition>COD: escape or evade from someone</definition>
        <sentenceCount annotated="6" total="16"/>
        <lexeme order="1" headword="true" breakBefore="false" POS="V" name="give"/>
        <lexeme order="2" headword="false" breakBefore="true" POS="ART" name="the"/>
        <lexeme order="3" headword="false" breakBefore="false" POS="N" name="slip"/>
    </lexUnit>
    <lexUnit status="Finished_Initial" POS="V" name="flee.v" ID="8997" lemmaID="14674" cBy="ACW" cDate="07/03/2003 02:37:48 PDT Thu">
        <definition>FN: run away while being pursued</definition>
        <sentenceCount annotated="14" total="371"/>
        <lexeme order="1" headword="false" breakBefore="false" POS="V" name="flee"/>
    </lexUnit>
    <lexUnit status="Finished_Initial" POS="V" name="get away.v" ID="9135" lemmaID="48231" cBy="RLG" cDate="07/22/2003 03:24:24 PDT Tue">
        <definition>COD: escape</definition>
        <sentenceCount annotated="8" total="179"/>
        <lexeme order="1" headword="true" breakBefore="false" POS="V" name="get"/>
        <lexeme order="2" headword="false" breakBefore="false" POS="ADV" name="away"/>
    </lexUnit>
    <lexUnit status="Created" POS="V" name="skip town.v" ID="18483" lemmaID="52061" cBy="MJE" cDate="11/16/2015 04:40:41 PST Mon">
        <definition>FN: leave one's normal place of living in order to evade pursuers.</definition>
        <sentenceCount annotated="0" total="0"/>
        <lexeme order="1" headword="true" breakBefore="false" POS="V" name="skip"/>
        <lexeme order="2" headword="false" breakBefore="false" POS="N" name="town"/>
    </lexUnit>
</frame>