<?xml version="1.0" encoding="UTF-8" standalone="yes"?>
<?xml-stylesheet type="text/xsl" href="frame.xsl"?>
<frame cBy="JKR" cDate="06/13/2002 05:09:17 PDT Thu" name="Evaluative_comparison" ID="353" xsi:schemaLocation="../schema/frame.xsd" xmlns="http://framenet.icsi.berkeley.edu" xmlns:xsi="http://www.w3.org/2001/XMLSchema-instance">
    <definition>&lt;def-root&gt;This frame is about the static comparison of an &lt;fen&gt;Profiled_item&lt;/fen&gt; to a &lt;fen&gt;Standard_item&lt;/fen&gt;, often  with respect to some &lt;fen&gt;Attribute&lt;/fen&gt;. In this frame, there is an inherent asymmetry between &lt;fen&gt;Profiled_item&lt;/fen&gt; and &lt;fen&gt;Standard_item&lt;/fen&gt; in that the two cannot be expressed jointly as a subject. &lt;fen&gt;Degree&lt;/fen&gt; expressions are also found that indicate how close the items are to each other on the scale evoked by the &lt;fen&gt;Attribute&lt;/fen&gt;. Furthermore, the particular value of the standard or item on a certain scale may be given by the &lt;fen&gt;Standard_attribute&lt;/fen&gt; of the &lt;fen&gt;Profiled_attribute&lt;/fen&gt; respectively. 

&lt;ex&gt; The Sun is putting on &lt;fex name="Profiled_item"&gt;a show that&lt;/fex&gt; &lt;t&gt;rivals&lt;/t&gt; &lt;fex name="Standard_item"&gt;the most sizzling Hollywood thrillers&lt;/fex&gt;.&lt;/ex&gt;
&lt;ex&gt;&lt;fex name="Profiled_item"&gt;Mexico's Copper Canyon&lt;/fex&gt; &lt;t&gt;rivals&lt;/t&gt; &lt;fex name="Standard_item"&gt;the Grand Canyon&lt;/fex&gt; &lt;fex name="Attribute"&gt;in sheer beauty and drama&lt;/fex&gt;.  &lt;/ex&gt;
&lt;ex&gt; &lt;fex name="Standard_attribute"&gt;Peyton Manning's passing yards&lt;/fex&gt; are &lt;t&gt;equaled&lt;/t&gt; &lt;fex name="Comparison_set"&gt;among NFL quarterbacks&lt;/fex&gt; &lt;fex name="Profiled_item"&gt;by only a select few&lt;/fex&gt;. &lt;/ex&gt; 
&lt;ex&gt; &lt;fex name="Profiled_item"&gt;Few pianists&lt;/fex&gt; have ever &lt;t&gt;equaled&lt;/t&gt; &lt;fex name="Standard_attribute"&gt;the lightness and vivacity of his rhythm&lt;/fex&gt; . &lt;/ex&gt; &lt;ex&gt; &lt;fex name="Profiled_attribute"&gt;The current price&lt;/fex&gt; &lt;t&gt;matches&lt;/t&gt; &lt;fex name="Standard_attribute"&gt;the price last year&lt;/fex&gt; . &lt;/ex&gt;&lt;/def-root&gt;</definition>
    <FE bgColor="008000" fgColor="FFFFFF" coreType="Core" cBy="JKR" cDate="06/13/2002 05:43:17 PDT Thu" abbrev="Item" name="Profiled_item" ID="3083">
        <definition>&lt;def-root&gt;In active sentences, the &lt;fen&gt;Profiled_item&lt;/fen&gt; is the grammatically more prominent one of the items that are compared and realized as  the subject. .

&lt;ex&gt;&lt;fex name="Profiled_item"&gt;This PC&lt;/fex&gt; &lt;t&gt;stacks&lt;/t&gt; &lt;t&gt;up&lt;/t&gt; well against its competitors &lt;/ex&gt;&lt;/def-root&gt;</definition>
    </FE>
    <FE bgColor="FF0000" fgColor="FFFFFF" coreType="Core" cBy="JKR" cDate="06/13/2002 05:45:46 PDT Thu" abbrev="Standard" name="Standard_item" ID="3084">
        <definition>&lt;def-root&gt;In active setnnces, the &lt;fen&gt;Standard_item&lt;/fen&gt; is  the grammatically less prominent element, i.e. the object or an oblique.

&lt;ex&gt; This PC &lt;t&gt;stacks&lt;/t&gt; &lt;t&gt;up&lt;/t&gt; well &lt;fex name="Standard_item"&gt;against its competitors&lt;/fex&gt;&lt;/ex&gt;
&lt;/def-root&gt;</definition>
    </FE>
    <FE bgColor="0000FF" fgColor="FFFFFF" coreType="Core" cBy="JKR" cDate="06/13/2002 05:54:14 PDT Thu" abbrev="Vrble" name="Attribute" ID="3085">
        <definition>&lt;def-root&gt;This Frame Elements marks constituents that indicate in which respect Item-1 and Item-2 are equal to each other.

&lt;ex&gt; The Tri-Cities &lt;t&gt;stack&lt;/t&gt; &lt;t&gt;up&lt;/t&gt; well against the competition &lt;fex name="Attribute"&gt;in the area of innovation&lt;/fex&gt;&lt;/ex&gt;&lt;/def-root&gt;</definition>
    </FE>
    <FE bgColor="FF69B4" fgColor="FFFFFF" coreType="Peripheral" cBy="JKR" cDate="06/13/2002 05:55:16 PDT Thu" abbrev="Degree" name="Degree" ID="3086">
        <definition>&lt;def-root&gt;This Frame Element marks expressions that indicate how close the &lt;fen&gt;Profiled_item&lt;/fen&gt; and the  &lt;fen&gt;Standard_item&lt;/fen&gt; are to each other on the scale evoked by the &lt;fen&gt;Attribute&lt;/fen&gt;.

&lt;ex&gt;A peanut butter and jelly sandwich &lt;t&gt;stacks&lt;/t&gt; &lt;t&gt;up&lt;/t&gt; &lt;fex name="Degree"&gt;well&lt;/fex&gt; against other
popular food items  &lt;/ex&gt;&lt;/def-root&gt;</definition>
        <semType name="Degree" ID="172"/>
    </FE>
    <FE bgColor="00008B" fgColor="FFFFFF" coreType="Core" cBy="ACW" cDate="06/26/2002 04:17:40 PDT Wed" abbrev="V_standard" name="Standard_attribute" ID="3255">
        <definition>&lt;def-root&gt;The &lt;fen&gt;Standard_attribute&lt;/fen&gt; is used when the standard is a specific value on  a scale. &lt;ex&gt; &lt;fex name="Profiled_item"&gt; We&lt;/fex&gt; &lt;t&gt;equalled&lt;/t&gt; &lt;fex name = "Standard_attribute"&gt;father's skills&lt;/fex&gt; . &lt;/ex&gt;&lt;/def-root&gt;</definition>
        <excludesFE name="Attribute" ID="3085"/>
    </FE>
    <FE bgColor="00BFFF" fgColor="FFFFFF" coreType="Core" cBy="ACW" cDate="06/26/2002 04:17:53 PDT Wed" abbrev="V_item" name="Profiled_attribute" ID="3256">
        <definition>&lt;def-root&gt;The &lt;fen&gt;Profiled_attribute&lt;/fen&gt; is a particular value on a scale which is being compared to a &lt;fen&gt;Standard_item&lt;/fen&gt; or &lt;fen&gt;Profiled_attribute&lt;/fen&gt;.&lt;/def-root&gt;</definition>
        <excludesFE name="Attribute" ID="3085"/>
    </FE>
    <FE bgColor="A52A2A" fgColor="FFFFFF" coreType="Extra-Thematic" cBy="ACW" cDate="06/27/2002 02:35:42 PDT Thu" abbrev="Comp_set" name="Comparison_set" ID="3282">
        <definition>&lt;def-root&gt;The &lt;fen&gt;Comparison_set&lt;/fen&gt; includes the &lt;fen&gt;Standard_item&lt;/fen&gt; and is what the &lt;fen&gt;Profiled_item&lt;/fen&gt; is judged with respect to.&lt;/def-root&gt;</definition>
    </FE>
    <FE bgColor="800080" fgColor="FFFFFF" coreType="Peripheral" cBy="MJE" cDate="01/19/2006 05:35:22 PST Thu" abbrev="pla" name="Place" ID="9867">
        <definition>&lt;def-root&gt;The location where the &lt;fen&gt;Profiled_item&lt;/fen&gt; rivals the &lt;fen&gt;Standard_item&lt;/fen&gt;.

&lt;ex&gt;&lt;fex name="Place"&gt;In Africa&lt;/fex&gt;, the level of drug resistance &lt;t&gt;rivals&lt;/t&gt; even Noatirtin's vaunted efficacy.&lt;/ex&gt;&lt;/def-root&gt;</definition>
        <semType name="Locative_relation" ID="182"/>
    </FE>
    <FE bgColor="FFA500" fgColor="FFFFFF" coreType="Peripheral" cBy="MJE" cDate="01/19/2006 05:38:41 PST Thu" abbrev="tim" name="Time" ID="9868">
        <definition>&lt;def-root&gt;The time at which the &lt;fen&gt;Profiled_item&lt;/fen&gt; rivals the &lt;fen&gt;Standard_item&lt;/fen&gt;.

&lt;ex&gt;American caviar &lt;fex name="Time"&gt;now&lt;/fex&gt; &lt;t&gt;rivals&lt;/t&gt; Russia's in quality.&lt;/ex&gt;&lt;/def-root&gt;</definition>
        <semType name="Time" ID="141"/>
    </FE>
    <FE bgColor="FF00FF" fgColor="FFFFFF" coreType="Peripheral" cBy="MJE" cDate="01/19/2006 05:40:45 PST Thu" abbrev="man" name="Manner" ID="9869">
        <definition>&lt;def-root&gt;&lt;/def-root&gt;</definition>
        <semType name="Manner" ID="173"/>
    </FE>
    <FEcoreSet>
        <memberFE name="Profiled_item" ID="3083"/>
        <memberFE name="Profiled_attribute" ID="3256"/>
    </FEcoreSet>
    <FEcoreSet>
        <memberFE name="Standard_item" ID="3084"/>
        <memberFE name="Standard_attribute" ID="3255"/>
    </FEcoreSet>
    <frameRelation type="Inherits from">
        <relatedFrame ID="95">Position_on_a_scale</relatedFrame>
    </frameRelation>
    <frameRelation type="Is Inherited by"/>
    <frameRelation type="Perspective on"/>
    <frameRelation type="Is Perspectivized in"/>
    <frameRelation type="Uses"/>
    <frameRelation type="Is Used by"/>
    <frameRelation type="Subframe of"/>
    <frameRelation type="Has Subframe(s)"/>
    <frameRelation type="Precedes"/>
    <frameRelation type="Is Preceded by"/>
    <frameRelation type="Is Inchoative of"/>
    <frameRelation type="Is Causative of"/>
    <frameRelation type="See also"/>
    <lexUnit status="Finished_Initial" POS="V" name="compare.v" ID="6115" lemmaID="7438" cBy="JKR" cDate="06/13/2002 05:12:32 PDT Thu">
        <definition>COD: be similar to or have a specified relationship with another thing or person: </definition>
        <sentenceCount annotated="16" total="88"/>
        <lexeme order="1" headword="false" breakBefore="false" POS="V" name="compare"/>
    </lexUnit>
    <lexUnit status="Created" POS="V" name="measure up.v" ID="6116" lemmaID="45747" cBy="JKR" cDate="06/13/2002 05:13:55 PDT Thu">
        <definition>COD: reach the required or expected standard. </definition>
        <sentenceCount annotated="0" total="0"/>
        <lexeme order="1" headword="true" breakBefore="false" POS="V" name="measure"/>
        <lexeme order="2" headword="false" breakBefore="false" POS="ADV" name="up"/>
    </lexUnit>
    <lexUnit status="Finished_Initial" POS="V" name="match.v" ID="6117" lemmaID="23663" cBy="JKR" cDate="06/13/2002 05:15:41 PDT Thu">
        <definition>COD: be equal to in quality or strength</definition>
        <sentenceCount annotated="26" total="222"/>
        <lexeme order="1" headword="false" breakBefore="false" POS="V" name="match"/>
    </lexUnit>
    <lexUnit status="Created" POS="N" name="match.n" ID="6118" lemmaID="23662" cBy="JKR" cDate="06/13/2002 05:16:48 PDT Thu">
        <definition>COD: a person or thing able to contend with another as an equal. </definition>
        <sentenceCount annotated="0" total="0"/>
        <lexeme order="1" headword="false" breakBefore="false" POS="N" name="match"/>
    </lexUnit>
    <lexUnit status="Finished_Initial" POS="V" name="rival.v" ID="6119" lemmaID="33359" cBy="JKR" cDate="06/13/2002 05:18:37 PDT Thu">
        <definition>COD: be comparable to. </definition>
        <sentenceCount annotated="37" total="175"/>
        <lexeme order="1" headword="false" breakBefore="false" POS="V" name="rival"/>
    </lexUnit>
    <lexUnit status="Finished_Initial" POS="V" name="equal.v" ID="6121" lemmaID="12987" cBy="JKR" cDate="06/13/2002 05:21:34 PDT Thu">
        <definition>COD: be equal or equivalent to</definition>
        <sentenceCount annotated="17" total="145"/>
        <lexeme order="1" headword="false" breakBefore="false" POS="V" name="equal"/>
    </lexUnit>
    <lexUnit status="Created" POS="A" name="comparable.a" ID="6148" lemmaID="7432" cBy="JKR" cDate="06/13/2002 05:57:40 PDT Thu">
        <definition>COD: of equivalent quality. </definition>
        <sentenceCount annotated="3" total="3"/>
        <lexeme order="1" headword="false" breakBefore="false" POS="A" name="comparable"/>
    </lexUnit>
    <lexUnit status="Created" POS="V" name="stack up.v" ID="11170" lemmaID="49690" cBy="MiL" cDate="11/18/2004 02:15:32 PST Thu">
        <definition>COD: measure up; compare.</definition>
        <sentenceCount annotated="0" total="0"/>
        <lexeme order="1" headword="true" breakBefore="false" POS="V" name="stack"/>
        <lexeme order="2" headword="false" breakBefore="true" POS="ADV" name="up"/>
    </lexUnit>
</frame>