<?xml version="1.0" encoding="UTF-8" standalone="yes"?>
<?xml-stylesheet type="text/xsl" href="frame.xsl"?>
<frame cBy="ChW" cDate="02/07/2001 04:11:55 PST Wed" name="Evidence" ID="25" xsi:schemaLocation="../schema/frame.xsd" xmlns="http://framenet.icsi.berkeley.edu" xmlns:xsi="http://www.w3.org/2001/XMLSchema-instance">
    <definition>&lt;def-root&gt;The &lt;fen&gt;Support&lt;/fen&gt;, a phenomenon or fact,  lends support to a claim or proposed course of action, the &lt;fen&gt;Proposition&lt;/fen&gt;, where the &lt;fen&gt;Domain_of_relevance&lt;/fen&gt; may also be expressed.  Some of the words in this frame (e.g. argue) are communication words used in a non-communicative, epistemic sense.

&lt;ex&gt;&lt;fex name="Support"&gt;The latest poll results&lt;/fex&gt; &lt;t&gt;show&lt;/t&gt; &lt;fex name="Proposition"&gt;that support of the president is at an all-time low.&lt;/fex&gt;&lt;/ex&gt; &lt;/def-root&gt;</definition>
    <FE bgColor="FF0000" fgColor="FFFFFF" coreType="Core" cBy="ChW" cDate="02/07/2001 04:11:55 PST Wed" abbrev="Sup" name="Support" ID="107">
        <definition>&lt;def-root&gt;Support is a fact that lends epistemic support to a claim, or that provides a reason for a course of action. Typically it is expressed as an External Argument.
&lt;ex&gt;&lt;fex name="Support"&gt;The fact that you lied to me&lt;/fex&gt; &lt;t&gt;shows&lt;/t&gt; that I shouldn't trust you.&lt;/ex&gt;
&lt;ex&gt;&lt;fex name="Support"&gt;The look on your face&lt;/fex&gt; &lt;t&gt;reveals&lt;/t&gt; that you are lying.&lt;/ex&gt;&lt;/def-root&gt;</definition>
    </FE>
    <FE bgColor="0000FF" fgColor="FFFFFF" coreType="Core" cBy="ChW" cDate="02/07/2001 04:11:55 PST Wed" abbrev="Prp" name="Proposition" ID="108">
        <definition>&lt;def-root&gt;This is a belief, claim, or proposed course of action to which the Support lends validity. Normally it is expressed as a Finite Clause Complement: &lt;ex&gt;The fact that you lied to me &lt;t&gt;shows&lt;/t&gt; &lt;fex name="Proposition"&gt;that I shouldn't trust you&lt;/fex&gt;.&lt;/ex&gt; Some words in this frame require the proposition to be expressed as an NP Object: &lt;ex&gt;The fact that you lied &lt;t&gt;substantiates&lt;/t&gt; &lt;fex name="Proposition"&gt;the claim that you can't be trusted&lt;/fex&gt;.&lt;/ex&gt;&lt;/def-root&gt;</definition>
    </FE>
    <FE bgColor="FF69B4" fgColor="FFFFFF" coreType="Peripheral" cBy="MJE" cDate="06/23/2001 07:34:09 PDT Sat" abbrev="Degr" name="Degree" ID="1016">
        <definition>&lt;def-root&gt;This FE identifies the degree to which a &lt;fen&gt;Proposition&lt;/fen&gt; is supported.
&lt;/def-root&gt;</definition>
        <semType name="Degree" ID="172"/>
    </FE>
    <FE bgColor="FF00FF" fgColor="FFFFFF" coreType="Peripheral" cBy="MJE" cDate="06/23/2001 07:34:09 PDT Sat" abbrev="Manr" name="Manner" ID="1020">
        <definition>&lt;def-root&gt;This FE identifies the manner in which a &lt;fen&gt;Proposition&lt;/fen&gt; is supported.
&lt;ex&gt;The results of the experiments &lt;t&gt;proved&lt;/t&gt; the hypothesis &lt;fex name="Manner"&gt;brilliantly&lt;/fex&gt;.&lt;/ex&gt;&lt;/def-root&gt;</definition>
        <semType name="Manner" ID="173"/>
    </FE>
    <FE bgColor="A52A2A" fgColor="FFFFFF" coreType="Peripheral" cBy="MJE" cDate="06/23/2001 07:34:09 PDT Sat" abbrev="Mns" name="Means" ID="1021">
        <definition>&lt;def-root&gt;An intermediate logical step that justifies the relationship of the &lt;fen&gt;Support&lt;/fen&gt; to the &lt;fen&gt;Proposition&lt;/fen&gt;.
&lt;ex&gt;Tiny patterns in fossil rocks can &lt;t&gt;demonstrate&lt;/t&gt; that dinosaurs and pterosaurs were (at least potentially) warm blooded &lt;fex name="Mns"&gt;by showing that they had feathers or hair, today found only among endotherms&lt;/fex&gt;.&lt;/ex&gt;&lt;/def-root&gt;</definition>
        <semType name="State_of_affairs" ID="177"/>
    </FE>
    <FE bgColor="9400D3" fgColor="FFFFFF" coreType="Extra-Thematic" cBy="MJE" cDate="06/23/2001 07:35:55 PDT Sat" abbrev="Depict" name="Depictive" ID="1023">
        <definition>&lt;def-root&gt;A description of the status of the &lt;fen&gt;Support&lt;/fen&gt; within its relationship to the &lt;fen&gt;Proposition&lt;/fen&gt;.
This &lt;t&gt;proves&lt;/t&gt; my conclusions &lt;fex name="Depictive"&gt;all by itself&lt;/fex&gt;.&lt;/def-root&gt;</definition>
    </FE>
    <FE bgColor="9F79EE" fgColor="FFFFFF" coreType="Extra-Thematic" cBy="MJE" cDate="06/23/2001 07:35:55 PDT Sat" abbrev="Result" name="Result" ID="1028">
        <definition>&lt;def-root&gt;Result of an event&lt;/def-root&gt;</definition>
    </FE>
    <FE bgColor="00BFFF" fgColor="FFFFFF" coreType="Extra-Thematic" cBy="MJE" cDate="07/19/2001 02:45:24 PDT Thu" abbrev="doma" name="Domain_of_relevance" ID="1543">
        <definition>&lt;def-root&gt;This FE identifies the domain (usually, time or space) for which a given &lt;fen&gt;Proposition&lt;/fen&gt; is true.
&lt;/def-root&gt;</definition>
    </FE>
    <FE bgColor="008000" fgColor="FFFFFF" coreType="Peripheral" cBy="RLG" cDate="01/13/2005 10:44:09 PST Thu" abbrev="cog" name="Cognizer" ID="7423">
        <definition>&lt;def-root&gt;The person for whom the &lt;fen&gt;Proposition&lt;/fen&gt; is supported by the &lt;fen&gt;Support&lt;/fen&gt;.

&lt;ex&gt;The behavior of the children &lt;t&gt;indicated&lt;/t&gt; &lt;fex name="Cognizer"&gt;to the teacher&lt;/fex&gt; that further action was required on his part.&lt;/ex&gt;&lt;/def-root&gt;</definition>
        <semType name="Sentient" ID="5"/>
    </FE>
    <frameRelation type="Inherits from"/>
    <frameRelation type="Is Inherited by"/>
    <frameRelation type="Perspective on"/>
    <frameRelation type="Is Perspectivized in"/>
    <frameRelation type="Uses"/>
    <frameRelation type="Is Used by">
        <relatedFrame ID="1462">Explaining_the_facts</relatedFrame>
        <relatedFrame ID="428">Sign</relatedFrame>
    </frameRelation>
    <frameRelation type="Subframe of"/>
    <frameRelation type="Has Subframe(s)"/>
    <frameRelation type="Precedes"/>
    <frameRelation type="Is Preceded by"/>
    <frameRelation type="Is Inchoative of"/>
    <frameRelation type="Is Causative of"/>
    <frameRelation type="See also"/>
    <lexUnit status="FN1_Sent" POS="N" name="argument.n" ID="240" lemmaID="1907" cBy="ChW" cDate="02/08/2001 01:27:49 PST Thu">
        <definition>COD: a set of reasons given in support of something.</definition>
        <sentenceCount annotated="9" total="238"/>
        <lexeme order="1" headword="false" breakBefore="false" POS="N" name="argument"/>
    </lexUnit>
    <lexUnit status="Finished_Initial" POS="V" name="attest.v" ID="241" lemmaID="2303" cBy="ChW" cDate="02/08/2001 01:27:49 PST Thu">
        <definition>COD: provide or serve as clear evidence of. </definition>
        <sentenceCount annotated="20" total="118"/>
        <lexeme order="1" headword="false" breakBefore="false" POS="V" name="attest"/>
    </lexUnit>
    <lexUnit status="FN1_Sent" POS="V" name="confirm.v" ID="242" lemmaID="7733" cBy="ChW" cDate="02/08/2001 01:27:49 PST Thu">
        <definition>FN: to establish the truth or correctness of by means of evidence </definition>
        <sentenceCount annotated="6" total="374"/>
        <lexeme order="1" headword="false" breakBefore="false" POS="V" name="confirm"/>
    </lexUnit>
    <lexUnit status="FN1_Sent" POS="V" name="corroborate.v" ID="243" lemmaID="8448" cBy="ChW" cDate="02/08/2001 01:27:49 PST Thu">
        <definition>COD: confirm or give support to (a statment or theory)</definition>
        <sentenceCount annotated="7" total="49"/>
        <lexeme order="1" headword="false" breakBefore="false" POS="V" name="corroborate"/>
    </lexUnit>
    <lexUnit status="FN1_Sent" POS="V" name="demonstrate.v" ID="244" lemmaID="10139" cBy="ChW" cDate="02/08/2001 01:27:49 PST Thu">
        <definition>COD:  clearly show the existence or truth of. </definition>
        <sentenceCount annotated="21" total="308"/>
        <lexeme order="1" headword="false" breakBefore="false" POS="V" name="demonstrate"/>
    </lexUnit>
    <lexUnit status="FN1_Sent" POS="V" name="evidence.v" ID="245" lemmaID="13289" cBy="ChW" cDate="02/08/2001 01:27:49 PST Thu">
        <definition>COD: be or show evidence of. </definition>
        <sentenceCount annotated="13" total="99"/>
        <lexeme order="1" headword="false" breakBefore="false" POS="V" name="evidence"/>
    </lexUnit>
    <lexUnit status="FN1_Sent" POS="V" name="evince.v" ID="246" lemmaID="13300" cBy="ChW" cDate="02/08/2001 01:27:49 PST Thu">
        <definition>COD: reveal the presence of; indicate (a quality or feeling). </definition>
        <sentenceCount annotated="4" total="38"/>
        <lexeme order="1" headword="false" breakBefore="false" POS="V" name="evince"/>
    </lexUnit>
    <lexUnit status="FN1_Sent" POS="V" name="prove.v" ID="247" lemmaID="30888" cBy="ChW" cDate="02/08/2001 01:27:49 PST Thu">
        <definition>COD: demonstrate by evidence or argument the truth or existence of. </definition>
        <sentenceCount annotated="19" total="307"/>
        <lexeme order="1" headword="false" breakBefore="false" POS="V" name="prove"/>
    </lexUnit>
    <lexUnit status="FN1_Sent" POS="V" name="reveal.v" ID="248" lemmaID="33064" cBy="ChW" cDate="02/08/2001 01:27:49 PST Thu">
        <definition>FN: disclose or make known.</definition>
        <sentenceCount annotated="49" total="335"/>
        <lexeme order="1" headword="false" breakBefore="false" POS="V" name="reveal"/>
    </lexUnit>
    <lexUnit status="Finished_Initial" POS="V" name="show.v" ID="249" lemmaID="35686" cBy="ChW" cDate="02/08/2001 01:27:50 PST Thu">
        <definition>FN: act as evidence or serve as proof of something</definition>
        <sentenceCount annotated="49" total="660"/>
        <lexeme order="1" headword="false" breakBefore="false" POS="V" name="show"/>
    </lexUnit>
    <lexUnit status="FN1_Sent" POS="V" name="substantiate.v" ID="250" lemmaID="38604" cBy="ChW" cDate="02/08/2001 01:27:50 PST Thu">
        <definition>COD: provide evidence to support or prove the truth of. </definition>
        <sentenceCount annotated="13" total="83"/>
        <lexeme order="1" headword="false" breakBefore="false" POS="V" name="substantiate"/>
    </lexUnit>
    <lexUnit status="FN1_Sent" POS="V" name="testify.v" ID="251" lemmaID="39962" cBy="ChW" cDate="02/08/2001 01:27:50 PST Thu">
        <definition>COD: serve as evidence or proof of something. </definition>
        <sentenceCount annotated="20" total="98"/>
        <lexeme order="1" headword="false" breakBefore="false" POS="V" name="testify"/>
    </lexUnit>
    <lexUnit status="FN1_Sent" POS="V" name="verify.v" ID="252" lemmaID="42875" cBy="ChW" cDate="02/08/2001 01:27:50 PST Thu">
        <definition>FN: to prove accurate or true by means of a piece of evidence</definition>
        <sentenceCount annotated="11" total="175"/>
        <lexeme order="1" headword="false" breakBefore="false" POS="V" name="verify"/>
    </lexUnit>
    <lexUnit status="Finished_Initial" POS="V" name="disprove.v" ID="7799" lemmaID="11116" cBy="JKR" cDate="12/04/2002 06:41:21 PST Wed">
        <definition>FN: to prove something to be false as a piece of evidence</definition>
        <sentenceCount annotated="18" total="107"/>
        <lexeme order="1" headword="false" breakBefore="false" POS="V" name="disprove"/>
    </lexUnit>
    <lexUnit status="Finished_Initial" POS="V" name="contradict.v" ID="7800" lemmaID="8112" cBy="JKR" cDate="12/04/2002 07:10:56 PST Wed">
        <definition>FN: the truth of (a statement) by asserting the opposite</definition>
        <sentenceCount annotated="21" total="162"/>
        <lexeme order="1" headword="false" breakBefore="false" POS="V" name="contradict"/>
    </lexUnit>
    <lexUnit status="Finished_Initial" POS="V" name="argue.v" ID="8340" lemmaID="1906" cBy="JKR" cDate="02/21/2003 06:01:55 PST Fri">
        <definition>FN: to be evidence for a conclusion</definition>
        <sentenceCount annotated="14" total="231"/>
        <lexeme order="1" headword="false" breakBefore="false" POS="V" name="argue"/>
    </lexUnit>
    <lexUnit status="Created" POS="V" name="mean.v" ID="8690" lemmaID="23795" cBy="Pet" cDate="05/08/2003 05:01:10 PDT Thu">
        <definition>FN: indicate a fact </definition>
        <sentenceCount annotated="4" total="4"/>
        <lexeme order="1" headword="false" breakBefore="false" POS="V" name="mean"/>
    </lexUnit>
    <lexUnit status="Created" POS="N" name="evidence.n" ID="10843" lemmaID="13288" cBy="MJE" cDate="08/10/2004 03:26:19 PDT Tue">
        <definition>COD:  information indicating whether a belief or proposition is true or valid. </definition>
        <sentenceCount annotated="39" total="39"/>
        <lexeme order="1" headword="false" breakBefore="false" POS="N" name="evidence"/>
    </lexUnit>
    <lexUnit status="Needs_SCs" POS="PREP" name="from.prep" ID="10878" lemmaID="15537" cBy="KlB" cDate="08/18/2004 05:24:23 PDT Wed">
        <definition>FN: indicating source of evidence</definition>
        <sentenceCount annotated="3" total="100"/>
        <lexeme order="1" headword="false" breakBefore="false" POS="PREP" name="from"/>
    </lexUnit>
    <lexUnit status="Created" POS="V" name="suggest.v" ID="11414" lemmaID="38712" cBy="Pam" cDate="12/13/2004 02:50:08 PST Mon">
        <definition>COD: cause one to think that (something) exists or is the case; evoke.</definition>
        <sentenceCount annotated="64" total="64"/>
        <lexeme order="1" headword="false" breakBefore="false" POS="V" name="suggest"/>
    </lexUnit>
    <lexUnit status="Finished_Initial" POS="V" name="indicate.v" ID="11448" lemmaID="19625" cBy="MJE" cDate="12/14/2004 11:15:16 PST Tue">
        <definition>COD: be a sign or symptom of; strongly imply.</definition>
        <sentenceCount annotated="55" total="434"/>
        <lexeme order="1" headword="false" breakBefore="false" POS="V" name="indicate"/>
    </lexUnit>
    <lexUnit status="Created" POS="V" name="imply.v" ID="11449" lemmaID="19198" cBy="MJE" cDate="12/14/2004 11:16:08 PST Tue">
        <definition>COD: (of a fact or occurrence) suggest as a logical consequence.</definition>
        <sentenceCount annotated="0" total="0"/>
        <lexeme order="1" headword="false" breakBefore="false" POS="V" name="imply"/>
    </lexUnit>
    <lexUnit status="Created" POS="N" name="proof.n" ID="11738" lemmaID="49897" cBy="MJE" cDate="03/07/2005 02:51:43 PST Mon">
        <definition>COD: evidence establishing a fact or the truth of a statement.</definition>
        <sentenceCount annotated="2" total="2"/>
        <lexeme order="1" headword="true" breakBefore="false" POS="N" name="proof"/>
    </lexUnit>
    <lexUnit status="Created" POS="V" name="illustrate.v" ID="12782" lemmaID="19000" cBy="MJE" cDate="10/11/2005 04:22:46 PDT Tue">
        <definition>COD: serve as an example of.</definition>
        <sentenceCount annotated="2" total="2"/>
        <lexeme order="1" headword="false" breakBefore="false" POS="V" name="illustrate"/>
    </lexUnit>
    <lexUnit status="Created" POS="V" name="point (to).v" ID="13329" lemmaID="50387" cBy="MiL" cDate="06/27/2006 02:03:31 PDT Tue">
        <definition>FN: (of some fact or state of affairs) to provide evidence for a conclusion.</definition>
        <sentenceCount annotated="1" total="1"/>
        <lexeme order="1" headword="true" breakBefore="false" POS="V" name="point"/>
        <lexeme order="2" headword="false" breakBefore="false" POS="PREP" name="to"/>
    </lexUnit>
    <lexUnit status="Created" POS="N" name="credence [lend].n" ID="13551" lemmaID="8861" cBy="RLG" cDate="09/17/2006 04:51:28 PDT Sun">
        <definition>FN: (in construction with "lend") believability, likelihood of being true.</definition>
        <sentenceCount annotated="1" total="1"/>
        <lexeme order="1" headword="false" breakBefore="false" POS="N" name="credence"/>
    </lexUnit>
    <lexUnit status="Finished_Initial" POS="V" name="support.v" ID="14741" lemmaID="38924" cBy="KmG" cDate="01/29/2008 01:39:49 PST Tue">
        <definition>FN: speaks to the truth of some claim by acting as evidence in corroboration of it.</definition>
        <sentenceCount annotated="20" total="249"/>
        <lexeme order="1" headword="false" breakBefore="false" POS="V" name="support"/>
    </lexUnit>
    <lexUnit status="Add_Annotation" POS="V" name="tell.v" ID="15307" lemmaID="39772" cBy="JKs" cDate="02/26/2009 02:10:35 PST Thu">
        <definition>FN: to be evidence for a conclusion</definition>
        <sentenceCount annotated="3" total="3"/>
        <lexeme order="1" headword="false" breakBefore="false" POS="V" name="tell"/>
    </lexUnit>
    <lexUnit status="Created" POS="V" name="rule out.v" ID="16870" lemmaID="51480" cBy="CVa" cDate="02/01/2012 01:50:57 PST Wed">
        <definition>FN: to be rejected from a list of possible options by a non-agentive entity</definition>
        <sentenceCount annotated="12" total="12"/>
        <lexeme order="1" headword="true" breakBefore="false" POS="V" name="rule"/>
        <lexeme order="2" headword="false" breakBefore="false" POS="PREP" name="out"/>
    </lexUnit>
    <lexUnit status="Created" POS="N" name="demonstration.n" ID="16961" lemmaID="10140" cBy="WmS" cDate="03/15/2012 05:15:31 PDT Thu">
        <definition>FN: To show to be true</definition>
        <sentenceCount annotated="0" total="0"/>
        <lexeme order="1" headword="false" breakBefore="false" POS="N" name="demonstration"/>
    </lexUnit>
    <lexUnit status="Created" POS="V" name="assure.v" ID="17683" lemmaID="2183" cBy="MJE" cDate="08/19/2014 02:52:50 PDT Tue">
        <definition>FN: (of a fact or situation) show (someone) that something is true.</definition>
        <sentenceCount annotated="1" total="1"/>
        <lexeme order="1" headword="false" breakBefore="false" POS="V" name="assure"/>
    </lexUnit>
</frame>