<?xml version="1.0" encoding="UTF-8" standalone="yes"?>
<?xml-stylesheet type="text/xsl" href="frame.xsl"?>
<frame cBy="JKR" cDate="03/04/2004 04:39:30 PST Thu" name="Evoking" ID="1012" xsi:schemaLocation="../schema/frame.xsd" xmlns="http://framenet.icsi.berkeley.edu" xmlns:xsi="http://www.w3.org/2001/XMLSchema-instance">
    <definition>&lt;def-root&gt;Some &lt;fen&gt;Stimulus&lt;/fen&gt; causes a &lt;fen&gt;Cognizer&lt;/fen&gt; to think of a prior &lt;fen&gt;Phenomenon&lt;/fen&gt; due to its perceived similarity.

&lt;ex&gt;I burned down the malt shop where we used to go just because &lt;fex name="Stim"&gt;it&lt;/fex&gt; &lt;t&gt;reminds&lt;/t&gt; me &lt;fex name="Phen"&gt;of you&lt;/fex&gt;&lt;/ex&gt;




&lt;/def-root&gt;</definition>
    <FE bgColor="800080" fgColor="FFFFFF" coreType="Core" cBy="JKR" cDate="03/04/2004 04:39:30 PST Thu" abbrev="Cognizer" name="Cognizer" ID="6002">
        <definition>&lt;def-root&gt;The &lt;fen&gt;Cognizer&lt;/fen&gt; is the person who remembers the &lt;fen&gt;Phenomenon&lt;/fen&gt; .&lt;/def-root&gt;</definition>
        <semType name="Sentient" ID="5"/>
    </FE>
    <FE bgColor="FF0000" fgColor="FFFFFF" coreType="Core" cBy="JKR" cDate="03/04/2004 04:39:30 PST Thu" abbrev="Phen" name="Phenomenon" ID="6003">
        <definition>&lt;def-root&gt;The &lt;fen&gt;Phenomenon&lt;/fen&gt; is the mental content that a &lt;fen&gt;Cognizer&lt;/fen&gt; remembers.

&lt;ex&gt;You &lt;t&gt;remind&lt;/t&gt; me &lt;fex name="Phen"&gt;of my uncle Jerry&lt;/fex&gt;&lt;/ex&gt;&lt;/def-root&gt;</definition>
    </FE>
    <FE bgColor="00BFFF" fgColor="FFFFFF" coreType="Peripheral" cBy="JKR" cDate="03/04/2004 04:39:30 PST Thu" abbrev="Degr" name="Degree" ID="6005">
        <definition>&lt;def-root&gt;&lt;fen&gt;Degree&lt;/fen&gt; to which &lt;fen&gt;Cognizer&lt;/fen&gt; perceives the &lt;fen&gt;Stimulus&lt;/fen&gt; to match the &lt;fen&gt;Phenomenon&lt;/fen&gt;.&lt;/def-root&gt;</definition>
        <semType name="Degree" ID="172"/>
    </FE>
    <FE bgColor="FF00FF" fgColor="FFFFFF" coreType="Peripheral" cBy="JKR" cDate="03/04/2004 04:39:30 PST Thu" abbrev="Manr" name="Manner" ID="6008">
        <definition>&lt;def-root&gt;Any description of the event which is not covered by more specific FEs, including speed (quickly) and general descriptions comparing events (the same way). Other expressions involving how the experience affects the &lt;fen&gt;Cognizer&lt;/fen&gt; may also be expressed (painfully).&lt;/def-root&gt;</definition>
        <semType name="Manner" ID="173"/>
    </FE>
    <FE bgColor="0000FF" fgColor="FFFFFF" coreType="Peripheral" cBy="JKR" cDate="03/04/2004 04:39:30 PST Thu" abbrev="Dur" name="Duration" ID="6011">
        <definition>&lt;def-root&gt;The &lt;fen&gt;Duration&lt;/fen&gt; is the amount of time for which the &lt;fen&gt;Stimulus&lt;/fen&gt; continues to remind the Cognizer of the &lt;fen&gt;Phenomenon&lt;/fen&gt;.&lt;/def-root&gt;</definition>
        <semType name="Duration" ID="142"/>
    </FE>
    <FE bgColor="006400" fgColor="FFFFFF" coreType="Extra-Thematic" cBy="JKR" cDate="03/04/2004 04:39:30 PST Thu" abbrev="Exp" name="Explanation" ID="6013">
        <definition>&lt;def-root&gt;The &lt;fex name="Explanation"&gt;Explanation&lt;/fex&gt; for which the &lt;fen&gt;Stimulus&lt;/fen&gt; evokes the &lt;fen&gt;Phenomenon&lt;/fen&gt;.&lt;/def-root&gt;</definition>
        <semType name="State_of_affairs" ID="177"/>
    </FE>
    <FE bgColor="FFA500" fgColor="FFFFFF" coreType="Peripheral" cBy="JKR" cDate="03/04/2004 04:39:30 PST Thu" abbrev="Time" name="Time" ID="6014">
        <definition>&lt;def-root&gt;The &lt;fen&gt;Time&lt;/fen&gt; is when the Cognizer remembers the &lt;fen&gt;Phenomenon&lt;/fen&gt;.&lt;/def-root&gt;</definition>
        <semType name="Time" ID="141"/>
    </FE>
    <FE bgColor="7CCD73" fgColor="FFFFFF" coreType="Core" cBy="JKR" cDate="03/04/2004 05:02:22 PST Thu" abbrev="Stim" name="Stimulus" ID="6016">
        <definition>&lt;def-root&gt;The entity or situation that causes the &lt;fen&gt;Cognizer&lt;/fen&gt; to think of the &lt;fen&gt;Phenomenon&lt;/fen&gt;.

&lt;ex&gt; &lt;fex name="Stimulus"&gt;Internationalization&lt;/fex&gt; &lt;t&gt;conjures&lt;/t&gt; up a world of diplomatic exchanges and international agencies in which the interests of ex-colonial and great powers still linger&lt;/ex&gt;&lt;/def-root&gt;</definition>
    </FE>
    <FE bgColor="9F79EE" fgColor="FFFFFF" coreType="Peripheral" cBy="JKR" cDate="05/17/2004 03:48:54 PDT Mon" abbrev="fea" name="Feature" ID="6460">
        <definition>&lt;def-root&gt;A characteristic of the &lt;fen&gt;Stimulus&lt;/fen&gt; that contributes to the perception of similarity to the &lt;fen&gt;Phenomenon&lt;/fen&gt;.

&lt;ex&gt;She &lt;t&gt;reminds&lt;/t&gt; me of your mother &lt;fex name="fea"&gt;with her darting beady eyes&lt;/fex&gt;.&lt;/ex&gt;&lt;/def-root&gt;</definition>
    </FE>
    <frameRelation type="Inherits from"/>
    <frameRelation type="Is Inherited by"/>
    <frameRelation type="Perspective on"/>
    <frameRelation type="Is Perspectivized in"/>
    <frameRelation type="Uses">
        <relatedFrame ID="135">Memory</relatedFrame>
    </frameRelation>
    <frameRelation type="Is Used by"/>
    <frameRelation type="Subframe of"/>
    <frameRelation type="Has Subframe(s)"/>
    <frameRelation type="Precedes"/>
    <frameRelation type="Is Preceded by"/>
    <frameRelation type="Is Inchoative of"/>
    <frameRelation type="Is Causative of"/>
    <frameRelation type="See also"/>
    <lexUnit status="Finished_Initial" POS="V" name="remind.v" ID="10192" lemmaID="32568" cBy="JKR" cDate="03/04/2004 05:07:55 PST Thu">
        <definition>COD: cause someone to think of (something) because of a resemblance</definition>
        <sentenceCount annotated="49" total="167"/>
        <lexeme order="1" headword="false" breakBefore="false" POS="V" name="remind"/>
    </lexUnit>
    <lexUnit status="Created" POS="V" name="bring to mind.v" ID="10193" lemmaID="48803" cBy="JKR" cDate="03/04/2004 05:11:04 PST Thu">
        <definition>FN: evoke</definition>
        <sentenceCount annotated="0" total="0"/>
        <lexeme order="1" headword="true" breakBefore="false" POS="V" name="bring"/>
        <lexeme order="2" headword="false" breakBefore="true" POS="PREP" name="to"/>
        <lexeme order="3" headword="false" breakBefore="true" POS="N" name="mind"/>
    </lexUnit>
    <lexUnit status="Finished_Initial" POS="V" name="evoke.v" ID="10194" lemmaID="13304" cBy="JKR" cDate="03/04/2004 05:13:45 PST Thu">
        <definition>COD: bring or recall to the conscious mind</definition>
        <sentenceCount annotated="36" total="168"/>
        <lexeme order="1" headword="false" breakBefore="false" POS="V" name="evoke"/>
    </lexUnit>
    <lexUnit status="Created" POS="V" name="call to mind.v" ID="10195" lemmaID="48805" cBy="JKR" cDate="03/04/2004 05:14:44 PST Thu">
        <definition>FN: evoke</definition>
        <sentenceCount annotated="0" total="0"/>
        <lexeme order="1" headword="true" breakBefore="false" POS="V" name="call"/>
        <lexeme order="2" headword="false" breakBefore="true" POS="PREP" name="to"/>
        <lexeme order="3" headword="false" breakBefore="true" POS="N" name="mind"/>
    </lexUnit>
    <lexUnit status="Created" POS="V" name="put in mind (of).v" ID="10197" lemmaID="48807" cBy="JKR" cDate="03/04/2004 05:16:49 PST Thu">
        <definition>FN: remind one of</definition>
        <sentenceCount annotated="0" total="0"/>
        <lexeme order="1" headword="true" breakBefore="false" POS="V" name="put"/>
        <lexeme order="2" headword="false" breakBefore="true" POS="PREP" name="in"/>
        <lexeme order="3" headword="false" breakBefore="false" POS="N" name="mind"/>
    </lexUnit>
    <lexUnit status="Finished_Initial" POS="V" name="conjure.v" ID="10198" lemmaID="7841" cBy="JKR" cDate="03/04/2004 05:19:30 PST Thu">
        <definition>COD: call to the mind</definition>
        <sentenceCount annotated="7" total="170"/>
        <lexeme order="1" headword="false" breakBefore="false" POS="V" name="conjure"/>
    </lexUnit>
    <lexUnit status="Finished_Initial" incorporatedFE="Phenomenon" POS="V" name="ring a bell.v" ID="10365" lemmaID="48975" cBy="JKR" cDate="03/18/2004 06:29:03 PST Thu">
        <definition>FN: remind (of something specific)</definition>
        <sentenceCount annotated="15" total="60"/>
        <lexeme order="1" headword="true" breakBefore="false" POS="V" name="ring"/>
        <lexeme order="2" headword="false" breakBefore="false" POS="ART" name="a"/>
        <lexeme order="3" headword="false" breakBefore="false" POS="N" name="bell"/>
    </lexUnit>
    <lexUnit status="Finished_Initial" POS="V" name="recall.v" ID="10540" lemmaID="32076" cBy="JKR" cDate="05/22/2004 02:45:10 PDT Sat">
        <definition>COD: cause one to remember or think of</definition>
        <sentenceCount annotated="20" total="201"/>
        <lexeme order="1" headword="false" breakBefore="false" POS="V" name="recall"/>
    </lexUnit>
    <lexUnit status="Created" POS="N" name="reminder.n" ID="10901" lemmaID="32569" cBy="JKR" cDate="08/19/2004 02:50:08 PDT Thu">
        <definition>COD: a thing that causes someone to remember something.</definition>
        <sentenceCount annotated="3" total="3"/>
        <lexeme order="1" headword="false" breakBefore="false" POS="N" name="reminder"/>
    </lexUnit>
    <lexUnit status="Created" POS="A" name="evocative.a" ID="13824" lemmaID="13303" cBy="MJE" cDate="02/25/2007 01:59:19 PST Sun">
        <definition>COD: evoking strong images, memories, or feelings.</definition>
        <sentenceCount annotated="0" total="0"/>
        <lexeme order="1" headword="false" breakBefore="false" POS="A" name="evocative"/>
    </lexUnit>
    <lexUnit status="Created" POS="N" name="evocation.n" ID="13825" lemmaID="13302" cBy="MJE" cDate="02/25/2007 02:00:58 PST Sun">
        <definition>FN: the event of causing to come to mind.</definition>
        <sentenceCount annotated="0" total="0"/>
        <lexeme order="1" headword="false" breakBefore="false" POS="N" name="evocation"/>
    </lexUnit>
    <lexUnit status="Created" POS="V" name="suggest.v" ID="16323" lemmaID="38712" cBy="AlK" cDate="05/18/2011 01:41:20 PDT Wed">
        <definition>FN: prompt a mental image or emotion in an audience</definition>
        <sentenceCount annotated="6" total="7"/>
        <lexeme order="1" headword="false" breakBefore="false" POS="V" name="suggest"/>
    </lexUnit>
</frame>