<?xml version="1.0" encoding="UTF-8" standalone="yes"?>
<?xml-stylesheet type="text/xsl" href="frame.xsl"?>
<frame cBy="Tess" cDate="05/21/2001 03:25:33 PDT Mon" name="Examination" ID="107" xsi:schemaLocation="../schema/frame.xsd" xmlns="http://framenet.icsi.berkeley.edu" xmlns:xsi="http://www.w3.org/2001/XMLSchema-instance">
    <definition>&lt;def-root&gt;This frame deals with testing or examination of someone's &lt;fen&gt;Knowledge&lt;/fen&gt; or skill in a particular area.  An &lt;fen&gt;Examiner&lt;/fen&gt; conducts an &lt;fen&gt;Examination&lt;/fen&gt; to an &lt;fen&gt;Examinee&lt;/fen&gt; to determine the &lt;fen&gt;Examinee&lt;/fen&gt;'s &lt;fen&gt;Knowledge&lt;/fen&gt; and/or determine their &lt;fen&gt;Qualification&lt;/fen&gt; for some privilege; this proceeds either by the &lt;fen&gt;Examinee&lt;/fen&gt; demonstrating a skill or by writing responses to questions.
&lt;ex&gt;&lt;/ex&gt;
&lt;ex&gt;&lt;fex name="Time"&gt;At the end of the trial period&lt;/fex&gt; &lt;fex name="Examinee"&gt;all three groups&lt;/fex&gt; &lt;m&gt;took&lt;/m&gt; &lt;fex name="Knowledge"&gt;an English for Commerce&lt;/fex&gt; &lt;t&gt;&lt;fex name="Examination"&gt;examination&lt;/fex&gt;&lt;/t&gt; &lt;fex name="Purpose"&gt;to assess progress&lt;/fex&gt;.&lt;/ex&gt;

&lt;ex&gt;&lt;fex name="Examinee"&gt;Many constables&lt;/fex&gt; had &lt;m&gt;passed&lt;/m&gt; &lt;fex name="Qualification"&gt;the Sergeant's&lt;/fex&gt; &lt;t&gt;&lt;fex name="Examination"&gt;exam&lt;/fex&gt;&lt;/t&gt;.&lt;/ex&gt;

&lt;ex&gt;The only point of &lt;fex name="Examiner"&gt;Mr. Baker's&lt;/fex&gt; &lt;t&gt;&lt;fex name="Examination"&gt;tests&lt;/fex&gt;&lt;/t&gt; that I can devine is that they will serve to check up on the teachers.&lt;/ex&gt;&lt;/def-root&gt;</definition>
    <FE bgColor="00008B" fgColor="FFFFFF" coreType="Core" cBy="Tess" cDate="05/21/2001 04:49:39 PDT Mon" abbrev="Exmr" name="Examiner" ID="522">
        <definition>&lt;def-root&gt;One who administers a test of some kind.&lt;ex&gt;&lt;fex name="Exmr"&gt;The teacher&lt;/fex&gt; &lt;t&gt;tested&lt;/t&gt; the students.&lt;/ex&gt;&lt;/def-root&gt;</definition>
        <semType name="Human" ID="80"/>
    </FE>
    <FE bgColor="9400D3" fgColor="FFFFFF" coreType="Core" cBy="Tess" cDate="05/21/2001 04:51:46 PDT Mon" abbrev="Exmee" name="Examinee" ID="523">
        <definition>&lt;def-root&gt;One who undergoes a test of some kind.&lt;ex&gt;&lt;fex name="Exmee"&gt;The students&lt;/fex&gt; took a &lt;t&gt;test&lt;/t&gt;.&lt;/ex&gt;&lt;/def-root&gt;</definition>
    </FE>
    <FE bgColor="FF69B4" fgColor="FFFFFF" coreType="Core" cBy="Tess" cDate="05/21/2001 04:53:50 PDT Mon" abbrev="kno" name="Knowledge" ID="524">
        <definition>&lt;def-root&gt;The ability, practice, or command of information on which an &lt;fen&gt;Examinee&lt;/fen&gt; is tested.

&lt;ex&gt;I took my &lt;fex name="Knowledge"&gt;driving&lt;/fex&gt; &lt;t&gt;test&lt;/t&gt;.&lt;/ex&gt;
&lt;ex&gt;Is there anything more odious than a &lt;fex name="kno"&gt;History&lt;/fex&gt; test strictly on dates ?&lt;/ex&gt;&lt;/def-root&gt;</definition>
    </FE>
    <FE bgColor="006400" fgColor="FFFFFF" coreType="Core" cBy="JKR" cDate="05/22/2001 12:14:54 PDT Tue" abbrev="" name="Qualification" ID="538">
        <definition>&lt;def-root&gt;A credential or status that one acquires by passing an &lt;fen&gt;Examination&lt;/fen&gt;.&lt;ex&gt;&lt;fex name="Exmee"&gt;He&lt;/fex&gt; &lt;m&gt;took&lt;/m&gt; the &lt;fex name="Qualification"&gt;college entrance&lt;/fex&gt; &lt;fex name="Examination"&gt;&lt;t&gt;exam&lt;/t&gt;&lt;/fex&gt;.&lt;/ex&gt;&lt;/def-root&gt;</definition>
    </FE>
    <FE bgColor="FF0000" fgColor="FFFFFF" coreType="Core" cBy="JKR" cDate="05/22/2001 12:16:10 PDT Tue" abbrev="Examination" name="Examination" ID="539">
        <definition>&lt;def-root&gt;The &lt;fen&gt;Examination&lt;/fen&gt; that somebody takes.&lt;ex&gt;&lt;fex name="Examination"&gt;The examination&lt;/fex&gt; &lt;t&gt;tests&lt;/t&gt; driving skills.&lt;/ex&gt;&lt;/def-root&gt;</definition>
    </FE>
    <FE bgColor="0000FF" fgColor="FFFFFF" coreType="Peripheral" cBy="BoC" cDate="07/02/2001 09:45:23 PDT Mon" abbrev="Mns" name="Means" ID="1267">
        <definition>&lt;def-root&gt;An act whereby the &lt;fen&gt;Examiner&lt;/fen&gt; assesses the &lt;fen&gt;Examinee&lt;/fen&gt;.
&lt;ex&gt;The sarge &lt;t&gt;tested&lt;/t&gt; him &lt;fex name="Mns"&gt;by having him take his rifle apart and put it back together&lt;/fex&gt;.&lt;/ex&gt; &lt;/def-root&gt;</definition>
        <semType name="State_of_affairs" ID="177"/>
    </FE>
    <FE bgColor="00BFFF" fgColor="FFFFFF" coreType="Peripheral" cBy="MJE" cDate="12/09/2005 02:54:28 PST Fri" abbrev="pur" name="Purpose" ID="9762">
        <definition>&lt;def-root&gt;The state-of-affairs that the &lt;fen&gt;Examiner&lt;/fen&gt; wants to bring about by giving the &lt;fen&gt;Examinee&lt;/fen&gt; the &lt;fen&gt;Examination&lt;/fen&gt;.&lt;/def-root&gt;</definition>
        <semType name="State_of_affairs" ID="177"/>
    </FE>
    <FE bgColor="9F79EE" fgColor="FFFFFF" coreType="Peripheral" cBy="MJE" cDate="12/09/2005 02:58:02 PST Fri" abbrev="pla" name="Place" ID="9763">
        <definition>&lt;def-root&gt;The location where the examination takes place.&lt;/def-root&gt;</definition>
        <semType name="Locative_relation" ID="182"/>
    </FE>
    <FE bgColor="808080" fgColor="FFFFFF" coreType="Peripheral" cBy="MJE" cDate="12/09/2005 02:58:40 PST Fri" abbrev="tim" name="Time" ID="9764">
        <definition>&lt;def-root&gt;The time at which the examination occurs.&lt;/def-root&gt;</definition>
        <semType name="Time" ID="141"/>
    </FE>
    <FE bgColor="FF00FF" fgColor="FFFFFF" coreType="Peripheral" cBy="MJE" cDate="12/09/2005 03:02:10 PST Fri" abbrev="man" name="Manner" ID="9765">
        <definition>&lt;def-root&gt;Any description of the intentional act which is not covered by more specific FEs, including secondary effects (&lt;ment&gt;quietly, loudly&lt;/ment&gt;), and general descriptions comparing events (&lt;ment&gt;the same way&lt;/ment&gt;). In addition, it may indicate salient characteristics of an &lt;fen&gt;Examiner&lt;/fen&gt; that also affect the action (&lt;ment&gt;presumptuously, coldly, deliberately, eagerly, carefully&lt;/ment&gt;). &lt;/def-root&gt;</definition>
        <semType name="Manner" ID="173"/>
    </FE>
    <FEcoreSet>
        <memberFE name="Knowledge" ID="524"/>
        <memberFE name="Qualification" ID="538"/>
    </FEcoreSet>
    <FEcoreSet>
        <memberFE name="Examination" ID="539"/>
        <memberFE name="Examiner" ID="522"/>
    </FEcoreSet>
    <frameRelation type="Inherits from">
        <relatedFrame ID="198">Intentionally_act</relatedFrame>
    </frameRelation>
    <frameRelation type="Is Inherited by"/>
    <frameRelation type="Perspective on"/>
    <frameRelation type="Is Perspectivized in"/>
    <frameRelation type="Uses">
        <relatedFrame ID="19">Awareness</relatedFrame>
    </frameRelation>
    <frameRelation type="Is Used by"/>
    <frameRelation type="Subframe of"/>
    <frameRelation type="Has Subframe(s)"/>
    <frameRelation type="Precedes"/>
    <frameRelation type="Is Preceded by"/>
    <frameRelation type="Is Inchoative of"/>
    <frameRelation type="Is Causative of"/>
    <frameRelation type="See also"/>
    <lexUnit status="Finished_Initial" POS="N" name="test.n" ID="2185" lemmaID="39950" cBy="Tess" cDate="05/21/2001 03:27:34 PDT Mon">
        <definition>COD: a short examination of proficiency</definition>
        <sentenceCount annotated="50" total="877"/>
        <lexeme order="1" headword="false" breakBefore="false" POS="N" name="test"/>
    </lexUnit>
    <lexUnit status="Finished_Initial" POS="N" name="examination.n" ID="2186" lemmaID="13330" cBy="Tess" cDate="05/21/2001 03:49:11 PDT Mon">
        <definition>COD: a formal test of [knowledge or] proficiency in a subject or skill</definition>
        <sentenceCount annotated="13" total="219"/>
        <lexeme order="1" headword="false" breakBefore="false" POS="N" name="examination"/>
    </lexUnit>
    <lexUnit status="Problem" POS="V" name="test.v" ID="2200" lemmaID="39951" cBy="Tess" cDate="05/21/2001 04:13:37 PDT Mon">
        <definition>COD: subject to a test (of proficiency)</definition>
        <sentenceCount annotated="37" total="317"/>
        <lexeme order="1" headword="false" breakBefore="false" POS="V" name="test"/>
    </lexUnit>
    <lexUnit status="Finished_Initial" POS="N" name="assessment.n" ID="2203" lemmaID="2149" cBy="Tess" cDate="05/21/2001 04:36:03 PDT Mon">
        <definition>FN: determination of someone's skills</definition>
        <sentenceCount annotated="11" total="291"/>
        <lexeme order="1" headword="false" breakBefore="false" POS="N" name="assessment"/>
    </lexUnit>
    <lexUnit status="Created" POS="V" name="examine.v" ID="2210" lemmaID="13331" cBy="Tess" cDate="05/21/2001 07:05:25 PDT Mon">
        <definition>COD: test the [knowledge or] proficiency of</definition>
        <sentenceCount annotated="0" total="0"/>
        <lexeme order="1" headword="false" breakBefore="false" POS="V" name="examine"/>
    </lexUnit>
    <lexUnit status="Finished_Initial" POS="N" name="exam.n" ID="2211" lemmaID="13329" cBy="Tess" cDate="05/21/2001 07:30:49 PDT Mon">
        <definition>COD: short for examination: a formal test of proficiency in a subject or skill</definition>
        <sentenceCount annotated="20" total="151"/>
        <lexeme order="1" headword="false" breakBefore="false" POS="N" name="exam"/>
    </lexUnit>
</frame>