<?xml version="1.0" encoding="UTF-8" standalone="yes"?>
<?xml-stylesheet type="text/xsl" href="frame.xsl"?>
<frame cBy="MJE" cDate="08/31/2001 07:27:26 PDT Fri" name="Execution" ID="225" xsi:schemaLocation="../schema/frame.xsd" xmlns="http://framenet.icsi.berkeley.edu" xmlns:xsi="http://www.w3.org/2001/XMLSchema-instance">
    <definition>&lt;def-root&gt;An &lt;fen&gt;Executioner&lt;/fen&gt; punishes an individual (&lt;fen&gt;Executed&lt;/fen&gt;) with death as a consequence of some action of the Evaluee (the &lt;fen&gt;Reason&lt;/fen&gt;).

&lt;ex&gt;&lt;fex name="Executioner"&gt;The hooded man&lt;/fex&gt; &lt;t&gt;hanged&lt;/t&gt; &lt;fex name="Executed"&gt;the thief&lt;/fex&gt;.&lt;/ex&gt;&lt;/def-root&gt;</definition>
    <FE bgColor="FF0000" fgColor="FFFFFF" coreType="Core" cBy="MJE" cDate="09/04/2001 01:44:25 PDT Tue" abbrev="Agt" name="Executioner" ID="1825">
        <definition>&lt;def-root&gt;The &lt;fen&gt;Executioner&lt;/fen&gt; is the individual who performs the execution.

&lt;ex&gt;The truth is, &lt;fex name="Executioner"&gt;we&lt;/fex&gt; have all &lt;t&gt;put&lt;/t&gt; them &lt;t&gt;to&lt;/t&gt; &lt;t&gt;death&lt;/t&gt;.&lt;/ex&gt;&lt;/def-root&gt;</definition>
        <semType name="Sentient" ID="5"/>
    </FE>
    <FE bgColor="808080" fgColor="FFFFFF" coreType="Peripheral" cBy="MJE" cDate="09/04/2001 01:44:25 PDT Tue" abbrev="Ins" name="Instrument" ID="1826">
        <definition>&lt;def-root&gt;This FE identifies the &lt;fen&gt;Instrument&lt;/fen&gt; with which an &lt;fen&gt;Executioner&lt;/fen&gt; performs an execution.&lt;/def-root&gt;</definition>
        <semType name="Physical_entity" ID="70"/>
    </FE>
    <FE bgColor="A52A2A" fgColor="FFFFFF" coreType="Peripheral" cBy="MJE" cDate="09/04/2001 01:44:25 PDT Tue" abbrev="Mns" name="Means" ID="1827">
        <definition>&lt;def-root&gt;The action that is taken that accomplishes the execution
&lt;ex&gt;&lt;t&gt;Execution&lt;/t&gt; &lt;fex name="Mns"&gt;by lethal injection&lt;/fex&gt; is certainly humane.&lt;/ex&gt;&lt;/def-root&gt;</definition>
        <semType name="State_of_affairs" ID="177"/>
    </FE>
    <FE bgColor="008000" fgColor="FFFFFF" coreType="Peripheral" cBy="MJE" cDate="09/04/2001 01:44:25 PDT Tue" abbrev="Place" name="Place" ID="1828">
        <definition>&lt;def-root&gt;Where the execution takes place.&lt;/def-root&gt;</definition>
        <semType name="Locative_relation" ID="182"/>
    </FE>
    <FE bgColor="800080" fgColor="FFFFFF" coreType="Peripheral" cBy="MJE" cDate="09/04/2001 01:44:25 PDT Tue" abbrev="Purp" name="Purpose" ID="1829">
        <definition>&lt;def-root&gt;The purpose for which the execution is carried out.
&lt;/def-root&gt;</definition>
        <semType name="State_of_affairs" ID="177"/>
    </FE>
    <FE bgColor="7CCD73" fgColor="FFFFFF" coreType="Peripheral" cBy="MJE" cDate="09/04/2001 01:44:25 PDT Tue" abbrev="Action" name="Execution" ID="1830">
        <definition>&lt;def-root&gt;The punishment of death given to the &lt;fen&gt;Executed&lt;/fen&gt; by the &lt;fen&gt;Executioner&lt;/fen&gt;.&lt;/def-root&gt;</definition>
    </FE>
    <FE bgColor="FFA500" fgColor="FFFFFF" coreType="Peripheral" cBy="MJE" cDate="09/04/2001 01:44:25 PDT Tue" abbrev="Time" name="Time" ID="1831">
        <definition>&lt;def-root&gt;When the execution occurs.&lt;/def-root&gt;</definition>
        <semType name="Time" ID="141"/>
    </FE>
    <FE bgColor="FF69B4" fgColor="FFFFFF" coreType="Peripheral" cBy="MJE" cDate="09/04/2001 01:44:25 PDT Tue" abbrev="Degr" name="Degree" ID="1832">
        <definition>&lt;def-root&gt;Degree to which event occurs.&lt;/def-root&gt;</definition>
        <semType name="Degree" ID="172"/>
    </FE>
    <FE bgColor="9400D3" fgColor="FFFFFF" coreType="Extra-Thematic" cBy="MJE" cDate="09/04/2001 01:44:25 PDT Tue" abbrev="Depict" name="Depictive" ID="1833">
        <definition>&lt;def-root&gt;This FE identifies any &lt;fen&gt;Depictive&lt;/fen&gt; phrase describing a participant in the action.

&lt;ex&gt;He was &lt;t&gt;executed&lt;/t&gt; &lt;fex name="Depict"&gt;with only a loincloth on&lt;/fex&gt;.&lt;/ex&gt;&lt;/def-root&gt;</definition>
    </FE>
    <FE bgColor="0000FF" fgColor="FFFFFF" coreType="Core" cBy="MJE" cDate="09/04/2001 01:44:25 PDT Tue" abbrev="Executed" name="Executed" ID="1834">
        <definition>&lt;def-root&gt;The &lt;fen&gt;Executed&lt;/fen&gt; is the person who is killed by the &lt;fen&gt;Executioner&lt;/fen&gt; in retribution for the crime that the &lt;fen&gt;Executed&lt;/fen&gt; was convicted of.

&lt;ex&gt;&lt;fex name="Executed"&gt;He&lt;/fex&gt; was to be &lt;t&gt;hanged&lt;/t&gt; in the morning.&lt;/ex&gt; &lt;/def-root&gt;</definition>
        <semType name="Sentient" ID="5"/>
    </FE>
    <FE bgColor="FF00FF" fgColor="FFFFFF" coreType="Peripheral" cBy="MJE" cDate="09/04/2001 01:44:25 PDT Tue" abbrev="Manr" name="Manner" ID="1835">
        <definition>&lt;def-root&gt;Any description of the execution event which is not covered by more specific FEs, including secondary effects (&lt;ment&gt;quietly, loudly&lt;/ment&gt;), and general descriptions comparing events (&lt;ment&gt;the same way&lt;/ment&gt;).  Moreover, it may indicate salient characteristics of the &lt;fen&gt;Executioner&lt;/fen&gt; that also affect the action (&lt;ment&gt;presumptuously, coldly, deliberately, eagerly, carefully&lt;/ment&gt;). &lt;/def-root&gt;</definition>
        <semType name="Manner" ID="173"/>
    </FE>
    <FE bgColor="90876C" fgColor="FFFFFF" coreType="Extra-Thematic" cBy="MJE" cDate="09/04/2001 01:44:25 PDT Tue" abbrev="exp" name="Explanation" ID="1836">
        <definition>&lt;def-root&gt;Often, there is a constituent expressing the &lt;t&gt;Explanation&lt;/t&gt; for the Judge's judgment which the &lt;fen&gt;Executioner&lt;/fen&gt; is carrying out. It is usually a &lt;ment&gt;for&lt;/ment&gt;-PP.

&lt;ex&gt;He was &lt;t&gt;hanged&lt;/t&gt; &lt;fex name="exp"&gt;for his crimes&lt;/fex&gt;.&lt;/ex&gt;&lt;/def-root&gt;</definition>
        <semType name="State_of_affairs" ID="177"/>
    </FE>
    <FE bgColor="9F79EE" fgColor="FFFFFF" coreType="Extra-Thematic" cBy="MJE" cDate="09/04/2001 01:44:25 PDT Tue" abbrev="Result" name="Result" ID="1837">
        <definition>&lt;def-root&gt;Result of an event&lt;/def-root&gt;</definition>
    </FE>
    <frameRelation type="Inherits from">
        <relatedFrame ID="216">Rewards_and_punishments</relatedFrame>
        <relatedFrame ID="590">Killing</relatedFrame>
    </frameRelation>
    <frameRelation type="Is Inherited by"/>
    <frameRelation type="Perspective on"/>
    <frameRelation type="Is Perspectivized in"/>
    <frameRelation type="Uses"/>
    <frameRelation type="Is Used by"/>
    <frameRelation type="Subframe of"/>
    <frameRelation type="Has Subframe(s)"/>
    <frameRelation type="Precedes"/>
    <frameRelation type="Is Preceded by"/>
    <frameRelation type="Is Inchoative of"/>
    <frameRelation type="Is Causative of"/>
    <frameRelation type="See also"/>
    <lexUnit status="Finished_Initial" POS="V" name="execute.v" ID="3887" lemmaID="13421" cBy="MJE" cDate="09/04/2001 01:37:57 PDT Tue">
        <definition>COD: carry out a sentence of death on (a condemned person). </definition>
        <sentenceCount annotated="26" total="186"/>
        <lexeme order="1" headword="false" breakBefore="false" POS="V" name="execute"/>
    </lexUnit>
    <lexUnit status="Finished_Initial" POS="N" name="execution.n" ID="3888" lemmaID="13422" cBy="MJE" cDate="09/04/2001 01:39:14 PDT Tue">
        <definition>FN: event in which a condemned person is killed.</definition>
        <sentenceCount annotated="33" total="150"/>
        <lexeme order="1" headword="false" breakBefore="false" POS="N" name="execution"/>
    </lexUnit>
    <lexUnit status="Finished_Initial" POS="N" name="executioner.n" ID="3889" lemmaID="13423" cBy="MJE" cDate="09/04/2001 05:09:43 PDT Tue">
        <definition>COD: an official who executes condemned criminals. </definition>
        <sentenceCount annotated="4" total="54"/>
        <lexeme order="1" headword="false" breakBefore="false" POS="N" name="executioner"/>
    </lexUnit>
    <lexUnit status="Finished_Initial" POS="N" name="hangman.n" ID="3890" lemmaID="17393" cBy="MJE" cDate="09/04/2001 05:10:32 PDT Tue">
        <definition>COD: an executioner who hangs condemned people. </definition>
        <sentenceCount annotated="8" total="88"/>
        <lexeme order="1" headword="false" breakBefore="false" POS="N" name="hangman"/>
    </lexUnit>
    <lexUnit status="Finished_Initial" POS="N" name="headsman.n" ID="3891" lemmaID="45148" cBy="MJE" cDate="09/04/2001 05:12:55 PDT Tue">
        <definition>COD: an executioner who beheaded prisoners. </definition>
        <sentenceCount annotated="4" total="8"/>
        <lexeme order="1" headword="false" breakBefore="false" POS="N" name="headsman"/>
    </lexUnit>
    <lexUnit status="Finished_Initial" POS="N" name="firing squad.n" ID="3892" lemmaID="45149" cBy="MJE" cDate="09/04/2001 05:25:35 PDT Tue">
        <definition>COD: a group of soldiers detailed to shoot a condemned person. </definition>
        <sentenceCount annotated="5" total="55"/>
        <lexeme order="1" headword="false" breakBefore="false" POS="N" name="firing"/>
        <lexeme order="2" headword="true" breakBefore="false" POS="N" name="squad"/>
    </lexUnit>
    <lexUnit status="Finished_Initial" POS="V" name="hang.v" ID="9094" lemmaID="17384" cBy="ACW" cDate="07/11/2003 02:07:30 PDT Fri">
        <definition>COD: kill or be killed by tying a rope attached from above around the neck and removing the support from beneath the feet (used as a form of capital punishment). </definition>
        <sentenceCount annotated="7" total="172"/>
        <lexeme order="1" headword="false" breakBefore="false" POS="V" name="hang"/>
    </lexUnit>
    <lexUnit status="Finished_Initial" POS="V" name="guillotine.v" ID="9095" lemmaID="17032" cBy="ACW" cDate="07/11/2003 02:09:33 PDT Fri">
        <definition>COD: execute by guillotine. </definition>
        <sentenceCount annotated="6" total="31"/>
        <lexeme order="1" headword="false" breakBefore="false" POS="V" name="guillotine"/>
    </lexUnit>
    <lexUnit status="Insufficient_Attestations" POS="N" name="guillotining.n" ID="9096" lemmaID="44887" cBy="ACW" cDate="07/11/2003 02:10:30 PDT Fri">
        <definition>FN: the act of beheading somebody with a guillotine.</definition>
        <sentenceCount annotated="1" total="3"/>
        <lexeme order="1" headword="false" breakBefore="false" POS="N" name="guillotining"/>
    </lexUnit>
    <lexUnit status="Created" POS="V" name="put to death.v" ID="11174" lemmaID="49691" cBy="MiL" cDate="11/18/2004 02:52:56 PST Thu">
        <definition>FN: execute someone</definition>
        <sentenceCount annotated="0" total="0"/>
        <lexeme order="1" headword="true" breakBefore="false" POS="V" name="put"/>
        <lexeme order="2" headword="false" breakBefore="true" POS="PREP" name="to"/>
        <lexeme order="3" headword="false" breakBefore="false" POS="N" name="death"/>
    </lexUnit>
    <lexUnit status="Created" POS="N" name="hanging.n" ID="14701" lemmaID="17391" cBy="JKs" cDate="01/25/2008 10:32:44 PST Fri">
        <definition>FN: the event of hanging a person</definition>
        <sentenceCount annotated="0" total="0"/>
        <lexeme order="1" headword="false" breakBefore="false" POS="N" name="hanging"/>
    </lexUnit>
</frame>