<?xml version="1.0" encoding="UTF-8" standalone="yes"?>
<?xml-stylesheet type="text/xsl" href="frame.xsl"?>
<frame cBy="MJE" cDate="07/11/2003 01:16:39 PDT Fri" name="Expansion" ID="725" xsi:schemaLocation="../schema/frame.xsd" xmlns="http://framenet.icsi.berkeley.edu" xmlns:xsi="http://www.w3.org/2001/XMLSchema-instance">
    <definition>&lt;def-root&gt;An &lt;fen&gt;Item&lt;/fen&gt; changes its physical size.  The &lt;fen&gt;Size_change&lt;/fen&gt; of an &lt;fen&gt;Item&lt;/fen&gt; may be explicitly indicated or characterized in terms of &lt;fen&gt;Initial_size&lt;/fen&gt; and/or &lt;fen&gt;Result_size&lt;/fen&gt;.  In the default case, expansion is along all dimensions, but sometimes the &lt;fen&gt;Dimension&lt;/fen&gt; of expansion is incorporated or made explicit.
&lt;ex&gt;&lt;/ex&gt;
This frame does not specify whether the &lt;fen&gt;Item&lt;/fen&gt; gains mass or substance along with the change in size, and thus includes words that specify an increase in substance (grow.v) along with those that deny an increase in substance (stretch.v) and those that are unspecified (expand.v).

&lt;ex&gt;&lt;fex name="Item"&gt;The pile of leaves&lt;/fex&gt; had &lt;t&gt;shrunk&lt;/t&gt; &lt;fex name="Size_change"&gt;by about half&lt;/fex&gt; &lt;fex name="Time"&gt;after the first haul&lt;/fex&gt;.&lt;/ex&gt;

&lt;ex&gt;&lt;fex name="Item"&gt;The jeans&lt;/fex&gt; &lt;t&gt;stretched&lt;/t&gt; &lt;fex name="Size_change"&gt;a little&lt;/fex&gt;.&lt;/ex&gt;&lt;/def-root&gt;</definition>
    <FE bgColor="FF0000" fgColor="FFFFFF" coreType="Core" cBy="MJE" cDate="07/11/2003 01:18:47 PDT Fri" abbrev="Item" name="Item" ID="4756">
        <definition>&lt;def-root&gt;This FE identifies the &lt;fen&gt;Item&lt;/fen&gt; whose size changes.
&lt;ex&gt;&lt;fex name="Item"&gt;Joan's new sweater&lt;/fex&gt; &lt;t&gt;shrank&lt;/t&gt; to a size that might fit a doll.&lt;/ex&gt;&lt;/def-root&gt;</definition>
    </FE>
    <FE bgColor="00BFFF" fgColor="FFFFFF" coreType="Peripheral" cBy="MJE" cDate="07/11/2003 01:20:41 PDT Fri" abbrev="Dim" name="Dimension" ID="4757">
        <definition>&lt;def-root&gt;Change of size may be limited to or described in terms of a single &lt;fen&gt;Dimension&lt;/fen&gt;. 

&lt;ex&gt;The wall &lt;t&gt;grew&lt;/t&gt; &lt;fex name="Dim"&gt;in height&lt;/fex&gt;.&lt;/ex&gt;
&lt;ex&gt;The piglet had &lt;t&gt;grown&lt;/t&gt; 6 inches &lt;fex name="Dim"&gt;in length&lt;/fex&gt;.&lt;/ex&gt; &lt;/def-root&gt;</definition>
    </FE>
    <FE bgColor="800080" fgColor="FFFFFF" coreType="Peripheral" cBy="MJE" cDate="07/11/2003 01:25:42 PDT Fri" abbrev="Grp" name="Group" ID="4758">
        <definition>&lt;def-root&gt;This FE identifies the &lt;fen&gt;Group&lt;/fen&gt; in which an &lt;fen&gt;Item&lt;/fen&gt; changes size.

&lt;ex&gt;Tails &lt;t&gt;lengthened&lt;/t&gt; 10% &lt;fex name="Group"&gt;among rats more than 3 days old&lt;/fex&gt;.&lt;/ex&gt;
&lt;/def-root&gt;</definition>
    </FE>
    <FE bgColor="9F79EE" fgColor="FFFFFF" coreType="Peripheral" cBy="MJE" cDate="07/11/2003 01:30:04 PDT Fri" abbrev="Initial" name="Initial_size" ID="4759">
        <definition>&lt;def-root&gt;&lt;fen&gt;Initial_size&lt;/fen&gt; is used for the size of the &lt;t&gt;Item&lt;/t&gt; before any change occurs.  It is rarely expressed without &lt;fen&gt;Result_size&lt;/fen&gt; also being explicit.  &lt;fen&gt;Initial_size&lt;/fen&gt; generally occurs in a PP-&lt;ment&gt;from&lt;/ment&gt; Complement.

&lt;ex&gt;The glacier &lt;t&gt;shrank&lt;/t&gt; &lt;fex name="Initial_size"&gt;from 1km square&lt;/fex&gt; to 400 square meters.&lt;/ex&gt;&lt;/def-root&gt;</definition>
    </FE>
    <FE bgColor="9400D3" fgColor="FFFFFF" coreType="Peripheral" cBy="MJE" cDate="07/11/2003 01:40:30 PDT Fri" abbrev="Result" name="Result_size" ID="4760">
        <definition>&lt;def-root&gt;&lt;fen&gt;Result_size&lt;/fen&gt; is the size that the &lt;fen&gt;Item&lt;/fen&gt; has after the event.  It is typically expressed in a PP Complement headed by &lt;ment&gt;to&lt;/ment&gt;.

&lt;ex&gt;The trees &lt;t&gt;grow&lt;/t&gt; &lt;fex name="Result_size"&gt;to 25 feet&lt;/fex&gt;.&lt;/ex&gt; &lt;/def-root&gt;</definition>
    </FE>
    <FE bgColor="A52A2A" fgColor="FFFFFF" coreType="Peripheral" cBy="MJE" cDate="07/11/2003 02:03:18 PDT Fri" abbrev="SizeC" name="Size_change" ID="4761">
        <definition>&lt;def-root&gt;This FE identifies the &lt;fen&gt;Size_change&lt;/fen&gt; of an &lt;fen&gt;Item&lt;/fen&gt;.

&lt;ex&gt;A &lt;fex name="Size_change"&gt;2-3cm&lt;/fex&gt; &lt;t&gt;expansion&lt;/t&gt; in width is required.&lt;/ex&gt;&lt;/def-root&gt;</definition>
    </FE>
    <FE bgColor="808080" fgColor="FFFFFF" coreType="Peripheral" cBy="MJE" cDate="07/11/2003 02:06:38 PDT Fri" abbrev="Rate" name="Rate" ID="4762">
        <definition>&lt;def-root&gt;This FE identifies the &lt;fen&gt;Rate&lt;/fen&gt; of change of the value.

&lt;ex&gt;The balloon &lt;t&gt;inflates&lt;/t&gt; &lt;fex name="Rate"&gt;about 2 cubic cm a minute&lt;/fex&gt;.&lt;/ex&gt;&lt;/def-root&gt;</definition>
    </FE>
    <FE bgColor="00008B" fgColor="FFFFFF" coreType="Peripheral" cBy="MJE" cDate="07/11/2003 02:25:39 PDT Fri" abbrev="Dur" name="Duration" ID="4764">
        <definition>&lt;def-root&gt;This FE identifies the &lt;fen&gt;Duration&lt;/fen&gt; of time that the expansion takes.

&lt;ex&gt;The piglet had &lt;t&gt;grown&lt;/t&gt; 6 inches &lt;fex name="Dur"&gt;over two months&lt;/fex&gt;.&lt;/ex&gt; &lt;/def-root&gt;</definition>
        <semType name="Duration" ID="142"/>
    </FE>
    <FE bgColor="FFA500" fgColor="FFFFFF" coreType="Peripheral" cBy="MJE" cDate="07/11/2003 02:59:20 PDT Fri" abbrev="Time" name="Time" ID="4765">
        <definition>&lt;def-root&gt;This FE identifies the &lt;fen&gt;Time&lt;/fen&gt; when the expansion occurs.&lt;/def-root&gt;</definition>
        <semType name="Time" ID="141"/>
    </FE>
    <FE bgColor="008000" fgColor="FFFFFF" coreType="Peripheral" cBy="MJE" cDate="07/11/2003 03:00:58 PDT Fri" abbrev="co-v" name="Co-variable" ID="4766">
        <definition>&lt;def-root&gt;&lt;fen&gt;Co_variable&lt;/fen&gt; is the quantity that varies commensurately with the size of the &lt;fen&gt;Item&lt;/fen&gt;, usually construed to be causally linked to the size.

&lt;ex&gt;The snake's belly &lt;t&gt;expanded&lt;/t&gt; &lt;fex name="Co_variable"&gt;with each mouse it ate&lt;/fex&gt;.&lt;/ex&gt; &lt;/def-root&gt;</definition>
    </FE>
    <FE bgColor="FF00FF" fgColor="FFFFFF" coreType="Peripheral" cBy="MJE" cDate="07/11/2003 04:15:09 PDT Fri" abbrev="Mnr" name="Manner" ID="4774">
        <definition>&lt;def-root&gt;This FE is used for any description of the &lt;fen&gt;Manner&lt;/fen&gt; of the expansion including force (&lt;ment&gt;hard, softly&lt;/ment&gt;), secondary effects (&lt;ment&gt;quietly, loudly&lt;/ment&gt;), and general descriptions comparing events (&lt;ment&gt;the same way&lt;/ment&gt;). 

&lt;/def-root&gt;</definition>
        <semType name="Manner" ID="173"/>
    </FE>
    <FE bgColor="FF69B4" fgColor="FFFFFF" coreType="Peripheral" cBy="RLG" cDate="09/22/2003 05:08:25 PDT Mon" abbrev="Deg" name="Degree" ID="5106">
        <definition>&lt;def-root&gt;This FE identifies the &lt;fen&gt;Degree&lt;/fen&gt; to which the expansion occurs.
&lt;ex&gt;Joan's new sweater had &lt;t&gt;shrunk&lt;/t&gt; &lt;fex name="Deg"&gt;completely&lt;/fex&gt;.&lt;/ex&gt;&lt;/def-root&gt;</definition>
        <semType name="Degree" ID="172"/>
    </FE>
    <FE bgColor="0000FF" fgColor="FFFFFF" coreType="Peripheral" cBy="RLG" cDate="09/22/2003 05:10:17 PDT Mon" abbrev="Path" name="Path" ID="5107">
        <definition>&lt;def-root&gt;&lt;fen&gt;Path&lt;/fen&gt; is used for any expression that gives information about points on the scale of size that the &lt;fen&gt;Item&lt;/fen&gt; traverses between the starting and ending point of its movement.
&lt;ex&gt;The muscle tissue &lt;t&gt;contracts&lt;/t&gt; &lt;fex name="Path"&gt;down&lt;/fex&gt; to less than half its original length.&lt;/ex&gt;&lt;/def-root&gt;</definition>
    </FE>
    <FE bgColor="FFFF00" fgColor="000000" coreType="Peripheral" cBy="CVa" cDate="07/18/2014 01:21:33 PDT Fri" abbrev="" name="Goal" ID="16147">
        <definition>&lt;def-root&gt;Where the Iteam ends up due to Expansion.&lt;/def-root&gt;</definition>
    </FE>
    <frameRelation type="Inherits from"/>
    <frameRelation type="Is Inherited by"/>
    <frameRelation type="Perspective on"/>
    <frameRelation type="Is Perspectivized in"/>
    <frameRelation type="Uses"/>
    <frameRelation type="Is Used by">
        <relatedFrame ID="1421">Dough_rising</relatedFrame>
    </frameRelation>
    <frameRelation type="Subframe of"/>
    <frameRelation type="Has Subframe(s)"/>
    <frameRelation type="Precedes"/>
    <frameRelation type="Is Preceded by"/>
    <frameRelation type="Is Inchoative of"/>
    <frameRelation type="Is Causative of"/>
    <frameRelation type="See also"/>
    <lexUnit status="Created" POS="V" name="contract.v" ID="9101" lemmaID="8105" cBy="MJE" cDate="07/11/2003 07:01:01 PDT Fri">
        <definition>COD: decrease in size, number, or range. </definition>
        <sentenceCount annotated="0" total="0"/>
        <lexeme order="1" headword="false" breakBefore="false" POS="V" name="contract"/>
    </lexUnit>
    <lexUnit status="Finished_Initial" POS="N" name="contraction.n" ID="9102" lemmaID="8108" cBy="MJE" cDate="07/11/2003 07:02:11 PDT Fri">
        <definition>FN: the process of an entity becoming smaller.</definition>
        <sentenceCount annotated="14" total="111"/>
        <lexeme order="1" headword="false" breakBefore="false" POS="N" name="contraction"/>
    </lexUnit>
    <lexUnit status="Finished_Initial" POS="V" name="enlarge.v" ID="9103" lemmaID="12792" cBy="MJE" cDate="07/11/2003 07:06:28 PDT Fri">
        <definition>FN: become larger.</definition>
        <sentenceCount annotated="6" total="152"/>
        <lexeme order="1" headword="false" breakBefore="false" POS="V" name="enlarge"/>
    </lexUnit>
    <lexUnit status="Created" POS="V" name="dilate.v" ID="9330" lemmaID="10674" cBy="MJE" cDate="08/22/2003 03:32:12 PDT Fri">
        <definition>FN: become wider, larger, or more open.</definition>
        <sentenceCount annotated="7" total="60"/>
        <lexeme order="1" headword="false" breakBefore="false" POS="V" name="dilate"/>
    </lexUnit>
    <lexUnit status="Created" POS="N" name="enlargement.n" ID="9331" lemmaID="12793" cBy="MJE" cDate="08/22/2003 04:10:02 PDT Fri">
        <definition>COD: the action or state of enlarging or being enlarged. </definition>
        <sentenceCount annotated="0" total="53"/>
        <lexeme order="1" headword="false" breakBefore="false" POS="N" name="enlargement"/>
    </lexUnit>
    <lexUnit status="Created" POS="V" name="expand.v" ID="9332" lemmaID="13500" cBy="MJE" cDate="08/22/2003 04:10:50 PDT Fri">
        <definition>FN: to become larger in any dimension</definition>
        <sentenceCount annotated="28" total="368"/>
        <lexeme order="1" headword="false" breakBefore="false" POS="V" name="expand"/>
    </lexUnit>
    <lexUnit status="Created" POS="V" name="shrink.v" ID="9501" lemmaID="35731" cBy="RLG" cDate="09/22/2003 04:23:52 PDT Mon">
        <definition>COD: become or make smaller in size or amount; contract</definition>
        <sentenceCount annotated="14" total="80"/>
        <lexeme order="1" headword="false" breakBefore="false" POS="V" name="shrink"/>
    </lexUnit>
    <lexUnit status="Created" POS="V" name="stretch.v" ID="9742" lemmaID="38324" cBy="MJE" cDate="10/14/2003 05:15:40 PDT Tue">
        <definition>COD:   be made or be able to be made longer or wider without tearing or breaking.</definition>
        <sentenceCount annotated="2" total="2"/>
        <lexeme order="1" headword="false" breakBefore="false" POS="V" name="stretch"/>
    </lexUnit>
    <lexUnit status="New" POS="V" name="grow.v" ID="11175" lemmaID="16938" cBy="MiL" cDate="11/18/2004 03:01:11 PST Thu">
        <definition>FN: increase in size</definition>
        <sentenceCount annotated="9" total="109"/>
        <lexeme order="1" headword="false" breakBefore="false" POS="V" name="grow"/>
    </lexUnit>
    <lexUnit status="Created" POS="V" name="lengthen.v" ID="11176" lemmaID="22076" cBy="MiL" cDate="11/18/2004 03:01:40 PST Thu">
        <definition>FN: increase in size lengthwise</definition>
        <sentenceCount annotated="0" total="0"/>
        <lexeme order="1" headword="false" breakBefore="false" POS="V" name="lengthen"/>
    </lexUnit>
    <lexUnit status="Created" POS="N" name="expansion.n" ID="11177" lemmaID="13503" cBy="MiL" cDate="11/18/2004 03:03:21 PST Thu">
        <definition>FN: the act of growing larger</definition>
        <sentenceCount annotated="1" total="1"/>
        <lexeme order="1" headword="false" breakBefore="false" POS="N" name="expansion"/>
    </lexUnit>
    <lexUnit status="Created" POS="V" name="inflate.v" ID="11323" lemmaID="19869" cBy="MiL" cDate="11/23/2004 05:13:15 PST Tue">
        <definition>FN: expand because of being filled with air or gas</definition>
        <sentenceCount annotated="0" total="0"/>
        <lexeme order="1" headword="false" breakBefore="false" POS="V" name="inflate"/>
    </lexUnit>
    <lexUnit status="Created" POS="V" name="swell.v" ID="12582" lemmaID="39142" cBy="JKR" cDate="08/02/2005 02:43:48 PDT Tue">
        <definition>COD: become larger or rounder in size, especially as a result of an accumulation of fluid.</definition>
        <sentenceCount annotated="0" total="0"/>
        <lexeme order="1" headword="false" breakBefore="false" POS="V" name="swell"/>
    </lexUnit>
    <lexUnit status="Created" POS="A" name="explosive.a" ID="14376" lemmaID="13579" cBy="KmG" cDate="04/06/2007 05:45:33 PDT Fri">
        <definition>COD: (of an increase) sudden and dramatic.</definition>
        <sentenceCount annotated="1" total="1"/>
        <lexeme order="1" headword="false" breakBefore="false" POS="A" name="explosive"/>
        <semType name="Tendency_grading_LU" ID="91"/>
    </lexUnit>
    <lexUnit status="Created" POS="V" name="spread.v" ID="17453" lemmaID="37520" cBy="WMcQ" cDate="03/10/2014 01:56:56 PDT Mon">
        <definition>FN: Expansion without loss of initial area.</definition>
        <sentenceCount annotated="10" total="10"/>
        <lexeme order="1" headword="false" breakBefore="false" POS="V" name="spread"/>
    </lexUnit>
    <lexUnit status="Created" POS="N" name="extension.n" ID="18692" lemmaID="13636" cBy="MJE" cDate="06/01/2016 12:14:47 PDT Wed">
        <definition>FN: a change in size of an entity particularly in a particular direction.</definition>
        <sentenceCount annotated="1" total="1"/>
        <lexeme order="1" headword="false" breakBefore="false" POS="N" name="extension"/>
    </lexUnit>
</frame>