<?xml version="1.0" encoding="UTF-8" standalone="yes"?>
<?xml-stylesheet type="text/xsl" href="frame.xsl"?>
<frame cBy="JKR" cDate="06/18/2001 07:42:50 PDT Mon" name="Expertise" ID="136" xsi:schemaLocation="../schema/frame.xsd" xmlns="http://framenet.icsi.berkeley.edu" xmlns:xsi="http://www.w3.org/2001/XMLSchema-instance">
    <definition>&lt;def-root&gt;This frame concerns people's knowledge or skill in certain domains.  It does not concern acquaintance or familiarity with people.
With adjectives as targets in this frame, we annotate on two FE layers.
&lt;ex&gt;FE Layer-1: He is an &lt;t&gt;experienced&lt;/t&gt; &lt;fex name="Prot"&gt;programmer&lt;/fex&gt;.&lt;/ex&gt;
&lt;ex&gt;FE Layer-2: He is an &lt;t&gt;experienced&lt;/t&gt; &lt;fex name="Skill"&gt;programmer&lt;/fex&gt;.&lt;/ex&gt;&lt;/def-root&gt;</definition>
    <FE bgColor="800080" fgColor="FFFFFF" coreType="Core" cBy="JKR" cDate="06/20/2001 06:52:08 PDT Wed" abbrev="Prot" name="Protagonist" ID="893">
        <definition>&lt;def-root&gt;The person whose expertise is assessed.&lt;/def-root&gt;</definition>
        <semType name="Sentient" ID="5"/>
    </FE>
    <FE bgColor="9400D3" fgColor="FFFFFF" coreType="Core" cBy="JKR" cDate="06/20/2001 07:13:01 PDT Wed" abbrev="Skill" name="Skill" ID="894">
        <definition>&lt;def-root&gt;&lt;fen&gt;Skill&lt;/fen&gt; identifies the &lt;fen&gt;Protagonist&lt;/fen&gt;'s talent or ability to do things with one's hand or body.&lt;/def-root&gt;</definition>
        <excludesFE name="Behavior_product" ID="1078"/>
    </FE>
    <FE bgColor="FF0000" fgColor="FFFFFF" coreType="Core" cBy="JKR" cDate="06/20/2001 07:14:11 PDT Wed" abbrev="" name="Knowledge" ID="895">
        <definition>&lt;def-root&gt;The area of knowledge (as opposed to a practical skill) in which the &lt;fen&gt;Protagonist&lt;/fen&gt; 's experience is assessed.&lt;/def-root&gt;</definition>
        <excludesFE name="Behavior_product" ID="1078"/>
    </FE>
    <FE bgColor="FF69B4" fgColor="FFFFFF" coreType="Peripheral" cBy="JKR" cDate="06/20/2001 07:14:40 PDT Wed" abbrev="Degr" name="Degree" ID="901">
        <definition>&lt;def-root&gt;Degree to which event occurs&lt;/def-root&gt;</definition>
        <semType name="Degree" ID="172"/>
    </FE>
    <FE bgColor="006400" fgColor="FFFFFF" coreType="Core" cBy="JKR" cDate="06/25/2001 05:16:26 PDT Mon" abbrev="" name="Behavior_product" ID="1078">
        <definition>&lt;def-root&gt;A  product of behavior that shows the &lt;fen&gt;Protagonist&lt;/fen&gt;'s skill or lack of skill.

&lt;ex&gt;A &lt;t&gt;skillful&lt;/t&gt; &lt;fex name="Behavior_product"&gt;advertising campaign&lt;/fex&gt; persuaded voters that his opponent was soft on crime.&lt;/ex&gt;
&lt;/def-root&gt;</definition>
    </FE>
    <FE bgColor="0000FF" fgColor="FFFFFF" coreType="Core" cBy="JKR" cDate="06/27/2001 11:37:10 PDT Wed" abbrev="Focal_participant" name="Focal_participant" ID="1109">
        <definition>&lt;def-root&gt;This frame element can only occur in place of a skill expression. It refers to the prototypical patient in an action involving the Protagonist. For instance, in the following sentence  the children are experts at some (contextually given) action such as rolling the hoops.

&lt;fex name="Protagonist"&gt;Some children&lt;/fex&gt; &lt;m&gt;were&lt;/m&gt; &lt;fex name="Degree"&gt;quite&lt;/fex&gt; &lt;t&gt;expert&lt;/t&gt; &lt;fex name="Focal_participant"&gt;with wooden hoops&lt;/fex&gt;.&lt;/def-root&gt;</definition>
        <excludesFE name="Behavior_product" ID="1078"/>
    </FE>
    <FE bgColor="00BFFF" fgColor="FFFFFF" coreType="Core" cBy="JKR" cDate="06/27/2001 01:49:49 PDT Wed" abbrev="" name="Role" ID="1113">
        <definition>&lt;def-root&gt;This frame element denotes a role in which the protagonist has developed his expertise. 

&lt;ex&gt;&lt;fex name="Protagonist"&gt;His&lt;/fex&gt; &lt;t&gt;prowess&lt;/t&gt; &lt;fex name="Role"&gt;as a surgeon&lt;/fex&gt; is impressive.&lt;/ex&gt;

In many cases, the &lt;fen&gt;Role&lt;/fen&gt; noun secondarily evokes the &lt;fen&gt;Skill&lt;/fen&gt; that is at issue. 
&lt;/def-root&gt;</definition>
        <excludesFE name="Behavior_product" ID="1078"/>
    </FE>
    <FE bgColor="FF00FF" fgColor="FFFFFF" coreType="Peripheral" cBy="ACW" cDate="07/01/2003 09:58:24 PDT Tue" abbrev="" name="Manner" ID="4707">
        <definition>&lt;def-root&gt;The &lt;fen&gt;Manner&lt;/fen&gt; give further description of the way in which the &lt;fen&gt;Protagonist&lt;/fen&gt; exhibits their skill or lack of skill.&lt;/def-root&gt;</definition>
        <semType name="Manner" ID="173"/>
    </FE>
    <FE bgColor="7FFF00" fgColor="000000" coreType="Peripheral" cBy="MiL" cDate="06/07/2006 04:49:18 PDT Wed" abbrev="" name="Judge" ID="10262">
        <definition>&lt;def-root&gt;The individual whose point of view is taken in assigning the judgment denoted by the target.&lt;/def-root&gt;</definition>
    </FE>
    <FE bgColor="FFA500" fgColor="FFFFFF" coreType="Peripheral" cBy="KmG" cDate="11/06/2007 03:05:01 PST Tue" abbrev="" name="Time" ID="12044">
        <definition>&lt;def-root&gt;The &lt;fen&gt;Time&lt;/fen&gt; when the &lt;fen&gt;Protagonist&lt;/fen&gt; has the expertise. &lt;/def-root&gt;</definition>
    </FE>
    <FEcoreSet>
        <memberFE name="Role" ID="1113"/>
        <memberFE name="Focal_participant" ID="1109"/>
        <memberFE name="Knowledge" ID="895"/>
        <memberFE name="Skill" ID="894"/>
    </FEcoreSet>
    <FEcoreSet>
        <memberFE name="Protagonist" ID="893"/>
        <memberFE name="Behavior_product" ID="1078"/>
    </FEcoreSet>
    <frameRelation type="Inherits from">
        <relatedFrame ID="369">Social_behavior_evaluation</relatedFrame>
    </frameRelation>
    <frameRelation type="Is Inherited by"/>
    <frameRelation type="Perspective on"/>
    <frameRelation type="Is Perspectivized in"/>
    <frameRelation type="Uses">
        <relatedFrame ID="1682">Result_of_attempt_scenario</relatedFrame>
    </frameRelation>
    <frameRelation type="Is Used by"/>
    <frameRelation type="Subframe of"/>
    <frameRelation type="Has Subframe(s)"/>
    <frameRelation type="Precedes"/>
    <frameRelation type="Is Preceded by"/>
    <frameRelation type="Is Inchoative of"/>
    <frameRelation type="Is Causative of"/>
    <frameRelation type="See also"/>
    <lexUnit status="Finished_Initial" POS="N" name="buff.n" ID="2675" lemmaID="4810" cBy="JKR" cDate="06/18/2001 07:45:07 PDT Mon">
        <definition>COD: a person who is interested in and very knowledgeable about a particular subject</definition>
        <sentenceCount annotated="20" total="75"/>
        <lexeme order="1" headword="false" breakBefore="false" POS="N" name="buff"/>
    </lexUnit>
    <lexUnit status="Finished_Initial" POS="N" name="maven.n" ID="2676" lemmaID="44946" cBy="JKR" cDate="06/18/2001 07:47:02 PDT Mon">
        <definition>COD: an expert or connoisseur</definition>
        <sentenceCount annotated="8" total="15"/>
        <lexeme order="1" headword="false" breakBefore="false" POS="N" name="maven"/>
    </lexUnit>
    <lexUnit status="Finished_Initial" POS="N" name="expert.n" ID="2677" lemmaID="13545" cBy="JKR" cDate="06/18/2001 07:53:07 PDT Mon">
        <definition>COD: a person who is very knowledgeable about or skilful in a particular area</definition>
        <sentenceCount annotated="115" total="511"/>
        <lexeme order="1" headword="false" breakBefore="false" POS="N" name="expert"/>
    </lexUnit>
    <lexUnit status="Finished_Initial" POS="N" name="expertise.n" ID="2678" lemmaID="13547" cBy="JKR" cDate="06/18/2001 07:53:23 PDT Mon">
        <definition>COD: great skill or knowledge in a particular field</definition>
        <sentenceCount annotated="66" total="263"/>
        <lexeme order="1" headword="false" breakBefore="false" POS="N" name="expertise"/>
    </lexUnit>
    <lexUnit status="Finished_Initial" POS="A" name="expert.a" ID="2679" lemmaID="13546" cBy="JKR" cDate="06/18/2001 07:53:37 PDT Mon">
        <definition>FN: very knowledgeable about or skilful in a particular area</definition>
        <sentenceCount annotated="27" total="182"/>
        <lexeme order="1" headword="false" breakBefore="false" POS="A" name="expert"/>
    </lexUnit>
    <lexUnit status="Finished_Initial" POS="N" name="experience.n" ID="2680" lemmaID="13537" cBy="JKR" cDate="06/18/2001 07:53:58 PDT Mon">
        <definition>COD: knowledge or skill acquired over time</definition>
        <sentenceCount annotated="8" total="499"/>
        <lexeme order="1" headword="false" breakBefore="false" POS="N" name="experience"/>
    </lexUnit>
    <lexUnit status="Finished_Initial" POS="A" name="experienced.a" ID="2681" lemmaID="13539" cBy="JKR" cDate="06/18/2001 07:54:12 PDT Mon">
        <definition>COD: having knowledge or skill in a particular field gained over time</definition>
        <sentenceCount annotated="45" total="248"/>
        <lexeme order="1" headword="false" breakBefore="false" POS="A" name="experienced"/>
    </lexUnit>
    <lexUnit status="Finished_Initial" POS="A" name="master.a" ID="2697" lemmaID="23631" cBy="JKR" cDate="06/20/2001 07:16:17 PDT Wed">
        <definition>COD: having or showing very great skill or proficiency</definition>
        <sentenceCount annotated="20" total="132"/>
        <lexeme order="1" headword="false" breakBefore="false" POS="A" name="master"/>
    </lexUnit>
    <lexUnit status="Finished_Initial" POS="N" name="mastery.n" ID="2698" lemmaID="23645" cBy="JKR" cDate="06/20/2001 07:17:49 PDT Wed">
        <definition>COD: the mastering of a subject or skill</definition>
        <sentenceCount annotated="28" total="127"/>
        <lexeme order="1" headword="false" breakBefore="false" POS="N" name="mastery"/>
    </lexUnit>
    <lexUnit status="Finished_Initial" POS="N" name="connoisseur.n" ID="2700" lemmaID="7857" cBy="JKR" cDate="06/20/2001 07:21:54 PDT Wed">
        <definition>FN: a person who is very discriminating, esp. with respect to art, food or drink</definition>
        <sentenceCount annotated="20" total="69"/>
        <lexeme order="1" headword="false" breakBefore="false" POS="N" name="connoisseur"/>
    </lexUnit>
    <lexUnit status="Finished_Initial" POS="A" name="familiar.a" ID="2701" lemmaID="13899" cBy="JKR" cDate="06/20/2001 07:22:47 PDT Wed">
        <definition>COD: having a good knowledge of</definition>
        <sentenceCount annotated="50" total="291"/>
        <lexeme order="1" headword="false" breakBefore="false" POS="A" name="familiar"/>
    </lexUnit>
    <lexUnit status="Finished_Initial" POS="N" name="pro.n" ID="2703" lemmaID="30515" cBy="JKR" cDate="06/20/2001 07:32:19 PDT Wed">
        <definition>COD: a professional</definition>
        <sentenceCount annotated="12" total="74"/>
        <lexeme order="1" headword="false" breakBefore="false" POS="N" name="pro"/>
    </lexUnit>
    <lexUnit status="Finished_Initial" POS="N" name="ace.n" ID="2704" lemmaID="335" cBy="JKR" cDate="06/20/2001 07:33:38 PDT Wed">
        <definition>COD: a person who excels at a particular activity</definition>
        <sentenceCount annotated="22" total="143"/>
        <lexeme order="1" headword="false" breakBefore="false" POS="N" name="ace"/>
    </lexUnit>
    <lexUnit status="Finished_Initial" POS="A" name="versed.a" ID="2705" lemmaID="42900" cBy="JKR" cDate="06/20/2001 07:34:23 PDT Wed">
        <definition>COD: experienced or skilled in; knowledgeable about</definition>
        <sentenceCount annotated="15" total="35"/>
        <lexeme order="1" headword="false" breakBefore="false" POS="A" name="versed"/>
    </lexUnit>
    <lexUnit status="Finished_Initial" POS="A" name="well-versed.a" ID="2706" lemmaID="44951" cBy="JKR" cDate="06/20/2001 07:37:46 PDT Wed">
        <definition>FN: very experienced or skilled in </definition>
        <sentenceCount annotated="7" total="15"/>
        <lexeme order="1" headword="false" breakBefore="false" POS="A" name="well-versed"/>
    </lexUnit>
    <lexUnit status="Finished_Initial" POS="A" name="conversant.a" ID="2707" lemmaID="8189" cBy="JKR" cDate="06/20/2001 07:38:41 PDT Wed">
        <definition>COD: familiar with or knowledgeable about something</definition>
        <sentenceCount annotated="11" total="39"/>
        <lexeme order="1" headword="false" breakBefore="false" POS="A" name="conversant"/>
    </lexUnit>
    <lexUnit status="Insufficient_Attestations" POS="N" name="conversance.n" ID="2708" lemmaID="44952" cBy="JKR" cDate="06/20/2001 07:40:14 PDT Wed">
        <definition>FN: familiarity with a domain of knowledge</definition>
        <sentenceCount annotated="0" total="0"/>
        <lexeme order="1" headword="false" breakBefore="false" POS="N" name="conversance"/>
    </lexUnit>
    <lexUnit status="Finished_Initial" POS="A" name="crack.a" ID="2709" lemmaID="8745" cBy="JKR" cDate="06/20/2001 07:43:09 PDT Wed">
        <definition>COD: very good or skilful</definition>
        <sentenceCount annotated="14" total="70"/>
        <lexeme order="1" headword="false" breakBefore="false" POS="A" name="crack"/>
    </lexUnit>
    <lexUnit status="Finished_Initial" POS="A" name="skilled.a" ID="2710" lemmaID="36144" cBy="JKR" cDate="06/20/2001 07:43:55 PDT Wed">
        <definition>FN: having acquired master of or skill in something</definition>
        <sentenceCount annotated="24" total="160"/>
        <lexeme order="1" headword="false" breakBefore="false" POS="A" name="skilled"/>
    </lexUnit>
    <lexUnit status="Finished_Initial" POS="A" name="skilful.a" ID="2711" lemmaID="36141" cBy="JKR" cDate="06/20/2001 07:56:40 PDT Wed">
        <definition>COD: having or showing skill</definition>
        <sentenceCount annotated="26" total="135"/>
        <lexeme order="1" headword="false" breakBefore="false" POS="A" name="skillful"/>
    </lexUnit>
    <lexUnit status="Finished_Initial" POS="A" name="ace.a" ID="2712" lemmaID="44953" cBy="JKR" cDate="06/21/2001 12:18:33 PDT Thu">
        <definition>FN: excellent, esp. highly skilled or talented. (Usually not gradable.)</definition>
        <sentenceCount annotated="13" total="68"/>
        <lexeme order="1" headword="false" breakBefore="false" POS="A" name="ace"/>
    </lexUnit>
    <lexUnit status="Finished_Initial" POS="N" name="wizard.n" ID="2713" lemmaID="44348" cBy="JKR" cDate="06/21/2001 12:56:18 PDT Thu">
        <definition>COD: a person who is very skilled in a particular field or activity</definition>
        <sentenceCount annotated="10" total="73"/>
        <lexeme order="1" headword="false" breakBefore="false" POS="N" name="wizard"/>
    </lexUnit>
    <lexUnit status="Finished_Initial" POS="N" name="whiz.n" ID="2717" lemmaID="44054" cBy="JKR" cDate="06/21/2001 05:28:44 PDT Thu">
        <definition>FN: a person who is extremly clever at something</definition>
        <sentenceCount annotated="12" total="61"/>
        <lexeme order="1" headword="false" breakBefore="false" POS="N" name="whiz"/>
    </lexUnit>
    <lexUnit status="Finished_Initial" POS="N" name="novice.n" ID="2718" lemmaID="26219" cBy="JKR" cDate="06/21/2001 06:17:18 PDT Thu">
        <definition>COD: a person new to and inexperienced in a job or situation</definition>
        <sentenceCount annotated="17" total="132"/>
        <lexeme order="1" headword="false" breakBefore="false" POS="N" name="novice"/>
    </lexUnit>
    <lexUnit status="Finished_Initial" POS="A" name="inexperienced.a" ID="2721" lemmaID="19796" cBy="JKR" cDate="06/21/2001 06:37:40 PDT Thu">
        <definition>FN: lacking experience</definition>
        <sentenceCount annotated="37" total="136"/>
        <lexeme order="1" headword="false" breakBefore="false" POS="A" name="inexperienced"/>
    </lexUnit>
    <lexUnit status="Finished_Initial" POS="A" name="inexpert.a" ID="2722" lemmaID="19797" cBy="JKR" cDate="06/21/2001 06:48:22 PDT Thu">
        <definition>COD: lacking skill or knowledge</definition>
        <sentenceCount annotated="5" total="16"/>
        <lexeme order="1" headword="false" breakBefore="false" POS="A" name="inexpert"/>
    </lexUnit>
    <lexUnit status="Finished_Initial" POS="N" name="guru.n" ID="2723" lemmaID="17097" cBy="JKR" cDate="06/21/2001 07:09:17 PDT Thu">
        <definition>FN: a person possessing great knowledge or expertise</definition>
        <sentenceCount annotated="23" total="67"/>
        <lexeme order="1" headword="false" breakBefore="false" POS="N" name="guru"/>
    </lexUnit>
    <lexUnit status="Finished_Initial" POS="A" name="proficient.a" ID="2733" lemmaID="30611" cBy="JKR" cDate="06/24/2001 12:33:46 PDT Sun">
        <definition>COD: competent; skilled. </definition>
        <sentenceCount annotated="21" total="97"/>
        <lexeme order="1" headword="false" breakBefore="false" POS="A" name="proficient"/>
    </lexUnit>
    <lexUnit status="Finished_Initial" POS="N" name="proficiency.n" ID="2734" lemmaID="30610" cBy="JKR" cDate="06/24/2001 12:34:32 PDT Sun">
        <definition>FN: the fact of being competent and skilled</definition>
        <sentenceCount annotated="24" total="90"/>
        <lexeme order="1" headword="false" breakBefore="false" POS="N" name="proficiency"/>
    </lexUnit>
    <lexUnit status="Finished_Initial" POS="N" name="prowess.n" ID="2735" lemmaID="30930" cBy="JKR" cDate="06/24/2001 12:35:19 PDT Sun">
        <definition>COD: skill or expertise in a particular activity or field. </definition>
        <sentenceCount annotated="34" total="158"/>
        <lexeme order="1" headword="false" breakBefore="false" POS="N" name="prowess"/>
    </lexUnit>
    <lexUnit status="Finished_Initial" POS="N" name="virtuoso.n" ID="2736" lemmaID="43100" cBy="JKR" cDate="06/24/2001 12:37:37 PDT Sun">
        <definition>COD: a person highly skilled in music or another artistic pursuit</definition>
        <sentenceCount annotated="13" total="60"/>
        <lexeme order="1" headword="false" breakBefore="false" POS="N" name="virtuoso"/>
    </lexUnit>
    <lexUnit status="Finished_Initial" POS="N" name="virtuosity.n" ID="2737" lemmaID="43099" cBy="JKR" cDate="06/24/2001 12:37:55 PDT Sun">
        <definition>FN: great skill in music or another artistic pursuit</definition>
        <sentenceCount annotated="14" total="47"/>
        <lexeme order="1" headword="false" breakBefore="false" POS="N" name="virtuosity"/>
    </lexUnit>
    <lexUnit status="Finished_Initial" POS="A" name="adept.a" ID="2738" lemmaID="477" cBy="JKR" cDate="06/24/2001 12:39:57 PDT Sun">
        <definition>COD: very skilled or proficient. </definition>
        <sentenceCount annotated="22" total="120"/>
        <lexeme order="1" headword="false" breakBefore="false" POS="A" name="adept"/>
    </lexUnit>
    <lexUnit status="Insufficient_Attestations" POS="N" name="adeptness.n" ID="2739" lemmaID="44956" cBy="JKR" cDate="06/24/2001 12:41:31 PDT Sun">
        <definition>FN: the fact of being very skilled or proficient</definition>
        <sentenceCount annotated="4" total="5"/>
        <lexeme order="1" headword="false" breakBefore="false" POS="N" name="adeptness"/>
    </lexUnit>
    <lexUnit status="Finished_Initial" POS="N" name="adept.n" ID="2740" lemmaID="476" cBy="JKR" cDate="06/24/2001 12:47:55 PDT Sun">
        <definition>COD: a person who is adept at something. </definition>
        <sentenceCount annotated="9" total="44"/>
        <lexeme order="1" headword="false" breakBefore="false" POS="N" name="adept"/>
    </lexUnit>
    <lexUnit status="Created" POS="N" name="skill.n" ID="2742" lemmaID="36143" cBy="JKR" cDate="06/25/2001 03:13:26 PDT Mon">
        <definition>COD: the ability to do something well; expertise or dexterity</definition>
        <sentenceCount annotated="5" total="6"/>
        <lexeme order="1" headword="false" breakBefore="false" POS="N" name="skill"/>
    </lexUnit>
    <lexUnit status="Finished_Initial" POS="N" name="amateur.n" ID="3155" lemmaID="1176" cBy="JKR" cDate="07/18/2001 03:12:21 PDT Wed">
        <definition>COD: a person considered inept at a particular activity</definition>
        <sentenceCount annotated="6" total="75"/>
        <lexeme order="1" headword="false" breakBefore="false" POS="N" name="amateur"/>
    </lexUnit>
    <lexUnit status="Finished_Initial" POS="A" name="amateur.a" ID="3156" lemmaID="1177" cBy="JKR" cDate="07/18/2001 03:14:12 PDT Wed">
        <definition>COD: inept</definition>
        <sentenceCount annotated="23" total="138"/>
        <lexeme order="1" headword="false" breakBefore="false" POS="A" name="amateur"/>
    </lexUnit>
    <lexUnit status="Finished_Initial" POS="N" name="master.n" ID="3287" lemmaID="23628" cBy="JKR" cDate="07/26/2001 02:29:30 PDT Thu">
        <definition>COD:  skilled practitioner of a particular art or activity</definition>
        <sentenceCount annotated="19" total="256"/>
        <lexeme order="1" headword="false" breakBefore="false" POS="N" name="master"/>
    </lexUnit>
    <lexUnit status="Finished_Initial" POS="A" name="incompetent.a" ID="8981" lemmaID="19464" cBy="ACW" cDate="07/01/2003 09:51:44 PDT Tue">
        <definition>COD: not sufficiently skilful to do something successfully. </definition>
        <sentenceCount annotated="15" total="113"/>
        <lexeme order="1" headword="false" breakBefore="false" POS="A" name="incompetent"/>
    </lexUnit>
    <lexUnit status="Finished_Initial" POS="N" name="incompetence.n" ID="8982" lemmaID="19462" cBy="ACW" cDate="07/01/2003 09:52:28 PDT Tue">
        <definition>FN: the quality of being incompetent</definition>
        <sentenceCount annotated="30" total="158"/>
        <lexeme order="1" headword="false" breakBefore="false" POS="N" name="incompetence"/>
    </lexUnit>
    <lexUnit status="Created" POS="A" name="competent.a" ID="8983" lemmaID="7467" cBy="ACW" cDate="07/01/2003 09:53:35 PDT Tue">
        <definition>COD: having the necessary ability or knowledge to do something successfully. </definition>
        <sentenceCount annotated="2" total="2"/>
        <lexeme order="1" headword="false" breakBefore="false" POS="A" name="competent"/>
    </lexUnit>
    <lexUnit status="Created" POS="N" name="competence.n" ID="8984" lemmaID="7465" cBy="ACW" cDate="07/01/2003 09:54:04 PDT Tue">
        <definition>COD: the quality or extent of being competent. </definition>
        <sentenceCount annotated="0" total="0"/>
        <lexeme order="1" headword="false" breakBefore="false" POS="N" name="competence"/>
    </lexUnit>
    <lexUnit status="Finished_Initial" POS="A" name="inept.a" ID="8985" lemmaID="19759" cBy="ACW" cDate="07/01/2003 09:54:43 PDT Tue">
        <definition>COD:  incompetent; awkward or clumsy. </definition>
        <sentenceCount annotated="24" total="114"/>
        <lexeme order="1" headword="false" breakBefore="false" POS="A" name="inept"/>
    </lexUnit>
    <lexUnit status="Finished_Initial" POS="N" name="ineptitude.n" ID="8986" lemmaID="19760" cBy="ACW" cDate="07/01/2003 09:55:23 PDT Tue">
        <definition>FN: degree or fact of being inept</definition>
        <sentenceCount annotated="11" total="46"/>
        <lexeme order="1" headword="false" breakBefore="false" POS="N" name="ineptitude"/>
    </lexUnit>
    <lexUnit status="Finished_Initial" POS="N" name="ineptness.n" ID="8987" lemmaID="19762" cBy="ACW" cDate="07/01/2003 09:55:57 PDT Tue">
        <definition>FN: fact of being inept.</definition>
        <sentenceCount annotated="7" total="21"/>
        <lexeme order="1" headword="false" breakBefore="false" POS="N" name="ineptness"/>
    </lexUnit>
    <lexUnit status="Finished_Initial" POS="A" name="knowledgeable.a" ID="8993" lemmaID="33" cBy="ACW" cDate="07/02/2003 09:55:44 PDT Wed">
        <definition>FN: having knowledge of a particular topic.</definition>
        <sentenceCount annotated="31" total="98"/>
        <lexeme order="1" headword="false" breakBefore="false" POS="A" name="knowledgable"/>
    </lexUnit>
    <lexUnit status="Needs_SCs" POS="A" name="awful.a" ID="9120" lemmaID="2525" cBy="MJE" cDate="07/15/2003 04:24:26 PDT Tue">
        <definition>FN: being very bad with regard to an activity or skill</definition>
        <sentenceCount annotated="4" total="105"/>
        <lexeme order="1" headword="false" breakBefore="false" POS="A" name="awful"/>
    </lexUnit>
    <lexUnit status="Finished_Initial" POS="A" name="bad.a" ID="9121" lemmaID="2664" cBy="MJE" cDate="07/15/2003 04:29:09 PDT Tue">
        <definition>FN: being poor with regard to an activity or skill</definition>
        <sentenceCount annotated="8" total="8"/>
        <lexeme order="1" headword="false" breakBefore="false" POS="A" name="bad"/>
    </lexUnit>
    <lexUnit status="Created" POS="A" name="wonderful.a" ID="9251" lemmaID="44386" cBy="MJE" cDate="08/10/2003 07:29:27 PDT Sun">
        <definition>FN: having remarkable competence at an activity or with regard to a skill</definition>
        <sentenceCount annotated="13" total="22"/>
        <lexeme order="1" headword="false" breakBefore="false" POS="A" name="wonderful"/>
    </lexUnit>
    <lexUnit status="Needs_SCs" POS="A" name="tremendous.a" ID="9252" lemmaID="41156" cBy="MJE" cDate="08/10/2003 07:32:35 PDT Sun">
        <definition>FN: being extremely competent with regard to an activity or skill</definition>
        <sentenceCount annotated="0" total="0"/>
        <lexeme order="1" headword="false" breakBefore="false" POS="A" name="tremendous"/>
    </lexUnit>
    <lexUnit status="Needs_SCs" POS="A" name="superb.a" ID="9253" lemmaID="38845" cBy="MJE" cDate="08/10/2003 07:35:38 PDT Sun">
        <definition>COD: excellent</definition>
        <sentenceCount annotated="1" total="1"/>
        <lexeme order="1" headword="false" breakBefore="false" POS="A" name="superb"/>
    </lexUnit>
    <lexUnit status="Needs_SCs" POS="A" name="stupendous.a" ID="9254" lemmaID="38458" cBy="MJE" cDate="08/10/2003 07:37:51 PDT Sun">
        <definition>FN: being excellent at a skill or with regard to an activity</definition>
        <sentenceCount annotated="1" total="1"/>
        <lexeme order="1" headword="false" breakBefore="false" POS="A" name="stupendous"/>
    </lexUnit>
    <lexUnit status="Insufficient_Attestations" POS="A" name="so-so.a" ID="9255" lemmaID="37008" cBy="MJE" cDate="08/10/2003 07:39:16 PDT Sun">
        <definition>FN: of average competence with regard to an activity or a skill</definition>
        <sentenceCount annotated="1" total="1"/>
        <lexeme order="1" headword="false" breakBefore="false" POS="A" name="so-so"/>
    </lexUnit>
    <lexUnit status="Created" POS="A" name="mediocre.a" ID="9256" lemmaID="23871" cBy="MJE" cDate="08/10/2003 07:41:47 PDT Sun">
        <definition>FN: of average skill</definition>
        <sentenceCount annotated="4" total="4"/>
        <lexeme order="1" headword="false" breakBefore="false" POS="A" name="mediocre"/>
    </lexUnit>
    <lexUnit status="Finished_Initial" POS="A" name="incredible.a" ID="9257" lemmaID="19537" cBy="MJE" cDate="08/10/2003 07:43:49 PDT Sun">
        <definition>FN: being exceptionally competent with regard to an activity or skill</definition>
        <sentenceCount annotated="9" total="117"/>
        <lexeme order="1" headword="false" breakBefore="false" POS="A" name="incredible"/>
    </lexUnit>
    <lexUnit status="Finished_Initial" POS="A" name="great.a" ID="9258" lemmaID="16767" cBy="MJE" cDate="08/10/2003 07:45:54 PDT Sun">
        <definition>FN: being very adept with regard to an activity or skill</definition>
        <sentenceCount annotated="14" total="14"/>
        <lexeme order="1" headword="false" breakBefore="false" POS="A" name="great"/>
    </lexUnit>
    <lexUnit status="Created" POS="A" name="good.a" ID="9259" lemmaID="16523" cBy="MJE" cDate="08/10/2003 07:46:34 PDT Sun">
        <definition>FN: to have sufficient expertise with regard to an activity or a skill</definition>
        <sentenceCount annotated="19" total="47"/>
        <lexeme order="1" headword="false" breakBefore="false" POS="A" name="good"/>
    </lexUnit>
    <lexUnit status="Finished_Initial" POS="A" name="fantastic.a" ID="9260" lemmaID="13933" cBy="MJE" cDate="08/10/2003 07:49:20 PDT Sun">
        <definition>FN: being outstanding at an activity or skill</definition>
        <sentenceCount annotated="8" total="114"/>
        <lexeme order="1" headword="false" breakBefore="false" POS="A" name="fantastic"/>
    </lexUnit>
    <lexUnit status="Created" POS="A" name="excellent.a" ID="9261" lemmaID="13347" cBy="MJE" cDate="08/10/2003 07:50:12 PDT Sun">
        <definition>FN: extremely competent with regard to an activity or skill</definition>
        <sentenceCount annotated="7" total="18"/>
        <lexeme order="1" headword="false" breakBefore="false" POS="A" name="excellent"/>
    </lexUnit>
    <lexUnit status="Created" POS="A" name="dreadful.a" ID="9262" lemmaID="11729" cBy="MJE" cDate="08/10/2003 07:52:02 PDT Sun">
        <definition>FN: extremely bad</definition>
        <sentenceCount annotated="1" total="1"/>
        <lexeme order="1" headword="false" breakBefore="false" POS="A" name="dreadful"/>
    </lexUnit>
    <lexUnit status="Needs_SCs" POS="A" name="terrible.a" ID="9263" lemmaID="39923" cBy="MJE" cDate="08/10/2003 08:09:10 PDT Sun">
        <definition>FN: being extremely incompetent at an activity or with regard to a skill</definition>
        <sentenceCount annotated="3" total="5"/>
        <lexeme order="1" headword="false" breakBefore="false" POS="A" name="terrible"/>
    </lexUnit>
    <lexUnit status="Needs_SCs" POS="A" name="terrific.a" ID="9264" lemmaID="39926" cBy="MJE" cDate="08/10/2003 08:11:12 PDT Sun">
        <definition>FN: being wonderfully competent at an activity or with regard to a skill</definition>
        <sentenceCount annotated="2" total="2"/>
        <lexeme order="1" headword="false" breakBefore="false" POS="A" name="terrific"/>
    </lexUnit>
    <lexUnit status="Finished_Initial" POS="A" name="superlative.a" ID="9265" lemmaID="38875" cBy="MJE" cDate="08/10/2003 08:20:08 PDT Sun">
        <definition>FN: being the most competent at an activity or with regard to a skill</definition>
        <sentenceCount annotated="8" total="45"/>
        <lexeme order="1" headword="false" breakBefore="false" POS="A" name="superlative"/>
    </lexUnit>
    <lexUnit status="Created" POS="A" name="outstanding.a" ID="9266" lemmaID="27162" cBy="MJE" cDate="08/10/2003 08:22:54 PDT Sun">
        <definition>FN: being excellent with regard to an activity or skill</definition>
        <sentenceCount annotated="7" total="38"/>
        <lexeme order="1" headword="false" breakBefore="false" POS="A" name="outstanding"/>
    </lexUnit>
    <lexUnit status="Needs_SCs" POS="A" name="splendid.a" ID="9267" lemmaID="37402" cBy="MJE" cDate="08/10/2003 08:30:30 PDT Sun">
        <definition>FN: having excellent competence with regard to a skill or an activity</definition>
        <sentenceCount annotated="1" total="1"/>
        <lexeme order="1" headword="false" breakBefore="false" POS="A" name="splendid"/>
    </lexUnit>
    <lexUnit status="Created" POS="N" name="know-how.n" ID="11629" lemmaID="21458" cBy="JKR" cDate="03/01/2005 11:33:32 PST Tue">
        <definition>COD: expertise</definition>
        <sentenceCount annotated="5" total="7"/>
        <lexeme order="1" headword="false" breakBefore="false" POS="N" name="know-how"/>
    </lexUnit>
    <lexUnit status="Created" POS="N" name="specialist.n" ID="13210" lemmaID="37216" cBy="RLG" cDate="06/06/2006 01:39:13 PDT Tue">
        <definition>COD: a person who concentrates on a particular subject or activity; a person highly skilled in a specific field.</definition>
        <sentenceCount annotated="3" total="3"/>
        <lexeme order="1" headword="false" breakBefore="false" POS="N" name="specialist"/>
        <semType name="Agentive_noun" ID="102"/>
    </lexUnit>
    <lexUnit status="Created" POS="A" name="new (to).a" ID="13331" lemmaID="25749" cBy="MiL" cDate="06/27/2006 02:27:22 PDT Tue">
        <definition>FN: inexperienced</definition>
        <sentenceCount annotated="0" total="0"/>
        <lexeme order="1" headword="false" breakBefore="false" POS="A" name="new"/>
    </lexUnit>
    <lexUnit status="Created" POS="V" name="excel.v" ID="13826" lemmaID="13344" cBy="MJE" cDate="02/25/2007 02:05:04 PST Sun">
        <definition>COD: be exceptionally good at an activity or subject.</definition>
        <sentenceCount annotated="1" total="1"/>
        <lexeme order="1" headword="false" breakBefore="false" POS="V" name="excel"/>
    </lexUnit>
    <lexUnit status="Created" POS="A" name="strong.a" ID="17040" lemmaID="38383" cBy="PKe" cDate="04/25/2012 04:20:08 PDT Wed">
        <definition>FN: exceptionally capable</definition>
        <sentenceCount annotated="4" total="4"/>
        <lexeme order="1" headword="false" breakBefore="false" POS="A" name="strong"/>
    </lexUnit>
    <lexUnit status="Created" POS="N" name="layman.n" ID="17106" lemmaID="21884" cBy="EGp" cDate="05/23/2012 03:17:36 PDT Wed">
        <definition>FN: a person who is not an expert in a given field of knowledge</definition>
        <sentenceCount annotated="0" total="0"/>
        <lexeme order="1" headword="false" breakBefore="false" POS="N" name="layman"/>
    </lexUnit>
    <lexUnit status="Created" POS="A" name="lay.a" ID="17107" lemmaID="21876" cBy="EGp" cDate="05/23/2012 03:19:56 PDT Wed">
        <definition>FN: Describing an entity's inexpertise</definition>
        <sentenceCount annotated="0" total="0"/>
        <lexeme order="1" headword="false" breakBefore="false" POS="A" name="lay"/>
    </lexUnit>
</frame>