<?xml version="1.0" encoding="UTF-8" standalone="yes"?>
<?xml-stylesheet type="text/xsl" href="frame.xsl"?>
<frame cBy="RLG" cDate="07/15/2011 11:32:06 PDT Fri" name="Explosion" ID="2577" xsi:schemaLocation="../schema/frame.xsd" xmlns="http://framenet.icsi.berkeley.edu" xmlns:xsi="http://www.w3.org/2001/XMLSchema-instance">
    <definition>&lt;def-root&gt;Due to chemical, nuclear, or other reactions, an &lt;fen&gt;Explosive&lt;/fen&gt; explodes, potentially causing damage to the surrounding area. The &lt;fen&gt;Explosive&lt;/fen&gt; is often, but need not be, a weapon.

&lt;ex&gt;&lt;fex name="wea"&gt;The bomb&lt;/fex&gt; &lt;t&gt;exploded&lt;/t&gt; in the middle of the plaza.&lt;/ex&gt;

&lt;ex&gt;Nearby, &lt;fex name="wea"&gt;a mine&lt;/fex&gt; &lt;t&gt;detonated&lt;/t&gt;, causing minor damage to the tank.&lt;/ex&gt;

&lt;ex&gt;The &lt;fex name="wea"&gt;car bomb&lt;/fex&gt; &lt;t&gt;explosion&lt;/t&gt; left a massive crater.&lt;/ex&gt;&lt;/def-root&gt;</definition>
    <FE bgColor="0000FF" fgColor="FFFFFF" coreType="Core" cBy="RLG" cDate="07/15/2011 11:51:13 PDT Fri" abbrev="wea" name="Explosive" ID="14536">
        <definition>&lt;def-root&gt;The &lt;fen&gt;Explosive&lt;/fen&gt; releases a large amount of force, destroying itself and causing damage to the surrounding area.

&lt;ex&gt;&lt;fex name="wea"&gt;The bomb&lt;/fex&gt; &lt;t&gt;exploded&lt;/t&gt; in the middle of the plaza.&lt;/ex&gt;&lt;/def-root&gt;</definition>
    </FE>
    <FE bgColor="008000" fgColor="FFFFFF" coreType="Peripheral" cBy="RLG" cDate="07/15/2011 12:15:03 PDT Fri" abbrev="tim" name="Time" ID="14537">
        <definition>&lt;def-root&gt;The &lt;fen&gt;Time&lt;/fen&gt; when the explosion occurs.&lt;/def-root&gt;</definition>
        <semType name="Time" ID="141"/>
    </FE>
    <FE bgColor="FFA500" fgColor="FFFFFF" coreType="Peripheral" cBy="RLG" cDate="07/15/2011 12:15:34 PDT Fri" abbrev="pla" name="Place" ID="14538">
        <definition>&lt;def-root&gt;The location where the explosion occurs.&lt;/def-root&gt;</definition>
        <semType name="Location" ID="54"/>
    </FE>
    <FE bgColor="A52A2A" fgColor="FFFFFF" coreType="Peripheral" cBy="RLG" cDate="09/16/2011 01:52:55 PDT Fri" abbrev="vic" name="Victim" ID="14986">
        <definition>&lt;def-root&gt;The Victim is targeted by the explosion or inadvertantly damaged by the explosion. Typically expressed by an &lt;m&gt;on&lt;/m&gt;-PP.

&lt;ex&gt;The roadside bomb &lt;t&gt;exploded&lt;/t&gt; &lt;fex name="vic"&gt;on 20 civilians&lt;/fex&gt; just outside the central plaza.&lt;/ex&gt;&lt;/def-root&gt;</definition>
    </FE>
    <FE bgColor="800080" fgColor="FFFFFF" coreType="Extra-Thematic" cBy="RLG" cDate="09/16/2011 03:12:11 PDT Fri" abbrev="con" name="Containing_event" ID="14988">
        <definition>&lt;def-root&gt;An event that occurs or state of affairs that holds at a time that includes the time during which the explosion occurs and of which it is taken to be a part.

&lt;ex&gt;Several of the rockets &lt;t&gt;detonated&lt;/t&gt; &lt;fex name="con"&gt;in the blast&lt;/fex&gt;.&lt;/ex&gt;&lt;/def-root&gt;</definition>
    </FE>
    <FE bgColor="808080" fgColor="FFFFFF" coreType="Peripheral" cBy="RLG" cDate="01/11/2012 04:03:46 PST Wed" abbrev="mea" name="Means" ID="15398">
        <definition>&lt;def-root&gt;The means by which the &lt;fen&gt;Explosive&lt;/fen&gt; explodes.

&lt;ex&gt;The device can &lt;t&gt;detonate&lt;/t&gt; &lt;fex name="mea"&gt;by remote control&lt;/fex&gt;.&lt;/ex&gt;&lt;/def-root&gt;</definition>
    </FE>
    <FE bgColor="FF69B4" fgColor="FFFFFF" coreType="Peripheral" cBy="RLG" cDate="01/12/2012 09:45:34 PST Thu" abbrev="man" name="Manner" ID="15401">
        <definition>&lt;def-root&gt;A description of the explosion not specifically covered by other Frame Elements.

&lt;ex&gt;The bomb &lt;t&gt;detonated&lt;/t&gt; &lt;fex name="man"&gt;explosively&lt;/fex&gt; in the middle of the square.&lt;/ex&gt;&lt;/def-root&gt;</definition>
    </FE>
    <FE bgColor="1E90FF" fgColor="FFFFFF" coreType="Extra-Thematic" cBy="RLG" cDate="01/12/2012 09:47:50 PST Thu" abbrev="deg" name="Degree" ID="15402">
        <definition>&lt;def-root&gt;The strength of the explosion, or to what degree it damaged the affected areas or objects.

&lt;ex&gt;That morning a &lt;fex name="deg"&gt;powerful&lt;/fex&gt; &lt;t&gt;explosion&lt;/t&gt; rocked the city.&lt;/ex&gt;&lt;/def-root&gt;</definition>
    </FE>
    <FE bgColor="9400D3" fgColor="FFFFFF" coreType="Extra-Thematic" cBy="RLG" cDate="02/16/2012 01:49:30 PST Thu" abbrev="fre" name="Frequency" ID="15463">
        <definition>&lt;def-root&gt;How often an explosion occurs.

&lt;ex&gt;The &lt;fex name="fre"&gt;daily&lt;/fex&gt; &lt;t&gt;explosions&lt;/t&gt; are enough to drive anyone mad.&lt;/ex&gt;&lt;/def-root&gt;</definition>
    </FE>
    <frameRelation type="Inherits from">
        <relatedFrame ID="88">Eventive_affecting</relatedFrame>
    </frameRelation>
    <frameRelation type="Is Inherited by"/>
    <frameRelation type="Perspective on"/>
    <frameRelation type="Is Perspectivized in"/>
    <frameRelation type="Uses"/>
    <frameRelation type="Is Used by"/>
    <frameRelation type="Subframe of"/>
    <frameRelation type="Has Subframe(s)"/>
    <frameRelation type="Precedes"/>
    <frameRelation type="Is Preceded by"/>
    <frameRelation type="Is Inchoative of"/>
    <frameRelation type="Is Causative of"/>
    <frameRelation type="See also"/>
    <lexUnit status="In_Use" POS="N" name="explosion.n" ID="16403" lemmaID="13577" cBy="RLG" cDate="07/15/2011 12:13:48 PDT Fri">
        <definition>FN: an event of a bomb or similar weapon detonating.</definition>
        <sentenceCount annotated="43" total="130"/>
        <lexeme order="1" headword="false" breakBefore="false" POS="N" name="explosion"/>
    </lexUnit>
    <lexUnit status="In_Use" POS="V" name="explode.v" ID="16404" lemmaID="13566" cBy="RLG" cDate="07/15/2011 12:14:13 PDT Fri">
        <definition>FN: expand rapidly, causing damage and injury.</definition>
        <sentenceCount annotated="64" total="219"/>
        <lexeme order="1" headword="false" breakBefore="false" POS="V" name="explode"/>
    </lexUnit>
    <lexUnit status="In_Use" POS="V" name="detonate.v" ID="16405" lemmaID="10451" cBy="RLG" cDate="07/15/2011 12:14:42 PDT Fri">
        <definition>FN: explode</definition>
        <sentenceCount annotated="30" total="96"/>
        <lexeme order="1" headword="false" breakBefore="false" POS="V" name="detonate"/>
    </lexUnit>
    <lexUnit status="In_Use" POS="N" name="detonation.n" ID="16615" lemmaID="10452" cBy="RLG" cDate="09/19/2011 02:02:23 PDT Mon">
        <definition>FN: the event of an explosive device going off.</definition>
        <sentenceCount annotated="6" total="14"/>
        <lexeme order="1" headword="false" breakBefore="false" POS="N" name="detonation"/>
    </lexUnit>
    <lexUnit status="In_Use" POS="N" name="blast.n" ID="16634" lemmaID="3778" cBy="RLG" cDate="09/21/2011 03:56:03 PDT Wed">
        <definition>FN: loud explosion.</definition>
        <sentenceCount annotated="46" total="160"/>
        <lexeme order="1" headword="false" breakBefore="false" POS="N" name="blast"/>
    </lexUnit>
    <lexUnit status="Created" POS="V" name="blow.v" ID="16697" lemmaID="3925" cBy="RLG" cDate="10/12/2011 09:55:07 PDT Wed">
        <definition>FN: explode.</definition>
        <sentenceCount annotated="0" total="0"/>
        <lexeme order="1" headword="false" breakBefore="false" POS="V" name="blow"/>
    </lexUnit>
    <lexUnit status="In_Use" POS="V" name="blow up.v" ID="16699" lemmaID="50008" cBy="RLG" cDate="10/12/2011 09:56:23 PDT Wed">
        <definition>FN: explode.</definition>
        <sentenceCount annotated="5" total="56"/>
        <lexeme order="1" headword="true" breakBefore="false" POS="V" name="blow"/>
        <lexeme order="2" headword="false" breakBefore="true" POS="ADV" name="up"/>
    </lexUnit>
</frame>