<?xml version="1.0" encoding="UTF-8" standalone="yes"?>
<?xml-stylesheet type="text/xsl" href="frame.xsl"?>
<frame cBy="JKR" cDate="08/25/2005 04:52:00 PDT Thu" name="Expressing_publicly" ID="1622" xsi:schemaLocation="../schema/frame.xsd" xmlns="http://framenet.icsi.berkeley.edu" xmlns:xsi="http://www.w3.org/2001/XMLSchema-instance">
    <definition>&lt;def-root&gt;A &lt;fen&gt;Communicator&lt;/fen&gt; publically communicates some difficult-to-express &lt;fen&gt;Content&lt;/fen&gt; which they (or a social group of which they are a member) have had for some time. The &lt;fen&gt;Content&lt;/fen&gt; may not have been previously communicated due to inability or social stricture.  In cases where the individuals addressed are a smaller group than the public at large, a separate &lt;fen&gt;Addressee&lt;/fen&gt; may be expressed.

&lt;ex&gt;&lt;fex name="con"&gt;Those grievances&lt;/fex&gt; can be &lt;t&gt;aired&lt;/t&gt; &lt;fex name="Time"&gt;during Board meetings&lt;/fex&gt;. &lt;fex name="com"&gt;CNI&lt;/fex&gt;&lt;/ex&gt;

&lt;ex&gt;&lt;fex name="com"&gt;Saddam&lt;/fex&gt; &lt;t&gt;voiced&lt;/t&gt; &lt;fex name="Content"&gt;his joy&lt;/fex&gt; &lt;fex name="Time"&gt;when he was told Spain's new government had left the US-led military coalition in Iraq&lt;/fex&gt;.&lt;/ex&gt;


&lt;/def-root&gt;</definition>
    <FE bgColor="FF0000" fgColor="FFFFFF" coreType="Core" cBy="JKR" cDate="08/25/2005 04:52:00 PDT Thu" abbrev="com" name="Communicator" ID="8989">
        <definition>&lt;def-root&gt;The &lt;fen&gt;Communicator&lt;/fen&gt; is the person who expresses the &lt;fen&gt;Content&lt;/fen&gt; (whether spoken or written).  

&lt;ex&gt;&lt;fex name="com"&gt;Reagan&lt;/fex&gt; &lt;t&gt;gave voice&lt;/t&gt; to the innate patriotism of the American people.&lt;/ex&gt;&lt;/def-root&gt;</definition>
        <semType name="Sentient" ID="5"/>
    </FE>
    <FE bgColor="006400" fgColor="FFFFFF" coreType="Peripheral" cBy="JKR" cDate="08/25/2005 04:52:00 PDT Thu" abbrev="Add" name="Addressee" ID="8990">
        <definition>&lt;def-root&gt;The &lt;fen&gt;Addressee&lt;/fen&gt; is the person to whom the &lt;fen&gt;Content&lt;/fen&gt; is communicated. 

&lt;ex&gt;After waiting 2-hours for his appointment, Kiyosaki &lt;t&gt;vented&lt;/t&gt; his frustration &lt;fex name="Add"&gt;to
his rich dad&lt;/fex&gt;.&lt;/ex&gt;&lt;/def-root&gt;</definition>
        <semType name="Sentient" ID="5"/>
    </FE>
    <FE bgColor="0000FF" fgColor="FFFFFF" coreType="Core" cBy="JKR" cDate="08/25/2005 04:52:00 PDT Thu" abbrev="con" name="Content" ID="8991">
        <definition>&lt;def-root&gt;The attitude or feeling that the &lt;fen&gt;Communicator&lt;/fen&gt; had not previously expressed.

&lt;ex&gt;Members &lt;t&gt;aired&lt;/t&gt; &lt;fex name="con"&gt;their grievances&lt;/fex&gt; and resented the way higher education was being dealt with.&lt;/ex&gt;&lt;/def-root&gt;</definition>
        <semType name="Content" ID="55"/>
    </FE>
    <FE bgColor="FF00FF" fgColor="FFFFFF" coreType="Peripheral" cBy="JKR" cDate="08/25/2005 04:52:00 PDT Thu" abbrev="Manr" name="Manner" ID="8993">
        <definition>&lt;def-root&gt;Any description of the event (or state) which is not covered by more specific FEs, including force (&lt;ment&gt;hard&lt;/ment&gt;, &lt;ment&gt;softly&lt;/ment&gt;), secondary effects (&lt;ment&gt;quietly&lt;/ment&gt;, &lt;ment&gt;loudly&lt;/ment&gt;), and general descriptions comparing events (&lt;ment&gt;the same way&lt;/ment&gt;). It may also indicate salient characteristics of the &lt;fen&gt;Communicator&lt;/fen&gt; that also affect the action (&lt;ment&gt;eagerly&lt;/ment&gt;). 

&lt;ex&gt;The girl's grandfather's body was frail but his ideas were strong and his voice
rose as he &lt;fex name="Manr"&gt;furiously&lt;/fex&gt; &lt;t&gt;expressed&lt;/t&gt; his ideas.&lt;/ex&gt;&lt;/def-root&gt;</definition>
        <semType name="Manner" ID="173"/>
    </FE>
    <FE bgColor="A52A2A" fgColor="FFFFFF" coreType="Peripheral" cBy="JKR" cDate="08/25/2005 04:52:01 PDT Thu" abbrev="Mns" name="Means" ID="8995">
        <definition>&lt;def-root&gt;An act whereby the &lt;fen&gt;Communicator&lt;/fen&gt; communicates the &lt;fen&gt;Content&lt;/fen&gt;.



&lt;ex&gt;The students &lt;t&gt;expressed&lt;/t&gt; their gratitude &lt;fex name="Mns"&gt;by creating colorful hand-made cards for Annie and Renita&lt;/fex&gt;.&lt;/ex&gt;&lt;/def-root&gt;</definition>
        <semType name="State_of_affairs" ID="177"/>
    </FE>
    <FE bgColor="7CCD7C" fgColor="FFFFFF" coreType="Extra-Thematic" cBy="JKR" cDate="08/25/2005 04:52:01 PDT Thu" abbrev="ICause" name="Internal_cause" ID="8996">
        <definition>&lt;def-root&gt;The emotional or physical state of the &lt;fen&gt;Communicator&lt;/fen&gt; that leads to their communication.
&lt;/def-root&gt;</definition>
    </FE>
    <FE bgColor="808080" fgColor="FFFFFF" coreType="Core" cBy="JKR" cDate="08/25/2005 04:52:01 PDT Thu" abbrev="Medium" name="Medium" ID="8997">
        <definition>&lt;def-root&gt;&lt;fen&gt;Medium&lt;/fen&gt; is the observable action or product of the &lt;fen&gt;Communicator&lt;/fen&gt;.


&lt;ex&gt;I do not especially espouse the ideas &lt;t&gt;articulated&lt;/t&gt; by Diana Plesa &lt;fex name="Medium"&gt;in her article&lt;/fex&gt;.&lt;/ex&gt;&lt;/def-root&gt;</definition>
    </FE>
    <FE bgColor="9400D3" fgColor="FFFFFF" coreType="Extra-Thematic" cBy="JKR" cDate="08/25/2005 04:52:01 PDT Thu" abbrev="Dep" name="Depictive" ID="8998">
        <definition>&lt;def-root&gt;The state of the &lt;fen&gt;Communicator&lt;/fen&gt; during the statement.

&lt;ex&gt;Hermann considered her to be a tramp unworthy of the Kafka name, and &lt;t&gt;vented&lt;/t&gt; his
ire &lt;fex name="Dep"&gt;with full passion&lt;/fex&gt;.&lt;/ex&gt;&lt;/def-root&gt;</definition>
    </FE>
    <FE bgColor="FFA500" fgColor="FFFFFF" coreType="Peripheral" cBy="JKR" cDate="08/25/2005 04:52:01 PDT Thu" abbrev="Time" name="Time" ID="8999">
        <definition>&lt;def-root&gt;The time when the &lt;fen&gt;Content&lt;/fen&gt; is communicated.

&lt;ex&gt;Sometimes, children may &lt;fex name="Time"&gt;later&lt;/fex&gt; &lt;t&gt;put&lt;/t&gt; &lt;t&gt;into&lt;/t&gt; &lt;t&gt;words&lt;/t&gt; a memory from early life, but not customarily.&lt;/ex&gt;&lt;/def-root&gt;</definition>
        <semType name="Time" ID="141"/>
    </FE>
    <FE bgColor="008000" fgColor="FFFFFF" coreType="Peripheral" cBy="JKR" cDate="08/25/2005 04:52:01 PDT Thu" abbrev="" name="Place" ID="9000">
        <definition>&lt;def-root&gt;The FE specifies the place where the communication takes place.


&lt;ex&gt;John Ryan &lt;t&gt;voiced&lt;/t&gt; concerns &lt;fex name="Place"&gt;in Parliament&lt;/fex&gt; about the suggestion that somehow the inquiry was not independent.&lt;/ex&gt;&lt;/def-root&gt;</definition>
        <semType name="Locative_relation" ID="182"/>
    </FE>
    <FE bgColor="90876C" fgColor="FFFFFF" coreType="Extra-Thematic" cBy="JKR" cDate="08/25/2005 04:52:01 PDT Thu" abbrev="par" name="Particular_iteration" ID="9002">
        <definition>&lt;def-root&gt;Expressions marked with this extra-thematic FE indicate that the particular Statement event referred to  is conceived as embedded within an iterated series of similar events or states. Most expressions of &lt;fen&gt;Particular_iteration&lt;/fen&gt; indicate which instance of the series is being referred to.
&lt;/def-root&gt;</definition>
    </FE>
    <FE bgColor="FF69B4" fgColor="FFFFFF" coreType="Extra-Thematic" cBy="MiL" cDate="09/08/2005 02:46:59 PDT Thu" abbrev="Pur" name="Purpose" ID="9080">
        <definition>&lt;def-root&gt;The &lt;fen&gt;Purpose&lt;/fen&gt; is the desired result of public expression.

&lt;ex&gt;Because of its spread of membership , it has retained value as a forum where a wide range of ideas and views can be &lt;t&gt;aired&lt;/t&gt; &lt;fex name="Pur"&gt;for discussion&lt;/fex&gt; .&lt;/ex&gt;&lt;/def-root&gt;</definition>
        <semType name="State_of_affairs" ID="177"/>
    </FE>
    <FE bgColor="7FFF00" fgColor="000000" coreType="Extra-Thematic" cBy="MiL" cDate="09/09/2005 03:30:23 PDT Fri" abbrev="" name="Frequency" ID="9081">
        <definition>&lt;def-root&gt;This frame element is defined as the number of times an event occurs per some unit of time. 

&lt;ex&gt;An important policy matter which has been &lt;t&gt;aired&lt;/t&gt; &lt;fex name="Frequency"&gt;occasionally&lt;/fex&gt; in recent years is the size of academic library collections , compared with the amount of use they receive .&lt;/ex&gt;&lt;/def-root&gt;</definition>
    </FE>
    <FE bgColor="1E90FF" fgColor="FFFFFF" coreType="Extra-Thematic" cBy="MJE" cDate="10/20/2005 12:00:15 PDT Thu" abbrev="cir" name="Circumstances" ID="9150">
        <definition>&lt;def-root&gt;The state of the world (at a particular time and place) which is specifically independent of the communication and any of its participants.  Quite often, &lt;fen&gt;Circumstances&lt;/fen&gt; secondarily provide an &lt;fen&gt;Explanation&lt;/fen&gt; for the particular communication.

&lt;ex&gt;&lt;fex name="cir"&gt;With half the opposition in exile&lt;/fex&gt;, hardly anyone dared &lt;t&gt;give&lt;/t&gt; &lt;t&gt;voice&lt;/t&gt; to their deep misgivings .&lt;/ex&gt;&lt;/def-root&gt;</definition>
    </FE>
    <FE bgColor="800080" fgColor="FFFFFF" coreType="Extra-Thematic" cBy="MJE" cDate="10/20/2005 12:07:39 PDT Thu" abbrev="exp" name="Explanation" ID="9151">
        <definition>&lt;def-root&gt;The &lt;fen&gt;Explanation&lt;/fen&gt; denotes a proposition from which the particular public expression logically follows. This often means that the &lt;fen&gt;Explanation&lt;/fen&gt; causes the expression, but not in all cases. 

&lt;ex&gt;The mute had to &lt;t&gt;voice&lt;/t&gt; the concerns of her community &lt;fex name="exp"&gt;because there was no-one else to do so&lt;/fex&gt;.&lt;/ex&gt;&lt;/def-root&gt;</definition>
        <semType name="State_of_affairs" ID="177"/>
    </FE>
    <FEcoreSet>
        <memberFE name="Medium" ID="8997"/>
        <memberFE name="Communicator" ID="8989"/>
    </FEcoreSet>
    <frameRelation type="Inherits from"/>
    <frameRelation type="Is Inherited by"/>
    <frameRelation type="Perspective on"/>
    <frameRelation type="Is Perspectivized in"/>
    <frameRelation type="Uses">
        <relatedFrame ID="6">Communication</relatedFrame>
    </frameRelation>
    <frameRelation type="Is Used by"/>
    <frameRelation type="Subframe of"/>
    <frameRelation type="Has Subframe(s)"/>
    <frameRelation type="Precedes"/>
    <frameRelation type="Is Preceded by"/>
    <frameRelation type="Is Inchoative of"/>
    <frameRelation type="Is Causative of"/>
    <frameRelation type="See also"/>
    <lexUnit status="Finished_Initial" POS="V" name="vent.v" ID="12731" lemmaID="42833" cBy="MJE" cDate="08/25/2005 06:19:42 PDT Thu">
        <definition>COD: give free expression to (a strong emotion)</definition>
        <sentenceCount annotated="13" total="208"/>
        <lexeme order="1" headword="false" breakBefore="false" POS="V" name="vent"/>
    </lexUnit>
    <lexUnit status="Finished_Initial" POS="V" name="air.v" ID="12732" lemmaID="871" cBy="MJE" cDate="08/25/2005 06:21:42 PDT Thu">
        <definition>COD: express (an opinion or grievance) publicly.</definition>
        <sentenceCount annotated="45" total="349"/>
        <lexeme order="1" headword="false" breakBefore="false" POS="V" name="air"/>
    </lexUnit>
    <lexUnit status="Finished_Initial" POS="V" name="express.v" ID="12733" lemmaID="13598" cBy="JKR" cDate="08/26/2005 11:03:06 PDT Fri">
        <definition>FN: to convey a message to a group of people</definition>
        <sentenceCount annotated="132" total="609"/>
        <lexeme order="1" headword="false" breakBefore="false" POS="V" name="express"/>
    </lexUnit>
    <lexUnit status="Finished_Initial" POS="V" name="voice.v" ID="12734" lemmaID="43201" cBy="JKR" cDate="08/26/2005 11:03:57 PDT Fri">
        <definition>COD: express in words</definition>
        <sentenceCount annotated="89" total="382"/>
        <lexeme order="1" headword="false" breakBefore="false" POS="V" name="voice"/>
    </lexUnit>
    <lexUnit status="Needs_SCs" POS="V" name="give voice.v" ID="12735" lemmaID="50244" cBy="JKR" cDate="08/26/2005 11:05:20 PDT Fri">
        <definition>FN: express</definition>
        <sentenceCount annotated="2" total="52"/>
        <lexeme order="1" headword="true" breakBefore="false" POS="V" name="give"/>
        <lexeme order="2" headword="false" breakBefore="false" POS="N" name="voice"/>
    </lexUnit>
    <lexUnit status="Rules_Defined" POS="N" name="expression.n" ID="12736" lemmaID="13601" cBy="JKR" cDate="08/26/2005 11:06:18 PDT Fri">
        <definition>COD: the action of expressing something.</definition>
        <sentenceCount annotated="0" total="0"/>
        <lexeme order="1" headword="false" breakBefore="false" POS="N" name="expression"/>
    </lexUnit>
    <lexUnit status="Finished_Initial" POS="V" name="articulate.v" ID="12737" lemmaID="2014" cBy="JKR" cDate="08/26/2005 11:14:35 PDT Fri">
        <definition>COD: clearly express (an idea or feeling)</definition>
        <sentenceCount annotated="47" total="265"/>
        <lexeme order="1" headword="false" breakBefore="false" POS="V" name="articulate"/>
    </lexUnit>
    <lexUnit status="Finished_Initial" POS="V" name="put into words.v" ID="12738" lemmaID="50245" cBy="JKR" cDate="08/26/2005 11:15:30 PDT Fri">
        <definition>FN: express through the use of words</definition>
        <sentenceCount annotated="19" total="97"/>
        <lexeme order="1" headword="true" breakBefore="false" POS="V" name="put"/>
        <lexeme order="2" headword="false" breakBefore="true" POS="PREP" name="into"/>
        <lexeme order="3" headword="false" breakBefore="true" POS="N" name="words"/>
    </lexUnit>
</frame>