<?xml version="1.0" encoding="UTF-8" standalone="yes"?>
<?xml-stylesheet type="text/xsl" href="frame.xsl"?>
<frame cBy="MJE" cDate="03/25/2002 06:13:40 PST Mon" name="Fall_asleep" ID="292" xsi:schemaLocation="../schema/frame.xsd" xmlns="http://framenet.icsi.berkeley.edu" xmlns:xsi="http://www.w3.org/2001/XMLSchema-instance">
    <definition>&lt;def-root&gt;A &lt;fen&gt;Sleeper&lt;/fen&gt; goes from wakefulness to an altered state of consciousness where they are largely unaware of their environment.  The LUs of this frame are differentiated by how quickly and deeply the state is entered and what causes the change (especially whether it comes about naturally as a result of sleepiness or is brought about by injury).

&lt;ex&gt;&lt;fex name="Sleeper"&gt;I&lt;/fex&gt; &lt;t&gt;dozed&lt;/t&gt; &lt;t&gt;off&lt;/t&gt; &lt;fex name="Time"&gt;at about 1am&lt;/fex&gt;.&lt;/ex&gt;&lt;/def-root&gt;</definition>
    <FE bgColor="008000" fgColor="FFFFFF" coreType="Peripheral" cBy="MJE" cDate="03/25/2002 06:14:18 PST Mon" abbrev="Place" name="Place" ID="2515">
        <definition>&lt;def-root&gt;This FE identifies the &lt;fen&gt;Place&lt;/fen&gt; where the event occurs.&lt;/def-root&gt;</definition>
        <semType name="Locative_relation" ID="182"/>
    </FE>
    <FE bgColor="FF0000" fgColor="FFFFFF" coreType="Core" cBy="MJE" cDate="03/25/2002 06:14:18 PST Mon" abbrev="Slp" name="Sleeper" ID="2516">
        <definition>&lt;def-root&gt;The &lt;fen&gt;Sleeper&lt;/fen&gt; is the entity that falls asleep.&lt;/def-root&gt;</definition>
    </FE>
    <FE bgColor="FFA500" fgColor="FFFFFF" coreType="Peripheral" cBy="MJE" cDate="03/25/2002 06:14:18 PST Mon" abbrev="Time" name="Time" ID="2517">
        <definition>&lt;def-root&gt;This FE identifies the &lt;fen&gt;Time&lt;/fen&gt; where the event occurs.&lt;/def-root&gt;</definition>
        <semType name="Time" ID="141"/>
    </FE>
    <frameRelation type="Inherits from"/>
    <frameRelation type="Is Inherited by"/>
    <frameRelation type="Perspective on"/>
    <frameRelation type="Is Perspectivized in"/>
    <frameRelation type="Uses"/>
    <frameRelation type="Is Used by"/>
    <frameRelation type="Subframe of">
        <relatedFrame ID="294">Sleep_wake_cycle</relatedFrame>
    </frameRelation>
    <frameRelation type="Has Subframe(s)"/>
    <frameRelation type="Precedes">
        <relatedFrame ID="264">Sleep</relatedFrame>
    </frameRelation>
    <frameRelation type="Is Preceded by">
        <relatedFrame ID="1681">Being_awake</relatedFrame>
    </frameRelation>
    <frameRelation type="Is Inchoative of"/>
    <frameRelation type="Is Causative of"/>
    <frameRelation type="See also"/>
    <lexUnit status="Created" POS="V" name="konk out.v" ID="5670" lemmaID="45666" cBy="MJE" cDate="04/27/2002 10:48:39 PDT Sat">
        <definition>FN: lose consciousness suddenly  (as if hit on the head)</definition>
        <sentenceCount annotated="0" total="0"/>
        <lexeme order="1" headword="true" breakBefore="false" POS="V" name="konk"/>
        <lexeme order="2" headword="false" breakBefore="false" POS="ADV" name="out"/>
    </lexUnit>
    <lexUnit status="Created" POS="V" name="black out.v" ID="7353" lemmaID="46114" cBy="GlY" cDate="09/03/2002 02:49:19 PDT Tue">
        <definition>FN: lose consciousness suddenly</definition>
        <sentenceCount annotated="0" total="0"/>
        <lexeme order="1" headword="true" breakBefore="false" POS="V" name="black"/>
        <lexeme order="2" headword="false" breakBefore="false" POS="A" name="out"/>
    </lexUnit>
    <lexUnit status="Created" POS="V" name="doze off.v" ID="9082" lemmaID="48182" cBy="MJE" cDate="07/10/2003 01:43:27 PDT Thu">
        <definition>FN: drift off into a light sleep.</definition>
        <sentenceCount annotated="0" total="0"/>
        <lexeme order="1" headword="true" breakBefore="false" POS="V" name="doze"/>
        <lexeme order="2" headword="false" breakBefore="false" POS="PREP" name="off"/>
    </lexUnit>
    <lexUnit status="Created" POS="V" name="pass out.v" ID="15498" lemmaID="45582" cBy="MJE" cDate="08/20/2009 12:48:57 PDT Thu">
        <definition>FN: suddenly lose consciousness as a result of being overcome by pain, lethargy, intoxication, heat-exhaustion or the like.</definition>
        <sentenceCount annotated="0" total="0"/>
        <lexeme order="1" headword="true" breakBefore="false" POS="V" name="pass"/>
        <lexeme order="2" headword="false" breakBefore="true" POS="ADV" name="out"/>
    </lexUnit>
    <lexUnit status="New" POS="V" name="faint.v" ID="15499" lemmaID="13832" cBy="MJE" cDate="08/20/2009 12:53:02 PDT Thu">
        <definition>FN: suddenly lose consciousness (often resulting in falling down) as a result of emotional shock, pain, or some other internal cause.</definition>
        <sentenceCount annotated="5" total="98"/>
        <lexeme order="1" headword="false" breakBefore="false" POS="V" name="faint"/>
    </lexUnit>
    <lexUnit status="Created" POS="V" name="nod off.v" ID="15500" lemmaID="51023" cBy="MJE" cDate="08/20/2009 12:57:26 PDT Thu">
        <definition>FN: fall into a light sleep as a result of sleepiness or fatigue.</definition>
        <sentenceCount annotated="0" total="0"/>
        <lexeme order="1" headword="true" breakBefore="false" POS="V" name="nod"/>
        <lexeme order="2" headword="false" breakBefore="false" POS="ADV" name="off"/>
    </lexUnit>
    <lexUnit status="Created" POS="V" name="zonk out.v" ID="15501" lemmaID="51024" cBy="MJE" cDate="08/20/2009 01:09:44 PDT Thu">
        <definition>FN: quickly fall deeply asleep.</definition>
        <sentenceCount annotated="0" total="0"/>
        <lexeme order="1" headword="true" breakBefore="false" POS="V" name="zonk"/>
        <lexeme order="2" headword="false" breakBefore="true" POS="ADV" name="out"/>
    </lexUnit>
    <lexUnit status="Created" POS="V" name="drift off.v" ID="15502" lemmaID="51025" cBy="MJE" cDate="08/20/2009 01:35:49 PDT Thu">
        <definition>FN: slowly fall asleep.</definition>
        <sentenceCount annotated="0" total="0"/>
        <lexeme order="1" headword="true" breakBefore="false" POS="V" name="drift"/>
        <lexeme order="2" headword="false" breakBefore="true" POS="ADV" name="off"/>
    </lexUnit>
</frame>