<?xml version="1.0" encoding="UTF-8" standalone="yes"?>
<?xml-stylesheet type="text/xsl" href="frame.xsl"?>
<frame cBy="MJE" cDate="08/30/2001 06:59:46 PDT Thu" name="Fining" ID="223" xsi:schemaLocation="../schema/frame.xsd" xmlns="http://framenet.icsi.berkeley.edu" xmlns:xsi="http://www.w3.org/2001/XMLSchema-instance">
    <definition>&lt;def-root&gt;The &lt;fen&gt;Payer&lt;/fen&gt; is (legally) forced to pay a &lt;fen&gt;Fine&lt;/fen&gt; by an official &lt;fen&gt;Speaker&lt;/fen&gt; as a punishment for some action (the &lt;fen&gt;Reason&lt;/fen&gt;).  The &lt;fen&gt;Speaker&lt;/fen&gt; represents an entity which receives the payment.
&lt;ex&gt;&lt;fex name="Payer"&gt;They&lt;/fex&gt; were &lt;t&gt;fined&lt;/t&gt; &lt;fex name="Fine"&gt;approximately $3.1 billion dollars&lt;/fex&gt; &lt;fex name="Reason"&gt;for their knowing, malicious injury to consumers&lt;/fex&gt;.&lt;/ex&gt;
Compare to: Citing. &lt;/def-root&gt;</definition>
    <FE bgColor="FF0000" fgColor="FFFFFF" coreType="Core" cBy="MJE" cDate="08/31/2001 01:24:56 PDT Fri" abbrev="Agt" name="Speaker" ID="1809">
        <definition>&lt;def-root&gt;The &lt;fen&gt;Speaker&lt;/fen&gt; is the person who imposes the &lt;fen&gt;Fine&lt;/fen&gt; upon the &lt;fen&gt;Payer&lt;/fen&gt;.&lt;/def-root&gt;</definition>
        <semType name="Sentient" ID="5"/>
    </FE>
    <FE bgColor="A9A9A9" fgColor="FFFFFF" coreType="Peripheral" cBy="MJE" cDate="08/31/2001 01:24:56 PDT Fri" abbrev="Ins" name="Instrument" ID="1810">
        <definition>&lt;def-root&gt;The &lt;fen&gt;Instrument&lt;/fen&gt; with which the fining is performed.&lt;/def-root&gt;</definition>
        <semType name="Physical_entity" ID="70"/>
    </FE>
    <FE bgColor="0000FF" fgColor="FFFFFF" coreType="Peripheral" cBy="MJE" cDate="08/31/2001 01:24:56 PDT Fri" abbrev="Mns" name="Means" ID="1811">
        <definition>&lt;def-root&gt;The action that is taken that results in punishement/reward.
&lt;ex&gt;His parents &lt;t&gt;disciplined&lt;/t&gt; him &lt;fex name="Means"&gt;by taking away his toys&lt;/fex&gt;.&lt;/ex&gt;
&lt;ex&gt;The Bar Association &lt;t&gt;rewarded&lt;/t&gt; her &lt;fex name="Means"&gt;by host a lunch in her honor&lt;/fex&gt;.&lt;/ex&gt;&lt;/def-root&gt;</definition>
        <semType name="State_of_affairs" ID="177"/>
    </FE>
    <FE bgColor="EEE8AA" fgColor="000000" coreType="Peripheral" cBy="MJE" cDate="08/31/2001 01:24:56 PDT Fri" abbrev="Place" name="Place" ID="1812">
        <definition>&lt;def-root&gt;Where the event takes place.&lt;/def-root&gt;</definition>
        <semType name="Locative_relation" ID="182"/>
    </FE>
    <FE bgColor="000000" fgColor="FF69B4" coreType="Peripheral" cBy="MJE" cDate="08/31/2001 01:24:56 PDT Fri" abbrev="Purp" name="Purpose" ID="1813">
        <definition>&lt;def-root&gt;The &lt;fen&gt;Purpose&lt;/fen&gt; for which an intentional act is performed.
&lt;ex&gt;John &lt;t&gt;flattered&lt;/t&gt; her &lt;fex name="Purpose"&gt;to receive a raise&lt;/fex&gt;.&lt;/ex&gt;&lt;/def-root&gt;</definition>
        <semType name="State_of_affairs" ID="177"/>
    </FE>
    <FE bgColor="FFA500" fgColor="000000" coreType="Peripheral" cBy="MJE" cDate="08/31/2001 01:24:56 PDT Fri" abbrev="Time" name="Time" ID="1814">
        <definition>&lt;def-root&gt;When the event occurs.&lt;/def-root&gt;</definition>
        <semType name="Time" ID="141"/>
    </FE>
    <FE bgColor="0000FF" fgColor="FFFFFF" coreType="Core" cBy="MJE" cDate="08/31/2001 01:24:56 PDT Fri" abbrev="" name="Payer" ID="1815">
        <definition>&lt;def-root&gt;The &lt;fen&gt;Payer&lt;/fen&gt; is the person or thing about whom/which a judgment is made.  With verbs this FE is typically expressed as Object: 
&lt;ex&gt;The mental control officer &lt;t&gt;fined&lt;/t&gt; &lt;fex name="Payer"&gt;you&lt;/fex&gt; for your lack of diligence.&lt;/ex&gt;&lt;/def-root&gt;</definition>
        <semType name="Source" ID="151"/>
    </FE>
    <FE bgColor="FF00FF" fgColor="FFFFFF" coreType="Peripheral" cBy="MJE" cDate="08/31/2001 01:24:56 PDT Fri" abbrev="Manr" name="Manner" ID="1816">
        <definition>&lt;def-root&gt;A description of the event (or state) not covered by more specific FEs, including secondary effects (&lt;ment&gt;quietly, loudly&lt;/ment&gt;) and general descriptions comparing events (&lt;ment&gt;the same way&lt;/ment&gt;). In addition, it may indicate salient characteristics of the &lt;fen&gt;Speaker&lt;/fen&gt; that also affect the action (&lt;ment&gt;presumptuously, coldly, deliberately, eagerly, carefully&lt;/ment&gt;). &lt;/def-root&gt;</definition>
        <semType name="Manner" ID="173"/>
    </FE>
    <FE bgColor="00008B" fgColor="FFFFFF" coreType="Core" cBy="MJE" cDate="08/31/2001 01:24:56 PDT Fri" abbrev="Reas" name="Reason" ID="1817">
        <definition>&lt;def-root&gt;Typically, there is a constituent expressing the &lt;t&gt;Reason&lt;/t&gt; for the Judge's judgment. It is usually a &lt;ment&gt;for&lt;/ment&gt;-PP, e.g. I &lt;t&gt;admire&lt;/t&gt; you &lt;fex name="Reason"&gt;for your intellect&lt;/fex&gt;. For some words in this domain, the Reason frame element is obligatory. That is to say, the overt expression of this frame element may only be omitted when the reason for the judgment is understood from context. For example, the sentence 'I &lt;t&gt;blame&lt;/t&gt; you!' can only be uttered when it is clear what the addressee is being blamed for. &lt;/def-root&gt;</definition>
        <semType name="State_of_affairs" ID="177"/>
    </FE>
    <FE bgColor="EEE8AA" fgColor="0000FF" coreType="Extra-Thematic" cBy="MJE" cDate="08/31/2001 01:24:56 PDT Fri" abbrev="Result" name="Result" ID="1818">
        <definition>&lt;def-root&gt;The &lt;fen&gt;Result&lt;/fen&gt; of an event.&lt;/def-root&gt;</definition>
    </FE>
    <FE bgColor="008000" fgColor="FFFFFF" coreType="Core" cBy="MJE" cDate="08/31/2001 01:34:33 PDT Fri" abbrev="Money" name="Fine" ID="1820">
        <definition>&lt;def-root&gt;The money given to expiate some debt for transgression.
&lt;ex&gt;Pat paid &lt;fex name="Money"&gt;14 dollars&lt;/fex&gt; in &lt;t&gt;fines&lt;/t&gt;.&lt;/ex&gt;
&lt;/def-root&gt;</definition>
    </FE>
    <FE bgColor="00BFFF" fgColor="FFFFFF" coreType="Peripheral" cBy="MJE" cDate="08/31/2001 01:34:37 PDT Fri" abbrev="Rate" name="Rate" ID="1821">
        <definition>&lt;def-root&gt;In some cases, price or payment is described per unit of Goods.
&lt;ex&gt;&lt;fex name="Rate"&gt;The manager&lt;/fex&gt; &lt;t&gt;pays&lt;/t&gt; the paper boys &lt;fex name="Rate"&gt;five dollars an hour&lt;/fex&gt;.&lt;/ex&gt;&lt;/def-root&gt;</definition>
    </FE>
    <FE bgColor="2E8B57" fgColor="FFFFFF" coreType="Peripheral" cBy="MJE" cDate="08/31/2001 01:34:41 PDT Fri" abbrev="Unit" name="Unit" ID="1822">
        <definition>&lt;def-root&gt;This FE is any &lt;fen&gt;Unit&lt;/fen&gt; in which goods or services can be measured.
Generally, it occurs in a by-PP. 
&lt;ex&gt;Bob &lt;t&gt;sells&lt;/t&gt; peppers &lt;fex name="Unit"&gt;by weight&lt;/fex&gt;.&lt;/ex&gt;
&lt;ex&gt;Lee &lt;t&gt;buys&lt;/t&gt; potatoes &lt;fex name="Unit"&gt;by the pound&lt;/fex&gt;.&lt;/ex&gt;&lt;/def-root&gt;</definition>
    </FE>
    <FE bgColor="FFFFFF" fgColor="FF0000" coreType="Peripheral" cBy="MJE" cDate="06/12/2003 01:43:50 PDT Thu" abbrev="Ev" name="Event" ID="4629">
        <definition>&lt;def-root&gt;The imposition of a debt due to culpable behavior.&lt;/def-root&gt;</definition>
        <semType name="State_of_affairs" ID="177"/>
    </FE>
    <FE bgColor="FF69B4" fgColor="FFFFFF" coreType="Peripheral" cBy="Hay" cDate="10/02/2003 11:36:49 PDT Thu" abbrev="Degr" name="Degree" ID="5325">
        <definition>&lt;def-root&gt;The &lt;fen&gt;Degree&lt;/fen&gt; to which the &lt;fen&gt;Fine&lt;/fen&gt; is punitive to the &lt;fen&gt;Payer&lt;/fen&gt;.

&lt;ex&gt;Employers that hire foreigners without work permits are punishable by law and may be &lt;t&gt;fined&lt;/t&gt; &lt;fex name="Degree"&gt;considerably&lt;/fex&gt;&lt;/ex&gt;&lt;/def-root&gt;</definition>
        <semType name="Degree" ID="172"/>
    </FE>
    <FEcoreSet>
        <memberFE name="Reason" ID="1817"/>
        <memberFE name="Payer" ID="1815"/>
    </FEcoreSet>
    <frameRelation type="Inherits from">
        <relatedFrame ID="216">Rewards_and_punishments</relatedFrame>
    </frameRelation>
    <frameRelation type="Is Inherited by"/>
    <frameRelation type="Perspective on"/>
    <frameRelation type="Is Perspectivized in"/>
    <frameRelation type="Uses">
        <relatedFrame ID="210">Commerce_collect</relatedFrame>
    </frameRelation>
    <frameRelation type="Is Used by"/>
    <frameRelation type="Subframe of"/>
    <frameRelation type="Has Subframe(s)"/>
    <frameRelation type="Precedes"/>
    <frameRelation type="Is Preceded by"/>
    <frameRelation type="Is Inchoative of"/>
    <frameRelation type="Is Causative of"/>
    <frameRelation type="See also">
        <relatedFrame ID="2984">Citing</relatedFrame>
    </frameRelation>
    <lexUnit status="Finished_Initial" POS="V" name="fine.v" ID="3882" lemmaID="14395" cBy="MJE" cDate="08/31/2001 05:44:24 PDT Fri">
        <definition>COD:  punish by a fine. </definition>
        <sentenceCount annotated="27" total="203"/>
        <lexeme order="1" headword="false" breakBefore="false" POS="V" name="fine"/>
    </lexUnit>
    <lexUnit status="Created" incorporatedFE="Fine" POS="N" name="fine.n" ID="3883" lemmaID="14394" cBy="MJE" cDate="08/31/2001 05:45:21 PDT Fri">
        <definition>COD: a sum of money exacted as a penalty by a court of law or other authority. </definition>
        <sentenceCount annotated="0" total="0"/>
        <lexeme order="1" headword="false" breakBefore="false" POS="N" name="fine"/>
        <semType name="Participating_entity" ID="226"/>
    </lexUnit>
    <lexUnit status="Created" incorporatedFE="Fine" POS="N" name="reparations.n" ID="3884" lemmaID="32660" cBy="MJE" cDate="08/31/2001 05:48:12 PDT Fri">
        <definition>COD: the compensation for war damage paid by a defeated state. </definition>
        <sentenceCount annotated="0" total="0"/>
        <lexeme order="1" headword="false" breakBefore="false" POS="N" name="reparations"/>
        <semType name="Participating_entity" ID="226"/>
    </lexUnit>
    <lexUnit status="Created" incorporatedFE="Fine" POS="N" name="damages.n" ID="3885" lemmaID="9501" cBy="MJE" cDate="08/31/2001 05:49:21 PDT Fri">
        <definition>COD: a sum of money claimed or awarded in compensation for a loss or injury. </definition>
        <sentenceCount annotated="0" total="0"/>
        <lexeme order="1" headword="false" breakBefore="false" POS="N" name="damages"/>
        <semType name="Participating_entity" ID="226"/>
    </lexUnit>
    <lexUnit status="Created" POS="V" name="amerce.v" ID="10562" lemmaID="49152" cBy="JKR" cDate="06/06/2004 10:17:44 PDT Sun">
        <definition>FN: to fine an amount that is fixed by a court</definition>
        <sentenceCount annotated="0" total="0"/>
        <lexeme order="1" headword="true" breakBefore="false" POS="V" name="amerce"/>
    </lexUnit>
    <lexUnit status="Created" POS="N" name="ticket.n" ID="10961" lemmaID="40365" cBy="JKR" cDate="09/15/2004 05:17:13 PDT Wed">
        <definition>FN: a summons or warning given to a traffic-law violator</definition>
        <sentenceCount annotated="0" total="0"/>
        <lexeme order="1" headword="false" breakBefore="false" POS="N" name="ticket"/>
        <semType name="Participating_entity" ID="226"/>
    </lexUnit>
    <lexUnit status="Created" POS="V" name="ticket.v" ID="10962" lemmaID="40366" cBy="JKR" cDate="09/15/2004 05:18:43 PDT Wed">
        <definition>COD: issue with a ticket.</definition>
        <sentenceCount annotated="0" total="0"/>
        <lexeme order="1" headword="false" breakBefore="false" POS="V" name="ticket"/>
    </lexUnit>
    <lexUnit status="Created" POS="V" name="mulct.v" ID="15778" lemmaID="25173" cBy="RLG" cDate="04/19/2010 10:56:36 PDT Mon">
        <definition>FN: punish with a fine.</definition>
        <sentenceCount annotated="0" total="0"/>
        <lexeme order="1" headword="false" breakBefore="false" POS="V" name="mulct"/>
    </lexUnit>
</frame>