<?xml version="1.0" encoding="UTF-8" standalone="yes"?>
<?xml-stylesheet type="text/xsl" href="frame.xsl"?>
<frame cBy="RLG" cDate="09/30/2011 09:22:32 PDT Fri" name="Firing_point" ID="2662" xsi:schemaLocation="../schema/frame.xsd" xmlns="http://framenet.icsi.berkeley.edu" xmlns:xsi="http://www.w3.org/2001/XMLSchema-instance">
    <definition>&lt;def-root&gt;A location from which a &lt;fen&gt;Detonator&lt;/fen&gt; activates a distantly-located explosive device.

&lt;ex&gt;Locating the &lt;t&gt;&lt;fex name="fir"&gt;firing point&lt;/fex&gt;&lt;/t&gt; of remote control IEDs is no easy task.&lt;/ex&gt;

&lt;ex&gt;The first task is to determine where he located &lt;fex name="det"&gt;his&lt;/fex&gt; &lt;t&gt;&lt;fex name="fir"&gt;firing point&lt;/fex&gt;&lt;/t&gt;.&lt;/ex&gt;&lt;/def-root&gt;</definition>
    <FE bgColor="A52A2A" fgColor="FFFFFF" coreType="Core" cBy="RLG" cDate="09/30/2011 09:22:32 PDT Fri" abbrev="fir" name="Firing_point" ID="15089">
        <definition>&lt;def-root&gt;The location from which the &lt;fen&gt;Detonator&lt;/fen&gt; activates an explosive device.

&lt;ex&gt;Can you identify a &lt;t&gt;&lt;fex name="fir"&gt;firing point&lt;/fex&gt;&lt;/t&gt;?&lt;/ex&gt;&lt;/def-root&gt;</definition>
        <semType name="Location" ID="54"/>
    </FE>
    <FE bgColor="800080" fgColor="FFFFFF" coreType="Peripheral" cBy="RLG" cDate="09/30/2011 09:22:32 PDT Fri" abbrev="rel" name="Relative_location" ID="15091">
        <definition>&lt;def-root&gt;A place that a &lt;fen&gt;Firing_point&lt;/fen&gt; is located with respect to.

&lt;ex&gt;Any &lt;t&gt;firing points&lt;/t&gt; &lt;fex name="rel"&gt;outside this zone&lt;/fex&gt; should not be approached.&lt;/ex&gt;&lt;/def-root&gt;</definition>
        <semType name="Locative_relation" ID="182"/>
    </FE>
    <FE bgColor="008000" fgColor="FFFFFF" coreType="Extra-Thematic" cBy="RLG" cDate="09/30/2011 09:22:32 PDT Fri" abbrev="des" name="Descriptor" ID="15093">
        <definition>&lt;def-root&gt;The Descriptor is a temporary condition of the &lt;fen&gt;Firing_point&lt;/fen&gt;.

&lt;ex&gt;The &lt;fex name="des"&gt;abandoned&lt;/fex&gt; &lt;t&gt;firing point&lt;/t&gt; yielded minimal forensic evidence.&lt;/ex&gt;&lt;/def-root&gt;</definition>
    </FE>
    <FE bgColor="9F79EE" fgColor="FFFFFF" coreType="Extra-Thematic" cBy="RLG" cDate="09/30/2011 09:22:32 PDT Fri" abbrev="Name" name="Name" ID="15094">
        <definition>&lt;def-root&gt;The name of the locale.&lt;/def-root&gt;</definition>
    </FE>
    <FE bgColor="FF0000" fgColor="FFFFFF" coreType="Peripheral" cBy="RLG" cDate="09/30/2011 09:27:58 PDT Fri" abbrev="det" name="Detonator" ID="15095">
        <definition>&lt;def-root&gt;The &lt;fen&gt;Detonator&lt;/fen&gt; is located at the &lt;fen&gt;Firing_point&lt;/fen&gt; when he or she activates the explosive device.

&lt;ex&gt;We could not identify &lt;fex name="det"&gt;their&lt;/fex&gt; firing point.&lt;/ex&gt;&lt;/def-root&gt;</definition>
    </FE>
    <frameRelation type="Inherits from">
        <relatedFrame ID="1921">Locale_by_event</relatedFrame>
    </frameRelation>
    <frameRelation type="Is Inherited by"/>
    <frameRelation type="Perspective on"/>
    <frameRelation type="Is Perspectivized in"/>
    <frameRelation type="Uses">
        <relatedFrame ID="2659">Distant_operated_IED</relatedFrame>
    </frameRelation>
    <frameRelation type="Is Used by"/>
    <frameRelation type="Subframe of"/>
    <frameRelation type="Has Subframe(s)"/>
    <frameRelation type="Precedes"/>
    <frameRelation type="Is Preceded by"/>
    <frameRelation type="Is Inchoative of"/>
    <frameRelation type="Is Causative of"/>
    <frameRelation type="See also"/>
    <lexUnit status="Created" POS="N" name="firing point.n" ID="16655" lemmaID="51421" cBy="RLG" cDate="09/30/2011 09:32:16 PDT Fri">
        <definition>FN: location from which a remote detonated bomb is activated.</definition>
        <sentenceCount annotated="0" total="0"/>
        <lexeme order="1" headword="false" breakBefore="false" POS="N" name="firing"/>
        <lexeme order="2" headword="true" breakBefore="false" POS="N" name="point"/>
    </lexUnit>
</frame>