<?xml version="1.0" encoding="UTF-8" standalone="yes"?>
<?xml-stylesheet type="text/xsl" href="frame.xsl"?>
<frame cBy="JKR" cDate="03/09/2004 04:21:40 PST Tue" name="First_experience" ID="1027" xsi:schemaLocation="../schema/frame.xsd" xmlns="http://framenet.icsi.berkeley.edu" xmlns:xsi="http://www.w3.org/2001/XMLSchema-instance">
    <definition>&lt;def-root&gt;An implicit experiencer has an &lt;fen&gt;Experience&lt;/fen&gt; for the first time. Some LU's may specifically imply an agentive activity.


&lt;ex&gt;&lt;fex name="cxt"&gt;In Italy&lt;/fex&gt; &lt;fex name="exp"&gt;the term was&lt;/fex&gt; &lt;t&gt;first&lt;/t&gt; &lt;fex name="exp"&gt;used by the Venetians in 1546&lt;/fex&gt;&lt;/ex&gt;

&lt;ex&gt;&lt;fex name="cxt"&gt;This time&lt;/fex&gt;, &lt;fex name="exp"&gt;the comet was&lt;/fex&gt; &lt;t&gt;first&lt;/t&gt; &lt;fex name="exp"&gt;seen on the night of 19th October, 1805 by European observers Jean Louis Pons, Johann Sigismund Huth, and Alexis Bouvard&lt;/fex&gt;&lt;/ex&gt;&lt;/def-root&gt;</definition>
    <FE bgColor="FF0000" fgColor="FFFFFF" coreType="Core" cBy="JKR" cDate="03/09/2004 04:25:28 PST Tue" abbrev="exp" name="Experience" ID="6122">
        <definition>&lt;def-root&gt;An event happens for the first time within the &lt;fen&gt;Context&lt;/fen&gt;.

&lt;ex&gt;&lt;fex name="exp"&gt;Made from flax, linen was&lt;/fex&gt; &lt;t&gt;first&lt;/t&gt; &lt;fex name="exp"&gt;used by the ancient Egyptians&lt;/fex&gt;.&lt;/ex&gt;

&lt;ex&gt;&lt;fex name="exp"&gt;The Cobra was&lt;/fex&gt; &lt;t&gt;first&lt;/t&gt; &lt;fex name="exp"&gt;deployed to Vietnam in September 1967&lt;/fex&gt;.&lt;/ex&gt;&lt;/def-root&gt;</definition>
    </FE>
    <FE bgColor="0000FF" fgColor="FFFFFF" coreType="Peripheral" cBy="JKR" cDate="03/09/2004 04:28:26 PST Tue" abbrev="cxt" name="Context" ID="6123">
        <definition>&lt;def-root&gt;A spatial, cultural, or personal delimitation within which the &lt;fen&gt;Experience&lt;/fen&gt; occurs for the first time.


&lt;ex&gt;&lt;fex name="cxt"&gt;In Germany&lt;/fex&gt; the pamphlet was &lt;t&gt;first&lt;/t&gt; used by the leaders of the Protestant Reformation to inflame popular opinion against the pope&lt;/ex&gt;&lt;/def-root&gt;</definition>
    </FE>
    <frameRelation type="Inherits from"/>
    <frameRelation type="Is Inherited by"/>
    <frameRelation type="Perspective on"/>
    <frameRelation type="Is Perspectivized in"/>
    <frameRelation type="Uses"/>
    <frameRelation type="Is Used by">
        <relatedFrame ID="403">Achieving_first</relatedFrame>
    </frameRelation>
    <frameRelation type="Subframe of"/>
    <frameRelation type="Has Subframe(s)"/>
    <frameRelation type="Precedes"/>
    <frameRelation type="Is Preceded by"/>
    <frameRelation type="Is Inchoative of"/>
    <frameRelation type="Is Causative of"/>
    <frameRelation type="See also"/>
    <lexUnit status="Needs_SCs" POS="ADV" name="first.adv" ID="10286" lemmaID="14483" cBy="JKR" cDate="03/09/2004 04:51:49 PST Tue">
        <definition>COD: for the first time</definition>
        <sentenceCount annotated="17" total="147"/>
        <lexeme order="1" headword="false" breakBefore="false" POS="ADV" name="first"/>
    </lexUnit>
</frame>