<?xml version="1.0" encoding="UTF-8" standalone="yes"?>
<?xml-stylesheet type="text/xsl" href="fullText.xsl"?>
<fullTextAnnotation xsi:schemaLocation="../schema/fullText.xsd" xmlns="http://framenet.icsi.berkeley.edu" xmlns:xsi="http://www.w3.org/2001/XMLSchema-instance">
    <header>
        <corpus description="LUCorpus-v0.3" name="LUCorpus-v0.3" ID="205">
            <document description="20000419_apw_eng-NEW" name="20000419_apw_eng-NEW" ID="23711"/>
        </corpus>
    </header>
    <sentence corpID="205" docID="23711" sentNo="1" paragNo="1" aPos="0" ID="4101348">
        <text>Lawmaker Appeals for Innocent Iraqis</text>
        <annotationSet cDate="08/03/2007 03:11:30 PDT Fri" status="UNANN" ID="6544583">
            <layer rank="1" name="PENN">
                <label end="7" start="0" name="nn"/>
                <label end="15" start="9" name="NP"/>
                <label end="19" start="17" name="in"/>
                <label end="28" start="21" name="NP"/>
                <label end="35" start="30" name="nns"/>
            </layer>
            <layer rank="1" name="NER">
                <label end="15" start="9" name="organization"/>
            </layer>
            <layer rank="1" name="WSL">
                <label end="15" start="9" name="NT"/>
                <label end="19" start="17" name="NT"/>
                <label end="28" start="21" name="NT"/>
            </layer>
        </annotationSet>
    </sentence>
    <sentence corpID="205" docID="23711" sentNo="1" paragNo="2" aPos="0" ID="4101349">
        <text>By HASSAN ABDULWAHAB , Associated Press Writer</text>
        <annotationSet cDate="08/03/2007 03:11:30 PDT Fri" status="UNANN" ID="6544584">
            <layer rank="1" name="PENN">
                <label end="1" start="0" name="in"/>
                <label end="8" start="3" name="NP"/>
                <label end="19" start="10" name="NP"/>
                <label end="21" start="21" name=","/>
                <label end="32" start="23" name="NP"/>
                <label end="38" start="34" name="NP"/>
                <label end="45" start="40" name="NP"/>
            </layer>
            <layer rank="1" name="NER">
                <label end="19" start="3" name="person"/>
                <label end="38" start="23" name="organization"/>
            </layer>
            <layer rank="1" name="WSL">
                <label end="1" start="0" name="NT"/>
                <label end="8" start="3" name="NT"/>
                <label end="19" start="10" name="NT"/>
                <label end="21" start="21" name="NT"/>
                <label end="32" start="23" name="NT"/>
                <label end="38" start="34" name="NT"/>
                <label end="45" start="40" name="NT"/>
            </layer>
        </annotationSet>
    </sentence>
    <sentence corpID="205" docID="23711" sentNo="1" paragNo="3" aPos="0" ID="4101350">
        <text>BASRA , Iraq ( AP ) A U.S. lawmaker assessing the impact of U.N. sanctions on Iraq said Wednesday it is important not only to force Baghdad to give up its weapons of mass destruction but also to do more to ease the hardships on ordinary Iraqis .</text>
        <annotationSet cDate="08/03/2007 03:11:31 PDT Fri" status="UNANN" ID="6544585">
            <layer rank="1" name="PENN">
                <label end="4" start="0" name="NP"/>
                <label end="6" start="6" name=","/>
                <label end="11" start="8" name="NP"/>
                <label end="13" start="13" name="("/>
                <label end="16" start="15" name="NP"/>
                <label end="18" start="18" name=")"/>
                <label end="20" start="20" name="dt"/>
                <label end="25" start="22" name="NP"/>
                <label end="34" start="27" name="nn"/>
                <label end="44" start="36" name="VVG"/>
                <label end="48" start="46" name="dt"/>
                <label end="55" start="50" name="nn"/>
                <label end="58" start="57" name="in"/>
                <label end="63" start="60" name="NP"/>
                <label end="73" start="65" name="nns"/>
                <label end="76" start="75" name="in"/>
                <label end="81" start="78" name="NP"/>
                <label end="86" start="83" name="VVD"/>
                <label end="96" start="88" name="NP"/>
                <label end="99" start="98" name="PP"/>
                <label end="102" start="101" name="VBZ"/>
                <label end="112" start="104" name="jj"/>
                <label end="116" start="114" name="rb"/>
                <label end="121" start="118" name="rb"/>
                <label end="124" start="123" name="to"/>
                <label end="130" start="126" name="VV"/>
                <label end="138" start="132" name="NP"/>
                <label end="141" start="140" name="to"/>
                <label end="146" start="143" name="VV"/>
                <label end="149" start="148" name="rp"/>
                <label end="153" start="151" name="PP$"/>
                <label end="161" start="155" name="nns"/>
                <label end="164" start="163" name="in"/>
                <label end="169" start="166" name="jj"/>
                <label end="181" start="171" name="nn"/>
                <label end="185" start="183" name="cc"/>
                <label end="190" start="187" name="rb"/>
                <label end="193" start="192" name="to"/>
                <label end="196" start="195" name="VV"/>
                <label end="201" start="198" name="rbr"/>
                <label end="204" start="203" name="to"/>
                <label end="209" start="206" name="VV"/>
                <label end="213" start="211" name="dt"/>
                <label end="223" start="215" name="nns"/>
                <label end="226" start="225" name="in"/>
                <label end="235" start="228" name="jj"/>
                <label end="242" start="237" name="nns"/>
                <label end="244" start="244" name="sent"/>
            </layer>
            <layer rank="1" name="NER">
                <label end="4" start="0" name="location"/>
                <label end="11" start="8" name="location"/>
                <label end="16" start="15" name="organization"/>
                <label end="25" start="22" name="GPE"/>
                <label end="63" start="60" name="organization"/>
                <label end="81" start="78" name="location"/>
                <label end="96" start="88" name="date"/>
                <label end="138" start="132" name="GPE"/>
            </layer>
            <layer rank="1" name="WSL">
                <label end="4" start="0" name="NT"/>
                <label end="6" start="6" name="NT"/>
                <label end="11" start="8" name="NT"/>
                <label end="13" start="13" name="NT"/>
                <label end="16" start="15" name="NT"/>
                <label end="18" start="18" name="NT"/>
                <label end="20" start="20" name="NT"/>
                <label end="25" start="22" name="NT"/>
                <label end="48" start="46" name="NT"/>
                <label end="58" start="57" name="NT"/>
                <label end="63" start="60" name="NT"/>
                <label end="76" start="75" name="NT"/>
                <label end="81" start="78" name="NT"/>
                <label end="99" start="98" name="NT"/>
                <label end="102" start="101" name="NT"/>
                <label end="116" start="114" name="NT"/>
                <label end="121" start="118" name="NT"/>
                <label end="124" start="123" name="NT"/>
                <label end="138" start="132" name="NT"/>
                <label end="141" start="140" name="NT"/>
                <label end="149" start="148" name="NT"/>
                <label end="153" start="151" name="NT"/>
                <label end="185" start="183" name="NT"/>
                <label end="190" start="187" name="NT"/>
                <label end="193" start="192" name="NT"/>
                <label end="201" start="198" name="NT"/>
                <label end="204" start="203" name="NT"/>
                <label end="213" start="211" name="NT"/>
                <label end="226" start="225" name="NT"/>
                <label end="244" start="244" name="NT"/>
                <label end="242" start="237" name="NT"/>
            </layer>
        </annotationSet>
        <annotationSet cDate="08/07/2007 03:38:59 PDT Tue" luID="8131" luName="assess.v" frameID="519" frameName="Assessing" status="MANUAL" ID="6545020">
            <layer rank="1" name="Target">
                <label cBy="KmG" end="44" start="36" name="Target"/>
            </layer>
            <layer rank="1" name="FE">
                <label cBy="KmG" feID="4110" bgColor="FF0000" fgColor="FFFFFF" end="34" start="20" name="Assessor"/>
                <label cBy="KmG" feID="4113" bgColor="008000" fgColor="FFFFFF" end="81" start="46" name="Feature"/>
            </layer>
            <layer rank="1" name="GF">
                <label end="34" start="20" name="Ext"/>
                <label end="81" start="46" name="Obj"/>
            </layer>
            <layer rank="1" name="PT">
                <label end="34" start="20" name="NP"/>
                <label end="81" start="46" name="NP"/>
            </layer>
            <layer rank="1" name="Other"/>
            <layer rank="1" name="Sent"/>
            <layer rank="1" name="Verb"/>
        </annotationSet>
        <annotationSet cDate="08/07/2007 03:46:33 PDT Tue" luID="11091" luName="impact.n" frameID="1084" frameName="Objective_influence" status="MANUAL" ID="6545021">
            <layer rank="1" name="Target">
                <label cBy="KmG" end="55" start="50" name="Target"/>
            </layer>
            <layer rank="1" name="FE">
                <label cBy="KmG" feID="6326" bgColor="1E90FF" fgColor="FFFFFF" end="73" start="57" name="Influencing_situation"/>
                <label cBy="KmG" feID="6322" bgColor="FFA500" fgColor="FFFFFF" end="81" start="75" name="Dependent_entity"/>
            </layer>
            <layer rank="1" name="GF">
                <label end="73" start="57" name="Dep"/>
                <label end="81" start="75" name="Dep"/>
            </layer>
            <layer rank="1" name="PT">
                <label end="73" start="57" name="PP"/>
                <label end="81" start="75" name="PP"/>
            </layer>
            <layer rank="1" name="Other"/>
            <layer rank="1" name="Sent"/>
            <layer rank="1" name="Noun"/>
        </annotationSet>
        <annotationSet cDate="08/07/2007 03:50:02 PDT Tue" luID="751" luName="say.v" frameID="43" frameName="Statement" status="MANUAL" ID="6545022">
            <layer rank="1" name="Target">
                <label cBy="KmG" end="86" start="83" name="Target"/>
            </layer>
            <layer rank="1" name="FE">
                <label cBy="KmG" feID="4380" bgColor="FFA500" fgColor="FFFFFF" end="96" start="88" name="Time"/>
                <label cBy="KmG" feID="185" bgColor="00BFFF" fgColor="FFFFFF" end="242" start="98" name="Message"/>
                <label cBy="KmG" feID="183" bgColor="FF0000" fgColor="FFFFFF" end="81" start="20" name="Speaker"/>
            </layer>
            <layer rank="1" name="GF">
                <label end="96" start="88" name="Dep"/>
                <label end="242" start="98" name="Dep"/>
                <label end="81" start="20" name="Ext"/>
            </layer>
            <layer rank="1" name="PT">
                <label end="96" start="88" name="NP"/>
                <label end="242" start="98" name="Sfin"/>
                <label end="81" start="20" name="NP"/>
            </layer>
            <layer rank="1" name="Other"/>
            <layer rank="1" name="Sent"/>
            <layer rank="1" name="Verb"/>
        </annotationSet>
        <annotationSet cDate="08/07/2007 03:50:40 PDT Tue" luID="3996" luName="Wednesday.n" frameID="229" frameName="Calendric_unit" status="MANUAL" ID="6545023">
            <layer rank="1" name="Target">
                <label cBy="KmG" end="96" start="88" name="Target"/>
            </layer>
            <layer rank="1" name="FE">
                <label cBy="KmG" feID="10331" bgColor="FF0000" fgColor="FFFFFF" end="96" start="88" name="Unit"/>
            </layer>
            <layer rank="1" name="GF"/>
            <layer rank="1" name="PT"/>
            <layer rank="1" name="Other"/>
            <layer rank="1" name="Sent"/>
            <layer rank="1" name="Noun"/>
        </annotationSet>
        <annotationSet cDate="08/07/2007 03:50:48 PDT Tue" luID="7528" luName="important.a" frameID="407" frameName="Importance" status="MANUAL" ID="6545024">
            <layer rank="1" name="Target">
                <label cBy="KmG" end="112" start="104" name="Target"/>
            </layer>
            <layer rank="1" name="FE">
                <label cBy="KmG" feID="3749" bgColor="FF0000" fgColor="FFFFFF" end="242" start="114" name="Factor"/>
                <label cBy="KmG" feID="3771" itype="DNI" bgColor="800080" fgColor="FFFFFF" name="Interested_party"/>
            </layer>
            <layer rank="1" name="GF">
                <label end="242" start="114" name="Dep"/>
            </layer>
            <layer rank="1" name="PT">
                <label end="242" start="114" name="VPto"/>
            </layer>
            <layer rank="1" name="Other">
                <label end="99" start="98" name="Null"/>
            </layer>
            <layer rank="1" name="Sent"/>
            <layer rank="1" name="Adj">
                <label end="102" start="101" name="Cop"/>
            </layer>
        </annotationSet>
        <annotationSet cDate="08/07/2007 03:55:11 PDT Tue" luID="10707" luName="weapon of mass destruction.n" frameID="426" frameName="Weapon" status="MANUAL" ID="6545027">
            <layer rank="1" name="Target">
                <label cBy="EGp" end="161" start="155" name="Target"/>
                <label cBy="EGp" end="164" start="163" name="Target"/>
                <label cBy="EGp" end="169" start="166" name="Target"/>
                <label cBy="EGp" end="181" start="171" name="Target"/>
            </layer>
            <layer rank="1" name="FE">
                <label cBy="KmG" feID="3919" bgColor="A52A2A" fgColor="FFFFFF" end="181" start="155" name="Weapon"/>
            </layer>
            <layer rank="1" name="GF"/>
            <layer rank="1" name="PT"/>
            <layer rank="1" name="Other"/>
            <layer rank="1" name="Sent"/>
            <layer rank="1" name="Noun"/>
        </annotationSet>
        <annotationSet cDate="08/07/2007 03:55:43 PDT Tue" luID="10612" luName="do.v" frameID="198" frameName="Intentionally_act" status="MANUAL" ID="6545028">
            <layer rank="1" name="Target">
                <label cBy="KmG" end="196" start="195" name="Target"/>
            </layer>
            <layer rank="1" name="FE">
                <label cBy="KmG" feID="1609" bgColor="0000FF" fgColor="FFFFFF" end="201" start="198" name="Act"/>
                <label cBy="KmG" feID="11079" bgColor="7CCD73" fgColor="FFFFFF" end="242" start="203" name="Result"/>
                <label cBy="KmG" feID="1610" itype="CNI" bgColor="FF0000" fgColor="FFFFFF" name="Agent"/>
            </layer>
            <layer rank="1" name="GF">
                <label end="201" start="198" name="Dep"/>
                <label end="242" start="203" name="Dep"/>
            </layer>
            <layer rank="1" name="PT">
                <label end="201" start="198" name="AVP"/>
                <label end="242" start="203" name="VPto"/>
            </layer>
            <layer rank="1" name="Other"/>
            <layer rank="1" name="Sent"/>
            <layer rank="1" name="Verb"/>
        </annotationSet>
        <annotationSet cDate="08/07/2007 03:57:39 PDT Tue" luID="10607" luName="ordinary.a" frameID="1134" frameName="Typicality" status="MANUAL" ID="6545029">
            <layer rank="1" name="Target">
                <label cBy="KmG" end="235" start="228" name="Target"/>
            </layer>
            <layer rank="1" name="FE">
                <label cBy="KmG" feID="6562" bgColor="FF0000" fgColor="FFFFFF" end="242" start="237" name="State_of_affairs"/>
            </layer>
            <layer rank="1" name="GF">
                <label end="242" start="237" name="Head"/>
            </layer>
            <layer rank="1" name="PT">
                <label end="242" start="237" name="N"/>
            </layer>
            <layer rank="1" name="Other"/>
            <layer rank="1" name="Sent"/>
            <layer rank="1" name="Adj"/>
        </annotationSet>
        <annotationSet cDate="01/15/2008 01:03:36 PST Tue" luID="10676" luName="sanction.n" frameID="347" frameName="Revenge" status="MANUAL" ID="6551526">
            <layer rank="1" name="Target">
                <label cBy="KmG" end="73" start="65" name="Target"/>
            </layer>
            <layer rank="1" name="FE">
                <label cBy="KmG" feID="3015" bgColor="0000FF" fgColor="FFFFFF" end="73" start="65" name="Punishment"/>
                <label cBy="KmG" feID="3009" bgColor="FF0000" fgColor="FFFFFF" end="63" start="60" name="Avenger"/>
                <label cBy="KmG" feID="3012" bgColor="9F79EE" fgColor="FFFFFF" end="81" start="75" name="Offender"/>
            </layer>
            <layer rank="1" name="GF">
                <label end="63" start="60" name="Dep"/>
                <label end="81" start="75" name="Dep"/>
            </layer>
            <layer rank="1" name="PT">
                <label end="63" start="60" name="N"/>
                <label end="81" start="75" name="PP"/>
            </layer>
            <layer rank="1" name="Other"/>
            <layer rank="1" name="Sent"/>
            <layer rank="1" name="Noun"/>
        </annotationSet>
        <annotationSet cDate="04/03/2008 02:55:32 PDT Thu" luID="14927" luName="lawmaker.n" frameID="73" frameName="Leadership" status="MANUAL" ID="6552186">
            <layer rank="1" name="Target">
                <label cBy="JKs" end="34" start="27" name="Target"/>
            </layer>
            <layer rank="1" name="FE">
                <label cBy="JKs" feID="347" bgColor="FF0000" fgColor="FFFFFF" end="34" start="27" name="Leader"/>
                <label cBy="JKs" feID="6431" bgColor="0000FF" fgColor="FFFFFF" end="25" start="22" name="Governed"/>
            </layer>
            <layer rank="1" name="GF">
                <label end="25" start="22" name="Dep"/>
            </layer>
            <layer rank="1" name="PT">
                <label end="25" start="22" name="NP"/>
            </layer>
            <layer rank="1" name="Other"/>
            <layer rank="1" name="Sent"/>
            <layer rank="1" name="Noun"/>
        </annotationSet>
    </sentence>
    <sentence corpID="205" docID="23711" sentNo="1" paragNo="4" aPos="0" ID="4101351">
        <text>Rep . Tony Hall , D- Ohio , did not call for a lifting of sanctions imposed on Iraq for its 1990 invasion of Kuwait , but said the United Nations should make sure that sanctions do not hurt innocent Iraqis .</text>
        <annotationSet cDate="08/03/2007 03:11:31 PDT Fri" status="UNANN" ID="6544586">
            <layer rank="1" name="PENN">
                <label end="2" start="0" name="nn"/>
                <label end="4" start="4" name="sent"/>
                <label end="9" start="6" name="NP"/>
                <label end="14" start="11" name="NP"/>
                <label end="16" start="16" name=","/>
                <label end="19" start="18" name="nn"/>
                <label end="24" start="21" name="NP"/>
                <label end="26" start="26" name=","/>
                <label end="30" start="28" name="VVD"/>
                <label end="34" start="32" name="rb"/>
                <label end="39" start="36" name="VV"/>
                <label end="43" start="41" name="in"/>
                <label end="45" start="45" name="dt"/>
                <label end="53" start="47" name="nn"/>
                <label end="56" start="55" name="in"/>
                <label end="66" start="58" name="nns"/>
                <label end="74" start="68" name="VVN"/>
                <label end="77" start="76" name="in"/>
                <label end="82" start="79" name="NP"/>
                <label end="86" start="84" name="in"/>
                <label end="90" start="88" name="PP$"/>
                <label end="95" start="92" name="cd"/>
                <label end="104" start="97" name="nn"/>
                <label end="107" start="106" name="in"/>
                <label end="114" start="109" name="NP"/>
                <label end="116" start="116" name=","/>
                <label end="120" start="118" name="cc"/>
                <label end="125" start="122" name="VVD"/>
                <label end="129" start="127" name="dt"/>
                <label end="136" start="131" name="NP"/>
                <label end="144" start="138" name="NPS"/>
                <label end="151" start="146" name="md"/>
                <label end="156" start="153" name="VV"/>
                <label end="161" start="158" name="rb"/>
                <label end="166" start="163" name="in"/>
                <label end="176" start="168" name="nns"/>
                <label end="179" start="178" name="VVP"/>
                <label end="183" start="181" name="rb"/>
                <label end="188" start="185" name="VV"/>
                <label end="197" start="190" name="jj"/>
                <label end="204" start="199" name="nns"/>
                <label end="206" start="206" name="sent"/>
            </layer>
            <layer rank="1" name="NER">
                <label end="14" start="6" name="person"/>
                <label end="24" start="21" name="location"/>
                <label end="82" start="79" name="location"/>
                <label end="95" start="92" name="date"/>
                <label end="114" start="109" name="location"/>
                <label end="144" start="131" name="organization"/>
            </layer>
            <layer rank="1" name="WSL">
                <label end="4" start="4" name="NT"/>
                <label end="9" start="6" name="NT"/>
                <label end="14" start="11" name="NT"/>
                <label end="16" start="16" name="NT"/>
                <label end="24" start="21" name="NT"/>
                <label end="26" start="26" name="NT"/>
                <label end="30" start="28" name="NT"/>
                <label end="34" start="32" name="NT"/>
                <label end="43" start="41" name="NT"/>
                <label end="45" start="45" name="NT"/>
                <label end="56" start="55" name="NT"/>
                <label end="77" start="76" name="NT"/>
                <label end="82" start="79" name="NT"/>
                <label end="86" start="84" name="NT"/>
                <label end="90" start="88" name="NT"/>
                <label end="95" start="92" name="NT"/>
                <label end="107" start="106" name="NT"/>
                <label end="114" start="109" name="NT"/>
                <label end="116" start="116" name="NT"/>
                <label end="120" start="118" name="NT"/>
                <label end="129" start="127" name="NT"/>
                <label end="136" start="131" name="NT"/>
                <label end="144" start="138" name="NT"/>
                <label end="151" start="146" name="NT"/>
                <label end="166" start="163" name="NT"/>
                <label end="179" start="178" name="NT"/>
                <label end="183" start="181" name="NT"/>
                <label end="206" start="206" name="NT"/>
                <label end="19" start="18" name="NT"/>
            </layer>
        </annotationSet>
        <annotationSet cDate="08/07/2007 03:58:41 PDT Tue" luID="10219" luName="call.v" frameID="41" frameName="Request" status="MANUAL" ID="6545030">
            <layer rank="1" name="Target">
                <label cBy="KmG" end="39" start="36" name="Target"/>
            </layer>
            <layer rank="1" name="FE">
                <label cBy="KmG" feID="172" bgColor="FF0000" fgColor="FFFFFF" end="24" start="0" name="Speaker"/>
                <label cBy="KmG" feID="174" bgColor="0000FF" fgColor="FFFFFF" end="114" start="41" name="Message"/>
                <label cBy="KmG" feID="173" itype="DNI" bgColor="006400" fgColor="FFFFFF" name="Addressee"/>
            </layer>
            <layer rank="1" name="GF">
                <label end="24" start="0" name="Ext"/>
                <label end="114" start="41" name="Dep"/>
            </layer>
            <layer rank="1" name="PT">
                <label end="24" start="0" name="NP"/>
                <label end="114" start="41" name="PP"/>
            </layer>
            <layer rank="1" name="Other"/>
            <layer rank="1" name="Sent"/>
            <layer rank="1" name="Verb"/>
        </annotationSet>
        <annotationSet cDate="08/07/2007 03:59:07 PDT Tue" luID="12631" luName="lifting.n" frameID="1149" frameName="Cause_to_end" status="MANUAL" ID="6545031">
            <layer rank="1" name="Target">
                <label cBy="KmG" end="53" start="47" name="Target"/>
            </layer>
            <layer rank="1" name="FE">
                <label cBy="KmG" feID="6650" bgColor="d0d0d0" fgColor="0000FF" end="114" start="55" name="State"/>
            </layer>
            <layer rank="1" name="GF">
                <label end="114" start="55" name="Dep"/>
            </layer>
            <layer rank="1" name="PT">
                <label end="114" start="55" name="PP"/>
            </layer>
            <layer rank="1" name="Other"/>
            <layer rank="1" name="Sent"/>
            <layer rank="1" name="Noun"/>
        </annotationSet>
        <annotationSet cDate="08/08/2007 12:36:16 PDT Wed" luID="751" luName="say.v" frameID="43" frameName="Statement" status="MANUAL" ID="6545033">
            <layer rank="1" name="Target">
                <label cBy="KmG" end="125" start="122" name="Target"/>
            </layer>
            <layer rank="1" name="FE">
                <label cBy="KmG" feID="185" bgColor="00BFFF" fgColor="FFFFFF" end="204" start="127" name="Message"/>
                <label cBy="KmG" feID="183" bgColor="FF0000" fgColor="FFFFFF" end="24" start="0" name="Speaker"/>
            </layer>
            <layer rank="1" name="GF">
                <label end="204" start="127" name="Dep"/>
                <label end="24" start="0" name="Ext"/>
            </layer>
            <layer rank="1" name="PT">
                <label end="204" start="127" name="Sfin"/>
                <label end="24" start="0" name="NP"/>
            </layer>
            <layer rank="1" name="Other"/>
            <layer rank="1" name="Sent"/>
            <layer rank="1" name="Verb"/>
        </annotationSet>
        <annotationSet cDate="08/08/2007 12:36:47 PDT Wed" luID="13941" luName="make sure.v" frameID="1230" frameName="Verification" status="MANUAL" ID="6545034">
            <layer rank="1" name="Target">
                <label cBy="KmG" end="156" start="153" name="Target"/>
                <label cBy="RLG" end="161" start="158" name="Target"/>
            </layer>
            <layer rank="1" name="FE">
                <label cBy="KmG" feID="7121" bgColor="FF0000" fgColor="FFFFFF" end="204" start="163" name="Unconfirmed_content"/>
                <label cBy="KmG" feID="7120" bgColor="0000FF" fgColor="FFFFFF" end="144" start="127" name="Inspector"/>
            </layer>
            <layer rank="1" name="GF">
                <label end="204" start="163" name="Dep"/>
                <label end="144" start="127" name="Ext"/>
            </layer>
            <layer rank="1" name="PT">
                <label end="204" start="163" name="Sfin"/>
                <label end="144" start="127" name="NP"/>
            </layer>
            <layer rank="1" name="Other"/>
            <layer rank="1" name="Sent"/>
            <layer rank="1" name="Verb"/>
        </annotationSet>
        <annotationSet cDate="08/08/2007 12:38:20 PDT Wed" luID="2311" luName="hurt.v" frameID="112" frameName="Cause_harm" status="MANUAL" ID="6545035">
            <layer rank="1" name="Target">
                <label cBy="KmG" end="188" start="185" name="Target"/>
            </layer>
            <layer rank="1" name="FE">
                <label cBy="KmG" feID="547" bgColor="0000FF" fgColor="FFFFFF" end="204" start="190" name="Victim"/>
                <label cBy="KmG" feID="3331" bgColor="2E8B57" fgColor="FFFFFF" end="176" start="168" name="Cause"/>
            </layer>
            <layer rank="1" name="GF">
                <label end="204" start="190" name="Obj"/>
                <label end="176" start="168" name="Ext"/>
            </layer>
            <layer rank="1" name="PT">
                <label end="204" start="190" name="NP"/>
                <label end="176" start="168" name="NP"/>
            </layer>
            <layer rank="1" name="Other"/>
            <layer rank="1" name="Sent">
                <label end="0" start="0" name="Metaphor"/>
            </layer>
            <layer rank="1" name="Verb"/>
        </annotationSet>
        <annotationSet cDate="08/08/2007 12:47:18 PDT Wed" luID="10512" luName="innocent.a" frameID="1110" frameName="Guilt_or_innocence" status="MANUAL" ID="6545036">
            <layer rank="1" name="Target">
                <label cBy="KmG" end="197" start="190" name="Target"/>
            </layer>
            <layer rank="1" name="FE">
                <label cBy="KmG" feID="6420" bgColor="800080" fgColor="FFFFFF" end="204" start="199" name="Accused"/>
            </layer>
            <layer rank="1" name="GF">
                <label end="204" start="199" name="Head"/>
            </layer>
            <layer rank="1" name="PT">
                <label end="204" start="199" name="N"/>
            </layer>
            <layer rank="1" name="Other"/>
            <layer rank="1" name="Sent"/>
            <layer rank="1" name="Adj"/>
        </annotationSet>
        <annotationSet cDate="01/15/2008 12:44:24 PST Tue" luID="10676" luName="sanction.n" frameID="347" frameName="Revenge" status="MANUAL" ID="6551518">
            <layer rank="1" name="Target">
                <label cBy="KmG" end="66" start="58" name="Target"/>
            </layer>
            <layer rank="1" name="FE">
                <label cBy="KmG" feID="3015" bgColor="0000FF" fgColor="FFFFFF" end="66" start="58" name="Punishment"/>
            </layer>
            <layer rank="1" name="GF"/>
            <layer rank="1" name="PT"/>
            <layer rank="1" name="Other"/>
            <layer rank="1" name="Sent"/>
            <layer rank="1" name="Noun"/>
        </annotationSet>
        <annotationSet cDate="01/15/2008 01:03:15 PST Tue" luID="10676" luName="sanction.n" frameID="347" frameName="Revenge" status="MANUAL" ID="6551525">
            <layer rank="1" name="Target">
                <label cBy="KmG" end="176" start="168" name="Target"/>
            </layer>
            <layer rank="1" name="FE">
                <label cBy="KmG" feID="3015" bgColor="0000FF" fgColor="FFFFFF" end="176" start="168" name="Punishment"/>
            </layer>
            <layer rank="1" name="GF"/>
            <layer rank="1" name="PT"/>
            <layer rank="1" name="Other"/>
            <layer rank="1" name="Sent"/>
            <layer rank="1" name="Noun"/>
        </annotationSet>
    </sentence>
    <sentence corpID="205" docID="23711" sentNo="1" paragNo="5" aPos="0" ID="4101352">
        <text>`` It was very , very important '' to compel Iraq to rid itself of weapons of mass destruction so that `` it can not use or export them to other countries , '' he told Associated Press Television News .</text>
        <annotationSet cDate="08/03/2007 03:11:32 PDT Fri" status="UNANN" ID="6544587">
            <layer rank="1" name="PENN">
                <label end="1" start="0" name="``"/>
                <label end="4" start="3" name="PP"/>
                <label end="8" start="6" name="VBD"/>
                <label end="13" start="10" name="rb"/>
                <label end="15" start="15" name=","/>
                <label end="20" start="17" name="rb"/>
                <label end="30" start="22" name="jj"/>
                <label end="33" start="32" name="''"/>
                <label end="36" start="35" name="to"/>
                <label end="43" start="38" name="VV"/>
                <label end="48" start="45" name="NP"/>
                <label end="51" start="50" name="to"/>
                <label end="55" start="53" name="VV"/>
                <label end="62" start="57" name="PP"/>
                <label end="65" start="64" name="in"/>
                <label end="73" start="67" name="nns"/>
                <label end="76" start="75" name="in"/>
                <label end="81" start="78" name="jj"/>
                <label end="93" start="83" name="nn"/>
                <label end="96" start="95" name="rb"/>
                <label end="101" start="98" name="in"/>
                <label end="104" start="103" name="``"/>
                <label end="107" start="106" name="PP"/>
                <label end="111" start="109" name="md"/>
                <label end="115" start="113" name="rb"/>
                <label end="119" start="117" name="VV"/>
                <label end="122" start="121" name="cc"/>
                <label end="129" start="124" name="VV"/>
                <label end="134" start="131" name="PP"/>
                <label end="137" start="136" name="to"/>
                <label end="143" start="139" name="jj"/>
                <label end="153" start="145" name="nns"/>
                <label end="155" start="155" name=","/>
                <label end="158" start="157" name="''"/>
                <label end="161" start="160" name="PP"/>
                <label end="166" start="163" name="VVD"/>
                <label end="177" start="168" name="NP"/>
                <label end="183" start="179" name="NP"/>
                <label end="194" start="185" name="NP"/>
                <label end="199" start="196" name="NP"/>
                <label end="201" start="201" name="sent"/>
            </layer>
            <layer rank="1" name="NER">
                <label end="48" start="45" name="GPE"/>
                <label end="199" start="168" name="organization"/>
            </layer>
            <layer rank="1" name="WSL">
                <label end="1" start="0" name="NT"/>
                <label end="4" start="3" name="NT"/>
                <label end="8" start="6" name="NT"/>
                <label end="13" start="10" name="NT"/>
                <label end="15" start="15" name="NT"/>
                <label end="20" start="17" name="NT"/>
                <label end="33" start="32" name="NT"/>
                <label end="36" start="35" name="NT"/>
                <label end="48" start="45" name="NT"/>
                <label end="51" start="50" name="NT"/>
                <label end="62" start="57" name="NT"/>
                <label end="65" start="64" name="NT"/>
                <label end="96" start="95" name="NT"/>
                <label end="101" start="98" name="NT"/>
                <label end="104" start="103" name="NT"/>
                <label end="107" start="106" name="NT"/>
                <label end="115" start="113" name="NT"/>
                <label end="122" start="121" name="NT"/>
                <label end="134" start="131" name="NT"/>
                <label end="137" start="136" name="NT"/>
                <label end="155" start="155" name="NT"/>
                <label end="158" start="157" name="NT"/>
                <label end="161" start="160" name="NT"/>
                <label end="177" start="168" name="NT"/>
                <label end="183" start="179" name="NT"/>
                <label end="194" start="185" name="NT"/>
                <label end="199" start="196" name="NT"/>
                <label end="201" start="201" name="NT"/>
            </layer>
        </annotationSet>
        <annotationSet cDate="08/08/2007 12:52:10 PDT Wed" luID="7528" luName="important.a" frameID="407" frameName="Importance" status="MANUAL" ID="6545037">
            <layer rank="1" name="Target">
                <label cBy="KmG" end="30" start="22" name="Target"/>
            </layer>
            <layer rank="1" name="FE">
                <label cBy="KmG" feID="3752" bgColor="FF69B4" fgColor="FFFFFF" end="13" start="10" name="Degree"/>
                <label cBy="KmG" feID="3752" bgColor="FF69B4" fgColor="FFFFFF" end="20" start="17" name="Degree"/>
                <label cBy="KmG" feID="3749" bgColor="FF0000" fgColor="FFFFFF" end="153" start="35" name="Factor"/>
                <label cBy="KmG" feID="3771" itype="DNI" bgColor="800080" fgColor="FFFFFF" name="Interested_party"/>
                <label cBy="KmG" feID="3753" itype="DNI" bgColor="0000FF" fgColor="FFFFFF" name="Undertaking"/>
            </layer>
            <layer rank="1" name="GF">
                <label end="13" start="10" name="Dep"/>
                <label end="20" start="17" name="Dep"/>
                <label end="153" start="35" name="Dep"/>
            </layer>
            <layer rank="1" name="PT">
                <label end="13" start="10" name="AVP"/>
                <label end="20" start="17" name="AVP"/>
                <label end="153" start="35" name="VPto"/>
            </layer>
            <layer rank="1" name="Other">
                <label end="4" start="3" name="Null"/>
            </layer>
            <layer rank="1" name="Sent"/>
            <layer rank="1" name="Adj">
                <label end="8" start="6" name="Cop"/>
            </layer>
        </annotationSet>
        <annotationSet cDate="08/08/2007 12:53:16 PDT Wed" luID="2478" luName="rid.v" frameID="58" frameName="Emptying" status="MANUAL" ID="6545038">
            <layer rank="1" name="Target">
                <label cBy="KmG" end="55" start="53" name="Target"/>
            </layer>
            <layer rank="1" name="FE">
                <label cBy="KmG" feID="249" bgColor="800080" fgColor="FFFFFF" end="93" start="64" name="Theme"/>
                <label cBy="KmG" feID="248" bgColor="FF0000" fgColor="FFFFFF" end="48" start="45" name="Agent"/>
                <label cBy="KmG" feID="11955" bgColor="7FFF00" fgColor="00008B" end="153" start="95" name="Purpose"/>
                <label cBy="KmG" feID="250" bgColor="006400" fgColor="FFFFFF" end="62" start="57" name="Source"/>
            </layer>
            <layer rank="1" name="GF">
                <label end="93" start="64" name="Dep"/>
                <label end="48" start="45" name="Ext"/>
                <label end="153" start="95" name="Dep"/>
                <label end="62" start="57" name="Obj"/>
            </layer>
            <layer rank="1" name="PT">
                <label end="93" start="64" name="PP"/>
                <label end="48" start="45" name="NP"/>
                <label end="153" start="95" name="Sub"/>
                <label end="62" start="57" name="NP"/>
            </layer>
            <layer rank="1" name="Other"/>
            <layer rank="1" name="Sent"/>
            <layer rank="1" name="Verb"/>
        </annotationSet>
        <annotationSet cDate="08/08/2007 01:00:20 PDT Wed" luID="10707" luName="weapon of mass destruction.n" frameID="426" frameName="Weapon" status="MANUAL" ID="6545045">
            <layer rank="1" name="Target">
                <label cBy="EGp" end="73" start="67" name="Target"/>
                <label cBy="EGp" end="76" start="75" name="Target"/>
                <label cBy="EGp" end="81" start="78" name="Target"/>
                <label cBy="EGp" end="93" start="83" name="Target"/>
            </layer>
            <layer rank="1" name="FE">
                <label cBy="RLG" feID="3919" bgColor="A52A2A" fgColor="FFFFFF" end="93" start="67" name="Weapon"/>
            </layer>
            <layer rank="1" name="GF"/>
            <layer rank="1" name="PT"/>
            <layer rank="1" name="Other"/>
            <layer rank="1" name="Sent"/>
            <layer rank="1" name="Noun"/>
        </annotationSet>
        <annotationSet cDate="08/08/2007 01:00:36 PDT Wed" luID="10619" luName="use.v" frameID="1141" frameName="Using" status="MANUAL" ID="6545046">
            <layer rank="1" name="Target">
                <label cBy="KmG" end="119" start="117" name="Target"/>
            </layer>
            <layer rank="1" name="FE">
                <label cBy="KmG" feID="6574" bgColor="FF0000" fgColor="FFFFFF" end="107" start="106" name="Agent"/>
                <label cBy="KmG" feID="6580" bgColor="006400" fgColor="FFFFFF" end="134" start="131" name="Instrument"/>
                <label cBy="KmG" feID="6576" itype="INI" bgColor="800080" fgColor="FFFFFF" name="Purpose"/>
            </layer>
            <layer rank="1" name="GF">
                <label end="107" start="106" name="Ext"/>
                <label end="134" start="131" name="Obj"/>
            </layer>
            <layer rank="1" name="PT">
                <label end="107" start="106" name="NP"/>
                <label end="134" start="131" name="NP"/>
            </layer>
            <layer rank="1" name="Other"/>
            <layer rank="1" name="Sent"/>
            <layer rank="1" name="Verb"/>
        </annotationSet>
        <annotationSet cDate="08/08/2007 01:01:54 PDT Wed" luID="12470" luName="export [act].n" frameID="1568" frameName="Exporting" status="MANUAL" ID="6545047">
            <layer rank="1" name="Target">
                <label cBy="KmG" end="129" start="124" name="Target"/>
            </layer>
            <layer rank="1" name="FE">
                <label cBy="KmG" feID="8554" bgColor="FF0000" fgColor="FFFFFF" end="107" start="106" name="Exporter"/>
                <label cBy="KmG" feID="8558" bgColor="0000FF" fgColor="FFFFFF" end="134" start="131" name="Goods"/>
                <label cBy="KmG" feID="8563" bgColor="00BFFF" fgColor="FFFFFF" end="153" start="136" name="Importing_area"/>
                <label cBy="KmG" feID="8565" itype="DNI" bgColor="006400" fgColor="FFFFFF" name="Exporting_area"/>
            </layer>
            <layer rank="1" name="GF">
                <label end="107" start="106" name="Ext"/>
                <label end="134" start="131" name="Obj"/>
                <label end="153" start="136" name="Dep"/>
            </layer>
            <layer rank="1" name="PT">
                <label end="107" start="106" name="NP"/>
                <label end="134" start="131" name="NP"/>
                <label end="153" start="136" name="PP"/>
            </layer>
            <layer rank="1" name="Other"/>
            <layer rank="1" name="Sent"/>
            <layer rank="1" name="Noun"/>
        </annotationSet>
        <annotationSet cDate="08/08/2007 01:02:23 PDT Wed" luID="10174" luName="other.a" frameID="1001" frameName="Increment" status="MANUAL" ID="6545048">
            <layer rank="1" name="Target">
                <label cBy="KmG" end="143" start="139" name="Target"/>
            </layer>
            <layer rank="1" name="FE">
                <label cBy="KmG" feID="5993" bgColor="FF0000" fgColor="FFFFFF" end="153" start="145" name="Class"/>
            </layer>
            <layer rank="1" name="GF">
                <label end="153" start="145" name="Head"/>
            </layer>
            <layer rank="1" name="PT">
                <label end="153" start="145" name="N"/>
            </layer>
            <layer rank="1" name="Other"/>
            <layer rank="1" name="Sent"/>
            <layer rank="1" name="Adj"/>
            <layer rank="2" name="FE">
                <label cBy="KmG" feID="6124" bgColor="0000FF" fgColor="FFFFFF" end="153" start="139" name="Added_set"/>
            </layer>
        </annotationSet>
        <annotationSet cDate="08/08/2007 01:02:57 PDT Wed" luID="3683" luName="country.n" frameID="195" frameName="Political_locales" status="MANUAL" ID="6545049">
            <layer rank="1" name="Target">
                <label cBy="KmG" end="153" start="145" name="Target"/>
            </layer>
            <layer rank="1" name="FE">
                <label cBy="KmG" feID="1583" bgColor="00008B" fgColor="FFFFFF" end="153" start="145" name="Locale"/>
            </layer>
            <layer rank="1" name="GF"/>
            <layer rank="1" name="PT"/>
            <layer rank="1" name="Other"/>
            <layer rank="1" name="Sent"/>
            <layer rank="1" name="Noun"/>
        </annotationSet>
        <annotationSet cDate="08/08/2007 01:03:14 PDT Wed" luID="9177" luName="tell.v" frameID="750" frameName="Telling" status="MANUAL" ID="6545050">
            <layer rank="1" name="Target">
                <label cBy="KmG" end="166" start="163" name="Target"/>
            </layer>
            <layer rank="1" name="FE">
                <label cBy="KmG" feID="4869" bgColor="FF0000" fgColor="FFFFFF" end="161" start="160" name="Speaker"/>
                <label cBy="KmG" feID="4870" bgColor="008000" fgColor="FFFFFF" end="199" start="168" name="Addressee"/>
                <label cBy="RLG" feID="4871" bgColor="0000FF" fgColor="FFFFFF" end="158" start="0" name="Message"/>
            </layer>
            <layer rank="1" name="GF">
                <label end="161" start="160" name="Ext"/>
                <label end="199" start="168" name="Obj"/>
                <label end="158" start="0" name="Dep"/>
            </layer>
            <layer rank="1" name="PT">
                <label end="161" start="160" name="NP"/>
                <label end="199" start="168" name="NP"/>
                <label end="158" start="0" name="QUO"/>
            </layer>
            <layer rank="1" name="Other"/>
            <layer rank="1" name="Sent"/>
            <layer rank="1" name="Verb"/>
        </annotationSet>
        <annotationSet cDate="08/09/2007 11:09:41 PDT Thu" luID="10156" luName="can.v" frameID="990" frameName="Capability" status="MANUAL" ID="6545089">
            <layer rank="1" name="Target">
                <label cBy="RLG" end="111" start="109" name="Target"/>
            </layer>
            <layer rank="1" name="FE">
                <label cBy="RLG" feID="5981" bgColor="FF0000" fgColor="FFFFFF" end="107" start="106" name="Entity"/>
                <label cBy="RLG" feID="5982" bgColor="008000" fgColor="FFFFFF" end="153" start="113" name="Event"/>
            </layer>
            <layer rank="1" name="GF">
                <label end="107" start="106" name="Ext"/>
                <label end="153" start="113" name="Dep"/>
            </layer>
            <layer rank="1" name="PT">
                <label end="107" start="106" name="NP"/>
                <label end="153" start="113" name="VPbrst"/>
            </layer>
            <layer rank="1" name="Other"/>
            <layer rank="1" name="Sent"/>
            <layer rank="1" name="Verb"/>
        </annotationSet>
    </sentence>
    <sentence corpID="205" docID="23711" sentNo="1" paragNo="6" aPos="0" ID="4101353">
        <text>But he insisted the international community can do a much better job in helping Iraq deal with its economic and health problems .</text>
        <annotationSet cDate="08/03/2007 03:11:33 PDT Fri" status="UNANN" ID="6544588">
            <layer rank="1" name="PENN">
                <label end="2" start="0" name="cc"/>
                <label end="5" start="4" name="PP"/>
                <label end="14" start="7" name="VVD"/>
                <label end="18" start="16" name="dt"/>
                <label end="32" start="20" name="jj"/>
                <label end="42" start="34" name="nn"/>
                <label end="46" start="44" name="md"/>
                <label end="49" start="48" name="VV"/>
                <label end="51" start="51" name="dt"/>
                <label end="56" start="53" name="rb"/>
                <label end="63" start="58" name="jjr"/>
                <label end="67" start="65" name="nn"/>
                <label end="70" start="69" name="in"/>
                <label end="78" start="72" name="VVG"/>
                <label end="83" start="80" name="NP"/>
                <label end="88" start="85" name="nn"/>
                <label end="93" start="90" name="in"/>
                <label end="97" start="95" name="PP$"/>
                <label end="106" start="99" name="jj"/>
                <label end="110" start="108" name="cc"/>
                <label end="117" start="112" name="nn"/>
                <label end="126" start="119" name="nns"/>
                <label end="128" start="128" name="sent"/>
            </layer>
            <layer rank="1" name="NER">
                <label end="83" start="80" name="location"/>
            </layer>
            <layer rank="1" name="WSL">
                <label end="2" start="0" name="NT"/>
                <label end="5" start="4" name="NT"/>
                <label end="18" start="16" name="NT"/>
                <label end="51" start="51" name="NT"/>
                <label end="56" start="53" name="NT"/>
                <label end="70" start="69" name="NT"/>
                <label end="83" start="80" name="NT"/>
                <label end="93" start="90" name="NT"/>
                <label end="97" start="95" name="NT"/>
                <label end="110" start="108" name="NT"/>
                <label end="128" start="128" name="NT"/>
            </layer>
        </annotationSet>
        <annotationSet cDate="08/08/2007 01:04:14 PDT Wed" luID="725" luName="insist.v" frameID="43" frameName="Statement" status="MANUAL" ID="6545051">
            <layer rank="1" name="Target">
                <label cBy="KmG" end="14" start="7" name="Target"/>
            </layer>
            <layer rank="1" name="FE">
                <label cBy="KmG" feID="183" bgColor="FF0000" fgColor="FFFFFF" end="5" start="4" name="Speaker"/>
                <label cBy="RLG" feID="185" bgColor="00BFFF" fgColor="FFFFFF" end="126" start="16" name="Message"/>
            </layer>
            <layer rank="1" name="GF">
                <label end="5" start="4" name="Ext"/>
                <label end="126" start="16" name="Dep"/>
            </layer>
            <layer rank="1" name="PT">
                <label end="5" start="4" name="NP"/>
                <label end="126" start="16" name="Sfin"/>
            </layer>
            <layer rank="1" name="Other"/>
            <layer rank="1" name="Sent"/>
            <layer rank="1" name="Verb"/>
        </annotationSet>
        <annotationSet cDate="08/09/2007 10:51:10 PDT Thu" luID="10238" luName="international.a" frameID="195" frameName="Political_locales" status="MANUAL" ID="6545082">
            <layer rank="1" name="Target">
                <label cBy="RLG" end="32" start="20" name="Target"/>
            </layer>
            <layer rank="1" name="FE">
                <label cBy="RLG" feID="1583" bgColor="00008B" fgColor="FFFFFF" end="32" start="20" name="Locale"/>
            </layer>
            <layer rank="1" name="GF"/>
            <layer rank="1" name="PT"/>
            <layer rank="1" name="Other"/>
            <layer rank="1" name="Sent"/>
            <layer rank="1" name="Adj"/>
        </annotationSet>
        <annotationSet cDate="08/09/2007 10:51:41 PDT Thu" luID="10156" luName="can.v" frameID="990" frameName="Capability" status="MANUAL" ID="6545083">
            <layer rank="1" name="Target">
                <label cBy="RLG" end="46" start="44" name="Target"/>
            </layer>
            <layer rank="1" name="FE">
                <label cBy="RLG" feID="5981" bgColor="FF0000" fgColor="FFFFFF" end="42" start="16" name="Entity"/>
                <label cBy="RLG" feID="5982" bgColor="008000" fgColor="FFFFFF" end="126" start="48" name="Event"/>
            </layer>
            <layer rank="1" name="GF">
                <label end="42" start="16" name="Ext"/>
                <label end="126" start="48" name="Dep"/>
            </layer>
            <layer rank="1" name="PT">
                <label end="42" start="16" name="NP"/>
                <label end="126" start="48" name="VPbrst"/>
            </layer>
            <layer rank="1" name="Other"/>
            <layer rank="1" name="Sent"/>
            <layer rank="1" name="Verb"/>
        </annotationSet>
        <annotationSet cDate="08/09/2007 10:52:20 PDT Thu" luID="6287" luName="good.a" frameID="354" frameName="Desirability" status="MANUAL" ID="6545084">
            <layer rank="1" name="Target">
                <label cBy="RLG" end="63" start="58" name="Target"/>
            </layer>
            <layer rank="1" name="FE">
                <label cBy="RLG" feID="3155" bgColor="FF69B4" fgColor="FFFFFF" end="56" start="53" name="Degree"/>
                <label cBy="RLG" feID="3153" bgColor="9F79EE" fgColor="FFFFFF" end="67" start="65" name="Evaluee"/>
            </layer>
            <layer rank="1" name="GF">
                <label end="56" start="53" name="Dep"/>
                <label end="67" start="65" name="Head"/>
            </layer>
            <layer rank="1" name="PT">
                <label end="56" start="53" name="AVP"/>
                <label end="67" start="65" name="N"/>
            </layer>
            <layer rank="1" name="Other"/>
            <layer rank="1" name="Sent"/>
            <layer rank="1" name="Adj"/>
        </annotationSet>
        <annotationSet cDate="08/09/2007 10:52:39 PDT Thu" luID="7041" luName="help.v" frameID="391" frameName="Assistance" status="MANUAL" ID="6545085">
            <layer rank="1" name="Target">
                <label cBy="RLG" end="78" start="72" name="Target"/>
            </layer>
            <layer rank="1" name="FE">
                <label cBy="RLG" feID="3500" bgColor="FF0000" fgColor="FFFFFF" end="42" start="16" name="Helper"/>
                <label cBy="RLG" feID="3499" bgColor="0000FF" fgColor="FFFFFF" end="83" start="80" name="Benefited_party"/>
                <label cBy="RLG" feID="3501" bgColor="00BFFF" fgColor="FFFFFF" end="126" start="85" name="Goal"/>
            </layer>
            <layer rank="1" name="GF">
                <label end="42" start="16" name="Ext"/>
                <label end="83" start="80" name="Obj"/>
                <label end="126" start="85" name="Dep"/>
            </layer>
            <layer rank="1" name="PT">
                <label end="42" start="16" name="NP"/>
                <label end="83" start="80" name="NP"/>
                <label end="126" start="85" name="VPbrst"/>
            </layer>
            <layer rank="1" name="Other"/>
            <layer rank="1" name="Sent"/>
            <layer rank="1" name="Verb"/>
        </annotationSet>
        <annotationSet cDate="08/09/2007 10:53:28 PDT Thu" luID="12318" luName="deal.v" frameID="1523" frameName="Resolve_problem" status="MANUAL" ID="6545086">
            <layer rank="1" name="Target">
                <label cBy="RLG" end="88" start="85" name="Target"/>
            </layer>
            <layer rank="1" name="FE">
                <label cBy="RLG" feID="8310" bgColor="FF0000" fgColor="FFFFFF" end="83" start="80" name="Agent"/>
                <label cBy="RLG" feID="8311" bgColor="0000FF" fgColor="FFFFFF" end="126" start="90" name="Problem"/>
            </layer>
            <layer rank="1" name="GF">
                <label end="83" start="80" name="Ext"/>
                <label end="126" start="90" name="Dep"/>
            </layer>
            <layer rank="1" name="PT">
                <label end="83" start="80" name="NP"/>
                <label end="126" start="90" name="PP"/>
            </layer>
            <layer rank="1" name="Other"/>
            <layer rank="1" name="Sent"/>
            <layer rank="1" name="Verb"/>
        </annotationSet>
        <annotationSet cDate="08/09/2007 10:53:47 PDT Thu" luID="12490" luName="economic.a" frameID="1572" frameName="Economy" status="MANUAL" ID="6545087">
            <layer rank="1" name="Target">
                <label cBy="RLG" end="106" start="99" name="Target"/>
            </layer>
            <layer rank="1" name="FE">
                <label cBy="RLG" feID="8603" bgColor="800080" fgColor="FFFFFF" end="106" start="99" name="Economy"/>
                <label cBy="RLG" feID="8602" itype="DNI" bgColor="0000FF" fgColor="FFFFFF" name="Political_region"/>
            </layer>
            <layer rank="1" name="GF"/>
            <layer rank="1" name="PT"/>
            <layer rank="1" name="Other"/>
            <layer rank="1" name="Sent"/>
            <layer rank="1" name="Adj"/>
        </annotationSet>
        <annotationSet cDate="08/09/2007 10:54:02 PDT Thu" luID="7356" luName="problem.n" frameID="300" frameName="Predicament" status="MANUAL" ID="6545088">
            <layer rank="1" name="Target">
                <label cBy="RLG" end="126" start="119" name="Target"/>
            </layer>
            <layer rank="1" name="FE">
                <label cBy="RLG" feID="2590" bgColor="008000" fgColor="FFFFFF" end="126" start="119" name="Situation"/>
                <label cBy="RLG" feID="2589" bgColor="FF0000" fgColor="FFFFFF" end="97" start="95" name="Experiencer"/>
                <label cBy="RLG" feID="11950" bgColor="00BFFF" fgColor="FFFFFF" end="117" start="99" name="Domain"/>
            </layer>
            <layer rank="1" name="GF">
                <label end="97" start="95" name="Gen"/>
                <label end="117" start="99" name="Dep"/>
            </layer>
            <layer rank="1" name="PT">
                <label end="97" start="95" name="Poss"/>
                <label end="117" start="99" name="A"/>
            </layer>
            <layer rank="1" name="Other"/>
            <layer rank="1" name="Sent"/>
            <layer rank="1" name="Noun"/>
        </annotationSet>
    </sentence>
    <sentence corpID="205" docID="23711" sentNo="1" paragNo="7" aPos="0" ID="4101354">
        <text>One way would be to speed up the flow of health supplies and other urgent commodities to the country under a U.N. humanitarian program , he said .</text>
        <annotationSet cDate="08/03/2007 03:11:33 PDT Fri" status="UNANN" ID="6544589">
            <layer rank="1" name="PENN">
                <label end="2" start="0" name="cd"/>
                <label end="6" start="4" name="nn"/>
                <label end="12" start="8" name="md"/>
                <label end="15" start="14" name="vb"/>
                <label end="18" start="17" name="to"/>
                <label end="24" start="20" name="VV"/>
                <label end="27" start="26" name="rp"/>
                <label end="31" start="29" name="dt"/>
                <label end="36" start="33" name="nn"/>
                <label end="39" start="38" name="in"/>
                <label end="46" start="41" name="nn"/>
                <label end="55" start="48" name="nns"/>
                <label end="59" start="57" name="cc"/>
                <label end="65" start="61" name="jj"/>
                <label end="72" start="67" name="jj"/>
                <label end="84" start="74" name="nns"/>
                <label end="87" start="86" name="to"/>
                <label end="91" start="89" name="dt"/>
                <label end="99" start="93" name="nn"/>
                <label end="105" start="101" name="in"/>
                <label end="107" start="107" name="dt"/>
                <label end="112" start="109" name="NP"/>
                <label end="125" start="114" name="jj"/>
                <label end="133" start="127" name="nn"/>
                <label end="135" start="135" name=","/>
                <label end="138" start="137" name="PP"/>
                <label end="143" start="140" name="VVD"/>
                <label end="145" start="145" name="sent"/>
            </layer>
            <layer rank="1" name="NER">
                <label end="112" start="109" name="organization"/>
            </layer>
            <layer rank="1" name="WSL">
                <label end="2" start="0" name="NT"/>
                <label end="12" start="8" name="NT"/>
                <label end="15" start="14" name="NT"/>
                <label end="18" start="17" name="NT"/>
                <label end="27" start="26" name="NT"/>
                <label end="31" start="29" name="NT"/>
                <label end="39" start="38" name="NT"/>
                <label end="59" start="57" name="NT"/>
                <label end="91" start="89" name="NT"/>
                <label end="105" start="101" name="NT"/>
                <label end="107" start="107" name="NT"/>
                <label end="112" start="109" name="NT"/>
                <label end="135" start="135" name="NT"/>
                <label end="138" start="137" name="NT"/>
                <label end="145" start="145" name="NT"/>
            </layer>
        </annotationSet>
        <annotationSet cDate="08/08/2007 03:04:28 PDT Wed" luID="13557" luName="way.n" frameID="1790" frameName="Means" status="MANUAL" ID="6545052">
            <layer rank="1" name="Target">
                <label cBy="RLG" end="6" start="4" name="Target"/>
            </layer>
            <layer rank="1" name="FE">
                <label cBy="RLG" feID="10618" bgColor="0000FF" fgColor="FFFFFF" end="133" start="17" name="Means"/>
                <label cBy="RLG" feID="10619" itype="DNI" bgColor="800080" fgColor="FFFFFF" name="Purpose"/>
                <label cBy="KmG" feID="10617" itype="INI" bgColor="FF0000" fgColor="FFFFFF" name="Agent"/>
            </layer>
            <layer rank="1" name="GF">
                <label end="133" start="17" name="Dep"/>
            </layer>
            <layer rank="1" name="PT">
                <label end="133" start="17" name="VPto"/>
            </layer>
            <layer rank="1" name="Other"/>
            <layer rank="1" name="Sent"/>
            <layer rank="1" name="Noun">
                <label end="15" start="14" name="Cop"/>
            </layer>
        </annotationSet>
        <annotationSet cDate="08/08/2007 03:09:40 PDT Wed" luID="10174" luName="other.a" frameID="1001" frameName="Increment" status="MANUAL" ID="6545054">
            <layer rank="1" name="Target">
                <label cBy="RLG" end="65" start="61" name="Target"/>
            </layer>
            <layer rank="1" name="FE">
                <label cBy="RLG" feID="5993" bgColor="FF0000" fgColor="FFFFFF" end="84" start="67" name="Class"/>
            </layer>
            <layer rank="1" name="GF">
                <label end="84" start="67" name="Head"/>
            </layer>
            <layer rank="1" name="PT">
                <label end="84" start="67" name="N"/>
            </layer>
            <layer rank="1" name="Other"/>
            <layer rank="1" name="Sent"/>
            <layer rank="1" name="Adj"/>
            <layer rank="2" name="FE">
                <label cBy="RLG" feID="6124" bgColor="0000FF" fgColor="FFFFFF" end="84" start="61" name="Added_set"/>
            </layer>
        </annotationSet>
        <annotationSet cDate="08/08/2007 03:10:12 PDT Wed" luID="3683" luName="country.n" frameID="195" frameName="Political_locales" status="MANUAL" ID="6545055">
            <layer rank="1" name="Target">
                <label cBy="RLG" end="99" start="93" name="Target"/>
            </layer>
            <layer rank="1" name="FE">
                <label cBy="RLG" feID="1583" bgColor="00008B" fgColor="FFFFFF" end="99" start="93" name="Locale"/>
            </layer>
            <layer rank="1" name="GF"/>
            <layer rank="1" name="PT"/>
            <layer rank="1" name="Other"/>
            <layer rank="1" name="Sent"/>
            <layer rank="1" name="Noun"/>
        </annotationSet>
        <annotationSet cDate="08/08/2007 03:10:34 PDT Wed" luID="10799" luName="to.prep" frameID="1177" frameName="Goal" status="MANUAL" ID="6545056">
            <layer rank="1" name="Target">
                <label cBy="RLG" end="87" start="86" name="Target"/>
            </layer>
            <layer rank="1" name="FE">
                <label cBy="RLG" feID="6823" bgColor="0000FF" fgColor="FFFFFF" end="99" start="89" name="Landmark"/>
                <label cBy="JKs" feID="6825" bgColor="008000" fgColor="FFFFFF" end="84" start="29" name="Trajector"/>
            </layer>
            <layer rank="1" name="GF">
                <label end="99" start="89" name="Obj"/>
                <label end="84" start="29" name="Ext"/>
            </layer>
            <layer rank="1" name="PT">
                <label end="99" start="89" name="NP"/>
                <label end="84" start="29" name="NP"/>
            </layer>
            <layer rank="1" name="Other"/>
            <layer rank="1" name="Sent"/>
            <layer rank="1" name="Prep"/>
        </annotationSet>
        <annotationSet cDate="08/08/2007 03:11:13 PDT Wed" luID="10724" luName="program.n" frameID="1158" frameName="Project" status="MANUAL" ID="6545057">
            <layer rank="1" name="Target">
                <label cBy="RLG" end="133" start="127" name="Target"/>
            </layer>
            <layer rank="1" name="FE">
                <label cBy="RLG" feID="9655" bgColor="00BFFF" fgColor="FFFFFF" end="133" start="127" name="Project"/>
                <label cBy="RLG" feID="6708" bgColor="FF0000" fgColor="FFFFFF" end="112" start="109" name="Agent"/>
                <label cBy="RLG" feID="6709" bgColor="800080" fgColor="FFFFFF" end="125" start="114" name="Field"/>
            </layer>
            <layer rank="1" name="GF">
                <label end="112" start="109" name="Dep"/>
                <label end="125" start="114" name="Dep"/>
            </layer>
            <layer rank="1" name="PT">
                <label end="112" start="109" name="N"/>
                <label end="125" start="114" name="A"/>
            </layer>
            <layer rank="1" name="Other"/>
            <layer rank="1" name="Sent"/>
            <layer rank="1" name="Noun"/>
        </annotationSet>
        <annotationSet cDate="08/08/2007 03:11:56 PDT Wed" luID="751" luName="say.v" frameID="43" frameName="Statement" status="MANUAL" ID="6545058">
            <layer rank="1" name="Target">
                <label cBy="RLG" end="143" start="140" name="Target"/>
            </layer>
            <layer rank="1" name="FE">
                <label cBy="RLG" feID="183" bgColor="FF0000" fgColor="FFFFFF" end="138" start="137" name="Speaker"/>
                <label cBy="RLG" feID="185" bgColor="00BFFF" fgColor="FFFFFF" end="133" start="0" name="Message"/>
            </layer>
            <layer rank="1" name="GF">
                <label end="138" start="137" name="Ext"/>
                <label end="133" start="0" name="Head"/>
            </layer>
            <layer rank="1" name="PT">
                <label end="138" start="137" name="NP"/>
                <label end="133" start="0" name="Sfin"/>
            </layer>
            <layer rank="1" name="Other"/>
            <layer rank="1" name="Sent"/>
            <layer rank="1" name="Verb"/>
        </annotationSet>
    </sentence>
    <sentence corpID="205" docID="23711" sentNo="1" paragNo="8" aPos="0" ID="4101355">
        <text>Iraq says the United States and Britain hold up delivery of needed supplies , using their clout in the United Nations .</text>
        <annotationSet cDate="08/03/2007 03:11:33 PDT Fri" status="UNANN" ID="6544590">
            <layer rank="1" name="PENN">
                <label end="3" start="0" name="NP"/>
                <label end="8" start="5" name="VVZ"/>
                <label end="12" start="10" name="dt"/>
                <label end="19" start="14" name="NP"/>
                <label end="26" start="21" name="NPS"/>
                <label end="30" start="28" name="cc"/>
                <label end="38" start="32" name="NP"/>
                <label end="43" start="40" name="VVP"/>
                <label end="46" start="45" name="in"/>
                <label end="55" start="48" name="nn"/>
                <label end="58" start="57" name="in"/>
                <label end="65" start="60" name="jj"/>
                <label end="74" start="67" name="nns"/>
                <label end="76" start="76" name=","/>
                <label end="82" start="78" name="VVG"/>
                <label end="88" start="84" name="PP$"/>
                <label end="94" start="90" name="nn"/>
                <label end="97" start="96" name="in"/>
                <label end="101" start="99" name="dt"/>
                <label end="108" start="103" name="NP"/>
                <label end="116" start="110" name="NPS"/>
                <label end="118" start="118" name="sent"/>
            </layer>
            <layer rank="1" name="NER">
                <label end="3" start="0" name="GPE"/>
                <label end="26" start="14" name="GPE"/>
                <label end="38" start="32" name="GPE"/>
                <label end="116" start="103" name="organization"/>
            </layer>
            <layer rank="1" name="WSL">
                <label end="3" start="0" name="NT"/>
                <label end="12" start="10" name="NT"/>
                <label end="19" start="14" name="NT"/>
                <label end="26" start="21" name="NT"/>
                <label end="30" start="28" name="NT"/>
                <label end="38" start="32" name="NT"/>
                <label end="46" start="45" name="NT"/>
                <label end="58" start="57" name="NT"/>
                <label end="76" start="76" name="NT"/>
                <label end="88" start="84" name="NT"/>
                <label end="97" start="96" name="NT"/>
                <label end="101" start="99" name="NT"/>
                <label end="108" start="103" name="NT"/>
                <label end="116" start="110" name="NT"/>
                <label end="118" start="118" name="NT"/>
            </layer>
        </annotationSet>
        <annotationSet cDate="10/23/2007 02:39:09 PDT Tue" luID="751" luName="say.v" frameID="43" frameName="Statement" status="MANUAL" ID="6548759">
            <layer rank="1" name="Target">
                <label cBy="JKs" end="8" start="5" name="Target"/>
            </layer>
            <layer rank="1" name="FE">
                <label cBy="JKs" feID="183" bgColor="FF0000" fgColor="FFFFFF" end="3" start="0" name="Speaker"/>
                <label cBy="JKs" feID="185" bgColor="00BFFF" fgColor="FFFFFF" end="116" start="10" name="Message"/>
            </layer>
            <layer rank="1" name="GF">
                <label end="3" start="0" name="Ext"/>
                <label end="116" start="10" name="Obj"/>
            </layer>
            <layer rank="1" name="PT">
                <label end="3" start="0" name="NP"/>
                <label end="116" start="10" name="NP"/>
            </layer>
            <layer rank="1" name="Other"/>
            <layer rank="1" name="Sent"/>
            <layer rank="1" name="Verb"/>
        </annotationSet>
        <annotationSet cDate="10/23/2007 02:40:37 PDT Tue" luID="11665" luName="delivery.n" frameID="1344" frameName="Delivery" status="MANUAL" ID="6548760">
            <layer rank="1" name="Target">
                <label cBy="JKs" end="55" start="48" name="Target"/>
            </layer>
            <layer rank="1" name="FE">
                <label cBy="JKs" feID="7587" itype="CNI" bgColor="FF0000" fgColor="FFFFFF" name="Deliverer"/>
                <label cBy="JKs" feID="7591" bgColor="0000FF" fgColor="FFFFFF" end="74" start="57" name="Theme"/>
                <label cBy="JKs" feID="7597" itype="DNI" bgColor="FFA500" fgColor="FFFFFF" name="Recipient"/>
            </layer>
            <layer rank="1" name="GF">
                <label end="74" start="57" name="Dep"/>
            </layer>
            <layer rank="1" name="PT">
                <label end="74" start="57" name="PP"/>
            </layer>
            <layer rank="1" name="Other"/>
            <layer rank="1" name="Sent"/>
            <layer rank="1" name="Noun"/>
        </annotationSet>
        <annotationSet cDate="10/23/2007 02:40:45 PDT Tue" luID="10709" luName="needed.a" frameID="1157" frameName="Being_necessary" status="MANUAL" ID="6548761">
            <layer rank="1" name="Target">
                <label cBy="JKs" end="65" start="60" name="Target"/>
            </layer>
            <layer rank="1" name="FE">
                <label cBy="JKs" feID="6691" bgColor="FF0000" fgColor="FFFFFF" end="74" start="67" name="Requirement"/>
                <label cBy="JKs" feID="6690" itype="DNI" bgColor="0000FF" fgColor="FFFFFF" name="Dependent"/>
            </layer>
            <layer rank="1" name="GF">
                <label end="74" start="67" name="Dep"/>
            </layer>
            <layer rank="1" name="PT">
                <label end="74" start="67" name="NP"/>
            </layer>
            <layer rank="1" name="Other"/>
            <layer rank="1" name="Sent"/>
            <layer rank="1" name="Adj"/>
        </annotationSet>
        <annotationSet cDate="10/23/2007 02:40:50 PDT Tue" luID="12267" luName="supply.n" frameID="1511" frameName="Store" status="MANUAL" ID="6548762">
            <layer rank="1" name="Target">
                <label cBy="JKs" end="74" start="67" name="Target"/>
            </layer>
            <layer rank="1" name="FE">
                <label cBy="JKs" feID="8463" bgColor="008000" fgColor="FFFFFF" end="65" start="60" name="Descriptor"/>
                <label cBy="JKs" feID="8229" itype="DNI" bgColor="1E90FF" fgColor="FFFFFF" name="Possessor"/>
                <label cBy="JKs" feID="8226" bgColor="FF0000" fgColor="FFFFFF" end="74" start="67" name="Supply"/>
                <label cBy="JKs" feID="8227" itype="DNI" bgColor="A52A2A" fgColor="FFFFFF" name="Resource"/>
                <label cBy="JKs" feID="8228" itype="DNI" bgColor="0000FF" fgColor="FFFFFF" name="Use"/>
            </layer>
            <layer rank="1" name="GF">
                <label end="65" start="60" name="Dep"/>
            </layer>
            <layer rank="1" name="PT">
                <label end="65" start="60" name="AJP"/>
            </layer>
            <layer rank="1" name="Other"/>
            <layer rank="1" name="Sent"/>
            <layer rank="1" name="Noun"/>
        </annotationSet>
        <annotationSet cDate="10/23/2007 02:40:53 PDT Tue" luID="10619" luName="use.v" frameID="1141" frameName="Using" status="MANUAL" ID="6548763">
            <layer rank="1" name="Target">
                <label cBy="JKs" end="82" start="78" name="Target"/>
            </layer>
            <layer rank="1" name="FE">
                <label cBy="JKs" feID="6574" itype="DNI" bgColor="FF0000" fgColor="FFFFFF" name="Agent"/>
                <label cBy="JKs" feID="6580" bgColor="006400" fgColor="FFFFFF" end="94" start="84" name="Instrument"/>
                <label cBy="JKs" feID="6575" bgColor="008000" fgColor="FFFFFF" end="116" start="96" name="Place"/>
                <label cBy="JKs" feID="6576" itype="DNI" bgColor="800080" fgColor="FFFFFF" name="Purpose"/>
            </layer>
            <layer rank="1" name="GF">
                <label end="94" start="84" name="Obj"/>
                <label end="116" start="96" name="Dep"/>
            </layer>
            <layer rank="1" name="PT">
                <label end="94" start="84" name="NP"/>
                <label end="116" start="96" name="PP"/>
            </layer>
            <layer rank="1" name="Other"/>
            <layer rank="1" name="Sent"/>
            <layer rank="1" name="Verb"/>
        </annotationSet>
    </sentence>
    <sentence corpID="205" docID="23711" sentNo="2" paragNo="8" aPos="0" ID="4101356">
        <text>The U.S. government says it wants to ensure that Iraq is not buying items that appear to be humanitarian in nature but that could be used for making weapons .</text>
        <annotationSet cDate="08/03/2007 03:11:34 PDT Fri" status="UNANN" ID="6544591">
            <layer rank="1" name="PENN">
                <label end="2" start="0" name="dt"/>
                <label end="7" start="4" name="NP"/>
                <label end="18" start="9" name="nn"/>
                <label end="23" start="20" name="VVZ"/>
                <label end="26" start="25" name="PP"/>
                <label end="32" start="28" name="VVZ"/>
                <label end="35" start="34" name="to"/>
                <label end="42" start="37" name="VV"/>
                <label end="47" start="44" name="in"/>
                <label end="52" start="49" name="NP"/>
                <label end="55" start="54" name="VBZ"/>
                <label end="59" start="57" name="rb"/>
                <label end="66" start="61" name="VVG"/>
                <label end="72" start="68" name="nns"/>
                <label end="77" start="74" name="wdt"/>
                <label end="84" start="79" name="VVP"/>
                <label end="87" start="86" name="to"/>
                <label end="90" start="89" name="vb"/>
                <label end="103" start="92" name="jj"/>
                <label end="106" start="105" name="in"/>
                <label end="113" start="108" name="nn"/>
                <label end="117" start="115" name="cc"/>
                <label end="122" start="119" name="dt"/>
                <label end="128" start="124" name="md"/>
                <label end="131" start="130" name="vb"/>
                <label end="136" start="133" name="VVN"/>
                <label end="140" start="138" name="in"/>
                <label end="147" start="142" name="VVG"/>
                <label end="155" start="149" name="nns"/>
                <label end="157" start="157" name="sent"/>
            </layer>
            <layer rank="1" name="NER">
                <label end="52" start="49" name="GPE"/>
                <label end="18" start="0" name="GPE"/>
            </layer>
            <layer rank="1" name="WSL">
                <label end="2" start="0" name="NT"/>
                <label end="7" start="4" name="NT"/>
                <label end="26" start="25" name="NT"/>
                <label end="35" start="34" name="NT"/>
                <label end="47" start="44" name="NT"/>
                <label end="52" start="49" name="NT"/>
                <label end="55" start="54" name="NT"/>
                <label end="59" start="57" name="NT"/>
                <label end="77" start="74" name="NT"/>
                <label end="87" start="86" name="NT"/>
                <label end="90" start="89" name="NT"/>
                <label end="106" start="105" name="NT"/>
                <label end="117" start="115" name="NT"/>
                <label end="122" start="119" name="NT"/>
                <label end="131" start="130" name="NT"/>
                <label end="140" start="138" name="NT"/>
                <label end="157" start="157" name="NT"/>
            </layer>
        </annotationSet>
        <annotationSet cDate="10/23/2007 02:55:10 PDT Tue" luID="751" luName="say.v" frameID="43" frameName="Statement" status="MANUAL" ID="6548765">
            <layer rank="1" name="Target">
                <label cBy="JKs" end="23" start="20" name="Target"/>
            </layer>
            <layer rank="1" name="FE">
                <label cBy="JKs" feID="183" bgColor="FF0000" fgColor="FFFFFF" end="18" start="0" name="Speaker"/>
                <label cBy="JKs" feID="185" bgColor="00BFFF" fgColor="FFFFFF" end="155" start="25" name="Message"/>
            </layer>
            <layer rank="1" name="GF">
                <label end="18" start="0" name="Ext"/>
                <label end="155" start="25" name="Dep"/>
            </layer>
            <layer rank="1" name="PT">
                <label end="18" start="0" name="NP"/>
                <label end="155" start="25" name="Sfin"/>
            </layer>
            <layer rank="1" name="Other"/>
            <layer rank="1" name="Sent"/>
            <layer rank="1" name="Verb"/>
        </annotationSet>
        <annotationSet cDate="10/23/2007 02:55:30 PDT Tue" luID="6412" luName="want.v" frameID="366" frameName="Desiring" status="MANUAL" ID="6548766">
            <layer rank="1" name="Target">
                <label cBy="JKs" end="32" start="28" name="Target"/>
            </layer>
            <layer rank="1" name="FE">
                <label cBy="JKs" feID="3361" bgColor="FF0000" fgColor="FFFFFF" end="26" start="25" name="Experiencer"/>
                <label cBy="JKs" feID="3363" bgColor="00008B" fgColor="FFFFFF" end="155" start="34" name="Event"/>
            </layer>
            <layer rank="1" name="GF">
                <label end="26" start="25" name="Ext"/>
                <label end="155" start="34" name="Dep"/>
            </layer>
            <layer rank="1" name="PT">
                <label end="26" start="25" name="NP"/>
                <label end="155" start="34" name="VPto"/>
            </layer>
            <layer rank="1" name="Other"/>
            <layer rank="1" name="Sent"/>
            <layer rank="1" name="Verb"/>
        </annotationSet>
        <annotationSet cDate="10/23/2007 02:56:12 PDT Tue" luID="2966" luName="buy.v" frameID="171" frameName="Commerce_buy" status="MANUAL" ID="6548768">
            <layer rank="1" name="Target">
                <label cBy="JKs" end="66" start="61" name="Target"/>
            </layer>
            <layer rank="1" name="FE">
                <label cBy="JKs" feID="1390" bgColor="006400" fgColor="FFFFFF" end="155" start="68" name="Goods"/>
                <label cBy="JKs" feID="1389" bgColor="00008B" fgColor="FFFFFF" end="52" start="49" name="Buyer"/>
            </layer>
            <layer rank="1" name="GF">
                <label end="155" start="68" name="Obj"/>
                <label end="52" start="49" name="Ext"/>
            </layer>
            <layer rank="1" name="PT">
                <label end="155" start="68" name="NP"/>
                <label end="52" start="49" name="NP"/>
            </layer>
            <layer rank="1" name="Other"/>
            <layer rank="1" name="Sent"/>
            <layer rank="1" name="Verb"/>
        </annotationSet>
        <annotationSet cDate="10/23/2007 02:56:14 PDT Tue" luID="13137" luName="item.n" frameID="251" frameName="Entity" status="MANUAL" ID="6548769">
            <layer rank="1" name="Target">
                <label cBy="JKs" end="72" start="68" name="Target"/>
            </layer>
            <layer rank="1" name="FE">
                <label cBy="JKs" feID="2607" bgColor="0000FF" fgColor="FFFFFF" end="72" start="68" name="Entity"/>
                <label cBy="JKs" feID="2608" bgColor="808080" fgColor="FFFFFF" end="155" start="74" name="Type"/>
            </layer>
            <layer rank="1" name="GF">
                <label end="155" start="74" name="Dep"/>
            </layer>
            <layer rank="1" name="PT">
                <label end="155" start="74" name="Sub"/>
            </layer>
            <layer rank="1" name="Other">
                <label end="72" start="68" name="Ant"/>
                <label end="77" start="74" name="Rel"/>
            </layer>
            <layer rank="1" name="Sent"/>
            <layer rank="1" name="Noun"/>
        </annotationSet>
        <annotationSet cDate="10/23/2007 02:56:21 PDT Tue" luID="1321" luName="appear.v" frameID="67" frameName="Give_impression" status="MANUAL" ID="6548770">
            <layer rank="1" name="Target">
                <label cBy="JKs" end="84" start="79" name="Target"/>
            </layer>
            <layer rank="1" name="FE">
                <label cBy="JKs" feID="309" bgColor="FF0000" fgColor="FFFFFF" end="72" start="68" name="Phenomenon"/>
                <label cBy="JKs" feID="312" bgColor="00008B" fgColor="FFFFFF" end="155" start="86" name="Inference"/>
            </layer>
            <layer rank="1" name="GF">
                <label end="72" start="68" name="Ext"/>
                <label end="155" start="86" name="Dep"/>
            </layer>
            <layer rank="1" name="PT">
                <label end="72" start="68" name="NP"/>
                <label end="155" start="86" name="VPto"/>
            </layer>
            <layer rank="1" name="Other"/>
            <layer rank="1" name="Sent"/>
            <layer rank="1" name="Verb"/>
        </annotationSet>
        <annotationSet cDate="10/25/2007 11:42:24 PDT Thu" luID="10156" luName="can.v" frameID="990" frameName="Capability" status="MANUAL" ID="6548855">
            <layer rank="1" name="Target">
                <label cBy="JKs" end="128" start="124" name="Target"/>
            </layer>
            <layer rank="1" name="FE">
                <label cBy="JKs" feID="5982" bgColor="008000" fgColor="FFFFFF" end="155" start="130" name="Event"/>
                <label cBy="JKs" feID="5981" bgColor="FF0000" fgColor="FFFFFF" end="72" start="68" name="Entity"/>
            </layer>
            <layer rank="1" name="GF">
                <label end="155" start="130" name="Dep"/>
                <label end="72" start="68" name="Ext"/>
            </layer>
            <layer rank="1" name="PT">
                <label end="155" start="130" name="VPbrst"/>
                <label end="72" start="68" name="NP"/>
            </layer>
            <layer rank="1" name="Other">
                <label end="72" start="68" name="Ant"/>
                <label end="122" start="119" name="Rel"/>
            </layer>
            <layer rank="1" name="Sent"/>
            <layer rank="1" name="Verb"/>
        </annotationSet>
        <annotationSet cDate="10/25/2007 11:42:30 PDT Thu" luID="10619" luName="use.v" frameID="1141" frameName="Using" status="MANUAL" ID="6548856">
            <layer rank="1" name="Target">
                <label cBy="JKs" end="136" start="133" name="Target"/>
            </layer>
            <layer rank="1" name="FE">
                <label cBy="JKs" feID="6576" bgColor="800080" fgColor="FFFFFF" end="155" start="138" name="Purpose"/>
                <label cBy="JKs" feID="6580" bgColor="006400" fgColor="FFFFFF" end="72" start="68" name="Instrument"/>
                <label cBy="JKs" feID="6574" itype="DNI" bgColor="FF0000" fgColor="FFFFFF" name="Agent"/>
            </layer>
            <layer rank="1" name="GF">
                <label end="155" start="138" name="Dep"/>
                <label end="72" start="68" name="Ext"/>
            </layer>
            <layer rank="1" name="PT">
                <label end="155" start="138" name="PP"/>
                <label end="72" start="68" name="NP"/>
            </layer>
            <layer rank="1" name="Other"/>
            <layer rank="1" name="Sent"/>
            <layer rank="1" name="Verb"/>
        </annotationSet>
        <annotationSet cDate="10/25/2007 11:43:11 PDT Thu" luID="5436" luName="make.v" frameID="280" frameName="Intentionally_create" status="MANUAL" ID="6548857">
            <layer rank="1" name="Target">
                <label cBy="JKs" end="147" start="142" name="Target"/>
            </layer>
            <layer rank="1" name="FE">
                <label cBy="JKs" feID="2423" bgColor="0000FF" fgColor="FFFFFF" end="155" start="149" name="Created_entity"/>
                <label cBy="JKs" feID="2417" itype="DNI" bgColor="FF0000" fgColor="FFFFFF" name="Creator"/>
            </layer>
            <layer rank="1" name="GF">
                <label end="155" start="149" name="Obj"/>
            </layer>
            <layer rank="1" name="PT">
                <label end="155" start="149" name="NP"/>
            </layer>
            <layer rank="1" name="Other"/>
            <layer rank="1" name="Sent"/>
            <layer rank="1" name="Verb"/>
        </annotationSet>
        <annotationSet cDate="10/25/2007 11:43:47 PDT Thu" luID="7794" luName="weapon.n" frameID="426" frameName="Weapon" status="MANUAL" ID="6548858">
            <layer rank="1" name="Target">
                <label cBy="JKs" end="155" start="149" name="Target"/>
            </layer>
            <layer rank="1" name="FE">
                <label cBy="JKs" feID="3919" bgColor="A52A2A" fgColor="FFFFFF" end="155" start="149" name="Weapon"/>
            </layer>
            <layer rank="1" name="GF"/>
            <layer rank="1" name="PT"/>
            <layer rank="1" name="Other"/>
            <layer rank="1" name="Sent"/>
            <layer rank="1" name="Noun"/>
        </annotationSet>
    </sentence>
</fullTextAnnotation>