<?xml version="1.0" encoding="UTF-8" standalone="yes"?>
<?xml-stylesheet type="text/xsl" href="fullText.xsl"?>
<fullTextAnnotation xsi:schemaLocation="../schema/fullText.xsd" xmlns="http://framenet.icsi.berkeley.edu" xmlns:xsi="http://www.w3.org/2001/XMLSchema-instance">
    <header>
        <corpus description="LUCorpus-v0.3" name="LUCorpus-v0.3" ID="205">
            <document description="ENRON-pearson-email-25jul02" name="ENRON-pearson-email-25jul02" ID="23719"/>
        </corpus>
    </header>
    <sentence corpID="205" docID="23719" sentNo="1" paragNo="1" aPos="0" ID="4101513">
        <text>Date : Wed , 25 Jul 2001 16:45:08 -0700 ( PDT )</text>
        <annotationSet cDate="08/03/2007 04:06:35 PDT Fri" status="UNANN" ID="6544762">
            <layer rank="1" name="PENN">
                <label end="3" start="0" name="nn"/>
                <label end="5" start="5" name=":"/>
                <label end="9" start="7" name="VVN"/>
                <label end="11" start="11" name=","/>
                <label end="14" start="13" name="cd"/>
                <label end="18" start="16" name="nn"/>
                <label end="23" start="20" name="cd"/>
                <label end="32" start="25" name="cd"/>
                <label end="38" start="34" name="cd"/>
                <label end="40" start="40" name="("/>
                <label end="44" start="42" name="NP"/>
                <label end="46" start="46" name=")"/>
            </layer>
            <layer rank="1" name="NER">
                <label end="9" start="7" name="date"/>
                <label end="23" start="20" name="date"/>
                <label end="38" start="25" name="time"/>
            </layer>
            <layer rank="1" name="WSL">
                <label end="5" start="5" name="NT"/>
                <label end="11" start="11" name="NT"/>
                <label end="14" start="13" name="NT"/>
                <label end="23" start="20" name="NT"/>
                <label end="32" start="25" name="NT"/>
                <label end="38" start="34" name="NT"/>
                <label end="40" start="40" name="NT"/>
                <label end="44" start="42" name="NT"/>
                <label end="46" start="46" name="NT"/>
            </layer>
        </annotationSet>
    </sentence>
    <sentence corpID="205" docID="23719" sentNo="1" paragNo="2" aPos="0" ID="4101514">
        <text>From : rpearson @ oilstates.com</text>
        <annotationSet cDate="08/03/2007 04:06:35 PDT Fri" status="UNANN" ID="6544763">
            <layer rank="1" name="PENN">
                <label end="3" start="0" name="in"/>
                <label end="5" start="5" name=":"/>
                <label end="14" start="7" name="NP"/>
                <label end="16" start="16" name="sym"/>
                <label end="30" start="18" name="nn"/>
            </layer>
            <layer rank="1" name="NER"/>
            <layer rank="1" name="WSL">
                <label end="3" start="0" name="NT"/>
                <label end="5" start="5" name="NT"/>
                <label end="14" start="7" name="NT"/>
                <label end="16" start="16" name="NT"/>
            </layer>
        </annotationSet>
    </sentence>
    <sentence corpID="205" docID="23719" sentNo="1" paragNo="3" aPos="0" ID="4101515">
        <text>To : don.baughman @ enron.com</text>
        <annotationSet cDate="08/03/2007 04:06:35 PDT Fri" status="UNANN" ID="6544764">
            <layer rank="1" name="PENN">
                <label end="1" start="0" name="to"/>
                <label end="3" start="3" name=":"/>
                <label end="16" start="5" name="nn"/>
                <label end="18" start="18" name="sym"/>
                <label end="28" start="20" name="jj"/>
            </layer>
            <layer rank="1" name="NER">
                <label end="28" start="20" name="organization"/>
            </layer>
            <layer rank="1" name="WSL">
                <label end="1" start="0" name="NT"/>
                <label end="3" start="3" name="NT"/>
                <label end="18" start="18" name="NT"/>
            </layer>
        </annotationSet>
    </sentence>
    <sentence corpID="205" docID="23719" sentNo="1" paragNo="4" aPos="0" ID="4101516">
        <text>Subject : RE : Unclassified rules</text>
        <annotationSet cDate="08/03/2007 04:06:35 PDT Fri" status="UNANN" ID="6544765">
            <layer rank="1" name="PENN">
                <label end="6" start="0" name="jj"/>
                <label end="8" start="8" name=":"/>
                <label end="11" start="10" name="nn"/>
                <label end="13" start="13" name=":"/>
                <label end="26" start="15" name="jj"/>
                <label end="32" start="28" name="nns"/>
            </layer>
            <layer rank="1" name="NER">
                <label end="11" start="10" name="organization"/>
                <label end="26" start="15" name="organization"/>
            </layer>
            <layer rank="1" name="WSL">
                <label end="8" start="8" name="NT"/>
                <label end="13" start="13" name="NT"/>
            </layer>
        </annotationSet>
    </sentence>
    <sentence corpID="205" docID="23719" sentNo="1" paragNo="5" aPos="0" ID="4101517">
        <text>HOWDY ,</text>
        <annotationSet cDate="08/03/2007 04:06:35 PDT Fri" status="UNANN" ID="6544766">
            <layer rank="1" name="PENN">
                <label end="4" start="0" name="NP"/>
                <label end="6" start="6" name=","/>
            </layer>
            <layer rank="1" name="NER"/>
            <layer rank="1" name="WSL">
                <label end="4" start="0" name="NT"/>
                <label end="6" start="6" name="NT"/>
            </layer>
        </annotationSet>
    </sentence>
    <sentence corpID="205" docID="23719" sentNo="1" paragNo="6" aPos="0" ID="4101518">
        <text>WHAT 'S BEEN GOING ON AMIGO .</text>
        <annotationSet cDate="08/03/2007 04:06:35 PDT Fri" status="UNANN" ID="6544767">
            <layer rank="1" name="PENN">
                <label end="3" start="0" name="wp"/>
                <label end="6" start="5" name="VBZ"/>
                <label end="11" start="8" name="VBN"/>
                <label end="17" start="13" name="VVG"/>
                <label end="20" start="19" name="rp"/>
                <label end="26" start="22" name="nn"/>
                <label end="28" start="28" name="sent"/>
            </layer>
            <layer rank="1" name="NER"/>
            <layer rank="1" name="WSL">
                <label end="3" start="0" name="NT"/>
                <label end="6" start="5" name="NT"/>
                <label end="11" start="8" name="NT"/>
                <label end="20" start="19" name="NT"/>
                <label end="28" start="28" name="NT"/>
            </layer>
        </annotationSet>
        <annotationSet cDate="08/09/2007 11:29:22 PDT Thu" luID="8441" luName="amigo.n" frameID="102" frameName="Personal_relationship" status="MANUAL" ID="6545090">
            <layer rank="1" name="Target">
                <label cBy="KmG" end="26" start="22" name="Target"/>
            </layer>
            <layer rank="1" name="FE">
                <label cBy="KmG" feID="487" bgColor="008000" fgColor="FFFFFF" end="26" start="22" name="Partner_1"/>
            </layer>
            <layer rank="1" name="GF"/>
            <layer rank="1" name="PT"/>
            <layer rank="1" name="Other"/>
            <layer rank="1" name="Sent"/>
            <layer rank="1" name="Noun"/>
        </annotationSet>
    </sentence>
    <sentence corpID="205" docID="23719" sentNo="2" paragNo="6" aPos="0" ID="4101519">
        <text>I HAVE NOT TALKED TO YOU IN A WHILE .</text>
        <annotationSet cDate="08/03/2007 04:06:35 PDT Fri" status="UNANN" ID="6544768">
            <layer rank="1" name="PENN">
                <label end="0" start="0" name="PP"/>
                <label end="5" start="2" name="VHP"/>
                <label end="9" start="7" name="rb"/>
                <label end="16" start="11" name="VVN"/>
                <label end="19" start="18" name="to"/>
                <label end="23" start="21" name="PP"/>
                <label end="26" start="25" name="in"/>
                <label end="28" start="28" name="dt"/>
                <label end="34" start="30" name="nn"/>
                <label end="36" start="36" name="sent"/>
            </layer>
            <layer rank="1" name="NER"/>
            <layer rank="1" name="WSL">
                <label end="0" start="0" name="NT"/>
                <label end="5" start="2" name="NT"/>
                <label end="9" start="7" name="NT"/>
                <label end="19" start="18" name="NT"/>
                <label end="23" start="21" name="NT"/>
                <label end="26" start="25" name="NT"/>
                <label end="28" start="28" name="NT"/>
                <label end="36" start="36" name="NT"/>
            </layer>
        </annotationSet>
        <annotationSet cDate="08/09/2007 11:29:39 PDT Thu" luID="9979" luName="talk.v" frameID="910" frameName="Chatting" status="MANUAL" ID="6545091">
            <layer rank="1" name="Target">
                <label cBy="KmG" end="16" start="11" name="Target"/>
            </layer>
            <layer rank="1" name="FE">
                <label cBy="KmG" feID="5782" bgColor="FF0000" fgColor="FFFFFF" end="0" start="0" name="Interlocutor_1"/>
                <label cBy="KmG" feID="5783" bgColor="0000FF" fgColor="FFFFFF" end="23" start="18" name="Interlocutor_2"/>
                <label cBy="KmG" feID="5784" bgColor="800080" fgColor="FFFFFF" end="34" start="25" name="Duration"/>
            </layer>
            <layer rank="1" name="GF">
                <label end="0" start="0" name="Ext"/>
                <label end="23" start="18" name="Dep"/>
                <label end="34" start="25" name="Dep"/>
            </layer>
            <layer rank="1" name="PT">
                <label end="0" start="0" name="NP"/>
                <label end="23" start="18" name="PP"/>
                <label end="34" start="25" name="PP"/>
            </layer>
            <layer rank="1" name="Other"/>
            <layer rank="1" name="Sent"/>
            <layer rank="1" name="Verb"/>
        </annotationSet>
    </sentence>
    <sentence corpID="205" docID="23719" sentNo="3" paragNo="6" aPos="0" ID="4101520">
        <text>GIVE YOU THE SCOPE OF WHATS BEEN GOING ON WITH ME .</text>
        <annotationSet cDate="08/03/2007 04:06:36 PDT Fri" status="UNANN" ID="6544769">
            <layer rank="1" name="PENN">
                <label end="3" start="0" name="VV"/>
                <label end="7" start="5" name="PP"/>
                <label end="11" start="9" name="dt"/>
                <label end="17" start="13" name="nn"/>
                <label end="20" start="19" name="in"/>
                <label end="26" start="22" name="nns"/>
                <label end="31" start="28" name="VBN"/>
                <label end="37" start="33" name="VVG"/>
                <label end="40" start="39" name="rp"/>
                <label end="45" start="42" name="in"/>
                <label end="48" start="47" name="PP"/>
                <label end="50" start="50" name="sent"/>
            </layer>
            <layer rank="1" name="NER">
                <label end="26" start="13" name="organization"/>
            </layer>
            <layer rank="1" name="WSL">
                <label end="7" start="5" name="NT"/>
                <label end="11" start="9" name="NT"/>
                <label end="20" start="19" name="NT"/>
                <label end="31" start="28" name="NT"/>
                <label end="40" start="39" name="NT"/>
                <label end="45" start="42" name="NT"/>
                <label end="48" start="47" name="NT"/>
                <label end="50" start="50" name="NT"/>
            </layer>
        </annotationSet>
    </sentence>
    <sentence corpID="205" docID="23719" sentNo="4" paragNo="6" aPos="0" ID="4101521">
        <text>I LEFT OILSTATES BACK IN MARCH WITH ANOTHER COMPANY .</text>
        <annotationSet cDate="08/03/2007 04:06:36 PDT Fri" status="UNANN" ID="6544770">
            <layer rank="1" name="PENN">
                <label end="0" start="0" name="PP"/>
                <label end="5" start="2" name="VVD"/>
                <label end="15" start="7" name="nns"/>
                <label end="20" start="17" name="rb"/>
                <label end="23" start="22" name="in"/>
                <label end="29" start="25" name="nn"/>
                <label end="34" start="31" name="in"/>
                <label end="42" start="36" name="dt"/>
                <label end="50" start="44" name="nn"/>
                <label end="52" start="52" name="sent"/>
            </layer>
            <layer rank="1" name="NER">
                <label end="15" start="7" name="organization"/>
            </layer>
            <layer rank="1" name="WSL">
                <label end="0" start="0" name="NT"/>
                <label end="34" start="31" name="NT"/>
                <label end="52" start="52" name="NT"/>
            </layer>
        </annotationSet>
        <annotationSet cDate="08/09/2007 11:33:29 PDT Thu" luID="14080" luName="in.prep" frameID="1895" frameName="Temporal_collocation" status="MANUAL" ID="6545092">
            <layer rank="1" name="Target">
                <label cBy="KmG" end="23" start="22" name="Target"/>
            </layer>
            <layer rank="1" name="FE">
                <label cBy="KmG" feID="12063" bgColor="1E90FF" fgColor="FFFFFF" end="29" start="25" name="Landmark_period"/>
                <label cBy="KmG" feID="12064" bgColor="FF00FF" fgColor="FFFFFF" end="15" start="0" name="Trajector_event"/>
            </layer>
            <layer rank="1" name="GF">
                <label end="29" start="25" name="Obj"/>
                <label end="15" start="0" name="Ext"/>
            </layer>
            <layer rank="1" name="PT">
                <label end="29" start="25" name="NP"/>
                <label end="15" start="0" name="Sfin"/>
            </layer>
            <layer rank="1" name="Other"/>
            <layer rank="1" name="Sent"/>
            <layer rank="1" name="Prep"/>
        </annotationSet>
        <annotationSet cDate="08/09/2007 11:36:23 PDT Thu" luID="10175" luName="another.a" frameID="1001" frameName="Increment" status="MANUAL" ID="6545093">
            <layer rank="1" name="Target">
                <label cBy="KmG" end="42" start="36" name="Target"/>
            </layer>
            <layer rank="1" name="FE">
                <label cBy="KmG" feID="5993" bgColor="FF0000" fgColor="FFFFFF" end="50" start="44" name="Class"/>
            </layer>
            <layer rank="1" name="GF">
                <label end="50" start="44" name="Head"/>
            </layer>
            <layer rank="1" name="PT">
                <label end="50" start="44" name="N"/>
            </layer>
            <layer rank="1" name="Other"/>
            <layer rank="1" name="Sent"/>
            <layer rank="1" name="Adj"/>
            <layer rank="2" name="FE">
                <label cBy="KmG" feID="6124" bgColor="0000FF" fgColor="FFFFFF" end="50" start="36" name="Added_set"/>
            </layer>
        </annotationSet>
        <annotationSet cDate="08/09/2007 11:36:39 PDT Thu" luID="11113" luName="company.n" frameID="365" frameName="Businesses" status="MANUAL" ID="6545094">
            <layer rank="1" name="Target">
                <label cBy="KmG" end="50" start="44" name="Target"/>
            </layer>
            <layer rank="1" name="FE">
                <label cBy="KmG" feID="3385" bgColor="0000FF" fgColor="FFFFFF" end="50" start="44" name="Business"/>
            </layer>
            <layer rank="1" name="GF"/>
            <layer rank="1" name="PT"/>
            <layer rank="1" name="Other"/>
            <layer rank="1" name="Sent"/>
            <layer rank="1" name="Noun"/>
        </annotationSet>
    </sentence>
    <sentence corpID="205" docID="23719" sentNo="5" paragNo="6" aPos="0" ID="4101522">
        <text>DID A LOT OF TRAVELING AND THEY ( OILSTATES ) MADE ME A SWEET OFFER TO COME BACK .</text>
        <annotationSet cDate="08/03/2007 04:06:36 PDT Fri" status="UNANN" ID="6544771">
            <layer rank="1" name="PENN">
                <label end="2" start="0" name="VVD"/>
                <label end="4" start="4" name="dt"/>
                <label end="8" start="6" name="nn"/>
                <label end="11" start="10" name="in"/>
                <label end="21" start="13" name="VVG"/>
                <label end="25" start="23" name="cc"/>
                <label end="30" start="27" name="PP"/>
                <label end="32" start="32" name="("/>
                <label end="42" start="34" name="NP"/>
                <label end="44" start="44" name=")"/>
                <label end="49" start="46" name="VVD"/>
                <label end="52" start="51" name="PP"/>
                <label end="54" start="54" name="dt"/>
                <label end="60" start="56" name="jj"/>
                <label end="66" start="62" name="nn"/>
                <label end="69" start="68" name="to"/>
                <label end="74" start="71" name="VV"/>
                <label end="79" start="76" name="rp"/>
                <label end="81" start="81" name="sent"/>
            </layer>
            <layer rank="1" name="NER"/>
            <layer rank="1" name="WSL">
                <label end="2" start="0" name="NT"/>
                <label end="11" start="10" name="NT"/>
                <label end="25" start="23" name="NT"/>
                <label end="30" start="27" name="NT"/>
                <label end="32" start="32" name="NT"/>
                <label end="42" start="34" name="NT"/>
                <label end="44" start="44" name="NT"/>
                <label end="52" start="51" name="NT"/>
                <label end="54" start="54" name="NT"/>
                <label end="69" start="68" name="NT"/>
                <label end="81" start="81" name="NT"/>
            </layer>
        </annotationSet>
        <annotationSet cDate="08/09/2007 11:37:01 PDT Thu" luID="13232" luName="a lot.n" frameID="189" frameName="Quantified_mass" status="MANUAL" ID="6545095">
            <layer rank="1" name="Target">
                <label cBy="KmG" end="8" start="6" name="Target"/>
                <label cBy="KmG" end="4" start="4" name="Target"/>
            </layer>
            <layer rank="1" name="FE">
                <label cBy="KmG" feID="1550" bgColor="0000FF" fgColor="FFFFFF" end="8" start="4" name="Quantity"/>
                <label cBy="KmG" feID="1551" bgColor="800080" fgColor="FFFFFF" end="21" start="10" name="Mass"/>
            </layer>
            <layer rank="1" name="GF">
                <label end="21" start="10" name="Dep"/>
            </layer>
            <layer rank="1" name="PT">
                <label end="21" start="10" name="PP"/>
            </layer>
            <layer rank="1" name="Other"/>
            <layer rank="1" name="Sent"/>
            <layer rank="1" name="Noun"/>
        </annotationSet>
        <annotationSet cDate="08/09/2007 11:37:29 PDT Thu" luID="5957" luName="travel.v" frameID="343" frameName="Travel" status="MANUAL" ID="6545096">
            <layer rank="1" name="Target">
                <label cBy="KmG" end="21" start="13" name="Target"/>
            </layer>
            <layer rank="1" name="FE">
                <label cBy="KmG" feID="2949" itype="CNI" bgColor="FF0000" fgColor="FFFFFF" name="Traveler"/>
                <label cBy="KmG" feID="2941" itype="DNI" bgColor="FF69B4" fgColor="FFFFFF" name="Area"/>
            </layer>
            <layer rank="1" name="GF"/>
            <layer rank="1" name="PT"/>
            <layer rank="1" name="Other"/>
            <layer rank="1" name="Sent"/>
            <layer rank="1" name="Verb"/>
        </annotationSet>
        <annotationSet cDate="08/09/2007 11:40:43 PDT Thu" luID="941" luName="come.v" frameID="54" frameName="Arriving" status="MANUAL" ID="6545097">
            <layer rank="1" name="Target">
                <label cBy="KmG" end="74" start="71" name="Target"/>
            </layer>
            <layer rank="1" name="FE">
                <label cBy="KmG" feID="226" bgColor="00BFFF" fgColor="FFFFFF" end="79" start="76" name="Goal"/>
                <label cBy="KmG" feID="223" bgColor="FF0000" fgColor="FFFFFF" end="52" start="51" name="Theme"/>
            </layer>
            <layer rank="1" name="GF">
                <label end="79" start="76" name="Dep"/>
                <label end="52" start="51" name="Ext"/>
            </layer>
            <layer rank="1" name="PT">
                <label end="79" start="76" name="AVP"/>
                <label end="52" start="51" name="NP"/>
            </layer>
            <layer rank="1" name="Other"/>
            <layer rank="1" name="Sent"/>
            <layer rank="1" name="Verb"/>
        </annotationSet>
    </sentence>
    <sentence corpID="205" docID="23719" sentNo="6" paragNo="6" aPos="0" ID="4101523">
        <text>SO I AM BACK .</text>
        <annotationSet cDate="08/03/2007 04:06:36 PDT Fri" status="UNANN" ID="6544772">
            <layer rank="1" name="PENN">
                <label end="1" start="0" name="rb"/>
                <label end="3" start="3" name="PP"/>
                <label end="6" start="5" name="vbp"/>
                <label end="11" start="8" name="rb"/>
                <label end="13" start="13" name="sent"/>
            </layer>
            <layer rank="1" name="NER"/>
            <layer rank="1" name="WSL">
                <label end="1" start="0" name="NT"/>
                <label end="3" start="3" name="NT"/>
                <label end="6" start="5" name="NT"/>
                <label end="13" start="13" name="NT"/>
            </layer>
        </annotationSet>
    </sentence>
    <sentence corpID="205" docID="23719" sentNo="1" paragNo="7" aPos="0" ID="4101524">
        <text>WHO 'S GETTING MARRIED ?</text>
        <annotationSet cDate="08/03/2007 04:06:36 PDT Fri" status="UNANN" ID="6544773">
            <layer rank="1" name="PENN">
                <label end="2" start="0" name="wp"/>
                <label end="5" start="4" name="VBZ"/>
                <label end="13" start="7" name="VVG"/>
                <label end="21" start="15" name="jj"/>
                <label end="23" start="23" name="sent"/>
            </layer>
            <layer rank="1" name="NER"/>
            <layer rank="1" name="WSL">
                <label end="2" start="0" name="NT"/>
                <label end="5" start="4" name="NT"/>
                <label end="23" start="23" name="NT"/>
            </layer>
        </annotationSet>
        <annotationSet cDate="08/09/2007 11:43:18 PDT Thu" luID="10393" luName="get.v" frameID="1070" frameName="Transition_to_state" status="MANUAL" ID="6545098">
            <layer rank="1" name="Target">
                <label cBy="KmG" end="13" start="7" name="Target"/>
            </layer>
            <layer rank="1" name="FE">
                <label cBy="KmG" feID="6257" bgColor="FF0000" fgColor="FFFFFF" end="2" start="0" name="Entity"/>
                <label cBy="KmG" feID="16580" bgColor="FF69B4" fgColor="FFFFFF" end="21" start="15" name="Final_situation"/>
            </layer>
            <layer rank="1" name="GF">
                <label end="2" start="0" name="Ext"/>
                <label end="21" start="15" name="Dep"/>
            </layer>
            <layer rank="1" name="PT">
                <label end="2" start="0" name="NP"/>
                <label end="21" start="15" name="VPed"/>
            </layer>
            <layer rank="1" name="Other"/>
            <layer rank="1" name="Sent"/>
            <layer rank="1" name="Verb"/>
        </annotationSet>
        <annotationSet cDate="08/09/2007 11:45:56 PDT Thu" luID="9028" luName="marry.v" frameID="723" frameName="Forming_relationships" status="MANUAL" ID="6545101">
            <layer rank="1" name="Target">
                <label cBy="KmG" end="21" start="15" name="Target"/>
            </layer>
            <layer rank="1" name="FE">
                <label cBy="KmG" feID="4734" bgColor="008000" fgColor="FFFFFF" end="2" start="0" name="Partners"/>
            </layer>
            <layer rank="1" name="GF">
                <label end="2" start="0" name="Ext"/>
            </layer>
            <layer rank="1" name="PT">
                <label end="2" start="0" name="NP"/>
            </layer>
            <layer rank="1" name="Other"/>
            <layer rank="1" name="Sent"/>
            <layer rank="1" name="Verb"/>
        </annotationSet>
    </sentence>
    <sentence corpID="205" docID="23719" sentNo="2" paragNo="7" aPos="0" ID="4101525">
        <text>SOUNDS LIKE THIS IS GOING TO BE A GREAT BACHELOR PARTY .</text>
        <annotationSet cDate="08/03/2007 04:06:36 PDT Fri" status="UNANN" ID="6544774">
            <layer rank="1" name="PENN">
                <label end="5" start="0" name="nns"/>
                <label end="10" start="7" name="in"/>
                <label end="15" start="12" name="dt"/>
                <label end="18" start="17" name="VBZ"/>
                <label end="24" start="20" name="VVG"/>
                <label end="27" start="26" name="to"/>
                <label end="30" start="29" name="vb"/>
                <label end="32" start="32" name="dt"/>
                <label end="38" start="34" name="jj"/>
                <label end="47" start="40" name="nn"/>
                <label end="53" start="49" name="nn"/>
                <label end="55" start="55" name="sent"/>
            </layer>
            <layer rank="1" name="NER"/>
            <layer rank="1" name="WSL">
                <label end="10" start="7" name="NT"/>
                <label end="15" start="12" name="NT"/>
                <label end="18" start="17" name="NT"/>
                <label end="27" start="26" name="NT"/>
                <label end="30" start="29" name="NT"/>
                <label end="32" start="32" name="NT"/>
                <label end="55" start="55" name="NT"/>
            </layer>
        </annotationSet>
        <annotationSet cDate="08/09/2007 11:46:11 PDT Thu" luID="1327" luName="sound.v" frameID="67" frameName="Give_impression" status="MANUAL" ID="6545102">
            <layer rank="1" name="Target">
                <label cBy="KmG" end="5" start="0" name="Target"/>
            </layer>
            <layer rank="1" name="FE">
                <label cBy="KmG" feID="312" bgColor="00008B" fgColor="FFFFFF" end="53" start="7" name="Inference"/>
                <label cBy="KmG" feID="309" itype="DNI" bgColor="FF0000" fgColor="FFFFFF" name="Phenomenon"/>
            </layer>
            <layer rank="1" name="GF">
                <label end="53" start="7" name="Dep"/>
            </layer>
            <layer rank="1" name="PT">
                <label end="53" start="7" name="PP"/>
            </layer>
            <layer rank="1" name="Other"/>
            <layer rank="1" name="Sent"/>
            <layer rank="1" name="Verb"/>
        </annotationSet>
        <annotationSet cDate="08/09/2007 11:51:47 PDT Thu" luID="6316" luName="great.a" frameID="354" frameName="Desirability" status="MANUAL" ID="6545103">
            <layer rank="1" name="Target">
                <label cBy="KmG" end="38" start="34" name="Target"/>
            </layer>
            <layer rank="1" name="FE">
                <label cBy="KmG" feID="3153" bgColor="9F79EE" fgColor="FFFFFF" end="53" start="40" name="Evaluee"/>
            </layer>
            <layer rank="1" name="GF">
                <label end="53" start="40" name="Head"/>
            </layer>
            <layer rank="1" name="PT">
                <label end="53" start="40" name="N"/>
            </layer>
            <layer rank="1" name="Other"/>
            <layer rank="1" name="Sent"/>
            <layer rank="1" name="Adj"/>
        </annotationSet>
        <annotationSet cDate="08/09/2007 11:52:02 PDT Thu" luID="2038" luName="bachelor.n" frameID="102" frameName="Personal_relationship" status="MANUAL" ID="6545104">
            <layer rank="1" name="Target">
                <label cBy="KmG" end="47" start="40" name="Target"/>
            </layer>
            <layer rank="1" name="FE">
                <label cBy="KmG" feID="487" bgColor="008000" fgColor="FFFFFF" end="47" start="40" name="Partner_1"/>
            </layer>
            <layer rank="1" name="GF"/>
            <layer rank="1" name="PT"/>
            <layer rank="1" name="Other"/>
            <layer rank="1" name="Sent"/>
            <layer rank="1" name="Noun"/>
        </annotationSet>
        <annotationSet cDate="08/09/2007 11:52:11 PDT Thu" luID="2521" luName="party.n" frameID="125" frameName="Social_event" status="MANUAL" ID="6545105">
            <layer rank="1" name="Target">
                <label cBy="KmG" end="53" start="49" name="Target"/>
            </layer>
            <layer rank="1" name="FE">
                <label cBy="KmG" feID="765" bgColor="A52A2A" fgColor="FFFFFF" end="47" start="40" name="Beneficiary"/>
                <label cBy="KmG" feID="760" bgColor="800080" fgColor="FFFFFF" end="15" start="12" name="Social_event"/>
                <label cBy="KmG" feID="11958" bgColor="EEE8AA" fgColor="00008B" end="38" start="34" name="Descriptor"/>
            </layer>
            <layer rank="1" name="GF">
                <label end="47" start="40" name="Dep"/>
                <label end="15" start="12" name="Ext"/>
                <label end="38" start="34" name="Dep"/>
            </layer>
            <layer rank="1" name="PT">
                <label end="47" start="40" name="N"/>
                <label end="15" start="12" name="NP"/>
                <label end="38" start="34" name="AJP"/>
            </layer>
            <layer rank="1" name="Other"/>
            <layer rank="1" name="Sent"/>
            <layer rank="1" name="Noun">
                <label end="18" start="17" name="Cop"/>
            </layer>
        </annotationSet>
    </sentence>
    <sentence corpID="205" docID="23719" sentNo="3" paragNo="7" aPos="0" ID="4101526">
        <text>GIVE ME A CALL SOMETIME CELL : 713 991 - 5621 .</text>
        <annotationSet cDate="08/03/2007 04:06:36 PDT Fri" status="UNANN" ID="6544775">
            <layer rank="1" name="PENN">
                <label end="3" start="0" name="VV"/>
                <label end="6" start="5" name="PP"/>
                <label end="8" start="8" name="dt"/>
                <label end="13" start="10" name="jj"/>
                <label end="22" start="15" name="jj"/>
                <label end="27" start="24" name="nn"/>
                <label end="29" start="29" name=":"/>
                <label end="33" start="31" name="cd"/>
                <label end="37" start="35" name="cd"/>
                <label end="39" start="39" name=":"/>
                <label end="44" start="41" name="cd"/>
                <label end="46" start="46" name="sent"/>
            </layer>
            <layer rank="1" name="NER">
                <label end="27" start="15" name="organization"/>
            </layer>
            <layer rank="1" name="WSL">
                <label end="6" start="5" name="NT"/>
                <label end="8" start="8" name="NT"/>
                <label end="29" start="29" name="NT"/>
                <label end="33" start="31" name="NT"/>
                <label end="37" start="35" name="NT"/>
                <label end="39" start="39" name="NT"/>
                <label end="44" start="41" name="NT"/>
                <label end="46" start="46" name="NT"/>
                <label end="27" start="24" name="Nonrelational"/>
            </layer>
        </annotationSet>
        <annotationSet cDate="08/09/2007 11:57:43 PDT Thu" luID="5273" luName="call.n" frameID="286" frameName="Contacting" status="MANUAL" ID="6545115">
            <layer rank="1" name="Target">
                <label cBy="KmG" end="13" start="10" name="Target"/>
            </layer>
            <layer rank="1" name="FE">
                <label cBy="KmG" feID="2483" bgColor="0000FF" fgColor="FFFFFF" end="6" start="5" name="Addressee"/>
                <label cBy="KmG" feID="2481" itype="CNI" bgColor="FF0000" fgColor="FFFFFF" name="Communicator"/>
                <label cBy="KmG" feID="2930" bgColor="FFA500" fgColor="FFFFFF" end="22" start="15" name="Time"/>
            </layer>
            <layer rank="1" name="GF">
                <label end="6" start="5" name="Obj"/>
                <label end="22" start="15" name="Dep"/>
            </layer>
            <layer rank="1" name="PT">
                <label end="6" start="5" name="NP"/>
                <label end="22" start="15" name="AVP"/>
            </layer>
            <layer rank="1" name="Other"/>
            <layer rank="1" name="Sent"/>
            <layer rank="1" name="Noun">
                <label end="3" start="0" name="Supp"/>
            </layer>
        </annotationSet>
    </sentence>
    <sentence corpID="205" docID="23719" sentNo="1" paragNo="8" aPos="0" ID="4101527">
        <text>ROB</text>
        <annotationSet cDate="08/03/2007 04:06:37 PDT Fri" status="UNANN" ID="6544776">
            <layer rank="1" name="PENN">
                <label end="2" start="0" name="VV"/>
            </layer>
            <layer rank="1" name="NER">
                <label end="2" start="0" name="person"/>
            </layer>
            <layer rank="1" name="WSL"/>
        </annotationSet>
    </sentence>
</fullTextAnnotation>