<?xml version="1.0" encoding="UTF-8" standalone="yes"?>
<?xml-stylesheet type="text/xsl" href="fullText.xsl"?>
<fullTextAnnotation xsi:schemaLocation="../schema/fullText.xsd" xmlns="http://framenet.icsi.berkeley.edu" xmlns:xsi="http://www.w3.org/2001/XMLSchema-instance">
    <header>
        <corpus description="LUCorpus-v0.3" name="LUCorpus-v0.3" ID="205">
            <document description="artb_004_A1_E2_NEW" name="artb_004_A1_E2_NEW" ID="23716"/>
        </corpus>
    </header>
    <sentence corpID="205" docID="23716" sentNo="1" paragNo="1" aPos="0" ID="4101398">
        <text>Launching the Electronics Free Trade Zone in Dubai</text>
        <annotationSet cDate="08/03/2007 03:13:27 PDT Fri" status="UNANN" ID="6544633">
            <layer rank="1" name="PENN">
                <label end="8" start="0" name="VVG"/>
                <label end="12" start="10" name="dt"/>
                <label end="24" start="14" name="NP"/>
                <label end="29" start="26" name="NP"/>
                <label end="35" start="31" name="NP"/>
                <label end="40" start="37" name="NP"/>
                <label end="43" start="42" name="in"/>
                <label end="49" start="45" name="NP"/>
            </layer>
            <layer rank="1" name="NER">
                <label end="40" start="14" name="organization"/>
                <label end="49" start="45" name="location"/>
            </layer>
            <layer rank="1" name="WSL">
                <label end="12" start="10" name="NT"/>
                <label end="24" start="14" name="NT"/>
                <label end="29" start="26" name="NT"/>
                <label end="35" start="31" name="NT"/>
                <label end="40" start="37" name="NT"/>
                <label end="43" start="42" name="NT"/>
                <label end="49" start="45" name="NT"/>
            </layer>
        </annotationSet>
        <annotationSet cDate="07/15/2008 05:23:19 PDT Tue" luID="15097" luName="launch.v" frameID="2070" frameName="Launch_process" status="MANUAL" ID="6552431">
            <layer rank="1" name="Target">
                <label cBy="KmG" end="8" start="0" name="Target"/>
            </layer>
            <layer rank="1" name="FE">
                <label cBy="KmG" feID="12738" bgColor="0000FF" fgColor="FFFFFF" end="49" start="10" name="Process"/>
                <label cBy="CVa" feID="12743" itype="CNI" bgColor="1E90FF" fgColor="FFFFFF" name="Agent"/>
            </layer>
            <layer rank="1" name="GF">
                <label end="49" start="10" name="Obj"/>
            </layer>
            <layer rank="1" name="PT">
                <label end="49" start="10" name="NP"/>
            </layer>
            <layer rank="1" name="Other"/>
            <layer rank="1" name="Sent"/>
            <layer rank="1" name="Verb"/>
        </annotationSet>
    </sentence>
    <sentence corpID="205" docID="23716" sentNo="1" paragNo="2" aPos="0" ID="4101399">
        <text>Dubai 01-82 ( AFP ) - Crown Prince of Dubai Al Sheikh Mohammed bin Rashid Al Maktoom crown prince of Dubai launched today , i.e. on Saturday , an electronics free e-trade zone which has been named `` Dubai Internet City ''</text>
        <annotationSet cDate="08/03/2007 03:13:27 PDT Fri" status="UNANN" ID="6544634">
            <layer rank="1" name="PENN">
                <label end="4" start="0" name="NP"/>
                <label end="10" start="6" name="NP"/>
                <label end="12" start="12" name="("/>
                <label end="16" start="14" name="NP"/>
                <label end="18" start="18" name=")"/>
                <label end="20" start="20" name=":"/>
                <label end="26" start="22" name="NP"/>
                <label end="33" start="28" name="NP"/>
                <label end="36" start="35" name="in"/>
                <label end="42" start="38" name="NP"/>
                <label end="45" start="44" name="NP"/>
                <label end="52" start="47" name="NP"/>
                <label end="61" start="54" name="NP"/>
                <label end="65" start="63" name="nn"/>
                <label end="72" start="67" name="NP"/>
                <label end="75" start="74" name="NP"/>
                <label end="83" start="77" name="nn"/>
                <label end="89" start="85" name="nn"/>
                <label end="96" start="91" name="nn"/>
                <label end="99" start="98" name="in"/>
                <label end="105" start="101" name="NP"/>
                <label end="114" start="107" name="VVD"/>
                <label end="120" start="116" name="nn"/>
                <label end="122" start="122" name=","/>
                <label end="127" start="124" name="fw"/>
                <label end="130" start="129" name="in"/>
                <label end="139" start="132" name="NP"/>
                <label end="141" start="141" name=","/>
                <label end="144" start="143" name="dt"/>
                <label end="156" start="146" name="nn"/>
                <label end="161" start="158" name="jj"/>
                <label end="169" start="163" name="nn"/>
                <label end="174" start="171" name="nn"/>
                <label end="180" start="176" name="wdt"/>
                <label end="184" start="182" name="VHZ"/>
                <label end="189" start="186" name="VBN"/>
                <label end="195" start="191" name="VVN"/>
                <label end="198" start="197" name="``"/>
                <label end="204" start="200" name="NP"/>
                <label end="213" start="206" name="NP"/>
                <label end="218" start="215" name="NP"/>
                <label end="221" start="220" name="''"/>
            </layer>
            <layer rank="1" name="NER">
                <label end="4" start="0" name="location"/>
                <label end="16" start="14" name="organization"/>
                <label end="42" start="38" name="location"/>
                <label end="83" start="44" name="person"/>
                <label end="105" start="101" name="location"/>
                <label end="139" start="132" name="date"/>
                <label end="204" start="200" name="location"/>
            </layer>
            <layer rank="1" name="WSL">
                <label end="4" start="0" name="NT"/>
                <label end="10" start="6" name="NT"/>
                <label end="12" start="12" name="NT"/>
                <label end="16" start="14" name="NT"/>
                <label end="18" start="18" name="NT"/>
                <label end="20" start="20" name="NT"/>
                <label end="26" start="22" name="NT"/>
                <label end="33" start="28" name="NT"/>
                <label end="36" start="35" name="NT"/>
                <label end="42" start="38" name="NT"/>
                <label end="45" start="44" name="NT"/>
                <label end="52" start="47" name="NT"/>
                <label end="61" start="54" name="NT"/>
                <label end="72" start="67" name="NT"/>
                <label end="75" start="74" name="NT"/>
                <label end="105" start="101" name="NT"/>
                <label end="122" start="122" name="NT"/>
                <label end="127" start="124" name="NT"/>
                <label end="141" start="141" name="NT"/>
                <label end="144" start="143" name="NT"/>
                <label end="180" start="176" name="NT"/>
                <label end="184" start="182" name="NT"/>
                <label end="189" start="186" name="NT"/>
                <label end="198" start="197" name="NT"/>
                <label end="204" start="200" name="NT"/>
                <label end="213" start="206" name="NT"/>
                <label end="218" start="215" name="NT"/>
                <label end="221" start="220" name="NT"/>
            </layer>
        </annotationSet>
        <annotationSet cDate="10/29/2007 03:27:27 PDT Mon" luID="10639" luName="of.prep" frameID="1103" frameName="Origin" status="MANUAL" ID="6549189">
            <layer rank="1" name="Target">
                <label cBy="JKs" end="99" start="98" name="Target"/>
            </layer>
            <layer rank="1" name="FE">
                <label cBy="JKs" feID="6525" bgColor="0000FF" fgColor="FFFFFF" end="105" start="101" name="Origin"/>
                <label cBy="JKs" feID="6524" bgColor="FF0000" fgColor="FFFFFF" end="96" start="44" name="Entity"/>
            </layer>
            <layer rank="1" name="GF">
                <label end="105" start="101" name="Dep"/>
                <label end="96" start="44" name="Ext"/>
            </layer>
            <layer rank="1" name="PT">
                <label end="105" start="101" name="NP"/>
                <label end="96" start="44" name="NP"/>
            </layer>
            <layer rank="1" name="Other"/>
            <layer rank="1" name="Sent"/>
            <layer rank="1" name="Prep"/>
        </annotationSet>
        <annotationSet cDate="10/29/2007 03:28:05 PDT Mon" luID="14081" luName="on.prep" frameID="1895" frameName="Temporal_collocation" status="MANUAL" ID="6549191">
            <layer rank="1" name="Target">
                <label cBy="JKs" end="130" start="129" name="Target"/>
            </layer>
            <layer rank="1" name="FE">
                <label cBy="JKs" feID="12063" bgColor="1E90FF" fgColor="FFFFFF" end="139" start="132" name="Landmark_period"/>
                <label cBy="JKs" feID="12064" bgColor="FF00FF" fgColor="FFFFFF" end="120" start="44" name="Trajector_event"/>
            </layer>
            <layer rank="1" name="GF">
                <label end="139" start="132" name="Obj"/>
                <label end="120" start="44" name="Ext"/>
            </layer>
            <layer rank="1" name="PT">
                <label end="139" start="132" name="NP"/>
                <label end="120" start="44" name="Sfin"/>
            </layer>
            <layer rank="1" name="Other"/>
            <layer rank="1" name="Sent"/>
            <layer rank="1" name="Prep"/>
        </annotationSet>
        <annotationSet cDate="10/29/2007 03:28:08 PDT Mon" luID="4000" luName="Saturday.n" frameID="229" frameName="Calendric_unit" status="MANUAL" ID="6549192">
            <layer rank="1" name="Target">
                <label cBy="JKs" end="139" start="132" name="Target"/>
            </layer>
            <layer rank="1" name="FE">
                <label cBy="JKs" feID="10331" bgColor="FF0000" fgColor="FFFFFF" end="139" start="132" name="Unit"/>
                <label cBy="JKs" feID="1993" itype="INI" bgColor="FFA500" fgColor="FFFFFF" name="Relative_time"/>
                <label cBy="JKs" feID="2016" itype="INI" bgColor="FF69B4" fgColor="FFFFFF" name="Whole"/>
            </layer>
            <layer rank="1" name="GF"/>
            <layer rank="1" name="PT"/>
            <layer rank="1" name="Other"/>
            <layer rank="1" name="Sent"/>
            <layer rank="1" name="Noun"/>
        </annotationSet>
        <annotationSet cDate="10/29/2007 03:28:17 PDT Mon" luID="3695" luName="zone.n" frameID="192" frameName="Locale" status="MANUAL" ID="6549193">
            <layer rank="1" name="Target">
                <label cBy="JKs" end="174" start="171" name="Target"/>
            </layer>
            <layer rank="1" name="FE">
                <label cBy="JKs" feID="1595" bgColor="9F79EE" fgColor="FFFFFF" end="218" start="200" name="Name"/>
                <label cBy="JKs" feID="6966" bgColor="008000" fgColor="FFFFFF" end="169" start="146" name="Descriptor"/>
                <label cBy="JKs" feID="1565" bgColor="FF0000" fgColor="FFFFFF" end="174" start="171" name="Locale"/>
            </layer>
            <layer rank="1" name="GF">
                <label end="218" start="200" name="Dep"/>
                <label end="169" start="146" name="Dep"/>
            </layer>
            <layer rank="1" name="PT">
                <label end="218" start="200" name="AJP"/>
                <label end="169" start="146" name="AJP"/>
            </layer>
            <layer rank="1" name="Other"/>
            <layer rank="1" name="Sent"/>
            <layer rank="1" name="Noun"/>
        </annotationSet>
        <annotationSet cDate="10/29/2007 03:28:22 PDT Mon" luID="5544" luName="named.a" frameID="228" frameName="Being_named" status="MANUAL" ID="6549194">
            <layer rank="1" name="Target">
                <label cBy="JKs" end="195" start="191" name="Target"/>
            </layer>
            <layer rank="1" name="FE">
                <label cBy="JKs" feID="1859" bgColor="9F79EE" fgColor="FFFFFF" end="174" start="143" name="Entity"/>
                <label cBy="JKs" feID="1859" bgColor="9F79EE" fgColor="FFFFFF" end="180" start="176" name="Entity"/>
                <label cBy="JKs" feID="1858" bgColor="0000FF" fgColor="FFFFFF" end="218" start="200" name="Name"/>
            </layer>
            <layer rank="1" name="GF">
                <label end="174" start="143" name="Ext"/>
                <label end="180" start="176" name="Ext"/>
                <label end="218" start="200" name="Dep"/>
            </layer>
            <layer rank="1" name="PT">
                <label end="174" start="143" name="NP"/>
                <label end="180" start="176" name="NP"/>
                <label end="218" start="200" name="NP"/>
            </layer>
            <layer rank="1" name="Other">
                <label end="174" start="143" name="Ant"/>
                <label end="180" start="176" name="Rel"/>
            </layer>
            <layer rank="1" name="Sent"/>
            <layer rank="1" name="Adj">
                <label end="189" start="186" name="Cop"/>
            </layer>
        </annotationSet>
    </sentence>
    <sentence corpID="205" docID="23716" sentNo="1" paragNo="3" aPos="0" ID="4101400">
        <text>The cost in the first stage of this unique project is estimated at 200 million dollars .</text>
        <annotationSet cDate="08/03/2007 03:13:28 PDT Fri" status="UNANN" ID="6544635">
            <layer rank="1" name="PENN">
                <label end="2" start="0" name="dt"/>
                <label end="7" start="4" name="nn"/>
                <label end="10" start="9" name="in"/>
                <label end="14" start="12" name="dt"/>
                <label end="20" start="16" name="jj"/>
                <label end="26" start="22" name="nn"/>
                <label end="29" start="28" name="in"/>
                <label end="34" start="31" name="dt"/>
                <label end="41" start="36" name="jj"/>
                <label end="49" start="43" name="nn"/>
                <label end="52" start="51" name="VBZ"/>
                <label end="62" start="54" name="VVN"/>
                <label end="65" start="64" name="in"/>
                <label end="69" start="67" name="cd"/>
                <label end="77" start="71" name="cd"/>
                <label end="85" start="79" name="nns"/>
                <label end="87" start="87" name="sent"/>
            </layer>
            <layer rank="1" name="NER">
                <label end="85" start="67" name="money"/>
            </layer>
            <layer rank="1" name="WSL">
                <label end="2" start="0" name="NT"/>
                <label end="10" start="9" name="NT"/>
                <label end="14" start="12" name="NT"/>
                <label end="29" start="28" name="NT"/>
                <label end="34" start="31" name="NT"/>
                <label end="52" start="51" name="NT"/>
                <label end="65" start="64" name="NT"/>
                <label end="87" start="87" name="NT"/>
            </layer>
        </annotationSet>
        <annotationSet cDate="10/29/2007 03:34:03 PDT Mon" luID="9191" luName="cost.n" frameID="83" frameName="Expensiveness" status="MANUAL" ID="6549197">
            <layer rank="1" name="Target">
                <label cBy="JKs" end="7" start="4" name="Target"/>
            </layer>
            <layer rank="1" name="FE">
                <label cBy="JKs" feID="384" bgColor="0000FF" fgColor="FFFFFF" end="85" start="54" name="Asset"/>
                <label cBy="JKs" feID="382" bgColor="FF0000" fgColor="FFFFFF" end="49" start="28" name="Goods"/>
            </layer>
            <layer rank="1" name="GF">
                <label end="85" start="54" name="Dep"/>
                <label end="49" start="28" name="Dep"/>
            </layer>
            <layer rank="1" name="PT">
                <label end="85" start="54" name="VPbrst"/>
                <label end="49" start="28" name="PP"/>
            </layer>
            <layer rank="1" name="Other"/>
            <layer rank="1" name="Sent"/>
            <layer rank="1" name="Noun">
                <label end="52" start="51" name="Cop"/>
            </layer>
        </annotationSet>
        <annotationSet cDate="10/29/2007 03:34:10 PDT Mon" luID="11248" luName="first.a" frameID="1147" frameName="Ordinal_numbers" status="MANUAL" ID="6549198">
            <layer rank="1" name="Target">
                <label cBy="JKs" end="20" start="16" name="Target"/>
            </layer>
            <layer rank="1" name="FE">
                <label cBy="JKs" feID="6634" bgColor="00BFFF" fgColor="FFFFFF" end="49" start="28" name="Comparison_set"/>
                <label cBy="CVa" feID="6630" bgColor="FF0000" fgColor="FFFFFF" end="26" start="22" name="Type"/>
            </layer>
            <layer rank="1" name="GF">
                <label end="49" start="28" name="Dep"/>
                <label end="26" start="22" name="Head"/>
            </layer>
            <layer rank="1" name="PT">
                <label end="49" start="28" name="PP"/>
                <label end="26" start="22" name="N"/>
            </layer>
            <layer rank="1" name="Other"/>
            <layer rank="1" name="Sent"/>
            <layer rank="1" name="Adj"/>
            <layer rank="2" name="FE">
                <label cBy="CVa" feID="6633" bgColor="00008B" fgColor="FFFFFF" end="49" start="12" name="Item"/>
            </layer>
        </annotationSet>
        <annotationSet cDate="10/29/2007 03:35:11 PDT Mon" luID="10133" luName="unique.a" frameID="982" frameName="Idiosyncrasy" status="MANUAL" ID="6549200">
            <layer rank="1" name="Target">
                <label cBy="JKs" end="41" start="36" name="Target"/>
            </layer>
            <layer rank="1" name="FE">
                <label cBy="JKs" feID="5977" bgColor="0000FF" fgColor="FFFFFF" end="41" start="36" name="Idiosyncrasy"/>
                <label cBy="JKs" feID="5978" bgColor="800080" fgColor="FFFFFF" end="49" start="43" name="Entity"/>
            </layer>
            <layer rank="1" name="GF">
                <label end="49" start="43" name="Head"/>
            </layer>
            <layer rank="1" name="PT">
                <label end="49" start="43" name="N"/>
            </layer>
            <layer rank="1" name="Other"/>
            <layer rank="1" name="Sent"/>
            <layer rank="1" name="Adj"/>
        </annotationSet>
        <annotationSet cDate="10/29/2007 03:35:12 PDT Mon" luID="10723" luName="project.n" frameID="1158" frameName="Project" status="MANUAL" ID="6549201">
            <layer rank="1" name="Target">
                <label cBy="JKs" end="49" start="43" name="Target"/>
            </layer>
            <layer rank="1" name="FE">
                <label cBy="JKs" feID="11064" bgColor="90876C" fgColor="FFFFFF" end="41" start="36" name="Descriptor"/>
                <label cBy="JKs" feID="6709" itype="DNI" bgColor="800080" fgColor="FFFFFF" name="Field"/>
            </layer>
            <layer rank="1" name="GF">
                <label end="41" start="36" name="Dep"/>
            </layer>
            <layer rank="1" name="PT">
                <label end="41" start="36" name="AJP"/>
            </layer>
            <layer rank="1" name="Other"/>
            <layer rank="1" name="Sent"/>
            <layer rank="1" name="Noun"/>
        </annotationSet>
        <annotationSet cDate="10/29/2007 03:35:14 PDT Mon" luID="12288" luName="estimate.v" frameID="1513" frameName="Estimating" status="MANUAL" ID="6549202">
            <layer rank="1" name="Target">
                <label cBy="JKs" end="62" start="54" name="Target"/>
            </layer>
            <layer rank="1" name="FE">
                <label cBy="JKs" feID="8235" itype="CNI" bgColor="FF0000" fgColor="FFFFFF" name="Cognizer"/>
                <label cBy="JKs" feID="8256" bgColor="006400" fgColor="FFFFFF" end="49" start="0" name="Question"/>
                <label cBy="JKs" feID="8252" bgColor="d0d0d0" fgColor="000000" end="85" start="64" name="Estimation"/>
            </layer>
            <layer rank="1" name="GF">
                <label end="49" start="0" name="Ext"/>
                <label end="85" start="64" name="Dep"/>
            </layer>
            <layer rank="1" name="PT">
                <label end="49" start="0" name="NP"/>
                <label end="85" start="64" name="PP"/>
            </layer>
            <layer rank="1" name="Other"/>
            <layer rank="1" name="Sent"/>
            <layer rank="1" name="Verb"/>
        </annotationSet>
    </sentence>
    <sentence corpID="205" docID="23716" sentNo="1" paragNo="4" aPos="0" ID="4101401">
        <text>Sheikh Mohammed , who is also the UAE Defence Minister , said during the launching ceremony `` we wish to make Dubai a center of modern economy '' .</text>
        <annotationSet cDate="08/03/2007 03:13:28 PDT Fri" status="UNANN" ID="6544636">
            <layer rank="1" name="PENN">
                <label end="5" start="0" name="NP"/>
                <label end="14" start="7" name="NP"/>
                <label end="16" start="16" name=","/>
                <label end="20" start="18" name="wp"/>
                <label end="23" start="22" name="VBZ"/>
                <label end="28" start="25" name="rb"/>
                <label end="32" start="30" name="dt"/>
                <label end="36" start="34" name="NP"/>
                <label end="44" start="38" name="nn"/>
                <label end="53" start="46" name="NP"/>
                <label end="55" start="55" name=","/>
                <label end="60" start="57" name="VVD"/>
                <label end="67" start="62" name="in"/>
                <label end="71" start="69" name="dt"/>
                <label end="81" start="73" name="VVG"/>
                <label end="90" start="83" name="nn"/>
                <label end="93" start="92" name="``"/>
                <label end="96" start="95" name="PP"/>
                <label end="101" start="98" name="VVP"/>
                <label end="104" start="103" name="to"/>
                <label end="109" start="106" name="VV"/>
                <label end="115" start="111" name="NP"/>
                <label end="117" start="117" name="dt"/>
                <label end="124" start="119" name="nn"/>
                <label end="127" start="126" name="in"/>
                <label end="134" start="129" name="jj"/>
                <label end="142" start="136" name="nn"/>
                <label end="145" start="144" name="''"/>
                <label end="147" start="147" name="sent"/>
            </layer>
            <layer rank="1" name="NER">
                <label end="14" start="0" name="person"/>
                <label end="44" start="34" name="organization"/>
                <label end="115" start="111" name="location"/>
            </layer>
            <layer rank="1" name="WSL">
                <label end="5" start="0" name="NT"/>
                <label end="14" start="7" name="NT"/>
                <label end="16" start="16" name="NT"/>
                <label end="20" start="18" name="NT"/>
                <label end="23" start="22" name="NT"/>
                <label end="28" start="25" name="NT"/>
                <label end="32" start="30" name="NT"/>
                <label end="36" start="34" name="NT"/>
                <label end="55" start="55" name="NT"/>
                <label end="67" start="62" name="NT"/>
                <label end="71" start="69" name="NT"/>
                <label end="93" start="92" name="NT"/>
                <label end="96" start="95" name="NT"/>
                <label end="104" start="103" name="NT"/>
                <label end="115" start="111" name="NT"/>
                <label end="117" start="117" name="NT"/>
                <label end="127" start="126" name="NT"/>
                <label end="145" start="144" name="NT"/>
                <label end="147" start="147" name="NT"/>
            </layer>
        </annotationSet>
        <annotationSet cDate="08/09/2007 01:42:37 PDT Thu" luID="1595" luName="minister.n" frameID="73" frameName="Leadership" status="MANUAL" ID="6545170">
            <layer rank="1" name="Target">
                <label cBy="KmG" end="53" start="46" name="Target"/>
            </layer>
            <layer rank="1" name="FE">
                <label cBy="KmG" feID="347" bgColor="FF0000" fgColor="FFFFFF" end="53" start="46" name="Leader"/>
                <label cBy="KmG" feID="10582" bgColor="00008B" fgColor="FFFFFF" end="44" start="34" name="Type"/>
            </layer>
            <layer rank="1" name="GF">
                <label end="44" start="34" name="Dep"/>
            </layer>
            <layer rank="1" name="PT">
                <label end="44" start="34" name="AJP"/>
            </layer>
            <layer rank="1" name="Other"/>
            <layer rank="1" name="Sent"/>
            <layer rank="1" name="Noun"/>
        </annotationSet>
        <annotationSet cDate="08/09/2007 01:44:20 PDT Thu" luID="751" luName="say.v" frameID="43" frameName="Statement" status="MANUAL" ID="6545171">
            <layer rank="1" name="Target">
                <label cBy="KmG" end="60" start="57" name="Target"/>
            </layer>
            <layer rank="1" name="FE">
                <label cBy="KmG" feID="183" bgColor="FF0000" fgColor="FFFFFF" end="53" start="0" name="Speaker"/>
                <label cBy="KmG" feID="4533" bgColor="9F79EE" fgColor="FFFFFF" end="90" start="62" name="Occasion"/>
                <label cBy="KmG" feID="185" bgColor="00BFFF" fgColor="FFFFFF" end="142" start="95" name="Message"/>
            </layer>
            <layer rank="1" name="GF">
                <label end="53" start="0" name="Ext"/>
                <label end="90" start="62" name="Dep"/>
                <label end="142" start="95" name="Dep"/>
            </layer>
            <layer rank="1" name="PT">
                <label end="53" start="0" name="NP"/>
                <label end="90" start="62" name="PP"/>
                <label end="142" start="95" name="QUO"/>
            </layer>
            <layer rank="1" name="Other"/>
            <layer rank="1" name="Sent"/>
            <layer rank="1" name="Verb"/>
        </annotationSet>
        <annotationSet cDate="08/09/2007 01:46:36 PDT Thu" luID="6684" luName="wish.v" frameID="366" frameName="Desiring" status="MANUAL" ID="6545173">
            <layer rank="1" name="Target">
                <label cBy="KmG" end="101" start="98" name="Target"/>
            </layer>
            <layer rank="1" name="FE">
                <label cBy="KmG" feID="3361" bgColor="FF0000" fgColor="FFFFFF" end="96" start="95" name="Experiencer"/>
                <label cBy="KmG" feID="3363" bgColor="00008B" fgColor="FFFFFF" end="142" start="103" name="Event"/>
            </layer>
            <layer rank="1" name="GF">
                <label end="96" start="95" name="Ext"/>
                <label end="142" start="103" name="Dep"/>
            </layer>
            <layer rank="1" name="PT">
                <label end="96" start="95" name="NP"/>
                <label end="142" start="103" name="VPto"/>
            </layer>
            <layer rank="1" name="Other"/>
            <layer rank="1" name="Sent"/>
            <layer rank="1" name="Verb"/>
        </annotationSet>
        <annotationSet cDate="08/09/2007 01:46:48 PDT Thu" luID="8705" luName="make.v" frameID="683" frameName="Cause_change" status="MANUAL" ID="6545174">
            <layer rank="1" name="Target">
                <label cBy="KmG" end="109" start="106" name="Target"/>
            </layer>
            <layer rank="1" name="FE">
                <label cBy="KmG" feID="4502" bgColor="FF0000" fgColor="FFFFFF" end="96" start="95" name="Agent"/>
                <label cBy="KmG" feID="6855" bgColor="7CCD7C" fgColor="FFFFFF" end="115" start="111" name="Entity"/>
                <label cBy="KmG" feID="4504" bgColor="008000" fgColor="FFFFFF" end="142" start="117" name="Final_category"/>
                <label cBy="KmG" feID="4503" itype="INI" bgColor="0000FF" fgColor="FFFFFF" name="Initial_category"/>
            </layer>
            <layer rank="1" name="GF">
                <label end="96" start="95" name="Ext"/>
                <label end="115" start="111" name="Obj"/>
                <label end="142" start="117" name="Dep"/>
            </layer>
            <layer rank="1" name="PT">
                <label end="96" start="95" name="NP"/>
                <label end="115" start="111" name="NP"/>
                <label end="142" start="117" name="NP"/>
            </layer>
            <layer rank="1" name="Other"/>
            <layer rank="1" name="Sent"/>
            <layer rank="1" name="Verb"/>
        </annotationSet>
        <annotationSet cDate="08/09/2007 01:47:13 PDT Thu" luID="10661" luName="center.n" frameID="196" frameName="Locale_by_use" status="MANUAL" ID="6545175">
            <layer rank="1" name="Target">
                <label cBy="KmG" end="124" start="119" name="Target"/>
            </layer>
            <layer rank="1" name="FE">
                <label cBy="KmG" feID="1588" bgColor="800080" fgColor="FFFFFF" end="124" start="119" name="Locale"/>
                <label cBy="KmG" feID="1587" bgColor="2E8B57" fgColor="FFFFFF" end="142" start="126" name="Formational_cause"/>
            </layer>
            <layer rank="1" name="GF">
                <label end="142" start="126" name="Dep"/>
            </layer>
            <layer rank="1" name="PT">
                <label end="142" start="126" name="PP"/>
            </layer>
            <layer rank="1" name="Other"/>
            <layer rank="1" name="Sent"/>
            <layer rank="1" name="Noun"/>
        </annotationSet>
        <annotationSet cDate="08/09/2007 01:48:21 PDT Thu" luID="14198" luName="modern.a" frameID="1895" frameName="Temporal_collocation" status="MANUAL" ID="6545178">
            <layer rank="1" name="Target">
                <label cBy="KmG" end="134" start="129" name="Target"/>
            </layer>
            <layer rank="1" name="FE">
                <label cBy="KmG" feID="11268" bgColor="008000" fgColor="FFFFFF" end="142" start="136" name="Trajector_entity"/>
            </layer>
            <layer rank="1" name="GF">
                <label end="142" start="136" name="Head"/>
            </layer>
            <layer rank="1" name="PT">
                <label end="142" start="136" name="N"/>
            </layer>
            <layer rank="1" name="Other"/>
            <layer rank="1" name="Sent"/>
            <layer rank="1" name="Adj"/>
        </annotationSet>
        <annotationSet cDate="08/09/2007 01:48:37 PDT Thu" luID="12489" luName="economy.n" frameID="1572" frameName="Economy" status="MANUAL" ID="6545179">
            <layer rank="1" name="Target">
                <label cBy="KmG" end="142" start="136" name="Target"/>
            </layer>
            <layer rank="1" name="FE">
                <label cBy="KmG" feID="8603" bgColor="800080" fgColor="FFFFFF" end="142" start="136" name="Economy"/>
                <label cBy="KmG" feID="8604" bgColor="FF0000" fgColor="FFFFFF" end="134" start="129" name="Domain"/>
            </layer>
            <layer rank="1" name="GF">
                <label end="134" start="129" name="Dep"/>
            </layer>
            <layer rank="1" name="PT">
                <label end="134" start="129" name="A"/>
            </layer>
            <layer rank="1" name="Other"/>
            <layer rank="1" name="Sent"/>
            <layer rank="1" name="Noun"/>
        </annotationSet>
    </sentence>
    <sentence corpID="205" docID="23716" sentNo="1" paragNo="5" aPos="0" ID="4101402">
        <text>The minister who has a personal website on the internet , further said that he wanted Dubai to become the best place in the world for the advanced ( hitech ) technological companies .</text>
        <annotationSet cDate="08/03/2007 03:13:28 PDT Fri" status="UNANN" ID="6544637">
            <layer rank="1" name="PENN">
                <label end="2" start="0" name="dt"/>
                <label end="11" start="4" name="nn"/>
                <label end="15" start="13" name="wp"/>
                <label end="19" start="17" name="VHZ"/>
                <label end="21" start="21" name="dt"/>
                <label end="30" start="23" name="jj"/>
                <label end="38" start="32" name="nn"/>
                <label end="41" start="40" name="in"/>
                <label end="45" start="43" name="dt"/>
                <label end="54" start="47" name="nn"/>
                <label end="56" start="56" name=","/>
                <label end="64" start="58" name="rb"/>
                <label end="69" start="66" name="VVD"/>
                <label end="74" start="71" name="in"/>
                <label end="77" start="76" name="PP"/>
                <label end="84" start="79" name="VVD"/>
                <label end="90" start="86" name="NP"/>
                <label end="93" start="92" name="to"/>
                <label end="100" start="95" name="VV"/>
                <label end="104" start="102" name="dt"/>
                <label end="109" start="106" name="jjs"/>
                <label end="115" start="111" name="nn"/>
                <label end="118" start="117" name="in"/>
                <label end="122" start="120" name="dt"/>
                <label end="128" start="124" name="nn"/>
                <label end="132" start="130" name="in"/>
                <label end="136" start="134" name="dt"/>
                <label end="145" start="138" name="jj"/>
                <label end="147" start="147" name="("/>
                <label end="154" start="149" name="rb"/>
                <label end="156" start="156" name=")"/>
                <label end="170" start="158" name="jj"/>
                <label end="180" start="172" name="nns"/>
                <label end="182" start="182" name="sent"/>
            </layer>
            <layer rank="1" name="NER">
                <label end="90" start="86" name="location"/>
            </layer>
            <layer rank="1" name="WSL">
                <label end="2" start="0" name="NT"/>
                <label end="15" start="13" name="NT"/>
                <label end="21" start="21" name="NT"/>
                <label end="41" start="40" name="NT"/>
                <label end="45" start="43" name="NT"/>
                <label end="56" start="56" name="NT"/>
                <label end="64" start="58" name="NT"/>
                <label end="74" start="71" name="NT"/>
                <label end="77" start="76" name="NT"/>
                <label end="90" start="86" name="NT"/>
                <label end="93" start="92" name="NT"/>
                <label end="104" start="102" name="NT"/>
                <label end="122" start="120" name="NT"/>
                <label end="132" start="130" name="NT"/>
                <label end="136" start="134" name="NT"/>
                <label end="147" start="147" name="NT"/>
                <label end="154" start="149" name="NT"/>
                <label end="156" start="156" name="NT"/>
                <label end="182" start="182" name="NT"/>
                <label end="38" start="32" name="Nonrelational"/>
                <label end="54" start="47" name="Nonrelational"/>
            </layer>
        </annotationSet>
        <annotationSet cDate="08/09/2007 01:49:46 PDT Thu" luID="1595" luName="minister.n" frameID="73" frameName="Leadership" status="MANUAL" ID="6545180">
            <layer rank="1" name="Target">
                <label cBy="KmG" end="11" start="4" name="Target"/>
            </layer>
            <layer rank="1" name="FE">
                <label cBy="KmG" feID="347" bgColor="FF0000" fgColor="FFFFFF" end="11" start="4" name="Leader"/>
            </layer>
            <layer rank="1" name="GF"/>
            <layer rank="1" name="PT"/>
            <layer rank="1" name="Other"/>
            <layer rank="1" name="Sent"/>
            <layer rank="1" name="Noun"/>
        </annotationSet>
        <annotationSet cDate="08/10/2007 11:18:30 PDT Fri" luID="751" luName="say.v" frameID="43" frameName="Statement" status="MANUAL" ID="6545183">
            <layer rank="1" name="Target">
                <label cBy="KmG" end="69" start="66" name="Target"/>
            </layer>
            <layer rank="1" name="FE">
                <label cBy="KmG" feID="183" bgColor="FF0000" fgColor="FFFFFF" end="54" start="0" name="Speaker"/>
                <label cBy="KmG" feID="185" bgColor="00BFFF" fgColor="FFFFFF" end="180" start="71" name="Message"/>
            </layer>
            <layer rank="1" name="GF">
                <label end="54" start="0" name="Ext"/>
                <label end="180" start="71" name="Dep"/>
            </layer>
            <layer rank="1" name="PT">
                <label end="54" start="0" name="NP"/>
                <label end="180" start="71" name="Sfin"/>
            </layer>
            <layer rank="1" name="Other"/>
            <layer rank="1" name="Sent"/>
            <layer rank="1" name="Verb"/>
        </annotationSet>
        <annotationSet cDate="08/10/2007 11:18:55 PDT Fri" luID="6412" luName="want.v" frameID="366" frameName="Desiring" status="MANUAL" ID="6545184">
            <layer rank="1" name="Target">
                <label cBy="KmG" end="84" start="79" name="Target"/>
            </layer>
            <layer rank="1" name="FE">
                <label cBy="KmG" feID="3361" bgColor="FF0000" fgColor="FFFFFF" end="77" start="76" name="Experiencer"/>
                <label cBy="KmG" feID="3366" bgColor="0000FF" fgColor="FFFFFF" end="90" start="86" name="Focal_participant"/>
                <label cBy="KmG" feID="3363" bgColor="00008B" fgColor="FFFFFF" end="180" start="92" name="Event"/>
            </layer>
            <layer rank="1" name="GF">
                <label end="77" start="76" name="Ext"/>
                <label end="90" start="86" name="Obj"/>
                <label end="180" start="92" name="Dep"/>
            </layer>
            <layer rank="1" name="PT">
                <label end="77" start="76" name="NP"/>
                <label end="90" start="86" name="NP"/>
                <label end="180" start="92" name="VPto"/>
            </layer>
            <layer rank="1" name="Other"/>
            <layer rank="1" name="Sent"/>
            <layer rank="1" name="Verb"/>
        </annotationSet>
        <annotationSet cDate="08/10/2007 11:19:17 PDT Fri" luID="18221" luName="become.v" frameID="2971" frameName="Becoming" status="MANUAL" ID="6545185">
            <layer rank="1" name="Target">
                <label cBy="KmG" end="100" start="95" name="Target"/>
            </layer>
            <layer rank="1" name="FE">
                <label cBy="KmG" feID="16600" bgColor="800080" fgColor="FFFFFF" end="180" start="102" name="Final_category"/>
                <label cBy="KmG" feID="16598" bgColor="FF0000" fgColor="FFFFFF" end="90" start="86" name="Entity"/>
            </layer>
            <layer rank="1" name="GF">
                <label end="180" start="102" name="Obj"/>
                <label end="90" start="86" name="Ext"/>
            </layer>
            <layer rank="1" name="PT">
                <label end="180" start="102" name="NP"/>
                <label end="90" start="86" name="NP"/>
            </layer>
            <layer rank="1" name="Other"/>
            <layer rank="1" name="Sent"/>
            <layer rank="1" name="Verb"/>
        </annotationSet>
        <annotationSet cDate="08/10/2007 11:19:43 PDT Fri" luID="9110" luName="good.a" frameID="726" frameName="Usefulness" status="MANUAL" ID="6545186">
            <layer rank="1" name="Target">
                <label cBy="KmG" end="109" start="106" name="Target"/>
            </layer>
            <layer rank="1" name="FE">
                <label cBy="KmG" feID="4783" bgColor="0000FF" fgColor="FFFFFF" end="128" start="111" name="Entity"/>
                <label cBy="KmG" feID="4784" bgColor="800080" fgColor="FFFFFF" end="180" start="130" name="Purpose"/>
            </layer>
            <layer rank="1" name="GF">
                <label end="128" start="111" name="Head"/>
                <label end="180" start="130" name="Dep"/>
            </layer>
            <layer rank="1" name="PT">
                <label end="128" start="111" name="N"/>
                <label end="180" start="130" name="PP"/>
            </layer>
            <layer rank="1" name="Other"/>
            <layer rank="1" name="Sent"/>
            <layer rank="1" name="Adj"/>
        </annotationSet>
        <annotationSet cDate="08/10/2007 11:20:08 PDT Fri" luID="3697" luName="place.n" frameID="192" frameName="Locale" status="MANUAL" ID="6545187">
            <layer rank="1" name="Target">
                <label cBy="KmG" end="115" start="111" name="Target"/>
            </layer>
            <layer rank="1" name="FE">
                <label cBy="KmG" feID="1565" bgColor="FF0000" fgColor="FFFFFF" end="115" start="111" name="Locale"/>
            </layer>
            <layer rank="1" name="GF"/>
            <layer rank="1" name="PT"/>
            <layer rank="1" name="Other"/>
            <layer rank="1" name="Sent"/>
            <layer rank="1" name="Noun"/>
        </annotationSet>
        <annotationSet cDate="08/10/2007 11:20:22 PDT Fri" luID="10801" luName="in.prep" frameID="1178" frameName="Interior_profile_relation" status="MANUAL" ID="6545188">
            <layer rank="1" name="Target">
                <label cBy="KmG" end="118" start="117" name="Target"/>
            </layer>
            <layer rank="1" name="FE">
                <label cBy="KmG" feID="6826" bgColor="FF0000" fgColor="FFFFFF" end="115" start="102" name="Figure"/>
                <label cBy="KmG" feID="6828" bgColor="008000" fgColor="FFFFFF" end="128" start="120" name="Ground"/>
            </layer>
            <layer rank="1" name="GF">
                <label end="115" start="102" name="Ext"/>
                <label end="128" start="120" name="Obj"/>
            </layer>
            <layer rank="1" name="PT">
                <label end="115" start="102" name="NP"/>
                <label end="128" start="120" name="NP"/>
            </layer>
            <layer rank="1" name="Other"/>
            <layer rank="1" name="Sent"/>
            <layer rank="1" name="Prep"/>
        </annotationSet>
        <annotationSet cDate="08/10/2007 11:20:45 PDT Fri" luID="10179" luName="world.n" frameID="195" frameName="Political_locales" status="MANUAL" ID="6545189">
            <layer rank="1" name="Target">
                <label cBy="KmG" end="128" start="124" name="Target"/>
            </layer>
            <layer rank="1" name="FE">
                <label cBy="KmG" feID="1583" bgColor="00008B" fgColor="FFFFFF" end="128" start="124" name="Locale"/>
            </layer>
            <layer rank="1" name="GF"/>
            <layer rank="1" name="PT"/>
            <layer rank="1" name="Other"/>
            <layer rank="1" name="Sent"/>
            <layer rank="1" name="Noun"/>
        </annotationSet>
        <annotationSet cDate="08/10/2007 11:21:04 PDT Fri" luID="11650" luName="advanced.a" frameID="1341" frameName="Stage_of_progress" status="MANUAL" ID="6545190">
            <layer rank="1" name="Target">
                <label cBy="KmG" end="145" start="138" name="Target"/>
            </layer>
            <layer rank="1" name="FE">
                <label cBy="KmG" feID="7567" bgColor="0000FF" fgColor="FFFFFF" end="180" start="158" name="Entity"/>
            </layer>
            <layer rank="1" name="GF">
                <label end="180" start="158" name="Head"/>
            </layer>
            <layer rank="1" name="PT">
                <label end="180" start="158" name="N"/>
            </layer>
            <layer rank="1" name="Other"/>
            <layer rank="1" name="Sent"/>
            <layer rank="1" name="Adj"/>
        </annotationSet>
        <annotationSet cDate="08/10/2007 11:23:03 PDT Fri" luID="11113" luName="company.n" frameID="365" frameName="Businesses" status="MANUAL" ID="6545191">
            <layer rank="1" name="Target">
                <label cBy="KmG" end="180" start="172" name="Target"/>
            </layer>
            <layer rank="1" name="FE">
                <label cBy="KmG" feID="3385" bgColor="0000FF" fgColor="FFFFFF" end="180" start="172" name="Business"/>
                <label cBy="KmG" feID="3329" bgColor="00BFFF" fgColor="FFFFFF" end="145" start="138" name="Descriptor"/>
                <label cBy="KmG" feID="3329" bgColor="00BFFF" fgColor="FFFFFF" end="154" start="149" name="Descriptor"/>
                <label cBy="KmG" feID="3329" bgColor="00BFFF" fgColor="FFFFFF" end="170" start="158" name="Descriptor"/>
            </layer>
            <layer rank="1" name="GF">
                <label end="145" start="138" name="Dep"/>
                <label end="154" start="149" name="Dep"/>
                <label end="170" start="158" name="Dep"/>
            </layer>
            <layer rank="1" name="PT">
                <label end="145" start="138" name="AJP"/>
                <label end="154" start="149" name="AJP"/>
                <label end="170" start="158" name="A"/>
            </layer>
            <layer rank="1" name="Other"/>
            <layer rank="1" name="Sent"/>
            <layer rank="1" name="Noun"/>
        </annotationSet>
    </sentence>
    <sentence corpID="205" docID="23716" sentNo="1" paragNo="6" aPos="0" ID="4101403">
        <text>He said that it would he possible for the companies working in the electronic trade sector to make Dubai their headquarters , and to establish offices here and provide employment and own machinery in the zone opened to companies fully owned by the foreigners .</text>
        <annotationSet cDate="08/03/2007 03:13:29 PDT Fri" status="UNANN" ID="6544638">
            <layer rank="1" name="PENN">
                <label end="1" start="0" name="PP"/>
                <label end="6" start="3" name="VVD"/>
                <label end="11" start="8" name="in"/>
                <label end="14" start="13" name="PP"/>
                <label end="20" start="16" name="md"/>
                <label end="23" start="22" name="PP"/>
                <label end="32" start="25" name="rb"/>
                <label end="36" start="34" name="in"/>
                <label end="40" start="38" name="dt"/>
                <label end="50" start="42" name="nns"/>
                <label end="58" start="52" name="VVG"/>
                <label end="61" start="60" name="in"/>
                <label end="65" start="63" name="dt"/>
                <label end="76" start="67" name="jj"/>
                <label end="82" start="78" name="nn"/>
                <label end="89" start="84" name="nn"/>
                <label end="92" start="91" name="to"/>
                <label end="97" start="94" name="VV"/>
                <label end="103" start="99" name="NP"/>
                <label end="109" start="105" name="PP$"/>
                <label end="122" start="111" name="nn"/>
                <label end="124" start="124" name=","/>
                <label end="128" start="126" name="cc"/>
                <label end="131" start="130" name="to"/>
                <label end="141" start="133" name="VV"/>
                <label end="149" start="143" name="nns"/>
                <label end="154" start="151" name="rb"/>
                <label end="158" start="156" name="cc"/>
                <label end="166" start="160" name="VV"/>
                <label end="177" start="168" name="nn"/>
                <label end="181" start="179" name="cc"/>
                <label end="185" start="183" name="jj"/>
                <label end="195" start="187" name="nn"/>
                <label end="198" start="197" name="in"/>
                <label end="202" start="200" name="dt"/>
                <label end="207" start="204" name="nn"/>
                <label end="214" start="209" name="VVD"/>
                <label end="217" start="216" name="to"/>
                <label end="227" start="219" name="nns"/>
                <label end="233" start="229" name="rb"/>
                <label end="239" start="235" name="VVN"/>
                <label end="242" start="241" name="in"/>
                <label end="246" start="244" name="dt"/>
                <label end="257" start="248" name="nns"/>
                <label end="259" start="259" name="sent"/>
            </layer>
            <layer rank="1" name="NER">
                <label end="103" start="99" name="location"/>
            </layer>
            <layer rank="1" name="WSL">
                <label end="1" start="0" name="NT"/>
                <label end="11" start="8" name="NT"/>
                <label end="14" start="13" name="NT"/>
                <label end="20" start="16" name="NT"/>
                <label end="23" start="22" name="NT"/>
                <label end="36" start="34" name="NT"/>
                <label end="40" start="38" name="NT"/>
                <label end="61" start="60" name="NT"/>
                <label end="65" start="63" name="NT"/>
                <label end="92" start="91" name="NT"/>
                <label end="103" start="99" name="NT"/>
                <label end="109" start="105" name="NT"/>
                <label end="124" start="124" name="NT"/>
                <label end="128" start="126" name="NT"/>
                <label end="131" start="130" name="NT"/>
                <label end="154" start="151" name="NT"/>
                <label end="158" start="156" name="NT"/>
                <label end="181" start="179" name="NT"/>
                <label end="202" start="200" name="NT"/>
                <label end="217" start="216" name="NT"/>
                <label end="233" start="229" name="NT"/>
                <label end="242" start="241" name="NT"/>
                <label end="246" start="244" name="NT"/>
                <label end="259" start="259" name="NT"/>
            </layer>
        </annotationSet>
        <annotationSet cDate="08/10/2007 11:27:40 PDT Fri" luID="751" luName="say.v" frameID="43" frameName="Statement" status="MANUAL" ID="6545192">
            <layer rank="1" name="Target">
                <label cBy="KmG" end="6" start="3" name="Target"/>
            </layer>
            <layer rank="1" name="FE">
                <label cBy="KmG" feID="183" bgColor="FF0000" fgColor="FFFFFF" end="1" start="0" name="Speaker"/>
                <label cBy="KmG" feID="185" bgColor="00BFFF" fgColor="FFFFFF" end="257" start="8" name="Message"/>
            </layer>
            <layer rank="1" name="GF">
                <label end="1" start="0" name="Ext"/>
                <label end="257" start="8" name="Dep"/>
            </layer>
            <layer rank="1" name="PT">
                <label end="1" start="0" name="NP"/>
                <label end="257" start="8" name="Sfin"/>
            </layer>
            <layer rank="1" name="Other"/>
            <layer rank="1" name="Sent"/>
            <layer rank="1" name="Verb"/>
        </annotationSet>
        <annotationSet cDate="08/10/2007 11:32:31 PDT Fri" luID="2281" luName="possible.a" frameID="114" frameName="Likelihood" status="MANUAL" ID="6545193">
            <layer rank="1" name="Target">
                <label cBy="KmG" end="32" start="25" name="Target"/>
            </layer>
            <layer rank="1" name="FE">
                <label cBy="KmG" feID="563" bgColor="006400" fgColor="FFFFFF" end="257" start="34" name="Hypothetical_event"/>
            </layer>
            <layer rank="1" name="GF">
                <label end="257" start="34" name="Dep"/>
            </layer>
            <layer rank="1" name="PT">
                <label end="257" start="34" name="PP"/>
            </layer>
            <layer rank="1" name="Other">
                <label end="14" start="13" name="Null"/>
            </layer>
            <layer rank="1" name="Sent"/>
            <layer rank="1" name="Adj">
                <label end="23" start="22" name="Cop"/>
            </layer>
        </annotationSet>
        <annotationSet cDate="08/10/2007 11:33:18 PDT Fri" luID="11113" luName="company.n" frameID="365" frameName="Businesses" status="MANUAL" ID="6545194">
            <layer rank="1" name="Target">
                <label cBy="KmG" end="50" start="42" name="Target"/>
            </layer>
            <layer rank="1" name="FE">
                <label cBy="KmG" feID="3385" bgColor="0000FF" fgColor="FFFFFF" end="50" start="42" name="Business"/>
            </layer>
            <layer rank="1" name="GF"/>
            <layer rank="1" name="PT"/>
            <layer rank="1" name="Other"/>
            <layer rank="1" name="Sent"/>
            <layer rank="1" name="Noun"/>
        </annotationSet>
        <annotationSet cDate="08/10/2007 11:33:50 PDT Fri" luID="5780" luName="work.v" frameID="282" frameName="Being_employed" status="MANUAL" ID="6545196">
            <layer rank="1" name="Target">
                <label cBy="KmG" end="58" start="52" name="Target"/>
            </layer>
            <layer rank="1" name="FE">
                <label cBy="KmG" feID="2804" bgColor="00BFFF" fgColor="FFFFFF" end="89" start="60" name="Field"/>
                <label cBy="KmG" feID="2796" bgColor="0000FF" fgColor="FFFFFF" end="50" start="42" name="Employee"/>
            </layer>
            <layer rank="1" name="GF">
                <label end="89" start="60" name="Dep"/>
                <label end="50" start="42" name="Ext"/>
            </layer>
            <layer rank="1" name="PT">
                <label end="89" start="60" name="PP"/>
                <label end="50" start="42" name="NP"/>
            </layer>
            <layer rank="1" name="Other">
                <label end="50" start="42" name="Ant"/>
            </layer>
            <layer rank="1" name="Sent"/>
            <layer rank="1" name="Verb"/>
        </annotationSet>
        <annotationSet cDate="08/10/2007 11:36:43 PDT Fri" luID="11669" luName="sector.n" frameID="1345" frameName="Fields" status="MANUAL" ID="6545198">
            <layer rank="1" name="Target">
                <label cBy="KmG" end="89" start="84" name="Target"/>
            </layer>
            <layer rank="1" name="FE">
                <label cBy="KmG" feID="7604" bgColor="FF0000" fgColor="FFFFFF" end="82" start="67" name="Activity"/>
            </layer>
            <layer rank="1" name="GF">
                <label end="82" start="67" name="Dep"/>
            </layer>
            <layer rank="1" name="PT">
                <label end="82" start="67" name="N"/>
            </layer>
            <layer rank="1" name="Other"/>
            <layer rank="1" name="Sent"/>
            <layer rank="1" name="Noun"/>
        </annotationSet>
        <annotationSet cDate="08/10/2007 11:37:30 PDT Fri" luID="8705" luName="make.v" frameID="683" frameName="Cause_change" status="MANUAL" ID="6545199">
            <layer rank="1" name="Target">
                <label cBy="KmG" end="97" start="94" name="Target"/>
            </layer>
            <layer rank="1" name="FE">
                <label cBy="KmG" feID="6855" bgColor="7CCD7C" fgColor="FFFFFF" end="103" start="99" name="Entity"/>
                <label cBy="KmG" feID="4504" bgColor="008000" fgColor="FFFFFF" end="122" start="105" name="Final_category"/>
                <label cBy="KmG" feID="4503" itype="INI" bgColor="0000FF" fgColor="FFFFFF" name="Initial_category"/>
                <label cBy="KmG" feID="4502" bgColor="FF0000" fgColor="FFFFFF" end="89" start="38" name="Agent"/>
            </layer>
            <layer rank="1" name="GF">
                <label end="103" start="99" name="Obj"/>
                <label end="122" start="105" name="Dep"/>
                <label end="89" start="38" name="Ext"/>
            </layer>
            <layer rank="1" name="PT">
                <label end="103" start="99" name="NP"/>
                <label end="122" start="105" name="NP"/>
                <label end="89" start="38" name="NP"/>
            </layer>
            <layer rank="1" name="Other"/>
            <layer rank="1" name="Sent"/>
            <layer rank="1" name="Verb"/>
        </annotationSet>
        <annotationSet cDate="08/10/2007 11:38:54 PDT Fri" luID="11430" luName="establish.v" frameID="280" frameName="Intentionally_create" status="MANUAL" ID="6545200">
            <layer rank="1" name="Target">
                <label cBy="KmG" end="141" start="133" name="Target"/>
            </layer>
            <layer rank="1" name="FE">
                <label cBy="KmG" feID="2423" bgColor="0000FF" fgColor="FFFFFF" end="149" start="143" name="Created_entity"/>
                <label cBy="KmG" feID="2418" bgColor="008000" fgColor="FFFFFF" end="154" start="151" name="Place"/>
                <label cBy="KmG" feID="2417" bgColor="FF0000" fgColor="FFFFFF" end="89" start="38" name="Creator"/>
            </layer>
            <layer rank="1" name="GF">
                <label end="149" start="143" name="Obj"/>
                <label end="154" start="151" name="Dep"/>
                <label end="89" start="38" name="Ext"/>
            </layer>
            <layer rank="1" name="PT">
                <label end="149" start="143" name="NP"/>
                <label end="154" start="151" name="AVP"/>
                <label end="89" start="38" name="NP"/>
            </layer>
            <layer rank="1" name="Other"/>
            <layer rank="1" name="Sent"/>
            <layer rank="1" name="Verb"/>
        </annotationSet>
        <annotationSet cDate="08/10/2007 11:39:20 PDT Fri" luID="11673" luName="provide.v" frameID="1346" frameName="Supply" status="MANUAL" ID="6545201">
            <layer rank="1" name="Target">
                <label cBy="KmG" end="166" start="160" name="Target"/>
            </layer>
            <layer rank="1" name="FE">
                <label cBy="KmG" feID="7609" bgColor="FF0000" fgColor="FFFFFF" end="89" start="38" name="Supplier"/>
                <label cBy="KmG" feID="7611" bgColor="9400D3" fgColor="FFFFFF" end="177" start="168" name="Theme"/>
                <label cBy="KmG" feID="7610" itype="INI" bgColor="0000FF" fgColor="FFFFFF" name="Recipient"/>
                <label cBy="KmG" feID="7619" itype="INI" bgColor="2E8B57" fgColor="FFFFFF" name="Imposed_purpose"/>
                <label cBy="KmG" feID="7612" bgColor="008000" fgColor="FFFFFF" end="257" start="197" name="Place"/>
            </layer>
            <layer rank="1" name="GF">
                <label end="89" start="38" name="Ext"/>
                <label end="177" start="168" name="Obj"/>
                <label end="257" start="197" name="Dep"/>
            </layer>
            <layer rank="1" name="PT">
                <label end="89" start="38" name="NP"/>
                <label end="177" start="168" name="NP"/>
                <label end="257" start="197" name="PP"/>
            </layer>
            <layer rank="1" name="Other"/>
            <layer rank="1" name="Sent"/>
            <layer rank="1" name="Verb"/>
        </annotationSet>
        <annotationSet cDate="08/10/2007 11:39:56 PDT Fri" luID="2358" luName="own.v" frameID="118" frameName="Possession" status="MANUAL" ID="6545202">
            <layer rank="1" name="Target">
                <label cBy="KmG" end="185" start="183" name="Target"/>
            </layer>
            <layer rank="1" name="FE">
                <label cBy="KmG" feID="582" bgColor="0000FF" fgColor="FFFFFF" end="195" start="187" name="Possession"/>
                <label cBy="KmG" feID="573" bgColor="FF0000" fgColor="FFFFFF" end="89" start="38" name="Owner"/>
            </layer>
            <layer rank="1" name="GF">
                <label end="195" start="187" name="Obj"/>
                <label end="89" start="38" name="Ext"/>
            </layer>
            <layer rank="1" name="PT">
                <label end="195" start="187" name="NP"/>
                <label end="89" start="38" name="NP"/>
            </layer>
            <layer rank="1" name="Other"/>
            <layer rank="1" name="Sent"/>
            <layer rank="1" name="Verb"/>
        </annotationSet>
        <annotationSet cDate="08/10/2007 11:42:41 PDT Fri" luID="10801" luName="in.prep" frameID="1178" frameName="Interior_profile_relation" status="MANUAL" ID="6545203">
            <layer rank="1" name="Target">
                <label cBy="KmG" end="198" start="197" name="Target"/>
            </layer>
            <layer rank="1" name="FE">
                <label cBy="KmG" feID="6828" bgColor="008000" fgColor="FFFFFF" end="257" start="200" name="Ground"/>
                <label cBy="MJE" feID="6826" bgColor="FF0000" fgColor="FFFFFF" end="195" start="160" name="Figure"/>
            </layer>
            <layer rank="1" name="GF">
                <label end="257" start="200" name="Obj"/>
                <label end="195" start="160" name="Head"/>
            </layer>
            <layer rank="1" name="PT">
                <label end="257" start="200" name="NP"/>
                <label end="195" start="160" name="VPbrst"/>
            </layer>
            <layer rank="1" name="Other"/>
            <layer rank="1" name="Sent"/>
            <layer rank="1" name="Prep"/>
        </annotationSet>
        <annotationSet cDate="08/10/2007 11:43:28 PDT Fri" luID="3695" luName="zone.n" frameID="192" frameName="Locale" status="MANUAL" ID="6545204">
            <layer rank="1" name="Target">
                <label cBy="KmG" end="207" start="204" name="Target"/>
            </layer>
            <layer rank="1" name="FE">
                <label cBy="KmG" feID="1565" bgColor="FF0000" fgColor="FFFFFF" end="207" start="204" name="Locale"/>
                <label cBy="KmG" feID="1568" bgColor="0000FF" fgColor="FFFFFF" end="257" start="209" name="Formational_cause"/>
            </layer>
            <layer rank="1" name="GF">
                <label end="257" start="209" name="Dep"/>
            </layer>
            <layer rank="1" name="PT">
                <label end="257" start="209" name="Srel"/>
            </layer>
            <layer rank="1" name="Other"/>
            <layer rank="1" name="Sent"/>
            <layer rank="1" name="Noun"/>
        </annotationSet>
        <annotationSet cDate="08/10/2007 11:44:44 PDT Fri" luID="11113" luName="company.n" frameID="365" frameName="Businesses" status="MANUAL" ID="6545206">
            <layer rank="1" name="Target">
                <label cBy="KmG" end="227" start="219" name="Target"/>
            </layer>
            <layer rank="1" name="FE">
                <label cBy="KmG" feID="3385" bgColor="0000FF" fgColor="FFFFFF" end="227" start="219" name="Business"/>
            </layer>
            <layer rank="1" name="GF"/>
            <layer rank="1" name="PT"/>
            <layer rank="1" name="Other"/>
            <layer rank="1" name="Sent"/>
            <layer rank="1" name="Noun"/>
        </annotationSet>
        <annotationSet cDate="08/10/2007 11:45:38 PDT Fri" luID="2358" luName="own.v" frameID="118" frameName="Possession" status="MANUAL" ID="6545207">
            <layer rank="1" name="Target">
                <label cBy="KmG" end="239" start="235" name="Target"/>
            </layer>
            <layer rank="1" name="FE">
                <label cBy="KmG" feID="582" bgColor="0000FF" fgColor="FFFFFF" end="227" start="219" name="Possession"/>
                <label cBy="KmG" feID="573" bgColor="FF0000" fgColor="FFFFFF" end="257" start="241" name="Owner"/>
            </layer>
            <layer rank="1" name="GF">
                <label end="227" start="219" name="Ext"/>
                <label end="257" start="241" name="Dep"/>
            </layer>
            <layer rank="1" name="PT">
                <label end="227" start="219" name="NP"/>
                <label end="257" start="241" name="PP"/>
            </layer>
            <layer rank="1" name="Other">
                <label end="227" start="219" name="Ant"/>
            </layer>
            <layer rank="1" name="Sent"/>
            <layer rank="1" name="Verb"/>
        </annotationSet>
        <annotationSet cDate="08/10/2007 11:46:10 PDT Fri" luID="10093" luName="foreigner.n" frameID="974" frameName="People_by_origin" status="MANUAL" ID="6545208">
            <layer rank="1" name="Target">
                <label cBy="KmG" end="257" start="248" name="Target"/>
            </layer>
            <layer rank="1" name="FE">
                <label cBy="KmG" feID="5944" bgColor="FF0000" fgColor="FFFFFF" end="257" start="248" name="Person"/>
            </layer>
            <layer rank="1" name="GF"/>
            <layer rank="1" name="PT"/>
            <layer rank="1" name="Other"/>
            <layer rank="1" name="Sent"/>
            <layer rank="1" name="Noun"/>
            <layer rank="2" name="FE">
                <label cBy="KmG" feID="5943" bgColor="0000FF" fgColor="FFFFFF" end="257" start="248" name="Origin"/>
            </layer>
        </annotationSet>
    </sentence>
    <sentence corpID="205" docID="23716" sentNo="1" paragNo="7" aPos="0" ID="4101404">
        <text>The electronic trade free trade zone is situated in the north of Dubai , close to the free industrial zone in Jabal Ali Mountain , an area which is considered to be the first in the country , and tenth in the world for transit movement .</text>
        <annotationSet cDate="08/03/2007 03:13:30 PDT Fri" status="UNANN" ID="6544639">
            <layer rank="1" name="PENN">
                <label end="2" start="0" name="dt"/>
                <label end="13" start="4" name="jj"/>
                <label end="19" start="15" name="nn"/>
                <label end="24" start="21" name="jj"/>
                <label end="30" start="26" name="nn"/>
                <label end="35" start="32" name="nn"/>
                <label end="38" start="37" name="VBZ"/>
                <label end="47" start="40" name="VVN"/>
                <label end="50" start="49" name="in"/>
                <label end="54" start="52" name="dt"/>
                <label end="60" start="56" name="nn"/>
                <label end="63" start="62" name="in"/>
                <label end="69" start="65" name="NP"/>
                <label end="71" start="71" name=","/>
                <label end="77" start="73" name="nn"/>
                <label end="80" start="79" name="to"/>
                <label end="84" start="82" name="dt"/>
                <label end="89" start="86" name="jj"/>
                <label end="100" start="91" name="jj"/>
                <label end="105" start="102" name="nn"/>
                <label end="108" start="107" name="in"/>
                <label end="114" start="110" name="NP"/>
                <label end="118" start="116" name="NP"/>
                <label end="127" start="120" name="NP"/>
                <label end="129" start="129" name=","/>
                <label end="132" start="131" name="dt"/>
                <label end="137" start="134" name="nn"/>
                <label end="143" start="139" name="wdt"/>
                <label end="146" start="145" name="VBZ"/>
                <label end="157" start="148" name="VVN"/>
                <label end="160" start="159" name="to"/>
                <label end="163" start="162" name="vb"/>
                <label end="167" start="165" name="dt"/>
                <label end="173" start="169" name="jj"/>
                <label end="176" start="175" name="in"/>
                <label end="180" start="178" name="dt"/>
                <label end="188" start="182" name="nn"/>
                <label end="190" start="190" name=","/>
                <label end="194" start="192" name="cc"/>
                <label end="200" start="196" name="nn"/>
                <label end="203" start="202" name="in"/>
                <label end="207" start="205" name="dt"/>
                <label end="213" start="209" name="nn"/>
                <label end="217" start="215" name="in"/>
                <label end="225" start="219" name="nn"/>
                <label end="234" start="227" name="nn"/>
                <label end="236" start="236" name="sent"/>
            </layer>
            <layer rank="1" name="NER">
                <label end="69" start="65" name="location"/>
                <label end="127" start="110" name="location"/>
            </layer>
            <layer rank="1" name="WSL">
                <label end="2" start="0" name="NT"/>
                <label end="38" start="37" name="NT"/>
                <label end="54" start="52" name="NT"/>
                <label end="69" start="65" name="NT"/>
                <label end="71" start="71" name="NT"/>
                <label end="80" start="79" name="NT"/>
                <label end="84" start="82" name="NT"/>
                <label end="108" start="107" name="NT"/>
                <label end="114" start="110" name="NT"/>
                <label end="118" start="116" name="NT"/>
                <label end="129" start="129" name="NT"/>
                <label end="132" start="131" name="NT"/>
                <label end="143" start="139" name="NT"/>
                <label end="146" start="145" name="NT"/>
                <label end="160" start="159" name="NT"/>
                <label end="163" start="162" name="NT"/>
                <label end="167" start="165" name="NT"/>
                <label end="180" start="178" name="NT"/>
                <label end="190" start="190" name="NT"/>
                <label end="194" start="192" name="NT"/>
                <label end="207" start="205" name="NT"/>
                <label end="217" start="215" name="NT"/>
                <label end="236" start="236" name="NT"/>
            </layer>
        </annotationSet>
        <annotationSet cDate="10/29/2007 03:54:34 PDT Mon" luID="3695" luName="zone.n" frameID="192" frameName="Locale" status="MANUAL" ID="6549223">
            <layer rank="1" name="Target">
                <label cBy="JKs" end="35" start="32" name="Target"/>
            </layer>
            <layer rank="1" name="FE">
                <label cBy="JKs" feID="1565" bgColor="FF0000" fgColor="FFFFFF" end="35" start="32" name="Locale"/>
                <label cBy="JKs" feID="6966" bgColor="008000" fgColor="FFFFFF" end="30" start="4" name="Descriptor"/>
            </layer>
            <layer rank="1" name="GF">
                <label end="30" start="4" name="Dep"/>
            </layer>
            <layer rank="1" name="PT">
                <label end="30" start="4" name="AJP"/>
            </layer>
            <layer rank="1" name="Other"/>
            <layer rank="1" name="Sent"/>
            <layer rank="1" name="Noun"/>
        </annotationSet>
        <annotationSet cDate="10/29/2007 03:54:40 PDT Mon" luID="10025" luName="situated.a" frameID="960" frameName="Being_located" status="MANUAL" ID="6549224">
            <layer rank="1" name="Target">
                <label cBy="JKs" end="47" start="40" name="Target"/>
            </layer>
            <layer rank="1" name="FE">
                <label cBy="JKs" feID="5880" bgColor="0000FF" fgColor="FFFFFF" end="35" start="0" name="Theme"/>
                <label cBy="AlK" feID="11490" bgColor="008000" fgColor="FFFFFF" end="69" start="49" name="Location"/>
                <label cBy="AlK" feID="5881" bgColor="9400D3" fgColor="FFFFFF" end="234" start="73" name="Place"/>
            </layer>
            <layer rank="1" name="GF">
                <label end="35" start="0" name="Ext"/>
                <label end="69" start="49" name="Dep"/>
                <label end="234" start="73" name="Dep"/>
            </layer>
            <layer rank="1" name="PT">
                <label end="35" start="0" name="NP"/>
                <label end="69" start="49" name="PP"/>
                <label end="234" start="73" name="AVP"/>
            </layer>
            <layer rank="1" name="Other"/>
            <layer rank="1" name="Sent"/>
            <layer rank="1" name="Adj">
                <label end="38" start="37" name="Cop"/>
            </layer>
        </annotationSet>
        <annotationSet cDate="10/29/2007 03:54:46 PDT Mon" luID="10801" luName="in.prep" frameID="1178" frameName="Interior_profile_relation" status="MANUAL" ID="6549225">
            <layer rank="1" name="Target">
                <label cBy="JKs" end="50" start="49" name="Target"/>
            </layer>
            <layer rank="1" name="FE">
                <label cBy="JKs" feID="6828" bgColor="008000" fgColor="FFFFFF" end="69" start="52" name="Ground"/>
                <label cBy="JKs" feID="6826" bgColor="FF0000" fgColor="FFFFFF" end="35" start="0" name="Figure"/>
            </layer>
            <layer rank="1" name="GF">
                <label end="69" start="52" name="Obj"/>
                <label end="35" start="0" name="Ext"/>
            </layer>
            <layer rank="1" name="PT">
                <label end="69" start="52" name="NP"/>
                <label end="35" start="0" name="NP"/>
            </layer>
            <layer rank="1" name="Other"/>
            <layer rank="1" name="Sent"/>
            <layer rank="1" name="Prep">
                <label end="38" start="37" name="Cop"/>
            </layer>
        </annotationSet>
        <annotationSet cDate="10/29/2007 03:54:53 PDT Mon" luID="6077" luName="north.n" frameID="143" frameName="Part_orientational" status="MANUAL" ID="6549226">
            <layer rank="1" name="Target">
                <label cBy="JKs" end="60" start="56" name="Target"/>
            </layer>
            <layer rank="1" name="FE">
                <label cBy="JKs" feID="1110" bgColor="0000FF" fgColor="FFFFFF" end="69" start="56" name="Part"/>
            </layer>
            <layer rank="1" name="GF">
                <label end="69" start="56" name="Head"/>
            </layer>
            <layer rank="1" name="PT">
                <label end="69" start="56" name="N"/>
            </layer>
            <layer rank="1" name="Other"/>
            <layer rank="1" name="Sent"/>
            <layer rank="1" name="Noun"/>
            <layer rank="2" name="FE">
                <label cBy="JKs" feID="1112" bgColor="FF0000" fgColor="FFFFFF" end="69" start="65" name="Whole"/>
            </layer>
        </annotationSet>
        <annotationSet cDate="10/29/2007 03:55:00 PDT Mon" luID="10639" luName="of.prep" frameID="1103" frameName="Origin" status="MANUAL" ID="6549227">
            <layer rank="1" name="Target">
                <label cBy="JKs" end="63" start="62" name="Target"/>
            </layer>
            <layer rank="1" name="FE">
                <label cBy="JKs" feID="6525" bgColor="0000FF" fgColor="FFFFFF" end="69" start="65" name="Origin"/>
                <label cBy="JKs" feID="6524" bgColor="FF0000" fgColor="FFFFFF" end="60" start="52" name="Entity"/>
            </layer>
            <layer rank="1" name="GF">
                <label end="69" start="65" name="Obj"/>
                <label end="60" start="52" name="Ext"/>
            </layer>
            <layer rank="1" name="PT">
                <label end="69" start="65" name="NP"/>
                <label end="60" start="52" name="NP"/>
            </layer>
            <layer rank="1" name="Other"/>
            <layer rank="1" name="Sent"/>
            <layer rank="1" name="Prep"/>
        </annotationSet>
        <annotationSet cDate="10/29/2007 03:55:13 PDT Mon" luID="3695" luName="zone.n" frameID="192" frameName="Locale" status="MANUAL" ID="6549228">
            <layer rank="1" name="Target">
                <label cBy="JKs" end="105" start="102" name="Target"/>
            </layer>
            <layer rank="1" name="FE">
                <label cBy="JKs" feID="1565" bgColor="FF0000" fgColor="FFFFFF" end="105" start="102" name="Locale"/>
                <label cBy="JKs" feID="6966" bgColor="008000" fgColor="FFFFFF" end="100" start="82" name="Descriptor"/>
                <label cBy="JKs" feID="1567" bgColor="800080" fgColor="FFFFFF" end="127" start="107" name="Relative_location"/>
            </layer>
            <layer rank="1" name="GF">
                <label end="100" start="82" name="Dep"/>
                <label end="127" start="107" name="Dep"/>
            </layer>
            <layer rank="1" name="PT">
                <label end="100" start="82" name="NP"/>
                <label end="127" start="107" name="PP"/>
            </layer>
            <layer rank="1" name="Other"/>
            <layer rank="1" name="Sent"/>
            <layer rank="1" name="Noun"/>
        </annotationSet>
        <annotationSet cDate="10/29/2007 03:55:22 PDT Mon" luID="3407" luName="mountain.n" frameID="191" frameName="Natural_features" status="MANUAL" ID="6549230">
            <layer rank="1" name="Target">
                <label cBy="JKs" end="127" start="120" name="Target"/>
            </layer>
            <layer rank="1" name="FE">
                <label cBy="JKs" feID="1573" bgColor="FF0000" fgColor="FFFFFF" end="127" start="120" name="Locale"/>
                <label cBy="JKs" feID="1596" bgColor="A52A2A" fgColor="FFFFFF" end="118" start="110" name="Name"/>
            </layer>
            <layer rank="1" name="GF">
                <label end="118" start="110" name="Dep"/>
            </layer>
            <layer rank="1" name="PT">
                <label end="118" start="110" name="N"/>
            </layer>
            <layer rank="1" name="Other"/>
            <layer rank="1" name="Sent"/>
            <layer rank="1" name="Noun"/>
        </annotationSet>
        <annotationSet cDate="10/29/2007 03:55:27 PDT Mon" luID="3694" luName="area.n" frameID="192" frameName="Locale" status="MANUAL" ID="6549231">
            <layer rank="1" name="Target">
                <label cBy="JKs" end="137" start="134" name="Target"/>
            </layer>
            <layer rank="1" name="FE">
                <label cBy="JKs" feID="1565" bgColor="FF0000" fgColor="FFFFFF" end="137" start="134" name="Locale"/>
                <label cBy="JKs" feID="6966" bgColor="008000" fgColor="FFFFFF" end="234" start="145" name="Descriptor"/>
            </layer>
            <layer rank="1" name="GF">
                <label end="234" start="145" name="Dep"/>
            </layer>
            <layer rank="1" name="PT">
                <label end="234" start="145" name="VPbrst"/>
            </layer>
            <layer rank="1" name="Other">
                <label end="143" start="139" name="Rel"/>
            </layer>
            <layer rank="1" name="Sent"/>
            <layer rank="1" name="Noun"/>
        </annotationSet>
        <annotationSet cDate="10/29/2007 03:55:46 PDT Mon" luID="3683" luName="country.n" frameID="195" frameName="Political_locales" status="MANUAL" ID="6549233">
            <layer rank="1" name="Target">
                <label cBy="JKs" end="188" start="182" name="Target"/>
            </layer>
            <layer rank="1" name="FE">
                <label cBy="JKs" feID="1583" bgColor="00008B" fgColor="FFFFFF" end="188" start="182" name="Locale"/>
            </layer>
            <layer rank="1" name="GF"/>
            <layer rank="1" name="PT"/>
            <layer rank="1" name="Other"/>
            <layer rank="1" name="Sent"/>
            <layer rank="1" name="Noun"/>
        </annotationSet>
        <annotationSet cDate="10/29/2007 03:55:50 PDT Mon" luID="10801" luName="in.prep" frameID="1178" frameName="Interior_profile_relation" status="MANUAL" ID="6549234">
            <layer rank="1" name="Target">
                <label cBy="JKs" end="176" start="175" name="Target"/>
            </layer>
            <layer rank="1" name="FE">
                <label cBy="JKs" feID="6826" bgColor="FF0000" fgColor="FFFFFF" end="173" start="165" name="Figure"/>
                <label cBy="JKs" feID="6828" bgColor="008000" fgColor="FFFFFF" end="188" start="178" name="Ground"/>
                <label cBy="WMcQ" feID="6826" bgColor="FF0000" fgColor="FFFFFF" end="234" start="215" name="Figure"/>
            </layer>
            <layer rank="1" name="GF">
                <label end="173" start="165" name="Ext"/>
                <label end="188" start="178" name="Obj"/>
                <label end="234" start="215" name="Ext"/>
            </layer>
            <layer rank="1" name="PT">
                <label end="173" start="165" name="NP"/>
                <label end="188" start="178" name="NP"/>
                <label end="234" start="215" name="NP"/>
            </layer>
            <layer rank="1" name="Other"/>
            <layer rank="1" name="Sent"/>
            <layer rank="1" name="Prep"/>
        </annotationSet>
        <annotationSet cDate="10/29/2007 03:56:00 PDT Mon" luID="10179" luName="world.n" frameID="195" frameName="Political_locales" status="MANUAL" ID="6549235">
            <layer rank="1" name="Target">
                <label cBy="JKs" end="213" start="209" name="Target"/>
            </layer>
            <layer rank="1" name="FE">
                <label cBy="JKs" feID="1583" bgColor="00008B" fgColor="FFFFFF" end="213" start="209" name="Locale"/>
            </layer>
            <layer rank="1" name="GF"/>
            <layer rank="1" name="PT"/>
            <layer rank="1" name="Other"/>
            <layer rank="1" name="Sent"/>
            <layer rank="1" name="Noun"/>
        </annotationSet>
        <annotationSet cDate="10/29/2007 03:58:45 PDT Mon" luID="11248" luName="first.a" frameID="1147" frameName="Ordinal_numbers" status="MANUAL" ID="6549239">
            <layer rank="1" name="Target">
                <label cBy="JKs" end="173" start="169" name="Target"/>
            </layer>
            <layer rank="1" name="FE">
                <label cBy="JKs" feID="6633" bgColor="00008B" fgColor="FFFFFF" end="173" start="169" name="Item"/>
                <label cBy="JKs" feID="6634" bgColor="00BFFF" fgColor="FFFFFF" end="188" start="175" name="Comparison_set"/>
            </layer>
            <layer rank="1" name="GF">
                <label end="188" start="175" name="Dep"/>
            </layer>
            <layer rank="1" name="PT">
                <label end="188" start="175" name="PP"/>
            </layer>
            <layer rank="1" name="Other"/>
            <layer rank="1" name="Sent"/>
            <layer rank="1" name="Adj"/>
        </annotationSet>
        <annotationSet cDate="10/29/2007 04:09:30 PDT Mon" luID="10801" luName="in.prep" frameID="1178" frameName="Interior_profile_relation" status="MANUAL" ID="6549242">
            <layer rank="1" name="Target">
                <label cBy="JKs" end="203" start="202" name="Target"/>
            </layer>
            <layer rank="1" name="FE">
                <label cBy="JKs" feID="6826" bgColor="FF0000" fgColor="FFFFFF" end="200" start="196" name="Figure"/>
                <label cBy="JKs" feID="6828" bgColor="008000" fgColor="FFFFFF" end="213" start="205" name="Ground"/>
                <label cBy="WMcQ" feID="6826" bgColor="FF0000" fgColor="FFFFFF" end="234" start="215" name="Figure"/>
            </layer>
            <layer rank="1" name="GF">
                <label end="213" start="205" name="Obj"/>
                <label end="200" start="196" name="Ext"/>
                <label end="234" start="215" name="Ext"/>
            </layer>
            <layer rank="1" name="PT">
                <label end="213" start="205" name="NP"/>
                <label end="200" start="196" name="NP"/>
                <label end="234" start="215" name="NP"/>
            </layer>
            <layer rank="1" name="Other"/>
            <layer rank="1" name="Sent"/>
            <layer rank="1" name="Prep"/>
        </annotationSet>
    </sentence>
    <sentence corpID="205" docID="23716" sentNo="1" paragNo="8" aPos="0" ID="4101405">
        <text>Launching 'Dubai Internet city ' coincided with the opening of the annual information fair in Dubai which is considered to be the biggest in the Middle East - Gulf Information Technology Getix . '</text>
        <annotationSet cDate="08/03/2007 03:13:30 PDT Fri" status="UNANN" ID="6544640">
            <layer rank="1" name="PENN">
                <label end="8" start="0" name="VVG"/>
                <label end="15" start="10" name="jj"/>
                <label end="24" start="17" name="nn"/>
                <label end="29" start="26" name="nn"/>
                <label end="31" start="31" name="POS"/>
                <label end="41" start="33" name="VVD"/>
                <label end="46" start="43" name="in"/>
                <label end="50" start="48" name="dt"/>
                <label end="58" start="52" name="nn"/>
                <label end="61" start="60" name="in"/>
                <label end="65" start="63" name="dt"/>
                <label end="72" start="67" name="jj"/>
                <label end="84" start="74" name="nn"/>
                <label end="89" start="86" name="jj"/>
                <label end="92" start="91" name="in"/>
                <label end="98" start="94" name="NP"/>
                <label end="104" start="100" name="wdt"/>
                <label end="107" start="106" name="VBZ"/>
                <label end="118" start="109" name="VVN"/>
                <label end="121" start="120" name="to"/>
                <label end="124" start="123" name="vb"/>
                <label end="128" start="126" name="dt"/>
                <label end="136" start="130" name="jjs"/>
                <label end="139" start="138" name="in"/>
                <label end="143" start="141" name="dt"/>
                <label end="150" start="145" name="NP"/>
                <label end="155" start="152" name="NP"/>
                <label end="157" start="157" name=":"/>
                <label end="162" start="159" name="NP"/>
                <label end="174" start="164" name="NP"/>
                <label end="185" start="176" name="NP"/>
                <label end="191" start="187" name="NP"/>
                <label end="193" start="193" name="sent"/>
                <label end="195" start="195" name="''"/>
            </layer>
            <layer rank="1" name="NER">
                <label end="15" start="0" name="person"/>
                <label end="98" start="94" name="location"/>
                <label end="162" start="145" name="organization"/>
            </layer>
            <layer rank="1" name="WSL">
                <label end="31" start="31" name="NT"/>
                <label end="46" start="43" name="NT"/>
                <label end="50" start="48" name="NT"/>
                <label end="61" start="60" name="NT"/>
                <label end="65" start="63" name="NT"/>
                <label end="98" start="94" name="NT"/>
                <label end="104" start="100" name="NT"/>
                <label end="107" start="106" name="NT"/>
                <label end="121" start="120" name="NT"/>
                <label end="124" start="123" name="NT"/>
                <label end="128" start="126" name="NT"/>
                <label end="139" start="138" name="NT"/>
                <label end="143" start="141" name="NT"/>
                <label end="150" start="145" name="NT"/>
                <label end="155" start="152" name="NT"/>
                <label end="157" start="157" name="NT"/>
                <label end="162" start="159" name="NT"/>
                <label end="174" start="164" name="NT"/>
                <label end="185" start="176" name="NT"/>
                <label end="191" start="187" name="NT"/>
                <label end="193" start="193" name="NT"/>
                <label end="195" start="195" name="NT"/>
            </layer>
        </annotationSet>
        <annotationSet cDate="10/29/2007 04:18:16 PDT Mon" luID="14095" luName="coincide.v" frameID="1897" frameName="Simultaneity" status="MANUAL" ID="6549256">
            <layer rank="1" name="Target">
                <label cBy="JKs" end="41" start="33" name="Target"/>
            </layer>
            <layer rank="1" name="FE">
                <label cBy="JKs" feID="11276" bgColor="008000" fgColor="FFFFFF" end="29" start="0" name="Events"/>
                <label cBy="JKs" feID="11276" bgColor="008000" fgColor="FFFFFF" end="155" start="43" name="Events"/>
            </layer>
            <layer rank="1" name="GF">
                <label end="29" start="0" name="Ext"/>
                <label end="155" start="43" name="Obj"/>
            </layer>
            <layer rank="1" name="PT">
                <label end="29" start="0" name="VPing"/>
                <label end="155" start="43" name="PP"/>
            </layer>
            <layer rank="1" name="Other"/>
            <layer rank="1" name="Sent"/>
            <layer rank="1" name="Verb"/>
        </annotationSet>
        <annotationSet cDate="10/29/2007 04:18:27 PDT Mon" luID="1724" luName="annual.a" frameID="80" frameName="Frequency" status="MANUAL" ID="6549258">
            <layer rank="1" name="Target">
                <label cBy="JKs" end="72" start="67" name="Target"/>
            </layer>
            <layer rank="1" name="FE">
                <label cBy="JKs" feID="371" bgColor="FF0000" fgColor="FFFFFF" end="155" start="74" name="Event"/>
                <label cBy="JKs" feID="4561" bgColor="0000FF" fgColor="FFFFFF" end="72" start="67" name="Interval"/>
            </layer>
            <layer rank="1" name="GF">
                <label end="155" start="74" name="Dep"/>
            </layer>
            <layer rank="1" name="PT">
                <label end="155" start="74" name="PPinterrog"/>
            </layer>
            <layer rank="1" name="Other"/>
            <layer rank="1" name="Sent"/>
            <layer rank="1" name="Adj"/>
        </annotationSet>
        <annotationSet cDate="10/29/2007 04:19:59 PDT Mon" luID="10801" luName="in.prep" frameID="1178" frameName="Interior_profile_relation" status="MANUAL" ID="6549261">
            <layer rank="1" name="Target">
                <label cBy="JKs" end="92" start="91" name="Target"/>
            </layer>
            <layer rank="1" name="FE">
                <label cBy="JKs" feID="6826" bgColor="FF0000" fgColor="FFFFFF" end="89" start="63" name="Figure"/>
                <label cBy="JKs" feID="6828" bgColor="008000" fgColor="FFFFFF" end="98" start="94" name="Ground"/>
            </layer>
            <layer rank="1" name="GF">
                <label end="89" start="63" name="Ext"/>
                <label end="98" start="94" name="Obj"/>
            </layer>
            <layer rank="1" name="PT">
                <label end="89" start="63" name="NP"/>
                <label end="98" start="94" name="NP"/>
            </layer>
            <layer rank="1" name="Other"/>
            <layer rank="1" name="Sent"/>
            <layer rank="1" name="Prep"/>
        </annotationSet>
    </sentence>
</fullTextAnnotation>