<?xml version="1.0" encoding="UTF-8" standalone="yes"?>
<?xml-stylesheet type="text/xsl" href="fullText.xsl"?>
<fullTextAnnotation xsi:schemaLocation="../schema/fullText.xsd" xmlns="http://framenet.icsi.berkeley.edu" xmlns:xsi="http://www.w3.org/2001/XMLSchema-instance">
    <header>
        <corpus description="LUCorpus-v0.3" name="LUCorpus-v0.3" ID="205">
            <document description="artb_004_A1_E1_NEW" name="artb_004_A1_E1_NEW" ID="23715"/>
        </corpus>
    </header>
    <sentence corpID="205" docID="23715" sentNo="1" paragNo="1" aPos="0" ID="4101390">
        <text>Inauguration of free zone in Dubai for e-commerce</text>
        <annotationSet cDate="08/03/2007 03:13:11 PDT Fri" status="UNANN" ID="6544625">
            <layer rank="1" name="PENN">
                <label end="11" start="0" name="nn"/>
                <label end="14" start="13" name="in"/>
                <label end="19" start="16" name="jj"/>
                <label end="24" start="21" name="nn"/>
                <label end="27" start="26" name="in"/>
                <label end="33" start="29" name="NP"/>
                <label end="37" start="35" name="in"/>
                <label end="48" start="39" name="nn"/>
            </layer>
            <layer rank="1" name="NER">
                <label end="33" start="29" name="location"/>
            </layer>
            <layer rank="1" name="WSL">
                <label end="14" start="13" name="NT"/>
                <label end="27" start="26" name="NT"/>
                <label end="33" start="29" name="NT"/>
                <label end="37" start="35" name="NT"/>
            </layer>
        </annotationSet>
        <annotationSet cDate="11/09/2007 03:54:27 PST Fri" luID="3695" luName="zone.n" frameID="192" frameName="Locale" status="MANUAL" ID="6550760">
            <layer rank="1" name="Target">
                <label cBy="KmG" end="24" start="21" name="Target"/>
            </layer>
            <layer rank="1" name="FE">
                <label cBy="KmG" feID="1565" bgColor="FF0000" fgColor="FFFFFF" end="24" start="21" name="Locale"/>
                <label cBy="KmG" feID="6966" bgColor="008000" fgColor="FFFFFF" end="19" start="16" name="Descriptor"/>
                <label cBy="KmG" feID="1569" bgColor="808080" fgColor="FFFFFF" end="33" start="26" name="Container_possessor"/>
                <label cBy="KmG" feID="6966" bgColor="008000" fgColor="FFFFFF" end="48" start="35" name="Descriptor"/>
            </layer>
            <layer rank="1" name="GF">
                <label end="19" start="16" name="Dep"/>
                <label end="33" start="26" name="Dep"/>
                <label end="48" start="35" name="Dep"/>
            </layer>
            <layer rank="1" name="PT">
                <label end="19" start="16" name="AJP"/>
                <label end="33" start="26" name="PP"/>
                <label end="48" start="35" name="PP"/>
            </layer>
            <layer rank="1" name="Other"/>
            <layer rank="1" name="Sent"/>
            <layer rank="1" name="Noun"/>
        </annotationSet>
    </sentence>
    <sentence corpID="205" docID="23715" sentNo="1" paragNo="2" aPos="0" ID="4101391">
        <text>Dubai 10-28 ( FP ) - Dubai 's Crown Prince Sheikh Mohamed Bin Rashid Al Maktoum inaugurated a free zone for e-commerce today , called Dubai Internet City .</text>
        <annotationSet cDate="08/03/2007 03:13:12 PDT Fri" status="UNANN" ID="6544626">
            <layer rank="1" name="PENN">
                <label end="4" start="0" name="NP"/>
                <label end="10" start="6" name="NP"/>
                <label end="12" start="12" name="("/>
                <label end="15" start="14" name="NP"/>
                <label end="17" start="17" name=")"/>
                <label end="19" start="19" name=":"/>
                <label end="25" start="21" name="NP"/>
                <label end="28" start="27" name="POS"/>
                <label end="34" start="30" name="NP"/>
                <label end="41" start="36" name="NP"/>
                <label end="48" start="43" name="NP"/>
                <label end="56" start="50" name="NP"/>
                <label end="60" start="58" name="NP"/>
                <label end="67" start="62" name="NP"/>
                <label end="70" start="69" name="NP"/>
                <label end="78" start="72" name="NP"/>
                <label end="90" start="80" name="VVN"/>
                <label end="92" start="92" name="dt"/>
                <label end="97" start="94" name="jj"/>
                <label end="102" start="99" name="nn"/>
                <label end="106" start="104" name="in"/>
                <label end="117" start="108" name="nn"/>
                <label end="123" start="119" name="nn"/>
                <label end="125" start="125" name=","/>
                <label end="132" start="127" name="VVD"/>
                <label end="138" start="134" name="NP"/>
                <label end="147" start="140" name="NP"/>
                <label end="152" start="149" name="NP"/>
                <label end="154" start="154" name="sent"/>
            </layer>
            <layer rank="1" name="NER">
                <label end="4" start="0" name="location"/>
                <label end="25" start="21" name="location"/>
                <label end="138" start="134" name="location"/>
                <label end="78" start="30" name="person"/>
            </layer>
            <layer rank="1" name="WSL">
                <label end="4" start="0" name="NT"/>
                <label end="10" start="6" name="NT"/>
                <label end="12" start="12" name="NT"/>
                <label end="15" start="14" name="NT"/>
                <label end="17" start="17" name="NT"/>
                <label end="19" start="19" name="NT"/>
                <label end="25" start="21" name="NT"/>
                <label end="28" start="27" name="NT"/>
                <label end="34" start="30" name="NT"/>
                <label end="56" start="50" name="NT"/>
                <label end="60" start="58" name="NT"/>
                <label end="67" start="62" name="NT"/>
                <label end="70" start="69" name="NT"/>
                <label end="78" start="72" name="NT"/>
                <label end="92" start="92" name="NT"/>
                <label end="106" start="104" name="NT"/>
                <label end="125" start="125" name="NT"/>
                <label end="138" start="134" name="NT"/>
                <label end="147" start="140" name="Nonrelational"/>
                <label end="154" start="154" name="NT"/>
            </layer>
        </annotationSet>
        <annotationSet cDate="11/09/2007 03:56:41 PST Fri" luID="4110" luName="sheik.n" frameID="73" frameName="Leadership" status="MANUAL" ID="6550765">
            <layer rank="1" name="Target">
                <label cBy="KmG" end="48" start="43" name="Target"/>
            </layer>
            <layer rank="1" name="FE">
                <label cBy="KmG" feID="347" bgColor="FF0000" fgColor="FFFFFF" end="78" start="50" name="Leader"/>
            </layer>
            <layer rank="1" name="GF">
                <label end="78" start="50" name="Appositive"/>
            </layer>
            <layer rank="1" name="PT">
                <label end="78" start="50" name="NP"/>
            </layer>
            <layer rank="1" name="Other"/>
            <layer rank="1" name="Sent"/>
            <layer rank="1" name="Noun"/>
        </annotationSet>
        <annotationSet cDate="11/09/2007 03:56:59 PST Fri" luID="3695" luName="zone.n" frameID="192" frameName="Locale" status="MANUAL" ID="6550766">
            <layer rank="1" name="Target">
                <label cBy="KmG" end="102" start="99" name="Target"/>
            </layer>
            <layer rank="1" name="FE">
                <label cBy="KmG" feID="1565" bgColor="FF0000" fgColor="FFFFFF" end="102" start="99" name="Locale"/>
                <label cBy="KmG" feID="6966" bgColor="008000" fgColor="FFFFFF" end="97" start="94" name="Descriptor"/>
                <label cBy="KmG" feID="6966" bgColor="008000" fgColor="FFFFFF" end="117" start="104" name="Descriptor"/>
            </layer>
            <layer rank="1" name="GF">
                <label end="97" start="94" name="Dep"/>
                <label end="117" start="104" name="Dep"/>
            </layer>
            <layer rank="1" name="PT">
                <label end="97" start="94" name="AJP"/>
                <label end="117" start="104" name="PP"/>
            </layer>
            <layer rank="1" name="Other"/>
            <layer rank="1" name="Sent"/>
            <layer rank="1" name="Noun"/>
        </annotationSet>
        <annotationSet cDate="11/09/2007 03:57:29 PST Fri" luID="4054" luName="today.n" frameID="229" frameName="Calendric_unit" status="MANUAL" ID="6550767">
            <layer rank="1" name="Target">
                <label cBy="KmG" end="123" start="119" name="Target"/>
            </layer>
            <layer rank="1" name="FE">
                <label cBy="KmG" feID="10331" bgColor="FF0000" fgColor="FFFFFF" end="123" start="119" name="Unit"/>
            </layer>
            <layer rank="1" name="GF"/>
            <layer rank="1" name="PT"/>
            <layer rank="1" name="Other"/>
            <layer rank="1" name="Sent"/>
            <layer rank="1" name="Noun"/>
        </annotationSet>
        <annotationSet cDate="11/09/2007 03:58:21 PST Fri" luID="11195" luName="call.v" frameID="1250" frameName="Labeling" status="MANUAL" ID="6550768">
            <layer rank="1" name="Target">
                <label cBy="KmG" end="132" start="127" name="Target"/>
            </layer>
            <layer rank="1" name="FE">
                <label cBy="KmG" feID="7243" bgColor="800080" fgColor="FFFFFF" end="138" start="134" name="Entity"/>
                <label cBy="KmG" feID="7244" bgColor="1E90FF" fgColor="FFFFFF" end="152" start="140" name="Label"/>
                <label cBy="KmG" feID="7242" bgColor="FF0000" fgColor="FFFFFF" end="78" start="21" name="Speaker"/>
            </layer>
            <layer rank="1" name="GF">
                <label end="138" start="134" name="Obj"/>
                <label end="152" start="140" name="Dep"/>
                <label end="78" start="21" name="Ext"/>
            </layer>
            <layer rank="1" name="PT">
                <label end="138" start="134" name="NP"/>
                <label end="152" start="140" name="NP"/>
                <label end="78" start="21" name="NP"/>
            </layer>
            <layer rank="1" name="Other"/>
            <layer rank="1" name="Sent"/>
            <layer rank="1" name="Verb"/>
        </annotationSet>
        <annotationSet cDate="11/09/2007 03:58:58 PST Fri" luID="3764" luName="city.n" frameID="195" frameName="Political_locales" status="MANUAL" ID="6550770">
            <layer rank="1" name="Target">
                <label cBy="KmG" end="152" start="149" name="Target"/>
            </layer>
            <layer rank="1" name="FE">
                <label cBy="KmG" feID="1583" bgColor="00008B" fgColor="FFFFFF" end="152" start="149" name="Locale"/>
                <label cBy="KmG" feID="7151" bgColor="FFA500" fgColor="FFFFFF" end="147" start="140" name="Descriptor"/>
            </layer>
            <layer rank="1" name="GF">
                <label end="147" start="140" name="Dep"/>
            </layer>
            <layer rank="1" name="PT">
                <label end="147" start="140" name="N"/>
            </layer>
            <layer rank="1" name="Other"/>
            <layer rank="1" name="Sent"/>
            <layer rank="1" name="Noun"/>
            <layer rank="2" name="FE">
                <label cBy="KmG" feID="1599" bgColor="A52A2A" fgColor="FFFFFF" end="152" start="140" name="Name"/>
            </layer>
        </annotationSet>
    </sentence>
    <sentence corpID="205" docID="23715" sentNo="1" paragNo="3" aPos="0" ID="4101392">
        <text>The preliminary stages of the project , the only one of its kind according to its designers , are estimated at $200 million .</text>
        <annotationSet cDate="08/03/2007 03:13:12 PDT Fri" status="UNANN" ID="6544627">
            <layer rank="1" name="PENN">
                <label end="2" start="0" name="dt"/>
                <label end="14" start="4" name="jj"/>
                <label end="21" start="16" name="nns"/>
                <label end="24" start="23" name="in"/>
                <label end="28" start="26" name="dt"/>
                <label end="36" start="30" name="nn"/>
                <label end="38" start="38" name=","/>
                <label end="42" start="40" name="dt"/>
                <label end="47" start="44" name="jj"/>
                <label end="51" start="49" name="nn"/>
                <label end="54" start="53" name="in"/>
                <label end="58" start="56" name="PP$"/>
                <label end="63" start="60" name="nn"/>
                <label end="73" start="65" name="VVG"/>
                <label end="76" start="75" name="to"/>
                <label end="80" start="78" name="PP$"/>
                <label end="90" start="82" name="nns"/>
                <label end="92" start="92" name=","/>
                <label end="96" start="94" name="vbp"/>
                <label end="106" start="98" name="VVN"/>
                <label end="109" start="108" name="in"/>
                <label end="114" start="111" name="jj"/>
                <label end="122" start="116" name="cd"/>
                <label end="124" start="124" name="sent"/>
            </layer>
            <layer rank="1" name="NER">
                <label end="122" start="111" name="money"/>
            </layer>
            <layer rank="1" name="WSL">
                <label end="2" start="0" name="NT"/>
                <label end="24" start="23" name="NT"/>
                <label end="28" start="26" name="NT"/>
                <label end="38" start="38" name="NT"/>
                <label end="42" start="40" name="NT"/>
                <label end="54" start="53" name="NT"/>
                <label end="58" start="56" name="NT"/>
                <label end="80" start="78" name="NT"/>
                <label end="92" start="92" name="NT"/>
                <label end="96" start="94" name="NT"/>
                <label end="109" start="108" name="NT"/>
                <label end="124" start="124" name="NT"/>
                <label end="114" start="111" name="NT"/>
            </layer>
        </annotationSet>
        <annotationSet cDate="11/09/2007 03:59:58 PST Fri" luID="14346" luName="preliminary.a" frameID="1928" frameName="Preliminaries" status="MANUAL" ID="6550772">
            <layer rank="1" name="Target">
                <label cBy="KmG" end="14" start="4" name="Target"/>
            </layer>
            <layer rank="1" name="FE">
                <label cBy="KmG" feID="11859" bgColor="808080" fgColor="FFFFFF" end="36" start="16" name="Preparatory_phase"/>
            </layer>
            <layer rank="1" name="GF">
                <label end="36" start="16" name="Head"/>
            </layer>
            <layer rank="1" name="PT">
                <label end="36" start="16" name="N"/>
            </layer>
            <layer rank="1" name="Other"/>
            <layer rank="1" name="Sent"/>
            <layer rank="1" name="Adj"/>
        </annotationSet>
        <annotationSet cDate="11/09/2007 04:00:36 PST Fri" luID="10723" luName="project.n" frameID="1158" frameName="Project" status="MANUAL" ID="6550774">
            <layer rank="1" name="Target">
                <label cBy="KmG" end="36" start="30" name="Target"/>
            </layer>
            <layer rank="1" name="FE">
                <label cBy="KmG" feID="9655" bgColor="00BFFF" fgColor="FFFFFF" end="36" start="30" name="Project"/>
            </layer>
            <layer rank="1" name="GF"/>
            <layer rank="1" name="PT"/>
            <layer rank="1" name="Other"/>
            <layer rank="1" name="Sent"/>
            <layer rank="1" name="Noun"/>
        </annotationSet>
        <annotationSet cDate="11/09/2007 04:00:46 PST Fri" luID="6150" luName="only.a" frameID="355" frameName="Sole_instance" status="MANUAL" ID="6550775">
            <layer rank="1" name="Target">
                <label cBy="KmG" end="47" start="44" name="Target"/>
            </layer>
            <layer rank="1" name="FE">
                <label cBy="KmG" feID="3657" bgColor="FF0000" fgColor="FFFFFF" end="63" start="49" name="Type"/>
            </layer>
            <layer rank="1" name="GF">
                <label end="63" start="49" name="Head"/>
            </layer>
            <layer rank="1" name="PT">
                <label end="63" start="49" name="N"/>
            </layer>
            <layer rank="1" name="Other"/>
            <layer rank="1" name="Sent"/>
            <layer rank="1" name="Adj"/>
            <layer rank="2" name="FE">
                <label cBy="KmG" feID="3656" bgColor="9400D3" fgColor="FFFFFF" end="63" start="40" name="Item"/>
            </layer>
        </annotationSet>
        <annotationSet cDate="11/09/2007 04:01:12 PST Fri" luID="2557" luName="kind.n" frameID="128" frameName="Type" status="MANUAL" ID="6550776">
            <layer rank="1" name="Target">
                <label cBy="KmG" end="63" start="60" name="Target"/>
            </layer>
            <layer rank="1" name="FE">
                <label cBy="KmG" feID="848" bgColor="FF0000" fgColor="FFFFFF" end="63" start="60" name="Subtype"/>
                <label cBy="KmG" feID="849" bgColor="800080" fgColor="FFFFFF" end="58" start="56" name="Category"/>
            </layer>
            <layer rank="1" name="GF">
                <label end="58" start="56" name="Gen"/>
            </layer>
            <layer rank="1" name="PT">
                <label end="58" start="56" name="Poss"/>
            </layer>
            <layer rank="1" name="Other"/>
            <layer rank="1" name="Sent"/>
            <layer rank="1" name="Noun"/>
        </annotationSet>
        <annotationSet cDate="11/09/2007 04:04:20 PST Fri" luID="10677" luName="according to.prep" frameID="1148" frameName="Attributed_information" status="MANUAL" ID="6550779">
            <layer rank="1" name="Target">
                <label cBy="KmG" end="73" start="65" name="Target"/>
                <label cBy="KmG" end="76" start="75" name="Target"/>
            </layer>
            <layer rank="1" name="FE">
                <label cBy="KmG" feID="6636" bgColor="FF0000" fgColor="FFFFFF" end="90" start="78" name="Speaker"/>
                <label cBy="CVa" feID="6635" bgColor="0000FF" fgColor="FFFFFF" end="63" start="0" name="Proposition"/>
                <label cBy="CVa" feID="6635" bgColor="0000FF" fgColor="FFFFFF" end="122" start="94" name="Proposition"/>
            </layer>
            <layer rank="1" name="GF">
                <label end="90" start="78" name="Obj"/>
                <label end="63" start="0" name="Ext"/>
                <label end="122" start="94" name="Ext"/>
            </layer>
            <layer rank="1" name="PT">
                <label end="90" start="78" name="NP"/>
                <label end="63" start="0" name="Sfin"/>
                <label end="122" start="94" name="Sfin"/>
            </layer>
            <layer rank="1" name="Other"/>
            <layer rank="1" name="Sent"/>
            <layer rank="1" name="Prep"/>
        </annotationSet>
        <annotationSet cDate="11/09/2007 04:06:03 PST Fri" luID="12288" luName="estimate.v" frameID="1513" frameName="Estimating" status="MANUAL" ID="6550782">
            <layer rank="1" name="Target">
                <label cBy="KmG" end="106" start="98" name="Target"/>
            </layer>
            <layer rank="1" name="FE">
                <label cBy="KmG" feID="8235" itype="CNI" bgColor="FF0000" fgColor="FFFFFF" name="Cognizer"/>
                <label cBy="KmG" feID="8237" bgColor="A52A2A" fgColor="FFFFFF" end="122" start="108" name="Value"/>
                <label cBy="KmG" feID="8238" bgColor="FFA500" fgColor="FFFFFF" end="90" start="0" name="Item"/>
            </layer>
            <layer rank="1" name="GF">
                <label end="122" start="108" name="Dep"/>
                <label end="90" start="0" name="Ext"/>
            </layer>
            <layer rank="1" name="PT">
                <label end="122" start="108" name="PP"/>
                <label end="90" start="0" name="NP"/>
            </layer>
            <layer rank="1" name="Other"/>
            <layer rank="1" name="Sent"/>
            <layer rank="1" name="Verb"/>
        </annotationSet>
        <annotationSet cDate="11/09/2007 04:18:35 PST Fri" luID="5605" luName="million.num" frameID="218" frameName="Cardinal_numbers" status="MANUAL" ID="6550787">
            <layer rank="1" name="Target">
                <label cBy="KmG" end="122" start="116" name="Target"/>
            </layer>
            <layer rank="1" name="FE">
                <label cBy="KmG" feID="3622" bgColor="FF00FF" fgColor="FFFFFF" end="122" start="116" name="Number"/>
                <label cBy="KmG" feID="7300" bgColor="008000" fgColor="FFFFFF" end="114" start="111" name="Multiplier"/>
                <label cBy="HPh" feID="16740" itype="INI" bgColor="00BFFF" fgColor="FFFFFF" name="Unit"/>
            </layer>
            <layer rank="1" name="GF">
                <label end="114" start="111" name="Quant"/>
            </layer>
            <layer rank="1" name="PT">
                <label end="114" start="111" name="Num"/>
            </layer>
            <layer rank="1" name="Other"/>
            <layer rank="1" name="Sent"/>
        </annotationSet>
    </sentence>
    <sentence corpID="205" docID="23715" sentNo="1" paragNo="4" aPos="0" ID="4101393">
        <text>Sheikh Mohamed , who is also the Defense Minister of the United Arab Emirates , announced at the inauguration ceremony that `` we want to make Dubai a new trading center . ''</text>
        <annotationSet cDate="08/03/2007 03:13:12 PDT Fri" status="UNANN" ID="6544628">
            <layer rank="1" name="PENN">
                <label end="5" start="0" name="NP"/>
                <label end="13" start="7" name="NP"/>
                <label end="15" start="15" name=","/>
                <label end="19" start="17" name="wp"/>
                <label end="22" start="21" name="VBZ"/>
                <label end="27" start="24" name="rb"/>
                <label end="31" start="29" name="dt"/>
                <label end="39" start="33" name="NP"/>
                <label end="48" start="41" name="NP"/>
                <label end="51" start="50" name="in"/>
                <label end="55" start="53" name="dt"/>
                <label end="62" start="57" name="NP"/>
                <label end="67" start="64" name="NP"/>
                <label end="76" start="69" name="NPS"/>
                <label end="78" start="78" name=","/>
                <label end="88" start="80" name="VVN"/>
                <label end="91" start="90" name="in"/>
                <label end="95" start="93" name="dt"/>
                <label end="108" start="97" name="nn"/>
                <label end="117" start="110" name="nn"/>
                <label end="122" start="119" name="in"/>
                <label end="125" start="124" name="``"/>
                <label end="128" start="127" name="PP"/>
                <label end="133" start="130" name="VVP"/>
                <label end="136" start="135" name="to"/>
                <label end="141" start="138" name="VV"/>
                <label end="147" start="143" name="NP"/>
                <label end="149" start="149" name="dt"/>
                <label end="153" start="151" name="jj"/>
                <label end="161" start="155" name="nn"/>
                <label end="168" start="163" name="nn"/>
                <label end="170" start="170" name="sent"/>
                <label end="173" start="172" name="''"/>
            </layer>
            <layer rank="1" name="NER">
                <label end="13" start="0" name="person"/>
                <label end="39" start="33" name="organization"/>
                <label end="76" start="57" name="GPE"/>
                <label end="147" start="143" name="location"/>
            </layer>
            <layer rank="1" name="WSL">
                <label end="5" start="0" name="NT"/>
                <label end="13" start="7" name="NT"/>
                <label end="15" start="15" name="NT"/>
                <label end="19" start="17" name="NT"/>
                <label end="22" start="21" name="NT"/>
                <label end="27" start="24" name="NT"/>
                <label end="31" start="29" name="NT"/>
                <label end="51" start="50" name="NT"/>
                <label end="55" start="53" name="NT"/>
                <label end="62" start="57" name="NT"/>
                <label end="67" start="64" name="NT"/>
                <label end="76" start="69" name="NT"/>
                <label end="78" start="78" name="NT"/>
                <label end="95" start="93" name="NT"/>
                <label end="122" start="119" name="NT"/>
                <label end="125" start="124" name="NT"/>
                <label end="128" start="127" name="NT"/>
                <label end="136" start="135" name="NT"/>
                <label end="147" start="143" name="NT"/>
                <label end="149" start="149" name="NT"/>
                <label end="170" start="170" name="NT"/>
                <label end="173" start="172" name="NT"/>
            </layer>
        </annotationSet>
        <annotationSet cDate="08/09/2007 12:09:14 PDT Thu" luID="11621" luName="defense.n" frameID="1330" frameName="Defending" status="UNANN" ID="6545117">
            <layer rank="1" name="Target">
                <label cBy="KmG" end="39" start="33" name="Target"/>
            </layer>
            <layer rank="1" name="FE"/>
            <layer rank="1" name="GF"/>
            <layer rank="1" name="PT"/>
            <layer rank="1" name="Other"/>
            <layer rank="1" name="Sent"/>
            <layer rank="1" name="Noun"/>
        </annotationSet>
        <annotationSet cDate="08/09/2007 12:09:30 PDT Thu" luID="1595" luName="minister.n" frameID="73" frameName="Leadership" status="MANUAL" ID="6545118">
            <layer rank="1" name="Target">
                <label cBy="KmG" end="48" start="41" name="Target"/>
            </layer>
            <layer rank="1" name="FE">
                <label cBy="KmG" feID="10582" bgColor="00008B" fgColor="FFFFFF" end="39" start="33" name="Type"/>
                <label cBy="KmG" feID="6431" bgColor="0000FF" fgColor="FFFFFF" end="76" start="50" name="Governed"/>
                <label cBy="KmG" feID="347" bgColor="FF0000" fgColor="FFFFFF" end="13" start="0" name="Leader"/>
                <label cBy="KmG" feID="347" bgColor="FF0000" fgColor="FFFFFF" end="19" start="17" name="Leader"/>
            </layer>
            <layer rank="1" name="GF">
                <label end="39" start="33" name="Dep"/>
                <label end="76" start="50" name="Dep"/>
                <label end="13" start="0" name="Ext"/>
                <label end="19" start="17" name="Ext"/>
            </layer>
            <layer rank="1" name="PT">
                <label end="39" start="33" name="N"/>
                <label end="76" start="50" name="PP"/>
                <label end="13" start="0" name="NP"/>
                <label end="19" start="17" name="NP"/>
            </layer>
            <layer rank="1" name="Other">
                <label end="19" start="17" name="Rel"/>
                <label end="13" start="0" name="Ant"/>
            </layer>
            <layer rank="1" name="Sent"/>
            <layer rank="1" name="Noun">
                <label end="22" start="21" name="Cop"/>
            </layer>
        </annotationSet>
        <annotationSet cDate="08/09/2007 12:10:25 PDT Thu" luID="683" luName="announce.v" frameID="43" frameName="Statement" status="MANUAL" ID="6545119">
            <layer rank="1" name="Target">
                <label cBy="KmG" end="88" start="80" name="Target"/>
            </layer>
            <layer rank="1" name="FE">
                <label cBy="KmG" feID="4533" bgColor="9F79EE" fgColor="FFFFFF" end="117" start="90" name="Occasion"/>
                <label cBy="KmG" feID="185" bgColor="00BFFF" fgColor="FFFFFF" end="168" start="119" name="Message"/>
                <label cBy="RLG" feID="183" bgColor="FF0000" fgColor="FFFFFF" end="78" start="0" name="Speaker"/>
            </layer>
            <layer rank="1" name="GF">
                <label end="117" start="90" name="Dep"/>
                <label end="168" start="119" name="Dep"/>
                <label end="78" start="0" name="Ext"/>
            </layer>
            <layer rank="1" name="PT">
                <label end="117" start="90" name="PP"/>
                <label end="168" start="119" name="Sfin"/>
                <label end="78" start="0" name="NP"/>
            </layer>
            <layer rank="1" name="Other"/>
            <layer rank="1" name="Sent"/>
            <layer rank="1" name="Verb"/>
        </annotationSet>
        <annotationSet cDate="08/09/2007 12:11:21 PDT Thu" luID="6735" luName="at.prep" frameID="199" frameName="Locative_relation" status="MANUAL" ID="6545120">
            <layer rank="1" name="Target">
                <label cBy="KmG" end="91" start="90" name="Target"/>
            </layer>
            <layer rank="1" name="FE">
                <label cBy="KmG" feID="1621" bgColor="008000" fgColor="FFFFFF" end="117" start="93" name="Ground"/>
                <label cBy="KmG" feID="1622" bgColor="FF0000" fgColor="FFFFFF" end="88" start="0" name="Figure"/>
                <label cBy="MJE" feID="1622" bgColor="FF0000" fgColor="FFFFFF" end="168" start="119" name="Figure"/>
            </layer>
            <layer rank="1" name="GF">
                <label end="117" start="93" name="Obj"/>
                <label end="88" start="0" name="Head"/>
                <label end="168" start="119" name="Head"/>
            </layer>
            <layer rank="1" name="PT">
                <label end="117" start="93" name="NP"/>
                <label end="88" start="0" name="Sfin"/>
                <label end="168" start="119" name="Sfin"/>
            </layer>
            <layer rank="1" name="Other"/>
            <layer rank="1" name="Sent"/>
            <layer rank="1" name="Prep"/>
        </annotationSet>
        <annotationSet cDate="08/09/2007 12:16:07 PDT Thu" luID="8705" luName="make.v" frameID="683" frameName="Cause_change" status="MANUAL" ID="6545121">
            <layer rank="1" name="Target">
                <label cBy="KmG" end="141" start="138" name="Target"/>
            </layer>
            <layer rank="1" name="FE">
                <label cBy="KmG" feID="6855" bgColor="7CCD7C" fgColor="FFFFFF" end="147" start="143" name="Entity"/>
                <label cBy="KmG" feID="4504" bgColor="008000" fgColor="FFFFFF" end="168" start="149" name="Final_category"/>
                <label cBy="KmG" feID="4503" itype="INI" bgColor="0000FF" fgColor="FFFFFF" name="Initial_category"/>
                <label cBy="KmG" feID="4502" bgColor="FF0000" fgColor="FFFFFF" end="128" start="127" name="Agent"/>
            </layer>
            <layer rank="1" name="GF">
                <label end="147" start="143" name="Obj"/>
                <label end="168" start="149" name="Dep"/>
                <label end="128" start="127" name="Ext"/>
            </layer>
            <layer rank="1" name="PT">
                <label end="147" start="143" name="NP"/>
                <label end="168" start="149" name="NP"/>
                <label end="128" start="127" name="NP"/>
            </layer>
            <layer rank="1" name="Other"/>
            <layer rank="1" name="Sent"/>
            <layer rank="1" name="Verb"/>
        </annotationSet>
        <annotationSet cDate="08/09/2007 12:16:42 PDT Thu" luID="6412" luName="want.v" frameID="366" frameName="Desiring" status="MANUAL" ID="6545122">
            <layer rank="1" name="Target">
                <label cBy="KmG" end="133" start="130" name="Target"/>
            </layer>
            <layer rank="1" name="FE">
                <label cBy="KmG" feID="3361" bgColor="FF0000" fgColor="FFFFFF" end="128" start="127" name="Experiencer"/>
                <label cBy="KmG" feID="3363" bgColor="00008B" fgColor="FFFFFF" end="168" start="135" name="Event"/>
            </layer>
            <layer rank="1" name="GF">
                <label end="128" start="127" name="Ext"/>
                <label end="168" start="135" name="Dep"/>
            </layer>
            <layer rank="1" name="PT">
                <label end="128" start="127" name="NP"/>
                <label end="168" start="135" name="VPto"/>
            </layer>
            <layer rank="1" name="Other"/>
            <layer rank="1" name="Sent"/>
            <layer rank="1" name="Verb"/>
        </annotationSet>
        <annotationSet cDate="08/09/2007 12:18:43 PDT Thu" luID="10661" luName="center.n" frameID="196" frameName="Locale_by_use" status="MANUAL" ID="6545125">
            <layer rank="1" name="Target">
                <label cBy="KmG" end="168" start="163" name="Target"/>
            </layer>
            <layer rank="1" name="FE">
                <label cBy="KmG" feID="1588" bgColor="800080" fgColor="FFFFFF" end="168" start="163" name="Locale"/>
                <label cBy="KmG" feID="6697" bgColor="00BFFF" fgColor="FFFFFF" end="161" start="155" name="Use"/>
                <label cBy="KmG" feID="7150" bgColor="FFA500" fgColor="FFFFFF" end="153" start="151" name="Descriptor"/>
            </layer>
            <layer rank="1" name="GF">
                <label end="161" start="155" name="Dep"/>
                <label end="153" start="151" name="Dep"/>
            </layer>
            <layer rank="1" name="PT">
                <label end="161" start="155" name="VPing"/>
                <label end="153" start="151" name="AJP"/>
            </layer>
            <layer rank="1" name="Other"/>
            <layer rank="1" name="Sent"/>
            <layer rank="1" name="Noun"/>
        </annotationSet>
    </sentence>
    <sentence corpID="205" docID="23715" sentNo="1" paragNo="5" aPos="0" ID="4101394">
        <text>The minister , who has his own website , also said : `` I want Dubai to be the best place in the world for state-of-the-art technology companies . ''</text>
        <annotationSet cDate="08/03/2007 03:13:13 PDT Fri" status="UNANN" ID="6544629">
            <layer rank="1" name="PENN">
                <label end="2" start="0" name="dt"/>
                <label end="11" start="4" name="nn"/>
                <label end="13" start="13" name=","/>
                <label end="17" start="15" name="wp"/>
                <label end="21" start="19" name="VHZ"/>
                <label end="25" start="23" name="PP$"/>
                <label end="29" start="27" name="jj"/>
                <label end="37" start="31" name="nn"/>
                <label end="39" start="39" name=","/>
                <label end="44" start="41" name="rb"/>
                <label end="49" start="46" name="VVD"/>
                <label end="51" start="51" name=":"/>
                <label end="54" start="53" name="``"/>
                <label end="56" start="56" name="PP"/>
                <label end="61" start="58" name="VVP"/>
                <label end="67" start="63" name="NP"/>
                <label end="70" start="69" name="to"/>
                <label end="73" start="72" name="vb"/>
                <label end="77" start="75" name="dt"/>
                <label end="82" start="79" name="jjs"/>
                <label end="88" start="84" name="nn"/>
                <label end="91" start="90" name="in"/>
                <label end="95" start="93" name="dt"/>
                <label end="101" start="97" name="nn"/>
                <label end="105" start="103" name="in"/>
                <label end="122" start="107" name="jj"/>
                <label end="133" start="124" name="nn"/>
                <label end="143" start="135" name="nns"/>
                <label end="145" start="145" name="sent"/>
                <label end="148" start="147" name="''"/>
            </layer>
            <layer rank="1" name="NER">
                <label end="67" start="63" name="location"/>
            </layer>
            <layer rank="1" name="WSL">
                <label end="2" start="0" name="NT"/>
                <label end="13" start="13" name="NT"/>
                <label end="17" start="15" name="NT"/>
                <label end="25" start="23" name="NT"/>
                <label end="39" start="39" name="NT"/>
                <label end="44" start="41" name="NT"/>
                <label end="51" start="51" name="NT"/>
                <label end="54" start="53" name="NT"/>
                <label end="56" start="56" name="NT"/>
                <label end="67" start="63" name="NT"/>
                <label end="70" start="69" name="NT"/>
                <label end="73" start="72" name="NT"/>
                <label end="77" start="75" name="NT"/>
                <label end="95" start="93" name="NT"/>
                <label end="105" start="103" name="NT"/>
                <label end="145" start="145" name="NT"/>
                <label end="148" start="147" name="NT"/>
                <label end="37" start="31" name="Nonrelational"/>
                <label end="29" start="27" name="NT"/>
            </layer>
        </annotationSet>
        <annotationSet cDate="08/09/2007 12:19:06 PDT Thu" luID="1595" luName="minister.n" frameID="73" frameName="Leadership" status="MANUAL" ID="6545126">
            <layer rank="1" name="Target">
                <label cBy="KmG" end="11" start="4" name="Target"/>
            </layer>
            <layer rank="1" name="FE">
                <label cBy="KmG" feID="347" bgColor="FF0000" fgColor="FFFFFF" end="11" start="4" name="Leader"/>
            </layer>
            <layer rank="1" name="GF"/>
            <layer rank="1" name="PT"/>
            <layer rank="1" name="Other"/>
            <layer rank="1" name="Sent"/>
            <layer rank="1" name="Noun"/>
        </annotationSet>
        <annotationSet cDate="08/09/2007 12:19:14 PDT Thu" luID="2378" luName="have.v" frameID="118" frameName="Possession" status="MANUAL" ID="6545127">
            <layer rank="1" name="Target">
                <label cBy="KmG" end="21" start="19" name="Target"/>
            </layer>
            <layer rank="1" name="FE">
                <label cBy="KmG" feID="573" bgColor="FF0000" fgColor="FFFFFF" end="11" start="0" name="Owner"/>
                <label cBy="KmG" feID="573" bgColor="FF0000" fgColor="FFFFFF" end="17" start="15" name="Owner"/>
                <label cBy="KmG" feID="582" bgColor="0000FF" fgColor="FFFFFF" end="37" start="23" name="Possession"/>
            </layer>
            <layer rank="1" name="GF">
                <label end="11" start="0" name="Ext"/>
                <label end="17" start="15" name="Ext"/>
                <label end="37" start="23" name="Obj"/>
            </layer>
            <layer rank="1" name="PT">
                <label end="11" start="0" name="NP"/>
                <label end="17" start="15" name="NP"/>
                <label end="37" start="23" name="NP"/>
            </layer>
            <layer rank="1" name="Other">
                <label end="17" start="15" name="Rel"/>
                <label end="11" start="0" name="Ant"/>
            </layer>
            <layer rank="1" name="Sent"/>
            <layer rank="1" name="Verb"/>
        </annotationSet>
        <annotationSet cDate="08/09/2007 12:20:09 PDT Thu" luID="751" luName="say.v" frameID="43" frameName="Statement" status="MANUAL" ID="6545128">
            <layer rank="1" name="Target">
                <label cBy="KmG" end="49" start="46" name="Target"/>
            </layer>
            <layer rank="1" name="FE">
                <label cBy="KmG" feID="183" bgColor="FF0000" fgColor="FFFFFF" end="37" start="0" name="Speaker"/>
                <label cBy="KmG" feID="185" bgColor="00BFFF" fgColor="FFFFFF" end="143" start="56" name="Message"/>
            </layer>
            <layer rank="1" name="GF">
                <label end="37" start="0" name="Ext"/>
                <label end="143" start="56" name="Dep"/>
            </layer>
            <layer rank="1" name="PT">
                <label end="37" start="0" name="NP"/>
                <label end="143" start="56" name="QUO"/>
            </layer>
            <layer rank="1" name="Other"/>
            <layer rank="1" name="Sent"/>
            <layer rank="1" name="Verb"/>
        </annotationSet>
        <annotationSet cDate="08/09/2007 12:20:36 PDT Thu" luID="6412" luName="want.v" frameID="366" frameName="Desiring" status="MANUAL" ID="6545129">
            <layer rank="1" name="Target">
                <label cBy="KmG" end="61" start="58" name="Target"/>
            </layer>
            <layer rank="1" name="FE">
                <label cBy="KmG" feID="3361" bgColor="FF0000" fgColor="FFFFFF" end="56" start="56" name="Experiencer"/>
                <label cBy="KmG" feID="3366" bgColor="0000FF" fgColor="FFFFFF" end="67" start="63" name="Focal_participant"/>
                <label cBy="KmG" feID="3363" bgColor="00008B" fgColor="FFFFFF" end="143" start="69" name="Event"/>
            </layer>
            <layer rank="1" name="GF">
                <label end="56" start="56" name="Ext"/>
                <label end="67" start="63" name="Obj"/>
                <label end="143" start="69" name="Dep"/>
            </layer>
            <layer rank="1" name="PT">
                <label end="56" start="56" name="NP"/>
                <label end="67" start="63" name="NP"/>
                <label end="143" start="69" name="VPto"/>
            </layer>
            <layer rank="1" name="Other"/>
            <layer rank="1" name="Sent"/>
            <layer rank="1" name="Verb"/>
        </annotationSet>
        <annotationSet cDate="08/09/2007 12:42:43 PDT Thu" luID="9110" luName="good.a" frameID="726" frameName="Usefulness" status="MANUAL" ID="6545130">
            <layer rank="1" name="Target">
                <label cBy="KmG" end="82" start="79" name="Target"/>
            </layer>
            <layer rank="1" name="FE">
                <label cBy="KmG" feID="4783" bgColor="0000FF" fgColor="FFFFFF" end="101" start="84" name="Entity"/>
                <label cBy="KmG" feID="4784" bgColor="800080" fgColor="FFFFFF" end="143" start="103" name="Purpose"/>
            </layer>
            <layer rank="1" name="GF">
                <label end="101" start="84" name="Head"/>
                <label end="143" start="103" name="Dep"/>
            </layer>
            <layer rank="1" name="PT">
                <label end="101" start="84" name="N"/>
                <label end="143" start="103" name="PP"/>
            </layer>
            <layer rank="1" name="Other"/>
            <layer rank="1" name="Sent"/>
            <layer rank="1" name="Adj"/>
        </annotationSet>
        <annotationSet cDate="08/09/2007 12:43:03 PDT Thu" luID="3697" luName="place.n" frameID="192" frameName="Locale" status="MANUAL" ID="6545131">
            <layer rank="1" name="Target">
                <label cBy="KmG" end="88" start="84" name="Target"/>
            </layer>
            <layer rank="1" name="FE">
                <label cBy="KmG" feID="1565" bgColor="FF0000" fgColor="FFFFFF" end="88" start="84" name="Locale"/>
            </layer>
            <layer rank="1" name="GF"/>
            <layer rank="1" name="PT"/>
            <layer rank="1" name="Other"/>
            <layer rank="1" name="Sent"/>
            <layer rank="1" name="Noun"/>
        </annotationSet>
        <annotationSet cDate="08/09/2007 12:43:21 PDT Thu" luID="10801" luName="in.prep" frameID="1178" frameName="Interior_profile_relation" status="MANUAL" ID="6545132">
            <layer rank="1" name="Target">
                <label cBy="KmG" end="91" start="90" name="Target"/>
            </layer>
            <layer rank="1" name="FE">
                <label cBy="KmG" feID="6828" bgColor="008000" fgColor="FFFFFF" end="101" start="93" name="Ground"/>
                <label cBy="KmG" feID="6826" bgColor="FF0000" fgColor="FFFFFF" end="88" start="75" name="Figure"/>
            </layer>
            <layer rank="1" name="GF">
                <label end="101" start="93" name="Obj"/>
                <label end="88" start="75" name="Ext"/>
            </layer>
            <layer rank="1" name="PT">
                <label end="101" start="93" name="NP"/>
                <label end="88" start="75" name="NP"/>
            </layer>
            <layer rank="1" name="Other"/>
            <layer rank="1" name="Sent"/>
            <layer rank="1" name="Prep"/>
        </annotationSet>
        <annotationSet cDate="08/09/2007 12:43:39 PDT Thu" luID="10179" luName="world.n" frameID="195" frameName="Political_locales" status="MANUAL" ID="6545133">
            <layer rank="1" name="Target">
                <label cBy="KmG" end="101" start="97" name="Target"/>
            </layer>
            <layer rank="1" name="FE">
                <label cBy="KmG" feID="1583" bgColor="00008B" fgColor="FFFFFF" end="101" start="97" name="Locale"/>
            </layer>
            <layer rank="1" name="GF"/>
            <layer rank="1" name="PT"/>
            <layer rank="1" name="Other"/>
            <layer rank="1" name="Sent"/>
            <layer rank="1" name="Noun"/>
        </annotationSet>
        <annotationSet cDate="08/09/2007 12:45:08 PDT Thu" luID="11113" luName="company.n" frameID="365" frameName="Businesses" status="MANUAL" ID="6545135">
            <layer rank="1" name="Target">
                <label cBy="KmG" end="143" start="135" name="Target"/>
            </layer>
            <layer rank="1" name="FE">
                <label cBy="KmG" feID="3323" bgColor="A52A2A" fgColor="FFFFFF" end="133" start="107" name="Product"/>
                <label cBy="KmG" feID="3385" bgColor="0000FF" fgColor="FFFFFF" end="143" start="135" name="Business"/>
            </layer>
            <layer rank="1" name="GF">
                <label end="133" start="107" name="Dep"/>
            </layer>
            <layer rank="1" name="PT">
                <label end="133" start="107" name="N"/>
            </layer>
            <layer rank="1" name="Other"/>
            <layer rank="1" name="Sent"/>
            <layer rank="1" name="Noun"/>
        </annotationSet>
        <annotationSet cDate="08/09/2007 01:12:05 PDT Thu" luID="11612" luName="technology.n" frameID="106" frameName="Gizmo" status="MANUAL" ID="6545136">
            <layer rank="1" name="Target">
                <label cBy="KmG" end="133" start="124" name="Target"/>
            </layer>
            <layer rank="1" name="FE">
                <label cBy="KmG" feID="9677" bgColor="0000FF" fgColor="FFFFFF" end="133" start="124" name="Gizmo"/>
                <label cBy="KmG" feID="11959" bgColor="FF69B4" fgColor="FFFFFF" end="122" start="107" name="Descriptor"/>
            </layer>
            <layer rank="1" name="GF">
                <label end="122" start="107" name="Dep"/>
            </layer>
            <layer rank="1" name="PT">
                <label end="122" start="107" name="AJP"/>
            </layer>
            <layer rank="1" name="Other"/>
            <layer rank="1" name="Sent"/>
            <layer rank="1" name="Noun"/>
        </annotationSet>
    </sentence>
    <sentence corpID="205" docID="23715" sentNo="1" paragNo="6" aPos="0" ID="4101395">
        <text>He said companies engaged in e-commerce would be able to set up offices , employ staff and own equipment in the open zone , including fully-owned foreign companies .</text>
        <annotationSet cDate="08/03/2007 03:13:13 PDT Fri" status="UNANN" ID="6544630">
            <layer rank="1" name="PENN">
                <label end="1" start="0" name="PP"/>
                <label end="6" start="3" name="VVD"/>
                <label end="16" start="8" name="nns"/>
                <label end="24" start="18" name="VVN"/>
                <label end="27" start="26" name="in"/>
                <label end="38" start="29" name="nn"/>
                <label end="44" start="40" name="md"/>
                <label end="47" start="46" name="vb"/>
                <label end="52" start="49" name="jj"/>
                <label end="55" start="54" name="to"/>
                <label end="59" start="57" name="VV"/>
                <label end="62" start="61" name="rp"/>
                <label end="70" start="64" name="nns"/>
                <label end="72" start="72" name=","/>
                <label end="79" start="74" name="VVP"/>
                <label end="85" start="81" name="nn"/>
                <label end="89" start="87" name="cc"/>
                <label end="93" start="91" name="jj"/>
                <label end="103" start="95" name="nn"/>
                <label end="106" start="105" name="in"/>
                <label end="110" start="108" name="dt"/>
                <label end="115" start="112" name="jj"/>
                <label end="120" start="117" name="nn"/>
                <label end="122" start="122" name=","/>
                <label end="132" start="124" name="VVG"/>
                <label end="144" start="134" name="VVN"/>
                <label end="152" start="146" name="jj"/>
                <label end="162" start="154" name="nns"/>
                <label end="164" start="164" name="sent"/>
            </layer>
            <layer rank="1" name="NER"/>
            <layer rank="1" name="WSL">
                <label end="1" start="0" name="NT"/>
                <label end="27" start="26" name="NT"/>
                <label end="44" start="40" name="NT"/>
                <label end="47" start="46" name="NT"/>
                <label end="55" start="54" name="NT"/>
                <label end="72" start="72" name="NT"/>
                <label end="89" start="87" name="NT"/>
                <label end="106" start="105" name="NT"/>
                <label end="110" start="108" name="NT"/>
                <label end="122" start="122" name="NT"/>
                <label end="164" start="164" name="NT"/>
            </layer>
        </annotationSet>
        <annotationSet cDate="08/09/2007 01:15:26 PDT Thu" luID="751" luName="say.v" frameID="43" frameName="Statement" status="MANUAL" ID="6545145">
            <layer rank="1" name="Target">
                <label cBy="KmG" end="6" start="3" name="Target"/>
            </layer>
            <layer rank="1" name="FE">
                <label cBy="KmG" feID="183" bgColor="FF0000" fgColor="FFFFFF" end="1" start="0" name="Speaker"/>
                <label cBy="KmG" feID="185" bgColor="00BFFF" fgColor="FFFFFF" end="162" start="8" name="Message"/>
            </layer>
            <layer rank="1" name="GF">
                <label end="1" start="0" name="Ext"/>
                <label end="162" start="8" name="Dep"/>
            </layer>
            <layer rank="1" name="PT">
                <label end="1" start="0" name="NP"/>
                <label end="162" start="8" name="Sfin"/>
            </layer>
            <layer rank="1" name="Other"/>
            <layer rank="1" name="Sent"/>
            <layer rank="1" name="Verb"/>
        </annotationSet>
        <annotationSet cDate="08/09/2007 01:15:51 PDT Thu" luID="11113" luName="company.n" frameID="365" frameName="Businesses" status="MANUAL" ID="6545146">
            <layer rank="1" name="Target">
                <label cBy="KmG" end="16" start="8" name="Target"/>
            </layer>
            <layer rank="1" name="FE">
                <label cBy="KmG" feID="3385" bgColor="0000FF" fgColor="FFFFFF" end="16" start="8" name="Business"/>
            </layer>
            <layer rank="1" name="GF"/>
            <layer rank="1" name="PT"/>
            <layer rank="1" name="Other"/>
            <layer rank="1" name="Sent"/>
            <layer rank="1" name="Noun"/>
        </annotationSet>
        <annotationSet cDate="08/09/2007 01:16:14 PDT Thu" luID="12777" luName="engage.v" frameID="198" frameName="Intentionally_act" status="MANUAL" ID="6545147">
            <layer rank="1" name="Target">
                <label cBy="KmG" end="24" start="18" name="Target"/>
            </layer>
            <layer rank="1" name="FE">
                <label cBy="KmG" feID="1610" bgColor="FF0000" fgColor="FFFFFF" end="16" start="8" name="Agent"/>
                <label cBy="KmG" feID="1609" bgColor="0000FF" fgColor="FFFFFF" end="38" start="26" name="Act"/>
            </layer>
            <layer rank="1" name="GF">
                <label end="16" start="8" name="Ext"/>
                <label end="38" start="26" name="Dep"/>
            </layer>
            <layer rank="1" name="PT">
                <label end="16" start="8" name="NP"/>
                <label end="38" start="26" name="PP"/>
            </layer>
            <layer rank="1" name="Other">
                <label end="16" start="8" name="Ant"/>
            </layer>
            <layer rank="1" name="Sent"/>
            <layer rank="1" name="Verb"/>
        </annotationSet>
        <annotationSet cDate="08/09/2007 01:17:26 PDT Thu" luID="10154" luName="able.a" frameID="990" frameName="Capability" status="MANUAL" ID="6545148">
            <layer rank="1" name="Target">
                <label cBy="KmG" end="52" start="49" name="Target"/>
            </layer>
            <layer rank="1" name="FE">
                <label cBy="KmG" feID="5981" bgColor="FF0000" fgColor="FFFFFF" end="38" start="8" name="Entity"/>
                <label cBy="KmG" feID="5982" bgColor="008000" fgColor="FFFFFF" end="120" start="54" name="Event"/>
            </layer>
            <layer rank="1" name="GF">
                <label end="38" start="8" name="Ext"/>
                <label end="120" start="54" name="Dep"/>
            </layer>
            <layer rank="1" name="PT">
                <label end="38" start="8" name="NP"/>
                <label end="120" start="54" name="VPto"/>
            </layer>
            <layer rank="1" name="Other"/>
            <layer rank="1" name="Sent"/>
            <layer rank="1" name="Adj"/>
        </annotationSet>
        <annotationSet cDate="08/09/2007 01:22:46 PDT Thu" luID="3196" luName="office.n" frameID="188" frameName="Building_subparts" status="MANUAL" ID="6545150">
            <layer rank="1" name="Target">
                <label cBy="KmG" end="70" start="64" name="Target"/>
            </layer>
            <layer rank="1" name="FE">
                <label cBy="KmG" feID="9680" bgColor="FF0000" fgColor="FFFFFF" end="70" start="64" name="Building_part"/>
            </layer>
            <layer rank="1" name="GF"/>
            <layer rank="1" name="PT"/>
            <layer rank="1" name="Other"/>
            <layer rank="1" name="Sent"/>
            <layer rank="1" name="Noun"/>
        </annotationSet>
        <annotationSet cDate="08/09/2007 01:22:57 PDT Thu" luID="5786" luName="employ.v" frameID="323" frameName="Employing" status="MANUAL" ID="6545151">
            <layer rank="1" name="Target">
                <label cBy="KmG" end="79" start="74" name="Target"/>
            </layer>
            <layer rank="1" name="FE">
                <label cBy="KmG" feID="2807" bgColor="0000FF" fgColor="FFFFFF" end="85" start="81" name="Employee"/>
                <label cBy="KmG" feID="2808" bgColor="FF0000" fgColor="FFFFFF" end="38" start="8" name="Employer"/>
                <label cBy="KmG" feID="2808" bgColor="FF0000" fgColor="FFFFFF" end="162" start="124" name="Employer"/>
                <label cBy="KmG" feID="2811" bgColor="008000" fgColor="FFFFFF" end="120" start="105" name="Place"/>
            </layer>
            <layer rank="1" name="GF">
                <label end="85" start="81" name="Obj"/>
                <label end="38" start="8" name="Ext"/>
                <label end="162" start="124" name="Ext"/>
                <label end="120" start="105" name="Dep"/>
            </layer>
            <layer rank="1" name="PT">
                <label end="85" start="81" name="NP"/>
                <label end="38" start="8" name="NP"/>
                <label end="162" start="124" name="NP"/>
                <label end="120" start="105" name="PP"/>
            </layer>
            <layer rank="1" name="Other"/>
            <layer rank="1" name="Sent"/>
            <layer rank="1" name="Verb"/>
        </annotationSet>
        <annotationSet cDate="08/09/2007 01:23:36 PDT Thu" luID="2358" luName="own.v" frameID="118" frameName="Possession" status="MANUAL" ID="6545152">
            <layer rank="1" name="Target">
                <label cBy="KmG" end="93" start="91" name="Target"/>
            </layer>
            <layer rank="1" name="FE">
                <label cBy="KmG" feID="573" bgColor="FF0000" fgColor="FFFFFF" end="38" start="8" name="Owner"/>
                <label cBy="KmG" feID="573" bgColor="FF0000" fgColor="FFFFFF" end="162" start="124" name="Owner"/>
                <label cBy="KmG" feID="582" bgColor="0000FF" fgColor="FFFFFF" end="103" start="95" name="Possession"/>
            </layer>
            <layer rank="1" name="GF">
                <label end="38" start="8" name="Ext"/>
                <label end="162" start="124" name="Ext"/>
                <label end="103" start="95" name="Obj"/>
            </layer>
            <layer rank="1" name="PT">
                <label end="38" start="8" name="NP"/>
                <label end="162" start="124" name="NP"/>
                <label end="103" start="95" name="NP"/>
            </layer>
            <layer rank="1" name="Other"/>
            <layer rank="1" name="Sent"/>
            <layer rank="1" name="Verb"/>
        </annotationSet>
        <annotationSet cDate="08/09/2007 01:26:29 PDT Thu" luID="13722" luName="open.a" frameID="1872" frameName="Openness" status="MANUAL" ID="6545153">
            <layer rank="1" name="Target">
                <label cBy="KmG" end="115" start="112" name="Target"/>
            </layer>
            <layer rank="1" name="FE">
                <label cBy="KmG" feID="11030" bgColor="008000" fgColor="FFFFFF" end="120" start="117" name="Useful_location"/>
            </layer>
            <layer rank="1" name="GF">
                <label end="120" start="117" name="Head"/>
            </layer>
            <layer rank="1" name="PT">
                <label end="120" start="117" name="N"/>
            </layer>
            <layer rank="1" name="Other"/>
            <layer rank="1" name="Sent"/>
            <layer rank="1" name="Adj"/>
        </annotationSet>
        <annotationSet cDate="08/09/2007 01:26:47 PDT Thu" luID="13340" luName="including.prep" frameID="1153" frameName="Inclusion" status="MANUAL" ID="6545154">
            <layer rank="1" name="Target">
                <label cBy="KmG" end="132" start="124" name="Target"/>
            </layer>
            <layer rank="1" name="FE">
                <label cBy="KmG" feID="6674" bgColor="008000" fgColor="FFFFFF" end="162" start="134" name="Part"/>
                <label cBy="KmG" feID="6673" bgColor="FF0000" fgColor="FFFFFF" end="38" start="8" name="Total"/>
            </layer>
            <layer rank="1" name="GF">
                <label end="162" start="134" name="Dep"/>
                <label end="38" start="8" name="Ext"/>
            </layer>
            <layer rank="1" name="PT">
                <label end="162" start="134" name="NP"/>
                <label end="38" start="8" name="NP"/>
            </layer>
            <layer rank="1" name="Other"/>
            <layer rank="1" name="Sent"/>
            <layer rank="1" name="Prep"/>
        </annotationSet>
        <annotationSet cDate="08/09/2007 01:28:38 PDT Thu" luID="12180" luName="foreign.a" frameID="1483" frameName="Foreign_or_domestic_country" status="MANUAL" ID="6545155">
            <layer rank="1" name="Target">
                <label cBy="KmG" end="152" start="146" name="Target"/>
            </layer>
            <layer rank="1" name="FE">
                <label cBy="KmG" feID="8092" bgColor="00008B" fgColor="FFFFFF" end="152" start="146" name="Current_country"/>
            </layer>
            <layer rank="1" name="GF"/>
            <layer rank="1" name="PT"/>
            <layer rank="1" name="Other"/>
            <layer rank="1" name="Sent"/>
            <layer rank="1" name="Adj"/>
        </annotationSet>
        <annotationSet cDate="08/09/2007 01:29:54 PDT Thu" luID="11113" luName="company.n" frameID="365" frameName="Businesses" status="MANUAL" ID="6545156">
            <layer rank="1" name="Target">
                <label cBy="KmG" end="162" start="154" name="Target"/>
            </layer>
            <layer rank="1" name="FE">
                <label cBy="KmG" feID="3385" bgColor="0000FF" fgColor="FFFFFF" end="162" start="154" name="Business"/>
            </layer>
            <layer rank="1" name="GF"/>
            <layer rank="1" name="PT"/>
            <layer rank="1" name="Other"/>
            <layer rank="1" name="Sent"/>
            <layer rank="1" name="Noun"/>
        </annotationSet>
        <annotationSet cDate="09/03/2007 12:23:29 PDT Mon" luID="11431" luName="set up.v" frameID="280" frameName="Intentionally_create" status="MANUAL" ID="6547512">
            <layer rank="1" name="Target">
                <label cBy="RLG" end="59" start="57" name="Target"/>
                <label cBy="RLG" end="62" start="61" name="Target"/>
            </layer>
            <layer rank="1" name="FE">
                <label cBy="RLG" feID="2417" bgColor="FF0000" fgColor="FFFFFF" end="38" start="8" name="Creator"/>
                <label cBy="RLG" feID="2423" bgColor="0000FF" fgColor="FFFFFF" end="70" start="64" name="Created_entity"/>
                <label cBy="RLG" feID="2418" bgColor="008000" fgColor="FFFFFF" end="120" start="105" name="Place"/>
                <label cBy="RLG" feID="2417" bgColor="FF0000" fgColor="FFFFFF" end="162" start="124" name="Creator"/>
            </layer>
            <layer rank="1" name="GF">
                <label end="38" start="8" name="Ext"/>
                <label end="70" start="64" name="Obj"/>
                <label end="120" start="105" name="Dep"/>
                <label end="162" start="124" name="Ext"/>
            </layer>
            <layer rank="1" name="PT">
                <label end="38" start="8" name="NP"/>
                <label end="70" start="64" name="NP"/>
                <label end="120" start="105" name="PP"/>
                <label end="162" start="124" name="NP"/>
            </layer>
            <layer rank="1" name="Other"/>
            <layer rank="1" name="Sent"/>
            <layer rank="1" name="Verb"/>
        </annotationSet>
    </sentence>
    <sentence corpID="205" docID="23715" sentNo="1" paragNo="7" aPos="0" ID="4101396">
        <text>The e-commerce free zone is situated in north Dubai , near the industrial free zone in Jebel Ali , the top regional and tenth international leading area in container transit .</text>
        <annotationSet cDate="08/03/2007 03:13:14 PDT Fri" status="UNANN" ID="6544631">
            <layer rank="1" name="PENN">
                <label end="2" start="0" name="dt"/>
                <label end="13" start="4" name="nn"/>
                <label end="18" start="15" name="jj"/>
                <label end="23" start="20" name="nn"/>
                <label end="26" start="25" name="VBZ"/>
                <label end="35" start="28" name="VVN"/>
                <label end="38" start="37" name="in"/>
                <label end="44" start="40" name="jj"/>
                <label end="50" start="46" name="NP"/>
                <label end="52" start="52" name=","/>
                <label end="57" start="54" name="in"/>
                <label end="61" start="59" name="dt"/>
                <label end="72" start="63" name="jj"/>
                <label end="77" start="74" name="jj"/>
                <label end="82" start="79" name="nn"/>
                <label end="85" start="84" name="in"/>
                <label end="91" start="87" name="nn"/>
                <label end="95" start="93" name="NP"/>
                <label end="97" start="97" name=","/>
                <label end="101" start="99" name="dt"/>
                <label end="105" start="103" name="jj"/>
                <label end="114" start="107" name="jj"/>
                <label end="118" start="116" name="cc"/>
                <label end="124" start="120" name="jj"/>
                <label end="138" start="126" name="jj"/>
                <label end="146" start="140" name="jj"/>
                <label end="151" start="148" name="nn"/>
                <label end="154" start="153" name="in"/>
                <label end="164" start="156" name="nn"/>
                <label end="172" start="166" name="nn"/>
                <label end="174" start="174" name="sent"/>
            </layer>
            <layer rank="1" name="NER">
                <label end="50" start="46" name="location"/>
                <label end="95" start="87" name="location"/>
            </layer>
            <layer rank="1" name="WSL">
                <label end="2" start="0" name="NT"/>
                <label end="26" start="25" name="NT"/>
                <label end="50" start="46" name="NT"/>
                <label end="52" start="52" name="NT"/>
                <label end="61" start="59" name="NT"/>
                <label end="95" start="93" name="NT"/>
                <label end="97" start="97" name="NT"/>
                <label end="101" start="99" name="NT"/>
                <label end="118" start="116" name="NT"/>
                <label end="154" start="153" name="NT"/>
                <label end="174" start="174" name="NT"/>
            </layer>
        </annotationSet>
        <annotationSet cDate="08/09/2007 01:30:55 PDT Thu" luID="3695" luName="zone.n" frameID="192" frameName="Locale" status="MANUAL" ID="6545157">
            <layer rank="1" name="Target">
                <label cBy="KmG" end="23" start="20" name="Target"/>
            </layer>
            <layer rank="1" name="FE">
                <label cBy="KmG" feID="1565" bgColor="FF0000" fgColor="FFFFFF" end="23" start="20" name="Locale"/>
                <label cBy="KmG" feID="1568" bgColor="0000FF" fgColor="FFFFFF" end="18" start="4" name="Formational_cause"/>
            </layer>
            <layer rank="1" name="GF">
                <label end="18" start="4" name="Dep"/>
            </layer>
            <layer rank="1" name="PT">
                <label end="18" start="4" name="AJP"/>
            </layer>
            <layer rank="1" name="Other"/>
            <layer rank="1" name="Sent"/>
            <layer rank="1" name="Noun"/>
        </annotationSet>
        <annotationSet cDate="08/09/2007 01:31:13 PDT Thu" luID="10025" luName="situated.a" frameID="960" frameName="Being_located" status="MANUAL" ID="6545158">
            <layer rank="1" name="Target">
                <label cBy="KmG" end="35" start="28" name="Target"/>
            </layer>
            <layer rank="1" name="FE">
                <label cBy="KmG" feID="5880" bgColor="0000FF" fgColor="FFFFFF" end="23" start="0" name="Theme"/>
                <label cBy="AlK" feID="11490" bgColor="008000" fgColor="FFFFFF" end="50" start="37" name="Location"/>
                <label cBy="AlK" feID="5881" bgColor="9400D3" fgColor="FFFFFF" end="172" start="54" name="Place"/>
            </layer>
            <layer rank="1" name="GF">
                <label end="23" start="0" name="Ext"/>
                <label end="50" start="37" name="Dep"/>
                <label end="172" start="54" name="Dep"/>
            </layer>
            <layer rank="1" name="PT">
                <label end="23" start="0" name="NP"/>
                <label end="50" start="37" name="PP"/>
                <label end="172" start="54" name="PP"/>
            </layer>
            <layer rank="1" name="Other"/>
            <layer rank="1" name="Sent"/>
            <layer rank="1" name="Adj">
                <label end="26" start="25" name="Cop"/>
            </layer>
        </annotationSet>
        <annotationSet cDate="08/09/2007 01:31:52 PDT Thu" luID="10801" luName="in.prep" frameID="1178" frameName="Interior_profile_relation" status="MANUAL" ID="6545159">
            <layer rank="1" name="Target">
                <label cBy="KmG" end="38" start="37" name="Target"/>
            </layer>
            <layer rank="1" name="FE">
                <label cBy="KmG" feID="6828" bgColor="008000" fgColor="FFFFFF" end="50" start="40" name="Ground"/>
                <label cBy="MJE" feID="6826" bgColor="FF0000" fgColor="FFFFFF" end="23" start="0" name="Figure"/>
            </layer>
            <layer rank="1" name="GF">
                <label end="50" start="40" name="Obj"/>
                <label end="23" start="0" name="Ext"/>
            </layer>
            <layer rank="1" name="PT">
                <label end="50" start="40" name="NP"/>
                <label end="23" start="0" name="NP"/>
            </layer>
            <layer rank="1" name="Other"/>
            <layer rank="1" name="Sent"/>
            <layer rank="1" name="Prep">
                <label end="35" start="28" name="Ctrlr"/>
            </layer>
        </annotationSet>
        <annotationSet cDate="08/09/2007 01:34:04 PDT Thu" luID="5823" luName="north.a" frameID="143" frameName="Part_orientational" status="MANUAL" ID="6545160">
            <layer rank="1" name="Target">
                <label cBy="KmG" end="44" start="40" name="Target"/>
            </layer>
            <layer rank="1" name="FE">
                <label cBy="KmG" feID="1112" bgColor="FF0000" fgColor="FFFFFF" end="50" start="46" name="Whole"/>
            </layer>
            <layer rank="1" name="GF">
                <label end="50" start="46" name="Head"/>
            </layer>
            <layer rank="1" name="PT">
                <label end="50" start="46" name="N"/>
            </layer>
            <layer rank="1" name="Other"/>
            <layer rank="1" name="Sent"/>
            <layer rank="1" name="Adj"/>
            <layer rank="2" name="FE">
                <label cBy="KmG" feID="1110" bgColor="0000FF" fgColor="FFFFFF" end="50" start="40" name="Part"/>
            </layer>
        </annotationSet>
        <annotationSet cDate="08/09/2007 01:34:24 PDT Thu" luID="13764" luName="near.prep" frameID="199" frameName="Locative_relation" status="MANUAL" ID="6545161">
            <layer rank="1" name="Target">
                <label cBy="KmG" end="57" start="54" name="Target"/>
            </layer>
            <layer rank="1" name="FE">
                <label cBy="KmG" feID="1621" bgColor="008000" fgColor="FFFFFF" end="172" start="59" name="Ground"/>
                <label cBy="KmG" feID="1622" bgColor="FF0000" fgColor="FFFFFF" end="35" start="0" name="Figure"/>
            </layer>
            <layer rank="1" name="GF">
                <label end="172" start="59" name="Obj"/>
                <label end="35" start="0" name="Head"/>
            </layer>
            <layer rank="1" name="PT">
                <label end="172" start="59" name="NP"/>
                <label end="35" start="0" name="Sfin"/>
            </layer>
            <layer rank="1" name="Other"/>
            <layer rank="1" name="Sent"/>
            <layer rank="1" name="Prep"/>
        </annotationSet>
        <annotationSet cDate="08/09/2007 01:34:53 PDT Thu" luID="11667" luName="industrial.a" frameID="408" frameName="Manufacturing" status="UNANN" ID="6545162">
            <layer rank="1" name="Target">
                <label cBy="KmG" end="72" start="63" name="Target"/>
            </layer>
            <layer rank="1" name="FE"/>
            <layer rank="1" name="GF"/>
            <layer rank="1" name="PT"/>
            <layer rank="1" name="Other"/>
            <layer rank="1" name="Sent"/>
            <layer rank="1" name="Adj"/>
        </annotationSet>
        <annotationSet cDate="08/09/2007 01:36:41 PDT Thu" luID="3695" luName="zone.n" frameID="192" frameName="Locale" status="MANUAL" ID="6545163">
            <layer rank="1" name="Target">
                <label cBy="KmG" end="82" start="79" name="Target"/>
            </layer>
            <layer rank="1" name="FE">
                <label cBy="KmG" feID="1568" bgColor="0000FF" fgColor="FFFFFF" end="77" start="63" name="Formational_cause"/>
                <label cBy="KmG" feID="1565" bgColor="FF0000" fgColor="FFFFFF" end="82" start="79" name="Locale"/>
                <label cBy="KmG" feID="1567" bgColor="800080" fgColor="FFFFFF" end="172" start="84" name="Relative_location"/>
            </layer>
            <layer rank="1" name="GF">
                <label end="77" start="63" name="Dep"/>
                <label end="172" start="84" name="Dep"/>
            </layer>
            <layer rank="1" name="PT">
                <label end="77" start="63" name="AJP"/>
                <label end="172" start="84" name="PP"/>
            </layer>
            <layer rank="1" name="Other"/>
            <layer rank="1" name="Sent"/>
            <layer rank="1" name="Noun"/>
        </annotationSet>
        <annotationSet cDate="08/09/2007 01:37:32 PDT Thu" luID="10801" luName="in.prep" frameID="1178" frameName="Interior_profile_relation" status="MANUAL" ID="6545164">
            <layer rank="1" name="Target">
                <label cBy="KmG" end="85" start="84" name="Target"/>
            </layer>
            <layer rank="1" name="FE">
                <label cBy="KmG" feID="6826" bgColor="FF0000" fgColor="FFFFFF" end="82" start="59" name="Figure"/>
                <label cBy="KmG" feID="6828" bgColor="008000" fgColor="FFFFFF" end="172" start="87" name="Ground"/>
            </layer>
            <layer rank="1" name="GF">
                <label end="82" start="59" name="Ext"/>
                <label end="172" start="87" name="Obj"/>
            </layer>
            <layer rank="1" name="PT">
                <label end="82" start="59" name="NP"/>
                <label end="172" start="87" name="NP"/>
            </layer>
            <layer rank="1" name="Other"/>
            <layer rank="1" name="Sent"/>
            <layer rank="1" name="Prep"/>
        </annotationSet>
        <annotationSet cDate="08/09/2007 01:38:29 PDT Thu" luID="13360" luName="regional.a" frameID="192" frameName="Locale" status="MANUAL" ID="6545165">
            <layer rank="1" name="Target">
                <label cBy="KmG" end="114" start="107" name="Target"/>
            </layer>
            <layer rank="1" name="FE">
                <label cBy="KmG" feID="1565" bgColor="FF0000" fgColor="FFFFFF" end="114" start="107" name="Locale"/>
            </layer>
            <layer rank="1" name="GF"/>
            <layer rank="1" name="PT"/>
            <layer rank="1" name="Other"/>
            <layer rank="1" name="Sent"/>
            <layer rank="1" name="Adj"/>
        </annotationSet>
        <annotationSet cDate="08/09/2007 01:39:35 PDT Thu" luID="12420" luName="international.a" frameID="1483" frameName="Foreign_or_domestic_country" status="MANUAL" ID="6545166">
            <layer rank="1" name="Target">
                <label cBy="KmG" end="138" start="126" name="Target"/>
            </layer>
            <layer rank="1" name="FE">
                <label cBy="KmG" feID="8092" bgColor="00008B" fgColor="FFFFFF" end="138" start="126" name="Current_country"/>
            </layer>
            <layer rank="1" name="GF"/>
            <layer rank="1" name="PT"/>
            <layer rank="1" name="Other"/>
            <layer rank="1" name="Sent"/>
            <layer rank="1" name="Adj"/>
        </annotationSet>
        <annotationSet cDate="08/09/2007 01:40:06 PDT Thu" luID="11718" luName="leading.a" frameID="402" frameName="First_rank" status="MANUAL" ID="6545167">
            <layer rank="1" name="Target">
                <label cBy="KmG" end="146" start="140" name="Target"/>
            </layer>
            <layer rank="1" name="FE">
                <label cBy="KmG" feID="3722" bgColor="9400D3" fgColor="FFFFFF" end="151" start="148" name="Item"/>
                <label cBy="KmG" feID="3724" bgColor="0000FF" fgColor="FFFFFF" end="172" start="153" name="Contrast_set"/>
                <label cBy="KmG" feID="3723" bgColor="FF00FF" fgColor="FFFFFF" end="138" start="126" name="Limits_of_consideration"/>
            </layer>
            <layer rank="1" name="GF">
                <label end="151" start="148" name="Head"/>
                <label end="172" start="153" name="Dep"/>
                <label end="138" start="126" name="Dep"/>
            </layer>
            <layer rank="1" name="PT">
                <label end="151" start="148" name="N"/>
                <label end="172" start="153" name="PP"/>
                <label end="138" start="126" name="A"/>
            </layer>
            <layer rank="1" name="Other"/>
            <layer rank="1" name="Sent"/>
            <layer rank="1" name="Adj"/>
        </annotationSet>
        <annotationSet cDate="08/09/2007 01:41:15 PDT Thu" luID="3694" luName="area.n" frameID="192" frameName="Locale" status="MANUAL" ID="6545168">
            <layer rank="1" name="Target">
                <label cBy="KmG" end="151" start="148" name="Target"/>
            </layer>
            <layer rank="1" name="FE">
                <label cBy="KmG" feID="1565" bgColor="FF0000" fgColor="FFFFFF" end="151" start="148" name="Locale"/>
            </layer>
            <layer rank="1" name="GF"/>
            <layer rank="1" name="PT"/>
            <layer rank="1" name="Other"/>
            <layer rank="1" name="Sent"/>
            <layer rank="1" name="Noun"/>
        </annotationSet>
        <annotationSet cDate="08/09/2007 01:41:23 PDT Thu" luID="4241" luName="container.n" frameID="78" frameName="Containers" status="MANUAL" ID="6545169">
            <layer rank="1" name="Target">
                <label cBy="KmG" end="164" start="156" name="Target"/>
            </layer>
            <layer rank="1" name="FE">
                <label cBy="KmG" feID="367" bgColor="FF0000" fgColor="FFFFFF" end="164" start="156" name="Container"/>
            </layer>
            <layer rank="1" name="GF"/>
            <layer rank="1" name="PT"/>
            <layer rank="1" name="Other"/>
            <layer rank="1" name="Sent"/>
            <layer rank="1" name="Noun"/>
        </annotationSet>
    </sentence>
    <sentence corpID="205" docID="23715" sentNo="1" paragNo="8" aPos="0" ID="4101397">
        <text>The inauguration of Dubai Internet City coincides with the opening of an annual IT show in Dubai , the Gulf Information Technology Exhibition ( Gitex ) , the biggest in the Middle East .</text>
        <annotationSet cDate="08/03/2007 03:13:14 PDT Fri" status="UNANN" ID="6544632">
            <layer rank="1" name="PENN">
                <label end="2" start="0" name="dt"/>
                <label end="15" start="4" name="nn"/>
                <label end="18" start="17" name="in"/>
                <label end="24" start="20" name="NP"/>
                <label end="33" start="26" name="NP"/>
                <label end="38" start="35" name="NP"/>
                <label end="48" start="40" name="VVZ"/>
                <label end="53" start="50" name="in"/>
                <label end="57" start="55" name="dt"/>
                <label end="65" start="59" name="nn"/>
                <label end="68" start="67" name="in"/>
                <label end="71" start="70" name="dt"/>
                <label end="78" start="73" name="jj"/>
                <label end="81" start="80" name="PP"/>
                <label end="86" start="83" name="VVP"/>
                <label end="89" start="88" name="in"/>
                <label end="95" start="91" name="NP"/>
                <label end="97" start="97" name=","/>
                <label end="101" start="99" name="dt"/>
                <label end="106" start="103" name="NP"/>
                <label end="118" start="108" name="NP"/>
                <label end="129" start="120" name="NP"/>
                <label end="140" start="131" name="nn"/>
                <label end="142" start="142" name="("/>
                <label end="148" start="144" name="NP"/>
                <label end="150" start="150" name=")"/>
                <label end="152" start="152" name=","/>
                <label end="156" start="154" name="dt"/>
                <label end="164" start="158" name="jjs"/>
                <label end="167" start="166" name="in"/>
                <label end="171" start="169" name="dt"/>
                <label end="178" start="173" name="NP"/>
                <label end="183" start="180" name="NP"/>
                <label end="185" start="185" name="sent"/>
            </layer>
            <layer rank="1" name="NER">
                <label end="24" start="20" name="location"/>
                <label end="95" start="91" name="location"/>
                <label end="140" start="131" name="organization"/>
                <label end="148" start="144" name="organization"/>
                <label end="183" start="173" name="location"/>
            </layer>
            <layer rank="1" name="WSL">
                <label end="2" start="0" name="NT"/>
                <label end="18" start="17" name="NT"/>
                <label end="24" start="20" name="NT"/>
                <label end="33" start="26" name="NT"/>
                <label end="38" start="35" name="NT"/>
                <label end="53" start="50" name="NT"/>
                <label end="57" start="55" name="NT"/>
                <label end="68" start="67" name="NT"/>
                <label end="71" start="70" name="NT"/>
                <label end="81" start="80" name="NT"/>
                <label end="95" start="91" name="NT"/>
                <label end="97" start="97" name="NT"/>
                <label end="101" start="99" name="NT"/>
                <label end="106" start="103" name="NT"/>
                <label end="118" start="108" name="NT"/>
                <label end="129" start="120" name="NT"/>
                <label end="142" start="142" name="NT"/>
                <label end="148" start="144" name="NT"/>
                <label end="150" start="150" name="NT"/>
                <label end="152" start="152" name="NT"/>
                <label end="156" start="154" name="NT"/>
                <label end="167" start="166" name="NT"/>
                <label end="171" start="169" name="NT"/>
                <label end="178" start="173" name="NT"/>
                <label end="183" start="180" name="NT"/>
                <label end="185" start="185" name="NT"/>
            </layer>
        </annotationSet>
        <annotationSet cDate="10/29/2007 03:16:29 PDT Mon" luID="14095" luName="coincide.v" frameID="1897" frameName="Simultaneity" status="MANUAL" ID="6549185">
            <layer rank="1" name="Target">
                <label cBy="JKs" end="48" start="40" name="Target"/>
            </layer>
            <layer rank="1" name="FE">
                <label cBy="JKs" feID="11276" bgColor="008000" fgColor="FFFFFF" end="38" start="0" name="Events"/>
                <label cBy="JKs" feID="11276" bgColor="008000" fgColor="FFFFFF" end="150" start="50" name="Events"/>
            </layer>
            <layer rank="1" name="GF">
                <label end="38" start="0" name="Ext"/>
                <label end="150" start="50" name="Dep"/>
            </layer>
            <layer rank="1" name="PT">
                <label end="38" start="0" name="NP"/>
                <label end="150" start="50" name="PP"/>
            </layer>
            <layer rank="1" name="Other"/>
            <layer rank="1" name="Sent"/>
            <layer rank="1" name="Verb"/>
        </annotationSet>
        <annotationSet cDate="10/29/2007 03:16:36 PDT Mon" luID="1724" luName="annual.a" frameID="80" frameName="Frequency" status="MANUAL" ID="6549187">
            <layer rank="1" name="Target">
                <label cBy="JKs" end="78" start="73" name="Target"/>
            </layer>
            <layer rank="1" name="FE">
                <label cBy="JKs" feID="371" bgColor="FF0000" fgColor="FFFFFF" end="95" start="80" name="Event"/>
                <label cBy="JKs" feID="4561" bgColor="0000FF" fgColor="FFFFFF" end="78" start="73" name="Interval"/>
            </layer>
            <layer rank="1" name="GF">
                <label end="95" start="80" name="Dep"/>
            </layer>
            <layer rank="1" name="PT">
                <label end="95" start="80" name="NP"/>
            </layer>
            <layer rank="1" name="Other"/>
            <layer rank="1" name="Sent"/>
            <layer rank="1" name="Adj"/>
        </annotationSet>
        <annotationSet cDate="10/29/2007 03:16:47 PDT Mon" luID="10801" luName="in.prep" frameID="1178" frameName="Interior_profile_relation" status="MANUAL" ID="6549188">
            <layer rank="1" name="Target">
                <label cBy="JKs" end="89" start="88" name="Target"/>
            </layer>
            <layer rank="1" name="FE">
                <label cBy="JKs" feID="6828" bgColor="008000" fgColor="FFFFFF" end="95" start="91" name="Ground"/>
                <label cBy="WMcQ" feID="6826" bgColor="FF0000" fgColor="FFFFFF" end="86" start="55" name="Figure"/>
            </layer>
            <layer rank="1" name="GF">
                <label end="95" start="91" name="Obj"/>
                <label end="86" start="55" name="Ext"/>
            </layer>
            <layer rank="1" name="PT">
                <label end="95" start="91" name="NP"/>
                <label end="86" start="55" name="NP"/>
            </layer>
            <layer rank="1" name="Other"/>
            <layer rank="1" name="Sent"/>
            <layer rank="1" name="Prep"/>
        </annotationSet>
    </sentence>
</fullTextAnnotation>