<?xml version="1.0" encoding="UTF-8" standalone="yes"?>
<?xml-stylesheet type="text/xsl" href="fullText.xsl"?>
<fullTextAnnotation xsi:schemaLocation="../schema/fullText.xsd" xmlns="http://framenet.icsi.berkeley.edu" xmlns:xsi="http://www.w3.org/2001/XMLSchema-instance">
    <header>
        <corpus description="Miscellaneous" name="Miscellaneous" ID="175">
            <document description="SemAnno_1" name="SemAnno_1" ID="23532"/>
        </corpus>
    </header>
    <sentence corpID="175" docID="23532" sentNo="1" paragNo="1" aPos="0" ID="4097205">
        <text>The struggle against the drug lords in Colombia will be a near thing .</text>
        <annotationSet cDate="04/08/2005 01:17:48 PDT Fri" status="UNANN" ID="6525489">
            <layer rank="1" name="PENN">
                <label end="2" start="0" name="dt"/>
                <label end="11" start="4" name="nn"/>
                <label end="19" start="13" name="in"/>
                <label end="23" start="21" name="dt"/>
                <label end="28" start="25" name="nn"/>
                <label end="34" start="30" name="nns"/>
                <label end="37" start="36" name="in"/>
                <label end="46" start="39" name="NP"/>
                <label end="51" start="48" name="md"/>
                <label end="54" start="53" name="vb"/>
                <label end="56" start="56" name="dt"/>
                <label end="61" start="58" name="jj"/>
                <label end="67" start="63" name="nn"/>
                <label end="69" start="69" name="sent"/>
            </layer>
            <layer rank="1" name="NER">
                <label end="46" start="39" name="GPE"/>
            </layer>
            <layer rank="1" name="WSL">
                <label end="2" start="0" name="NT"/>
                <label end="19" start="13" name="NT"/>
                <label end="23" start="21" name="NT"/>
                <label end="37" start="36" name="NT"/>
                <label end="46" start="39" name="NT"/>
                <label end="51" start="48" name="NT"/>
                <label end="54" start="53" name="NT"/>
                <label end="56" start="56" name="NT"/>
                <label end="69" start="69" name="NT"/>
            </layer>
        </annotationSet>
        <annotationSet cDate="04/08/2005 02:37:53 PDT Fri" luID="1921" luName="struggle.n" frameID="93" frameName="Hostile_encounter" status="MANUAL" ID="6525496">
            <layer rank="1" name="Target">
                <label cBy="Pam" end="11" start="4" name="Target"/>
            </layer>
            <layer rank="1" name="FE">
                <label cBy="Pam" feID="440" bgColor="006400" fgColor="FFFFFF" end="34" start="13" name="Side_2"/>
                <label cBy="Pam" feID="446" bgColor="1E90FF" fgColor="FFFFFF" end="46" start="36" name="Place"/>
                <label cBy="Pam" feID="439" itype="DNI" bgColor="FF0000" fgColor="FFFFFF" name="Side_1"/>
                <label cBy="Pam" feID="442" itype="INI" bgColor="A52A2A" fgColor="FFFFFF" name="Issue"/>
            </layer>
            <layer rank="1" name="GF">
                <label end="34" start="13" name="Dep"/>
                <label end="46" start="36" name="Dep"/>
            </layer>
            <layer rank="1" name="PT">
                <label end="34" start="13" name="PP"/>
                <label end="46" start="36" name="PP"/>
            </layer>
            <layer rank="1" name="Other"/>
            <layer rank="1" name="Sent"/>
            <layer rank="1" name="Noun"/>
        </annotationSet>
        <annotationSet cDate="04/10/2005 03:53:08 PDT Sun" luID="11805" luName="drug lord.n" frameID="73" frameName="Leadership" status="MANUAL" ID="6525553">
            <layer rank="1" name="Target">
                <label cBy="EGp" end="28" start="25" name="Target"/>
                <label cBy="EGp" end="34" start="30" name="Target"/>
            </layer>
            <layer rank="1" name="FE">
                <label cBy="Pam" feID="347" bgColor="FF0000" fgColor="FFFFFF" end="34" start="25" name="Leader"/>
                <label cBy="Pam" feID="6431" itype="INI" bgColor="0000FF" fgColor="FFFFFF" name="Governed"/>
            </layer>
            <layer rank="1" name="GF"/>
            <layer rank="1" name="PT"/>
            <layer rank="1" name="Other"/>
            <layer rank="1" name="Sent"/>
            <layer rank="1" name="Noun"/>
        </annotationSet>
        <annotationSet cDate="04/10/2005 03:53:40 PDT Sun" luID="11806" luName="near thing.a" frameID="375" frameName="Difficulty" status="MANUAL" ID="6525554">
            <layer rank="1" name="Target">
                <label cBy="EGp" end="61" start="58" name="Target"/>
                <label cBy="EGp" end="67" start="63" name="Target"/>
            </layer>
            <layer rank="1" name="FE">
                <label cBy="Pam" feID="3365" itype="DNI" bgColor="800080" fgColor="FFFFFF" name="Experiencer"/>
                <label cBy="Pam" feID="3360" bgColor="0000FF" fgColor="FFFFFF" end="46" start="0" name="Activity"/>
            </layer>
            <layer rank="1" name="GF">
                <label end="46" start="0" name="Ext"/>
            </layer>
            <layer rank="1" name="PT">
                <label end="46" start="0" name="NP"/>
            </layer>
            <layer rank="1" name="Other"/>
            <layer rank="1" name="Sent"/>
            <layer rank="1" name="Adj">
                <label end="54" start="53" name="Cop"/>
            </layer>
        </annotationSet>
    </sentence>
    <sentence corpID="175" docID="23532" sentNo="2" paragNo="1" aPos="0" ID="4097206">
        <text>This week , the government arrested Jose Abello Silva , said to be the fourth - ranking cartel leader .</text>
        <annotationSet cDate="04/08/2005 01:17:48 PDT Fri" status="UNANN" ID="6525490">
            <layer rank="1" name="PENN">
                <label end="3" start="0" name="dt"/>
                <label end="8" start="5" name="nn"/>
                <label end="10" start="10" name=","/>
                <label end="14" start="12" name="dt"/>
                <label end="25" start="16" name="nn"/>
                <label end="34" start="27" name="VVN"/>
                <label end="39" start="36" name="NP"/>
                <label end="46" start="41" name="NP"/>
                <label end="52" start="48" name="NP"/>
                <label end="54" start="54" name=","/>
                <label end="59" start="56" name="VVD"/>
                <label end="62" start="61" name="to"/>
                <label end="65" start="64" name="vb"/>
                <label end="69" start="67" name="dt"/>
                <label end="76" start="71" name="jj"/>
                <label end="78" start="78" name=":"/>
                <label end="86" start="80" name="jj"/>
                <label end="93" start="88" name="nn"/>
                <label end="100" start="95" name="nn"/>
                <label end="102" start="102" name="sent"/>
            </layer>
            <layer rank="1" name="NER">
                <label end="52" start="36" name="person"/>
                <label end="93" start="88" name="organization"/>
            </layer>
            <layer rank="1" name="WSL">
                <label end="3" start="0" name="NT"/>
                <label end="10" start="10" name="NT"/>
                <label end="14" start="12" name="NT"/>
                <label end="39" start="36" name="NT"/>
                <label end="46" start="41" name="NT"/>
                <label end="52" start="48" name="NT"/>
                <label end="54" start="54" name="NT"/>
                <label end="62" start="61" name="NT"/>
                <label end="65" start="64" name="NT"/>
                <label end="69" start="67" name="NT"/>
                <label end="78" start="78" name="NT"/>
                <label end="102" start="102" name="NT"/>
            </layer>
        </annotationSet>
        <annotationSet cDate="04/08/2005 02:39:26 PDT Fri" luID="3947" luName="week.n" frameID="229" frameName="Calendric_unit" status="MANUAL" ID="6525498">
            <layer rank="1" name="Target">
                <label cBy="Pam" end="8" start="5" name="Target"/>
            </layer>
            <layer rank="1" name="FE">
                <label cBy="Pam" feID="1993" bgColor="FFA500" fgColor="FFFFFF" end="3" start="0" name="Relative_time"/>
            </layer>
            <layer rank="1" name="GF">
                <label end="3" start="0" name="Dep"/>
            </layer>
            <layer rank="1" name="PT">
                <label end="3" start="0" name="A"/>
            </layer>
            <layer rank="1" name="Other"/>
            <layer rank="1" name="Sent"/>
            <layer rank="1" name="Noun"/>
        </annotationSet>
        <annotationSet cDate="04/08/2005 02:39:37 PDT Fri" luID="4733" luName="arrest.v" frameID="202" frameName="Arrest" status="MANUAL" ID="6525499">
            <layer rank="1" name="Target">
                <label cBy="Pam" end="34" start="27" name="Target"/>
            </layer>
            <layer rank="1" name="FE">
                <label cBy="Pam" feID="1645" bgColor="FF0000" fgColor="FFFFFF" end="25" start="12" name="Authorities"/>
                <label cBy="Pam" feID="1646" bgColor="0000FF" fgColor="FFFFFF" end="100" start="36" name="Suspect"/>
                <label cBy="Pam" feID="1644" bgColor="FFA500" fgColor="FFFFFF" end="8" start="0" name="Time"/>
                <label cBy="JKR" feID="1642" itype="INI" bgColor="A52A2A" fgColor="FFFFFF" name="Charges"/>
            </layer>
            <layer rank="1" name="GF">
                <label end="25" start="12" name="Ext"/>
                <label end="100" start="36" name="Obj"/>
                <label end="8" start="0" name="Dep"/>
            </layer>
            <layer rank="1" name="PT">
                <label end="25" start="12" name="NP"/>
                <label end="100" start="36" name="NP"/>
                <label end="8" start="0" name="NP"/>
            </layer>
            <layer rank="1" name="Other"/>
            <layer rank="1" name="Sent"/>
            <layer rank="1" name="Verb"/>
        </annotationSet>
        <annotationSet cDate="04/08/2005 02:39:56 PDT Fri" luID="751" luName="say.v" frameID="43" frameName="Statement" status="MANUAL" ID="6525500">
            <layer rank="1" name="Target">
                <label cBy="Pam" end="59" start="56" name="Target"/>
            </layer>
            <layer rank="1" name="FE">
                <label cBy="Pam" feID="185" bgColor="00BFFF" fgColor="FFFFFF" end="52" start="36" name="Message"/>
                <label cBy="Pam" feID="185" bgColor="00BFFF" fgColor="FFFFFF" end="100" start="61" name="Message"/>
                <label cBy="Pam" feID="183" itype="CNI" bgColor="FF0000" fgColor="FFFFFF" name="Speaker"/>
            </layer>
            <layer rank="1" name="GF">
                <label end="52" start="36" name="Ext"/>
                <label end="100" start="61" name="Dep"/>
            </layer>
            <layer rank="1" name="PT">
                <label end="52" start="36" name="NP"/>
                <label end="100" start="61" name="VPto"/>
            </layer>
            <layer rank="1" name="Other"/>
            <layer rank="1" name="Sent"/>
            <layer rank="1" name="Verb"/>
        </annotationSet>
        <annotationSet cDate="04/08/2005 02:43:58 PDT Fri" luID="11252" luName="fourth.a" frameID="1147" frameName="Ordinal_numbers" status="MANUAL" ID="6525501">
            <layer rank="1" name="Target">
                <label cBy="Pam" end="76" start="71" name="Target"/>
            </layer>
            <layer rank="1" name="FE">
                <label cBy="Pam" feID="6632" itype="DNI" bgColor="008000" fgColor="FFFFFF" name="Basis_of_order"/>
                <label cBy="JKR" feID="6633" bgColor="00008B" fgColor="FFFFFF" end="100" start="88" name="Item"/>
            </layer>
            <layer rank="1" name="GF">
                <label end="100" start="88" name="Ext"/>
            </layer>
            <layer rank="1" name="PT">
                <label end="100" start="88" name="NP"/>
            </layer>
            <layer rank="1" name="Other"/>
            <layer rank="1" name="Sent"/>
            <layer rank="1" name="Adj"/>
        </annotationSet>
        <annotationSet cDate="04/08/2005 02:44:16 PDT Fri" luID="1593" luName="leader.n" frameID="73" frameName="Leadership" status="MANUAL" ID="6525502">
            <layer rank="1" name="Target">
                <label cBy="Pam" end="100" start="95" name="Target"/>
            </layer>
            <layer rank="1" name="FE">
                <label cBy="Pam" feID="6431" bgColor="0000FF" fgColor="FFFFFF" end="93" start="88" name="Governed"/>
                <label cBy="Pam" feID="347" bgColor="FF0000" fgColor="FFFFFF" end="52" start="36" name="Leader"/>
                <label cBy="Pam" feID="6967" bgColor="008000" fgColor="FFFFFF" end="86" start="71" name="Descriptor"/>
            </layer>
            <layer rank="1" name="GF">
                <label end="93" start="88" name="Dep"/>
                <label end="52" start="36" name="Ext"/>
                <label end="86" start="71" name="Dep"/>
            </layer>
            <layer rank="1" name="PT">
                <label end="93" start="88" name="N"/>
                <label end="52" start="36" name="NP"/>
                <label end="86" start="71" name="AJP"/>
            </layer>
            <layer rank="1" name="Other"/>
            <layer rank="1" name="Sent"/>
            <layer rank="1" name="Noun">
                <label end="65" start="64" name="Cop"/>
            </layer>
        </annotationSet>
        <annotationSet cDate="04/08/2005 04:44:56 PDT Fri" luID="11786" luName="cartel.n" frameID="1371" frameName="Organization" status="MANUAL" ID="6525534">
            <layer rank="1" name="Target">
                <label cBy="Pam" end="93" start="88" name="Target"/>
            </layer>
            <layer rank="1" name="FE">
                <label cBy="Pam" feID="7698" bgColor="0000FF" fgColor="FFFFFF" end="93" start="88" name="Organization"/>
            </layer>
            <layer rank="1" name="GF"/>
            <layer rank="1" name="PT"/>
            <layer rank="1" name="Other"/>
            <layer rank="1" name="Sent"/>
            <layer rank="1" name="Noun"/>
        </annotationSet>
        <annotationSet cDate="04/10/2005 03:51:44 PDT Sun" luID="11808" luName="government.n" frameID="1371" frameName="Organization" status="MANUAL" ID="6525552">
            <layer rank="1" name="Target">
                <label cBy="Pam" end="25" start="16" name="Target"/>
            </layer>
            <layer rank="1" name="FE">
                <label cBy="Pam" feID="7698" bgColor="0000FF" fgColor="FFFFFF" end="25" start="16" name="Organization"/>
                <label cBy="Pam" feID="7699" itype="INI" bgColor="FF0000" fgColor="FFFFFF" name="Members"/>
            </layer>
            <layer rank="1" name="GF"/>
            <layer rank="1" name="PT"/>
            <layer rank="1" name="Other"/>
            <layer rank="1" name="Sent"/>
            <layer rank="1" name="Noun"/>
        </annotationSet>
        <annotationSet cDate="04/10/2005 11:37:19 PDT Sun" luID="11811" luName="rank.v" frameID="1379" frameName="Occupy_rank" status="MANUAL" ID="6525572">
            <layer rank="1" name="Target">
                <label cBy="CFB" end="86" start="80" name="Target"/>
            </layer>
            <layer rank="1" name="FE">
                <label cBy="CFB" feID="7729" bgColor="9400D3" fgColor="FFFFFF" end="76" start="71" name="Rank"/>
                <label cBy="CFB" feID="7730" bgColor="FF0000" fgColor="FFFFFF" end="100" start="88" name="Item"/>
                <label cBy="JKR" feID="7731" itype="DNI" bgColor="EEE8AA" fgColor="000000" name="Dimension"/>
            </layer>
            <layer rank="1" name="GF">
                <label end="76" start="71" name="Dep"/>
                <label end="100" start="88" name="Head"/>
            </layer>
            <layer rank="1" name="PT">
                <label end="76" start="71" name="AJP"/>
                <label end="100" start="88" name="N"/>
            </layer>
            <layer rank="1" name="Other"/>
            <layer rank="1" name="Sent"/>
            <layer rank="1" name="Verb"/>
        </annotationSet>
    </sentence>
    <sentence corpID="175" docID="23532" sentNo="3" paragNo="1" aPos="0" ID="4097207">
        <text>He will probably be extradited to the U.S. for trial under an extradition treaty President Virgilia Barco has revived .</text>
        <annotationSet cDate="04/08/2005 01:17:48 PDT Fri" status="UNANN" ID="6525491">
            <layer rank="1" name="PENN">
                <label end="1" start="0" name="PP"/>
                <label end="6" start="3" name="md"/>
                <label end="15" start="8" name="rb"/>
                <label end="18" start="17" name="vb"/>
                <label end="29" start="20" name="VVN"/>
                <label end="32" start="31" name="to"/>
                <label end="36" start="34" name="dt"/>
                <label end="41" start="38" name="NP"/>
                <label end="45" start="43" name="in"/>
                <label end="51" start="47" name="nn"/>
                <label end="57" start="53" name="in"/>
                <label end="60" start="59" name="dt"/>
                <label end="72" start="62" name="nn"/>
                <label end="79" start="74" name="nn"/>
                <label end="89" start="81" name="NP"/>
                <label end="98" start="91" name="NP"/>
                <label end="104" start="100" name="NP"/>
                <label end="108" start="106" name="VHZ"/>
                <label end="116" start="110" name="VVN"/>
                <label end="118" start="118" name="sent"/>
            </layer>
            <layer rank="1" name="NER">
                <label end="41" start="38" name="GPE"/>
                <label end="104" start="91" name="person"/>
            </layer>
            <layer rank="1" name="WSL">
                <label end="1" start="0" name="NT"/>
                <label end="6" start="3" name="NT"/>
                <label end="18" start="17" name="NT"/>
                <label end="32" start="31" name="NT"/>
                <label end="36" start="34" name="NT"/>
                <label end="41" start="38" name="NT"/>
                <label end="45" start="43" name="NT"/>
                <label end="57" start="53" name="NT"/>
                <label end="60" start="59" name="NT"/>
                <label end="98" start="91" name="NT"/>
                <label end="104" start="100" name="NT"/>
                <label end="108" start="106" name="NT"/>
                <label end="118" start="118" name="NT"/>
            </layer>
        </annotationSet>
        <annotationSet cDate="04/08/2005 02:47:09 PDT Fri" luID="10854" luName="probably.adv" frameID="114" frameName="Likelihood" status="MANUAL" ID="6525503">
            <layer rank="1" name="Target">
                <label cBy="Pam" end="15" start="8" name="Target"/>
            </layer>
            <layer rank="1" name="FE">
                <label cBy="Pam" feID="563" bgColor="006400" fgColor="FFFFFF" end="6" start="0" name="Hypothetical_event"/>
                <label cBy="Pam" feID="563" bgColor="006400" fgColor="FFFFFF" end="116" start="17" name="Hypothetical_event"/>
            </layer>
            <layer rank="1" name="GF">
                <label end="6" start="0" name="Head"/>
                <label end="116" start="17" name="Head"/>
            </layer>
            <layer rank="1" name="PT">
                <label end="6" start="0" name="Sfin"/>
                <label end="116" start="17" name="Sfin"/>
            </layer>
            <layer rank="1" name="Other"/>
            <layer rank="1" name="Sent"/>
            <layer rank="1" name="Adv"/>
        </annotationSet>
        <annotationSet cDate="04/08/2005 02:47:23 PDT Fri" luID="8820" luName="trial.n" frameID="201" frameName="Trial" status="MANUAL" ID="6525504">
            <layer rank="1" name="Target">
                <label cBy="Pam" end="51" start="47" name="Target"/>
            </layer>
            <layer rank="1" name="FE">
                <label cBy="JKR" feID="1654" bgColor="0000FF" fgColor="FFFFFF" end="1" start="0" name="Defendant"/>
            </layer>
            <layer rank="1" name="GF">
                <label end="1" start="0" name="Ext"/>
            </layer>
            <layer rank="1" name="PT">
                <label end="1" start="0" name="NP"/>
            </layer>
            <layer rank="1" name="Other"/>
            <layer rank="1" name="Sent"/>
            <layer rank="1" name="Noun">
                <label end="45" start="43" name="Supp"/>
            </layer>
        </annotationSet>
        <annotationSet cDate="04/08/2005 02:47:53 PDT Fri" luID="1599" luName="president [political].n" frameID="73" frameName="Leadership" status="MANUAL" ID="6525506">
            <layer rank="1" name="Target">
                <label cBy="Pam" end="89" start="81" name="Target"/>
            </layer>
            <layer rank="1" name="FE">
                <label cBy="Pam" feID="347" bgColor="FF0000" fgColor="FFFFFF" end="104" start="91" name="Leader"/>
                <label cBy="Pam" feID="6431" itype="DNI" bgColor="0000FF" fgColor="FFFFFF" name="Governed"/>
            </layer>
            <layer rank="1" name="GF">
                <label end="104" start="91" name="Appositive"/>
            </layer>
            <layer rank="1" name="PT">
                <label end="104" start="91" name="NP"/>
            </layer>
            <layer rank="1" name="Other"/>
            <layer rank="1" name="Sent"/>
            <layer rank="1" name="Noun"/>
        </annotationSet>
        <annotationSet cDate="04/08/2005 04:41:33 PDT Fri" luID="11784" luName="extradite.v" frameID="1370" frameName="Extradition" status="MANUAL" ID="6525532">
            <layer rank="1" name="Target">
                <label cBy="Pam" end="29" start="20" name="Target"/>
            </layer>
            <layer rank="1" name="FE">
                <label cBy="Pam" feID="7696" bgColor="0000FF" fgColor="FFFFFF" end="1" start="0" name="Suspect"/>
                <label cBy="Pam" feID="7695" bgColor="00BFFF" fgColor="FFFFFF" end="41" start="31" name="Crime_jurisdiction"/>
                <label cBy="Pam" feID="7706" bgColor="800080" fgColor="FFFFFF" end="51" start="43" name="Purpose"/>
                <label cBy="Pam" feID="7708" bgColor="FF69B4" fgColor="FFFFFF" end="116" start="53" name="Legal_basis"/>
                <label cBy="Pam" feID="7693" itype="CNI" bgColor="FF0000" fgColor="FFFFFF" name="Authorities"/>
                <label cBy="Pam" feID="7694" itype="DNI" bgColor="008000" fgColor="FFFFFF" name="Current_jurisdiction"/>
            </layer>
            <layer rank="1" name="GF">
                <label end="1" start="0" name="Ext"/>
                <label end="41" start="31" name="Dep"/>
                <label end="51" start="43" name="Dep"/>
                <label end="116" start="53" name="Dep"/>
            </layer>
            <layer rank="1" name="PT">
                <label end="1" start="0" name="NP"/>
                <label end="41" start="31" name="PP"/>
                <label end="51" start="43" name="PP"/>
                <label end="116" start="53" name="PP"/>
            </layer>
            <layer rank="1" name="Other"/>
            <layer rank="1" name="Sent"/>
            <layer rank="1" name="Verb"/>
        </annotationSet>
        <annotationSet cDate="04/08/2005 04:42:11 PDT Fri" luID="11785" luName="extradition.n" frameID="1370" frameName="Extradition" status="MANUAL" ID="6525533">
            <layer rank="1" name="Target">
                <label cBy="Pam" end="72" start="62" name="Target"/>
            </layer>
            <layer rank="1" name="FE">
                <label cBy="Pam" feID="7693" itype="INI" bgColor="FF0000" fgColor="FFFFFF" name="Authorities"/>
                <label cBy="Pam" feID="7695" itype="INI" bgColor="00BFFF" fgColor="FFFFFF" name="Crime_jurisdiction"/>
                <label cBy="Pam" feID="7694" itype="INI" bgColor="008000" fgColor="FFFFFF" name="Current_jurisdiction"/>
                <label cBy="Pam" feID="7696" itype="INI" bgColor="0000FF" fgColor="FFFFFF" name="Suspect"/>
            </layer>
            <layer rank="1" name="GF"/>
            <layer rank="1" name="PT"/>
            <layer rank="1" name="Other"/>
            <layer rank="1" name="Sent"/>
            <layer rank="1" name="Noun"/>
        </annotationSet>
        <annotationSet cDate="04/09/2005 04:13:37 PDT Sat" luID="11788" luName="revive.v" frameID="1372" frameName="Cause_to_resume" status="MANUAL" ID="6525542">
            <layer rank="1" name="Target">
                <label cBy="Pam" end="116" start="110" name="Target"/>
            </layer>
            <layer rank="1" name="FE">
                <label cBy="Pam" feID="7701" bgColor="FF0000" fgColor="FFFFFF" end="104" start="81" name="Agent"/>
                <label cBy="Pam" feID="7702" bgColor="0000FF" fgColor="FFFFFF" end="79" start="59" name="Process"/>
                <label cBy="JKR" feID="7703" itype="INI" bgColor="FF00FF" fgColor="FFFFFF" name="Hiatus"/>
            </layer>
            <layer rank="1" name="GF">
                <label end="104" start="81" name="Ext"/>
                <label end="79" start="59" name="Obj"/>
            </layer>
            <layer rank="1" name="PT">
                <label end="104" start="81" name="NP"/>
                <label end="79" start="59" name="NP"/>
            </layer>
            <layer rank="1" name="Other"/>
            <layer rank="1" name="Sent"/>
            <layer rank="1" name="Verb"/>
        </annotationSet>
        <annotationSet cDate="04/12/2005 12:42:21 PDT Tue" luID="11815" luName="treaty.n" frameID="1380" frameName="Be_in_agreement_on_action" status="MANUAL" ID="6525633">
            <layer rank="1" name="Target">
                <label cBy="JKR" end="79" start="74" name="Target"/>
            </layer>
            <layer rank="1" name="FE">
                <label cBy="JKR" feID="7744" bgColor="0000FF" fgColor="FFFFFF" end="72" start="62" name="Obligation"/>
                <label cBy="JKR" feID="7742" itype="INI" bgColor="FF0000" fgColor="FFFFFF" name="Party_1"/>
                <label cBy="JKR" feID="7743" itype="INI" bgColor="006400" fgColor="FFFFFF" name="Party_2"/>
            </layer>
            <layer rank="1" name="GF">
                <label end="72" start="62" name="Dep"/>
            </layer>
            <layer rank="1" name="PT">
                <label end="72" start="62" name="N"/>
            </layer>
            <layer rank="1" name="Other"/>
            <layer rank="1" name="Sent"/>
            <layer rank="1" name="Noun"/>
        </annotationSet>
    </sentence>
    <sentence corpID="175" docID="23532" sentNo="4" paragNo="1" aPos="0" ID="4097208">
        <text>Later , another high - ranking trafficker , Leonidas Vargas , was arrested and 1,000 pounds of dynamite seized .</text>
        <annotationSet cDate="04/08/2005 01:17:48 PDT Fri" status="UNANN" ID="6525492">
            <layer rank="1" name="PENN">
                <label end="4" start="0" name="rb"/>
                <label end="6" start="6" name=","/>
                <label end="14" start="8" name="dt"/>
                <label end="19" start="16" name="jj"/>
                <label end="21" start="21" name=":"/>
                <label end="29" start="23" name="jj"/>
                <label end="40" start="31" name="nn"/>
                <label end="42" start="42" name=","/>
                <label end="51" start="44" name="NP"/>
                <label end="58" start="53" name="NP"/>
                <label end="60" start="60" name=","/>
                <label end="64" start="62" name="VBD"/>
                <label end="73" start="66" name="VVN"/>
                <label end="77" start="75" name="cc"/>
                <label end="83" start="79" name="cd"/>
                <label end="90" start="85" name="nns"/>
                <label end="93" start="92" name="in"/>
                <label end="102" start="95" name="nn"/>
                <label end="109" start="104" name="VVD"/>
                <label end="111" start="111" name="sent"/>
            </layer>
            <layer rank="1" name="NER">
                <label end="58" start="44" name="person"/>
            </layer>
            <layer rank="1" name="WSL">
                <label end="4" start="0" name="NT"/>
                <label end="6" start="6" name="NT"/>
                <label end="14" start="8" name="NT"/>
                <label end="21" start="21" name="NT"/>
                <label end="42" start="42" name="NT"/>
                <label end="51" start="44" name="NT"/>
                <label end="58" start="53" name="NT"/>
                <label end="60" start="60" name="NT"/>
                <label end="64" start="62" name="NT"/>
                <label end="77" start="75" name="NT"/>
                <label end="93" start="92" name="NT"/>
                <label end="111" start="111" name="NT"/>
            </layer>
        </annotationSet>
        <annotationSet cDate="04/08/2005 02:48:14 PDT Fri" luID="1980" luName="high.a" frameID="95" frameName="Position_on_a_scale" status="MANUAL" ID="6525507">
            <layer rank="1" name="Target">
                <label cBy="Pam" end="19" start="16" name="Target"/>
            </layer>
            <layer rank="1" name="FE">
                <label cBy="JKR" feID="455" bgColor="FF0000" fgColor="FFFFFF" end="40" start="31" name="Item"/>
                <label cBy="JKR" feID="456" itype="DNI" bgColor="9400D3" fgColor="FFFFFF" name="Variable"/>
            </layer>
            <layer rank="1" name="GF">
                <label end="40" start="31" name="Ext"/>
            </layer>
            <layer rank="1" name="PT">
                <label end="40" start="31" name="NP"/>
            </layer>
            <layer rank="1" name="Other"/>
            <layer rank="1" name="Sent"/>
            <layer rank="1" name="Adj"/>
        </annotationSet>
        <annotationSet cDate="04/08/2005 02:48:26 PDT Fri" luID="4733" luName="arrest.v" frameID="202" frameName="Arrest" status="MANUAL" ID="6525508">
            <layer rank="1" name="Target">
                <label cBy="Pam" end="73" start="66" name="Target"/>
            </layer>
            <layer rank="1" name="FE">
                <label cBy="Pam" feID="1646" bgColor="0000FF" fgColor="FFFFFF" end="58" start="8" name="Suspect"/>
                <label cBy="Pam" feID="1644" bgColor="FFA500" fgColor="FFFFFF" end="4" start="0" name="Time"/>
                <label cBy="Pam" feID="1645" itype="CNI" bgColor="FF0000" fgColor="FFFFFF" name="Authorities"/>
                <label cBy="Pam" feID="1642" itype="DNI" bgColor="A52A2A" fgColor="FFFFFF" name="Charges"/>
            </layer>
            <layer rank="1" name="GF">
                <label end="58" start="8" name="Ext"/>
                <label end="4" start="0" name="Dep"/>
            </layer>
            <layer rank="1" name="PT">
                <label end="58" start="8" name="NP"/>
                <label end="4" start="0" name="AVP"/>
            </layer>
            <layer rank="1" name="Other"/>
            <layer rank="1" name="Sent"/>
            <layer rank="1" name="Verb"/>
        </annotationSet>
        <annotationSet cDate="04/08/2005 02:48:45 PDT Fri" luID="2808" luName="pound.n" frameID="147" frameName="Measure_mass" status="MANUAL" ID="6525509">
            <layer rank="1" name="Target">
                <label cBy="Pam" end="90" start="85" name="Target"/>
            </layer>
            <layer rank="1" name="FE">
                <label cBy="Pam" feID="1171" bgColor="0000FF" fgColor="FFFFFF" end="83" start="79" name="Count"/>
                <label cBy="Pam" feID="1172" bgColor="006400" fgColor="FFFFFF" end="90" start="85" name="Unit"/>
                <label cBy="Pam" feID="1173" bgColor="FF0000" fgColor="FFFFFF" end="102" start="92" name="Stuff"/>
            </layer>
            <layer rank="1" name="GF">
                <label end="83" start="79" name="Quant"/>
                <label end="102" start="92" name="Dep"/>
            </layer>
            <layer rank="1" name="PT">
                <label end="83" start="79" name="Num"/>
                <label end="102" start="92" name="PP"/>
            </layer>
            <layer rank="1" name="Other"/>
            <layer rank="1" name="Sent"/>
            <layer rank="1" name="Noun"/>
        </annotationSet>
        <annotationSet cDate="04/08/2005 02:51:15 PDT Fri" luID="7535" luName="seize.v" frameID="410" frameName="Taking" status="MANUAL" ID="6525510">
            <layer rank="1" name="Target">
                <label cBy="Pam" end="109" start="104" name="Target"/>
            </layer>
            <layer rank="1" name="FE">
                <label cBy="Pam" feID="4225" bgColor="0000FF" fgColor="FFFFFF" end="102" start="79" name="Theme"/>
                <label cBy="Pam" feID="4224" itype="CNI" bgColor="FF0000" fgColor="FFFFFF" name="Agent"/>
                <label cBy="Pam" feID="4768" bgColor="FFA500" fgColor="FFFFFF" end="4" start="0" name="Time"/>
                <label cBy="Pam" feID="4226" itype="INI" bgColor="006400" fgColor="FFFFFF" name="Source"/>
            </layer>
            <layer rank="1" name="GF">
                <label end="102" start="79" name="Ext"/>
                <label end="4" start="0" name="Dep"/>
            </layer>
            <layer rank="1" name="PT">
                <label end="102" start="79" name="NP"/>
                <label end="4" start="0" name="AVP"/>
            </layer>
            <layer rank="1" name="Other"/>
            <layer rank="1" name="Sent"/>
            <layer rank="1" name="Verb"/>
        </annotationSet>
        <annotationSet cDate="04/08/2005 05:01:32 PDT Fri" luID="11783" luName="trafficker.n" frameID="82" frameName="Commerce_scenario" status="MANUAL" ID="6525535">
            <layer rank="1" name="Target">
                <label cBy="Pam" end="40" start="31" name="Target"/>
            </layer>
            <layer rank="1" name="FE">
                <label cBy="Pam" feID="379" itype="DNI" bgColor="008000" fgColor="FFFFFF" name="Goods"/>
                <label cBy="Pam" feID="377" bgColor="FF0000" fgColor="FFFFFF" end="58" start="44" name="Seller"/>
                <label cBy="Pam" feID="376" itype="INI" bgColor="00008B" fgColor="FFFFFF" name="Buyer"/>
            </layer>
            <layer rank="1" name="GF">
                <label end="58" start="44" name="Appositive"/>
            </layer>
            <layer rank="1" name="PT">
                <label end="58" start="44" name="NP"/>
            </layer>
            <layer rank="1" name="Other"/>
            <layer rank="1" name="Sent"/>
            <layer rank="1" name="Noun"/>
        </annotationSet>
        <annotationSet cDate="04/09/2005 04:18:35 PDT Sat" luID="11790" luName="dynamite.n" frameID="426" frameName="Weapon" status="MANUAL" ID="6525543">
            <layer rank="1" name="Target">
                <label cBy="Pam" end="102" start="95" name="Target"/>
            </layer>
            <layer rank="1" name="FE">
                <label cBy="Pam" feID="3919" bgColor="A52A2A" fgColor="FFFFFF" end="102" start="95" name="Weapon"/>
            </layer>
            <layer rank="1" name="GF"/>
            <layer rank="1" name="PT"/>
            <layer rank="1" name="Other"/>
            <layer rank="1" name="Sent"/>
            <layer rank="1" name="Noun"/>
        </annotationSet>
        <annotationSet cDate="04/10/2005 11:49:43 PDT Sun" luID="11811" luName="rank.v" frameID="1379" frameName="Occupy_rank" status="MANUAL" ID="6525573">
            <layer rank="1" name="Target">
                <label cBy="CFB" end="29" start="23" name="Target"/>
            </layer>
            <layer rank="1" name="FE">
                <label cBy="CFB" feID="7729" bgColor="9400D3" fgColor="FFFFFF" end="19" start="16" name="Rank"/>
                <label cBy="CFB" feID="7731" itype="DNI" bgColor="EEE8AA" fgColor="000000" name="Dimension"/>
                <label cBy="CFB" feID="7730" bgColor="FF0000" fgColor="FFFFFF" end="40" start="31" name="Item"/>
            </layer>
            <layer rank="1" name="GF">
                <label end="40" start="31" name="Head"/>
                <label end="19" start="16" name="Dep"/>
            </layer>
            <layer rank="1" name="PT">
                <label end="40" start="31" name="N"/>
                <label end="19" start="16" name="AJP"/>
            </layer>
            <layer rank="1" name="Other"/>
            <layer rank="1" name="Sent"/>
            <layer rank="1" name="Verb"/>
        </annotationSet>
    </sentence>
    <sentence corpID="175" docID="23532" sentNo="1" paragNo="2" aPos="0" ID="4097209">
        <text>President Bush has agreed to meet within 90 days with Mr. Barco , President Alan Garcia of Peru and President Jaime Paz Zamora of Bolivia to discuss the drug problem .</text>
        <annotationSet cDate="04/08/2005 01:17:49 PDT Fri" status="UNANN" ID="6525493">
            <layer rank="1" name="PENN">
                <label end="8" start="0" name="NP"/>
                <label end="13" start="10" name="NP"/>
                <label end="17" start="15" name="VHZ"/>
                <label end="24" start="19" name="VVN"/>
                <label end="27" start="26" name="to"/>
                <label end="32" start="29" name="VV"/>
                <label end="39" start="34" name="in"/>
                <label end="42" start="41" name="cd"/>
                <label end="47" start="44" name="nns"/>
                <label end="52" start="49" name="in"/>
                <label end="56" start="54" name="NP"/>
                <label end="62" start="58" name="NP"/>
                <label end="64" start="64" name=","/>
                <label end="74" start="66" name="NP"/>
                <label end="79" start="76" name="NP"/>
                <label end="86" start="81" name="NP"/>
                <label end="89" start="88" name="in"/>
                <label end="94" start="91" name="NP"/>
                <label end="98" start="96" name="cc"/>
                <label end="108" start="100" name="NP"/>
                <label end="114" start="110" name="NP"/>
                <label end="118" start="116" name="NP"/>
                <label end="125" start="120" name="NP"/>
                <label end="128" start="127" name="in"/>
                <label end="136" start="130" name="NP"/>
                <label end="139" start="138" name="to"/>
                <label end="147" start="141" name="VV"/>
                <label end="151" start="149" name="dt"/>
                <label end="156" start="153" name="nn"/>
                <label end="164" start="158" name="nn"/>
                <label end="166" start="166" name="sent"/>
            </layer>
            <layer rank="1" name="NER">
                <label end="13" start="10" name="person"/>
                <label end="86" start="76" name="person"/>
                <label end="94" start="91" name="GPE"/>
                <label end="125" start="110" name="person"/>
                <label end="136" start="130" name="GPE"/>
                <label end="62" start="54" name="person"/>
            </layer>
            <layer rank="1" name="WSL">
                <label end="13" start="10" name="NT"/>
                <label end="17" start="15" name="NT"/>
                <label end="27" start="26" name="NT"/>
                <label end="39" start="34" name="NT"/>
                <label end="52" start="49" name="NT"/>
                <label end="56" start="54" name="NT"/>
                <label end="62" start="58" name="NT"/>
                <label end="64" start="64" name="NT"/>
                <label end="79" start="76" name="NT"/>
                <label end="86" start="81" name="NT"/>
                <label end="89" start="88" name="NT"/>
                <label end="94" start="91" name="NT"/>
                <label end="98" start="96" name="NT"/>
                <label end="114" start="110" name="NT"/>
                <label end="118" start="116" name="NT"/>
                <label end="125" start="120" name="NT"/>
                <label end="128" start="127" name="NT"/>
                <label end="136" start="130" name="NT"/>
                <label end="139" start="138" name="NT"/>
                <label end="151" start="149" name="NT"/>
                <label end="166" start="166" name="NT"/>
            </layer>
        </annotationSet>
        <annotationSet cDate="04/08/2005 03:53:39 PDT Fri" luID="1599" luName="president [political].n" frameID="73" frameName="Leadership" status="MANUAL" ID="6525511">
            <layer rank="1" name="Target">
                <label cBy="Pam" end="8" start="0" name="Target"/>
            </layer>
            <layer rank="1" name="FE">
                <label cBy="Pam" feID="347" bgColor="FF0000" fgColor="FFFFFF" end="13" start="10" name="Leader"/>
                <label cBy="Pam" feID="6431" itype="DNI" bgColor="0000FF" fgColor="FFFFFF" name="Governed"/>
            </layer>
            <layer rank="1" name="GF">
                <label end="13" start="10" name="Appositive"/>
            </layer>
            <layer rank="1" name="PT">
                <label end="13" start="10" name="NP"/>
            </layer>
            <layer rank="1" name="Other"/>
            <layer rank="1" name="Sent"/>
            <layer rank="1" name="Noun"/>
        </annotationSet>
        <annotationSet cDate="04/08/2005 03:53:50 PDT Fri" luID="11656" luName="agree.v" frameID="1342" frameName="Make_agreement_on_action" status="MANUAL" ID="6525512">
            <layer rank="1" name="Target">
                <label cBy="Pam" end="24" start="19" name="Target"/>
            </layer>
            <layer rank="1" name="FE">
                <label cBy="Pam" feID="7579" bgColor="FF0000" fgColor="FFFFFF" end="13" start="0" name="Party_1"/>
                <label cBy="Pam" feID="7581" bgColor="0000FF" fgColor="FFFFFF" end="164" start="26" name="Obligation"/>
                <label cBy="Pam" feID="7580" itype="DNI" bgColor="006400" fgColor="FFFFFF" name="Party_2"/>
            </layer>
            <layer rank="1" name="GF">
                <label end="13" start="0" name="Ext"/>
                <label end="164" start="26" name="Dep"/>
            </layer>
            <layer rank="1" name="PT">
                <label end="13" start="0" name="NP"/>
                <label end="164" start="26" name="VPto"/>
            </layer>
            <layer rank="1" name="Other"/>
            <layer rank="1" name="Sent"/>
            <layer rank="1" name="Verb"/>
        </annotationSet>
        <annotationSet cDate="04/08/2005 03:56:59 PDT Fri" luID="1599" luName="president [political].n" frameID="73" frameName="Leadership" status="MANUAL" ID="6525515">
            <layer rank="1" name="Target">
                <label cBy="Pam" end="74" start="66" name="Target"/>
            </layer>
            <layer rank="1" name="FE">
                <label cBy="Pam" feID="347" bgColor="FF0000" fgColor="FFFFFF" end="86" start="76" name="Leader"/>
                <label cBy="Pam" feID="6431" bgColor="0000FF" fgColor="FFFFFF" end="94" start="88" name="Governed"/>
            </layer>
            <layer rank="1" name="GF">
                <label end="86" start="76" name="Appositive"/>
                <label end="94" start="88" name="Dep"/>
            </layer>
            <layer rank="1" name="PT">
                <label end="86" start="76" name="NP"/>
                <label end="94" start="88" name="PP"/>
            </layer>
            <layer rank="1" name="Other"/>
            <layer rank="1" name="Sent"/>
            <layer rank="1" name="Noun"/>
        </annotationSet>
        <annotationSet cDate="04/08/2005 03:57:15 PDT Fri" luID="1599" luName="president [political].n" frameID="73" frameName="Leadership" status="MANUAL" ID="6525516">
            <layer rank="1" name="Target">
                <label cBy="Pam" end="108" start="100" name="Target"/>
            </layer>
            <layer rank="1" name="FE">
                <label cBy="Pam" feID="347" bgColor="FF0000" fgColor="FFFFFF" end="125" start="110" name="Leader"/>
                <label cBy="Pam" feID="6431" bgColor="0000FF" fgColor="FFFFFF" end="136" start="127" name="Governed"/>
            </layer>
            <layer rank="1" name="GF">
                <label end="125" start="110" name="Appositive"/>
                <label end="136" start="127" name="Dep"/>
            </layer>
            <layer rank="1" name="PT">
                <label end="125" start="110" name="NP"/>
                <label end="136" start="127" name="PP"/>
            </layer>
            <layer rank="1" name="Other"/>
            <layer rank="1" name="Sent"/>
            <layer rank="1" name="Noun"/>
        </annotationSet>
        <annotationSet cDate="04/08/2005 03:57:29 PDT Fri" luID="506" luName="discuss.v" frameID="34" frameName="Discussion" status="MANUAL" ID="6525517">
            <layer rank="1" name="Target">
                <label cBy="Pam" end="147" start="141" name="Target"/>
            </layer>
            <layer rank="1" name="FE">
                <label cBy="Pam" feID="143" bgColor="0000FF" fgColor="FFFFFF" end="164" start="149" name="Topic"/>
                <label cBy="Pam" feID="140" bgColor="FF0000" fgColor="FFFFFF" end="13" start="0" name="Interlocutor_1"/>
                <label cBy="Pam" feID="141" itype="DNI" bgColor="006400" fgColor="FFFFFF" name="Interlocutor_2"/>
            </layer>
            <layer rank="1" name="GF">
                <label end="164" start="149" name="Obj"/>
                <label end="13" start="0" name="Ext"/>
            </layer>
            <layer rank="1" name="PT">
                <label end="164" start="149" name="NP"/>
                <label end="13" start="0" name="NP"/>
            </layer>
            <layer rank="1" name="Other"/>
            <layer rank="1" name="Sent"/>
            <layer rank="1" name="Verb"/>
        </annotationSet>
        <annotationSet cDate="04/08/2005 03:57:40 PDT Fri" luID="7911" luName="drug.n" frameID="390" frameName="Intoxicants" status="MANUAL" ID="6525518">
            <layer rank="1" name="Target">
                <label cBy="Pam" end="156" start="153" name="Target"/>
            </layer>
            <layer rank="1" name="FE">
                <label cBy="Pam" feID="3495" bgColor="0000FF" fgColor="FFFFFF" end="156" start="153" name="Intoxicant"/>
            </layer>
            <layer rank="1" name="GF"/>
            <layer rank="1" name="PT"/>
            <layer rank="1" name="Other"/>
            <layer rank="1" name="Sent"/>
            <layer rank="1" name="Noun"/>
        </annotationSet>
        <annotationSet cDate="04/08/2005 05:16:43 PDT Fri" luID="11780" luName="meet.v" frameID="730" frameName="Come_together" status="MANUAL" ID="6525537">
            <layer rank="1" name="Target">
                <label cBy="Pam" end="32" start="29" name="Target"/>
            </layer>
            <layer rank="1" name="FE">
                <label cBy="Pam" feID="7691" bgColor="00008B" fgColor="FFFFFF" end="13" start="0" name="Party_1"/>
                <label cBy="Pam" feID="4815" bgColor="FFA500" fgColor="FFFFFF" end="47" start="34" name="Time"/>
                <label cBy="Pam" feID="7692" bgColor="FFFF00" fgColor="000000" end="136" start="49" name="Party_2"/>
                <label cBy="Pam" feID="6471" bgColor="9400D3" fgColor="FFFFFF" end="164" start="138" name="Purpose"/>
            </layer>
            <layer rank="1" name="GF">
                <label end="13" start="0" name="Ext"/>
                <label end="47" start="34" name="Dep"/>
                <label end="136" start="49" name="Dep"/>
                <label end="164" start="138" name="Dep"/>
            </layer>
            <layer rank="1" name="PT">
                <label end="13" start="0" name="NP"/>
                <label end="47" start="34" name="PP"/>
                <label end="136" start="49" name="PP"/>
                <label end="164" start="138" name="VPto"/>
            </layer>
            <layer rank="1" name="Other"/>
            <layer rank="1" name="Sent"/>
            <layer rank="1" name="Verb"/>
        </annotationSet>
        <annotationSet cDate="04/09/2005 06:33:25 PDT Sat" luID="7356" luName="problem.n" frameID="300" frameName="Predicament" status="MANUAL" ID="6525545">
            <layer rank="1" name="Target">
                <label cBy="Pam" end="164" start="158" name="Target"/>
            </layer>
            <layer rank="1" name="FE">
                <label cBy="Pam" feID="2591" bgColor="800080" fgColor="FFFFFF" end="156" start="153" name="Explanation"/>
                <label cBy="Pam" feID="2589" itype="INI" bgColor="FF0000" fgColor="FFFFFF" name="Experiencer"/>
                <label cBy="Pam" feID="2590" bgColor="008000" fgColor="FFFFFF" end="164" start="158" name="Situation"/>
            </layer>
            <layer rank="1" name="GF">
                <label end="156" start="153" name="Dep"/>
            </layer>
            <layer rank="1" name="PT">
                <label end="156" start="153" name="N"/>
            </layer>
            <layer rank="1" name="Other"/>
            <layer rank="1" name="Sent"/>
            <layer rank="1" name="Noun"/>
        </annotationSet>
        <annotationSet cDate="04/11/2005 08:46:57 PDT Mon" luID="11804" luName="ninety.num" frameID="218" frameName="Cardinal_numbers" status="MANUAL" ID="6525575">
            <layer rank="1" name="Target">
                <label cBy="Pam" end="42" start="41" name="Target"/>
            </layer>
            <layer rank="1" name="FE">
                <label cBy="Pam" feID="3622" bgColor="FF00FF" fgColor="FFFFFF" end="42" start="41" name="Number"/>
                <label cBy="Pam" feID="16740" bgColor="00BFFF" fgColor="FFFFFF" end="47" start="44" name="Unit"/>
            </layer>
            <layer rank="1" name="GF">
                <label end="47" start="44" name="Head"/>
            </layer>
            <layer rank="1" name="PT">
                <label end="47" start="44" name="N"/>
            </layer>
            <layer rank="1" name="Other"/>
            <layer rank="1" name="Sent"/>
        </annotationSet>
        <annotationSet cDate="04/12/2005 02:54:11 PDT Tue" luID="3946" luName="day.n" frameID="229" frameName="Calendric_unit" status="MANUAL" ID="6525634">
            <layer rank="1" name="Target">
                <label cBy="MJE" end="47" start="44" name="Target"/>
            </layer>
            <layer rank="1" name="FE">
                <label cBy="JKR" feID="7759" bgColor="008000" fgColor="FFFFFF" end="42" start="41" name="Count"/>
            </layer>
            <layer rank="1" name="GF">
                <label end="42" start="41" name="Quant"/>
            </layer>
            <layer rank="1" name="PT">
                <label end="42" start="41" name="Num"/>
            </layer>
            <layer rank="1" name="Other"/>
            <layer rank="1" name="Sent"/>
            <layer rank="1" name="Noun"/>
        </annotationSet>
    </sentence>
    <sentence corpID="175" docID="23532" sentNo="2" paragNo="2" aPos="0" ID="4097210">
        <text>It might not be a bad idea to do that sooner , rather than later .</text>
        <annotationSet cDate="04/08/2005 01:17:49 PDT Fri" status="UNANN" ID="6525494">
            <layer rank="1" name="PENN">
                <label end="1" start="0" name="PP"/>
                <label end="7" start="3" name="md"/>
                <label end="11" start="9" name="rb"/>
                <label end="14" start="13" name="vb"/>
                <label end="16" start="16" name="dt"/>
                <label end="20" start="18" name="jj"/>
                <label end="25" start="22" name="nn"/>
                <label end="28" start="27" name="to"/>
                <label end="31" start="30" name="VV"/>
                <label end="36" start="33" name="in"/>
                <label end="43" start="38" name="rbr"/>
                <label end="45" start="45" name=","/>
                <label end="52" start="47" name="rb"/>
                <label end="57" start="54" name="in"/>
                <label end="63" start="59" name="rb"/>
                <label end="65" start="65" name="sent"/>
            </layer>
            <layer rank="1" name="NER"/>
            <layer rank="1" name="WSL">
                <label end="14" start="13" name="NT"/>
                <label end="16" start="16" name="NT"/>
                <label end="28" start="27" name="NT"/>
                <label end="36" start="33" name="NT"/>
                <label end="45" start="45" name="NT"/>
                <label end="65" start="65" name="NT"/>
                <label end="11" start="9" name="NT"/>
            </layer>
        </annotationSet>
        <annotationSet cDate="04/08/2005 04:09:45 PDT Fri" luID="6506" luName="might.v" frameID="114" frameName="Likelihood" status="MANUAL" ID="6525520">
            <layer rank="1" name="Target">
                <label cBy="Pam" end="7" start="3" name="Target"/>
            </layer>
            <layer rank="1" name="FE">
                <label cBy="CFB" feID="563" bgColor="006400" fgColor="FFFFFF" end="1" start="0" name="Hypothetical_event"/>
                <label cBy="JKR" feID="563" bgColor="006400" fgColor="FFFFFF" end="63" start="27" name="Hypothetical_event"/>
                <label cBy="JKR" feID="563" bgColor="006400" fgColor="FFFFFF" end="25" start="9" name="Hypothetical_event"/>
            </layer>
            <layer rank="1" name="GF">
                <label end="1" start="0" name="Ext"/>
                <label end="63" start="27" name="Dep"/>
                <label end="25" start="9" name="Dep"/>
            </layer>
            <layer rank="1" name="PT">
                <label end="1" start="0" name="NP"/>
                <label end="63" start="27" name="VPto"/>
                <label end="25" start="9" name="VPbrst"/>
            </layer>
            <layer rank="1" name="Other">
                <label end="1" start="0" name="Null"/>
            </layer>
            <layer rank="1" name="Sent"/>
            <layer rank="1" name="Verb"/>
        </annotationSet>
        <annotationSet cDate="04/10/2005 05:16:39 PDT Sun" luID="10612" luName="do.v" frameID="198" frameName="Intentionally_act" status="MANUAL" ID="6525556">
            <layer rank="1" name="Target">
                <label cBy="Pam" end="31" start="30" name="Target"/>
            </layer>
            <layer rank="1" name="FE">
                <label cBy="Pam" feID="1610" itype="CNI" bgColor="FF0000" fgColor="FFFFFF" name="Agent"/>
                <label cBy="Pam" feID="1609" bgColor="0000FF" fgColor="FFFFFF" end="36" start="33" name="Act"/>
                <label cBy="Pam" feID="1616" bgColor="FFA500" fgColor="FFFFFF" end="63" start="38" name="Time"/>
            </layer>
            <layer rank="1" name="GF">
                <label end="36" start="33" name="Obj"/>
                <label end="63" start="38" name="Dep"/>
            </layer>
            <layer rank="1" name="PT">
                <label end="36" start="33" name="NP"/>
                <label end="63" start="38" name="AVP"/>
            </layer>
            <layer rank="1" name="Other"/>
            <layer rank="1" name="Sent"/>
            <layer rank="1" name="Verb"/>
        </annotationSet>
        <annotationSet cDate="04/11/2005 11:36:26 PDT Mon" luID="11822" luName="bad idea.n" frameID="1383" frameName="Desirable_event" status="MANUAL" ID="6525623">
            <layer rank="1" name="Target">
                <label cBy="JKR" end="20" start="18" name="Target"/>
                <label cBy="JKR" end="25" start="22" name="Target"/>
            </layer>
            <layer rank="1" name="FE">
                <label cBy="JKR" feID="7756" bgColor="FF0000" fgColor="FFFFFF" end="63" start="27" name="State_of_affairs"/>
            </layer>
            <layer rank="1" name="GF">
                <label end="63" start="27" name="Dep"/>
            </layer>
            <layer rank="1" name="PT">
                <label end="63" start="27" name="VPto"/>
            </layer>
            <layer rank="1" name="Other">
                <label end="1" start="0" name="Null"/>
            </layer>
            <layer rank="1" name="Sent"/>
            <layer rank="1" name="Noun">
                <label end="14" start="13" name="Cop"/>
            </layer>
        </annotationSet>
        <annotationSet cDate="04/11/2005 11:59:44 PDT Mon" luID="11824" luName="sooner rather than later.adv" frameID="379" frameName="Time_vector" status="MANUAL" ID="6525632">
            <layer rank="1" name="Target">
                <label cBy="JKR" end="43" start="38" name="Target"/>
                <label cBy="JKR" end="52" start="47" name="Target"/>
                <label cBy="JKR" end="57" start="54" name="Target"/>
                <label cBy="JKR" end="63" start="59" name="Target"/>
            </layer>
            <layer rank="1" name="FE">
                <label cBy="JKR" feID="4832" bgColor="FFA500" fgColor="000000" end="36" start="27" name="Event"/>
                <label cBy="JKR" feID="3396" itype="DNI" bgColor="0000FF" fgColor="FFFFFF" name="Landmark_event"/>
                <label cBy="JKR" feID="3398" bgColor="FF0000" fgColor="FFFFFF" end="63" start="38" name="Direction"/>
            </layer>
            <layer rank="1" name="GF">
                <label end="36" start="27" name="Head"/>
            </layer>
            <layer rank="1" name="PT">
                <label end="36" start="27" name="VPto"/>
            </layer>
            <layer rank="1" name="Other"/>
            <layer rank="1" name="Sent"/>
            <layer rank="1" name="Adv"/>
        </annotationSet>
    </sentence>
    <sentence corpID="175" docID="23532" sentNo="3" paragNo="2" aPos="0" ID="4097211">
        <text>After the Panama fiasco , they will need some reassurance .</text>
        <annotationSet cDate="04/08/2005 01:17:49 PDT Fri" status="UNANN" ID="6525495">
            <layer rank="1" name="PENN">
                <label end="4" start="0" name="in"/>
                <label end="8" start="6" name="dt"/>
                <label end="15" start="10" name="NP"/>
                <label end="22" start="17" name="nn"/>
                <label end="24" start="24" name=","/>
                <label end="29" start="26" name="PP"/>
                <label end="34" start="31" name="md"/>
                <label end="39" start="36" name="VV"/>
                <label end="44" start="41" name="dt"/>
                <label end="56" start="46" name="nn"/>
                <label end="58" start="58" name="sent"/>
            </layer>
            <layer rank="1" name="NER">
                <label end="15" start="10" name="GPE"/>
            </layer>
            <layer rank="1" name="WSL">
                <label end="8" start="6" name="NT"/>
                <label end="15" start="10" name="NT"/>
                <label end="24" start="24" name="NT"/>
                <label end="29" start="26" name="NT"/>
                <label end="34" start="31" name="NT"/>
                <label end="44" start="41" name="NT"/>
                <label end="58" start="58" name="NT"/>
            </layer>
        </annotationSet>
        <annotationSet cDate="04/08/2005 04:17:07 PDT Fri" luID="4848" luName="fiasco.n" frameID="266" frameName="Bungling" status="MANUAL" ID="6525523">
            <layer rank="1" name="Target">
                <label cBy="Pam" end="22" start="17" name="Target"/>
            </layer>
            <layer rank="1" name="FE">
                <label cBy="Pam" feID="2294" bgColor="008000" fgColor="FFFFFF" end="15" start="10" name="Place"/>
                <label cBy="Pam" feID="2297" itype="INI" bgColor="800080" fgColor="FFFFFF" name="Action"/>
                <label cBy="Pam" feID="2292" itype="INI" bgColor="FF0000" fgColor="FFFFFF" name="Agent"/>
            </layer>
            <layer rank="1" name="GF">
                <label end="15" start="10" name="Dep"/>
            </layer>
            <layer rank="1" name="PT">
                <label end="15" start="10" name="N"/>
            </layer>
            <layer rank="1" name="Other"/>
            <layer rank="1" name="Sent"/>
            <layer rank="1" name="Noun"/>
        </annotationSet>
        <annotationSet cDate="04/10/2005 05:29:23 PDT Sun" luID="6715" luName="after.prep" frameID="379" frameName="Time_vector" status="MANUAL" ID="6525557">
            <layer rank="1" name="Target">
                <label cBy="Pam" end="4" start="0" name="Target"/>
            </layer>
            <layer rank="1" name="FE">
                <label cBy="Pam" feID="3398" bgColor="FF0000" fgColor="FFFFFF" end="4" start="0" name="Direction"/>
                <label cBy="Pam" feID="3396" bgColor="0000FF" fgColor="FFFFFF" end="22" start="6" name="Landmark_event"/>
                <label cBy="JKR" feID="4832" bgColor="FFA500" fgColor="000000" end="56" start="26" name="Event"/>
            </layer>
            <layer rank="1" name="GF">
                <label end="22" start="6" name="Obj"/>
                <label end="56" start="26" name="Ext"/>
            </layer>
            <layer rank="1" name="PT">
                <label end="22" start="6" name="NP"/>
                <label end="56" start="26" name="Sfin"/>
            </layer>
            <layer rank="1" name="Other"/>
            <layer rank="1" name="Sent"/>
            <layer rank="1" name="Prep"/>
        </annotationSet>
        <annotationSet cDate="04/10/2005 06:36:37 PDT Sun" luID="11809" luName="reassurance.n" frameID="1378" frameName="Reassuring" status="MANUAL" ID="6525562">
            <layer rank="1" name="Target">
                <label cBy="Pam" end="56" start="46" name="Target"/>
            </layer>
            <layer rank="1" name="FE">
                <label cBy="Pam" feID="7719" itype="DNI" bgColor="0000FF" fgColor="FFFFFF" name="Message"/>
                <label cBy="Pam" feID="7717" itype="INI" bgColor="FF0000" fgColor="FFFFFF" name="Speaker"/>
                <label cBy="JKR" feID="7718" bgColor="008000" fgColor="FFFFFF" end="29" start="26" name="Experiencer"/>
            </layer>
            <layer rank="1" name="GF">
                <label end="29" start="26" name="Ext"/>
            </layer>
            <layer rank="1" name="PT">
                <label end="29" start="26" name="NP"/>
            </layer>
            <layer rank="1" name="Other"/>
            <layer rank="1" name="Sent"/>
            <layer rank="1" name="Noun"/>
        </annotationSet>
        <annotationSet cDate="04/11/2005 11:43:22 PDT Mon" luID="11817" luName="need.v" frameID="1381" frameName="Required_event" status="MANUAL" ID="6525624">
            <layer rank="1" name="Target">
                <label cBy="JKR" end="39" start="36" name="Target"/>
            </layer>
            <layer rank="1" name="FE">
                <label cBy="JKR" feID="7752" bgColor="800080" fgColor="FFFFFF" end="56" start="41" name="Required_situation"/>
                <label cBy="JKR" feID="7752" bgColor="800080" fgColor="FFFFFF" end="29" start="26" name="Required_situation"/>
                <label cBy="JKR" feID="7754" bgColor="FF0000" fgColor="FFFFFF" end="22" start="0" name="Circumstances"/>
            </layer>
            <layer rank="1" name="GF">
                <label end="56" start="41" name="Obj"/>
                <label end="29" start="26" name="Ext"/>
                <label end="22" start="0" name="Dep"/>
            </layer>
            <layer rank="1" name="PT">
                <label end="56" start="41" name="NP"/>
                <label end="29" start="26" name="NP"/>
                <label end="22" start="0" name="PP"/>
            </layer>
            <layer rank="1" name="Other"/>
            <layer rank="1" name="Sent"/>
            <layer rank="1" name="Verb"/>
        </annotationSet>
    </sentence>
</fullTextAnnotation>