<?xml version="1.0" encoding="UTF-8" standalone="yes"?>
<?xml-stylesheet type="text/xsl" href="fullText.xsl"?>
<fullTextAnnotation xsi:schemaLocation="../schema/fullText.xsd" xmlns="http://framenet.icsi.berkeley.edu" xmlns:xsi="http://www.w3.org/2001/XMLSchema-instance">
    <header>
        <corpus description="Miscellaneous" name="Miscellaneous" ID="175">
            <document description="This is a 5-sentence news story about alleged White House gunman Robert Pickett." name="Pickett" ID="6"/>
        </corpus>
    </header>
    <sentence corpID="175" docID="6" sentNo="1" paragNo="1" aPos="0" ID="239738">
        <text>Alleged White House gunman Robert Pickett was arraigned Wednesday at a federal court in Washington and ordered held without bond .</text>
        <annotationSet cDate="01/06/2003 08:08:38 PST Mon" status="UNANN" ID="125957">
            <layer rank="1" name="BNC">
                <label end="6" start="0" name="AJ0"/>
                <label end="12" start="8" name="NP0"/>
                <label end="18" start="14" name="NN1"/>
                <label end="25" start="20" name="NN1"/>
                <label end="32" start="27" name="NP0"/>
                <label end="40" start="34" name="NP0"/>
                <label end="44" start="42" name="VBD"/>
                <label end="54" start="46" name="AJ0"/>
                <label end="64" start="56" name="NP0"/>
                <label end="67" start="66" name="PRP"/>
                <label end="69" start="69" name="AT0"/>
                <label end="77" start="71" name="AJ0"/>
                <label end="83" start="79" name="NN1"/>
                <label end="86" start="85" name="PRP"/>
                <label end="97" start="88" name="NP0"/>
                <label end="101" start="99" name="CJC"/>
                <label end="109" start="103" name="VVD"/>
                <label end="114" start="111" name="VVN"/>
                <label end="122" start="116" name="PRP"/>
                <label end="127" start="124" name="NN1"/>
                <label end="129" start="129" name="PUN"/>
            </layer>
            <layer rank="1" name="NER"/>
            <layer rank="1" name="WSL"/>
        </annotationSet>
        <annotationSet cDate="08/01/2003 01:23:37 PDT Fri" luID="2424" luName="arraign.v" frameID="120" frameName="Arraignment" status="MANUAL" ID="1934620">
            <layer rank="1" name="Target">
                <label cBy="CFB" end="54" start="46" name="Target"/>
            </layer>
            <layer rank="1" name="FE">
                <label cBy="MJE" feID="619" bgColor="FFA500" fgColor="FFFFFF" end="64" start="56" name="Time"/>
                <label cBy="MJE" feID="618" bgColor="008000" fgColor="FFFFFF" end="97" start="66" name="Place"/>
                <label cBy="MJE" feID="616" bgColor="0000FF" fgColor="FFFFFF" end="40" start="0" name="Defendant"/>
                <label cBy="MJE" feID="623" itype="CNI" bgColor="FF0000" fgColor="FFFFFF" name="Judge"/>
            </layer>
            <layer rank="1" name="GF">
                <label end="64" start="56" name="Dep"/>
                <label end="97" start="66" name="Dep"/>
                <label end="40" start="0" name="Ext"/>
            </layer>
            <layer rank="1" name="PT">
                <label end="64" start="56" name="NP"/>
                <label end="97" start="66" name="PP"/>
                <label end="40" start="0" name="NP"/>
            </layer>
            <layer rank="1" name="Other"/>
            <layer rank="1" name="Sent"/>
            <layer rank="2" name="FE">
                <label cBy="MJE" feID="1635" bgColor="A52A2A" fgColor="FFFFFF" end="25" start="20" name="Charges"/>
            </layer>
        </annotationSet>
        <annotationSet cDate="01/22/2004 03:40:20 PST Thu" luID="2428" luName="order.v" frameID="121" frameName="Bail_decision" status="MANUAL" ID="1952951">
            <layer rank="1" name="Target">
                <label cBy="MJE" end="109" start="103" name="Target"/>
            </layer>
            <layer rank="1" name="FE">
                <label cBy="MJE" feID="620" bgColor="0000FF" fgColor="FFFFFF" end="40" start="0" name="Accused"/>
                <label cBy="MJE" feID="622" bgColor="9F79EE" fgColor="FFFFFF" end="127" start="111" name="Status"/>
                <label cBy="MJE" feID="621" itype="CNI" bgColor="FF0000" fgColor="FFFFFF" name="Judge"/>
            </layer>
            <layer rank="1" name="GF">
                <label end="40" start="0" name="Ext"/>
                <label end="127" start="111" name="Dep"/>
            </layer>
            <layer rank="1" name="PT">
                <label end="40" start="0" name="NP"/>
                <label end="127" start="111" name="AJP"/>
            </layer>
            <layer rank="1" name="Other"/>
            <layer rank="1" name="Sent"/>
            <layer rank="1" name="Verb"/>
        </annotationSet>
        <annotationSet cDate="01/22/2004 03:43:15 PST Thu" luID="5684" luName="hold.v" frameID="313" frameName="Detaining" status="MANUAL" ID="1952952">
            <layer rank="1" name="Target">
                <label cBy="MJE" end="114" start="111" name="Target"/>
            </layer>
            <layer rank="1" name="FE">
                <label cBy="MJE" feID="2732" bgColor="9F79EE" fgColor="FFFFFF" end="127" start="116" name="Dependent_state"/>
                <label cBy="MJE" feID="2708" itype="INI" bgColor="808080" fgColor="FFFFFF" name="Holding_location"/>
                <label cBy="MJE" feID="2702" itype="CNI" bgColor="FF0000" fgColor="FFFFFF" name="Authorities"/>
                <label cBy="MJE" feID="2705" bgColor="0000FF" fgColor="FFFFFF" end="40" start="0" name="Suspect"/>
            </layer>
            <layer rank="1" name="GF">
                <label end="127" start="116" name="Dep"/>
                <label end="40" start="0" name="Ext"/>
            </layer>
            <layer rank="1" name="PT">
                <label end="127" start="116" name="PP"/>
                <label end="40" start="0" name="NP"/>
            </layer>
            <layer rank="1" name="Other"/>
            <layer rank="1" name="Sent"/>
            <layer rank="1" name="Verb"/>
            <layer rank="2" name="FE">
                <label cBy="MJE" feID="2703" bgColor="A52A2A" fgColor="FFFFFF" end="25" start="20" name="Charges"/>
            </layer>
        </annotationSet>
        <annotationSet cDate="01/22/2004 04:25:40 PST Thu" luID="3996" luName="Wednesday.n" frameID="229" frameName="Calendric_unit" status="MANUAL" ID="1952954">
            <layer rank="1" name="Target">
                <label cBy="MJE" end="64" start="56" name="Target"/>
            </layer>
            <layer rank="1" name="FE">
                <label cBy="MJE" feID="10331" bgColor="FF0000" fgColor="FFFFFF" end="64" start="56" name="Unit"/>
            </layer>
            <layer rank="1" name="GF"/>
            <layer rank="1" name="PT"/>
            <layer rank="1" name="Other"/>
            <layer rank="1" name="Sent">
                <label end="0" start="0" name="keepS"/>
            </layer>
            <layer rank="1" name="Noun"/>
        </annotationSet>
        <annotationSet cDate="07/30/2010 07:07:04 PDT Fri" luID="10750" luName="alleged.a" frameID="1154" frameName="Unattributed_information" status="MANUAL" ID="2600215">
            <layer rank="1" name="Target">
                <label cBy="MJE" end="6" start="0" name="Target"/>
            </layer>
            <layer rank="1" name="FE">
                <label cBy="MJE" feID="6676" bgColor="006400" fgColor="FFFFFF" end="25" start="8" name="Reported_fact"/>
            </layer>
            <layer rank="1" name="GF">
                <label end="25" start="8" name="Head"/>
            </layer>
            <layer rank="1" name="PT">
                <label end="25" start="8" name="N"/>
            </layer>
            <layer rank="1" name="Other"/>
            <layer rank="1" name="Sent"/>
            <layer rank="1" name="Adj"/>
        </annotationSet>
        <annotationSet cDate="07/30/2010 07:07:46 PDT Fri" luID="13130" luName="gunman.n" frameID="470" frameName="Bearing_arms" status="MANUAL" ID="2600216">
            <layer rank="1" name="Target">
                <label cBy="MJE" end="25" start="20" name="Target"/>
            </layer>
            <layer rank="1" name="FE">
                <label cBy="MJE" feID="4001" itype="INC" bgColor="008000" fgColor="FFFFFF" name="Weapon"/>
                <label cBy="MJE" feID="4002" bgColor="0000FF" fgColor="FFFFFF" end="40" start="27" name="Protagonist"/>
                <label cBy="MJE" feID="14102" bgColor="1E90FF" fgColor="FFFFFF" end="18" start="8" name="Place"/>
            </layer>
            <layer rank="1" name="GF">
                <label end="40" start="27" name="Appositive"/>
                <label end="18" start="8" name="Dep"/>
            </layer>
            <layer rank="1" name="PT">
                <label end="40" start="27" name="NP"/>
                <label end="18" start="8" name="N"/>
            </layer>
            <layer rank="1" name="Other"/>
            <layer rank="1" name="Sent"/>
            <layer rank="1" name="Noun"/>
        </annotationSet>
        <annotationSet cDate="07/30/2010 07:14:01 PDT Fri" luID="6735" luName="at.prep" frameID="199" frameName="Locative_relation" status="MANUAL" ID="2600217">
            <layer rank="1" name="Target">
                <label cBy="MJE" end="67" start="66" name="Target"/>
            </layer>
            <layer rank="1" name="FE">
                <label cBy="MJE" feID="1621" bgColor="008000" fgColor="FFFFFF" end="97" start="69" name="Ground"/>
                <label cBy="CVa" feID="1622" bgColor="FF0000" fgColor="FFFFFF" end="40" start="0" name="Figure"/>
            </layer>
            <layer rank="1" name="GF">
                <label end="97" start="69" name="Obj"/>
                <label end="40" start="0" name="Ext"/>
            </layer>
            <layer rank="1" name="PT">
                <label end="97" start="69" name="NP"/>
                <label end="40" start="0" name="NP"/>
            </layer>
            <layer rank="1" name="Other"/>
            <layer rank="1" name="Sent"/>
            <layer rank="1" name="Prep"/>
        </annotationSet>
        <annotationSet cDate="07/30/2010 07:15:37 PDT Fri" luID="10234" luName="federal.a" frameID="195" frameName="Political_locales" status="MANUAL" ID="2600218">
            <layer rank="1" name="Target">
                <label cBy="MJE" end="77" start="71" name="Target"/>
            </layer>
            <layer rank="1" name="FE">
                <label cBy="MJE" feID="1583" bgColor="00008B" fgColor="FFFFFF" end="77" start="71" name="Locale"/>
            </layer>
            <layer rank="1" name="GF"/>
            <layer rank="1" name="PT"/>
            <layer rank="1" name="Other"/>
            <layer rank="1" name="Sent"/>
            <layer rank="1" name="Adj"/>
        </annotationSet>
        <annotationSet cDate="07/30/2010 07:16:51 PDT Fri" luID="15972" luName="court.n" frameID="196" frameName="Locale_by_use" status="MANUAL" ID="2600219">
            <layer rank="1" name="Target">
                <label cBy="MJE" end="83" start="79" name="Target"/>
            </layer>
            <layer rank="1" name="FE">
                <label cBy="MJE" feID="1588" bgColor="800080" fgColor="FFFFFF" end="83" start="79" name="Locale"/>
                <label cBy="MJE" feID="1586" bgColor="FF0000" fgColor="FFFFFF" end="77" start="71" name="Container_possessor"/>
                <label cBy="MJE" feID="1603" bgColor="0000FF" fgColor="FFFFFF" end="97" start="85" name="Relative_location"/>
            </layer>
            <layer rank="1" name="GF">
                <label end="77" start="71" name="Dep"/>
                <label end="97" start="85" name="Dep"/>
            </layer>
            <layer rank="1" name="PT">
                <label end="77" start="71" name="A"/>
                <label end="97" start="85" name="PP"/>
            </layer>
            <layer rank="1" name="Other"/>
            <layer rank="1" name="Sent"/>
            <layer rank="1" name="Noun"/>
        </annotationSet>
        <annotationSet cDate="07/30/2010 07:17:29 PDT Fri" luID="10801" luName="in.prep" frameID="1178" frameName="Interior_profile_relation" status="MANUAL" ID="2600220">
            <layer rank="1" name="Target">
                <label cBy="MJE" end="86" start="85" name="Target"/>
            </layer>
            <layer rank="1" name="FE">
                <label cBy="MJE" feID="6828" bgColor="008000" fgColor="FFFFFF" end="97" start="88" name="Ground"/>
                <label cBy="MJE" feID="6826" bgColor="FF0000" fgColor="FFFFFF" end="83" start="69" name="Figure"/>
            </layer>
            <layer rank="1" name="GF">
                <label end="97" start="88" name="Obj"/>
                <label end="83" start="69" name="Ext"/>
            </layer>
            <layer rank="1" name="PT">
                <label end="97" start="88" name="NP"/>
                <label end="83" start="69" name="NP"/>
            </layer>
            <layer rank="1" name="Other"/>
            <layer rank="1" name="Sent"/>
            <layer rank="1" name="Prep"/>
        </annotationSet>
        <annotationSet cDate="07/30/2010 07:17:59 PDT Fri" luID="2430" luName="bond.n" frameID="121" frameName="Bail_decision" status="MANUAL" ID="2600221">
            <layer rank="1" name="Target">
                <label cBy="MJE" end="127" start="124" name="Target"/>
            </layer>
            <layer rank="1" name="FE">
                <label cBy="MJE" feID="620" bgColor="0000FF" fgColor="FFFFFF" end="40" start="0" name="Accused"/>
            </layer>
            <layer rank="1" name="GF">
                <label end="40" start="0" name="Ext"/>
            </layer>
            <layer rank="1" name="PT">
                <label end="40" start="0" name="NP"/>
            </layer>
            <layer rank="1" name="Other"/>
            <layer rank="1" name="Sent"/>
            <layer rank="1" name="Noun">
                <label end="127" start="116" name="X"/>
                <label end="114" start="111" name="Gov"/>
            </layer>
        </annotationSet>
    </sentence>
    <sentence corpID="175" docID="6" sentNo="1" paragNo="2" aPos="0" ID="239739">
        <text>A federal magistrate informed Pickett of the charges against him --assaulting a federal officer with a deadly weapon , which carries a maximum 10 years in prison .</text>
        <annotationSet cDate="01/06/2003 08:08:39 PST Mon" status="UNANN" ID="125958">
            <layer rank="1" name="BNC">
                <label end="0" start="0" name="AT0"/>
                <label end="8" start="2" name="AJ0"/>
                <label end="19" start="10" name="NN1"/>
                <label end="28" start="21" name="VVD"/>
                <label end="36" start="30" name="NP0"/>
                <label end="39" start="38" name="PRF"/>
                <label end="43" start="41" name="AT0"/>
                <label end="51" start="45" name="NN2"/>
                <label end="59" start="53" name="PRP"/>
                <label end="63" start="61" name="PNP"/>
                <label end="76" start="65" name="AJ0"/>
                <label end="78" start="78" name="AT0"/>
                <label end="86" start="80" name="AJ0"/>
                <label end="94" start="88" name="NN1"/>
                <label end="99" start="96" name="PRP"/>
                <label end="101" start="101" name="AT0"/>
                <label end="108" start="103" name="AJ0"/>
                <label end="115" start="110" name="NN1"/>
                <label end="117" start="117" name="PUN"/>
                <label end="123" start="119" name="DTQ"/>
                <label end="131" start="125" name="VVZ"/>
                <label end="133" start="133" name="AT0"/>
                <label end="141" start="135" name="NN1"/>
                <label end="144" start="143" name="CRD"/>
                <label end="150" start="146" name="NN2"/>
                <label end="153" start="152" name="PRP"/>
                <label end="160" start="155" name="NN1"/>
                <label end="162" start="162" name="PUN"/>
            </layer>
            <layer rank="1" name="NER"/>
            <layer rank="1" name="WSL"/>
        </annotationSet>
        <annotationSet cDate="05/05/2003 04:52:40 PDT Mon" luID="9178" luName="inform.v" frameID="750" frameName="Telling" status="MANUAL" ID="1878630">
            <layer rank="1" name="Target">
                <label cBy="CFB" end="28" start="21" name="Target"/>
            </layer>
            <layer rank="1" name="FE">
                <label cBy="CFB" feID="4869" bgColor="FF0000" fgColor="FFFFFF" end="19" start="0" name="Speaker"/>
                <label cBy="CFB" feID="4870" bgColor="008000" fgColor="FFFFFF" end="36" start="30" name="Addressee"/>
                <label cBy="CFB" feID="4871" bgColor="0000FF" fgColor="FFFFFF" end="160" start="38" name="Message"/>
            </layer>
            <layer rank="1" name="GF">
                <label end="19" start="0" name="Ext"/>
                <label end="36" start="30" name="Obj"/>
                <label end="160" start="38" name="Dep"/>
            </layer>
            <layer rank="1" name="PT">
                <label end="19" start="0" name="NP"/>
                <label end="36" start="30" name="NP"/>
                <label end="160" start="38" name="PP"/>
            </layer>
            <layer rank="1" name="Other"/>
            <layer rank="1" name="Sent"/>
        </annotationSet>
        <annotationSet cDate="01/22/2004 04:28:28 PST Thu" luID="3647" luName="charge.n" frameID="129" frameName="Notification_of_charges" status="MANUAL" ID="1952955">
            <layer rank="1" name="Target">
                <label cBy="MJE" end="51" start="45" name="Target"/>
            </layer>
            <layer rank="1" name="FE">
                <label cBy="MJE" feID="812" bgColor="FF0000" fgColor="FFFFFF" end="63" start="53" name="Accused"/>
                <label cBy="MJE" feID="1563" bgColor="A52A2A" fgColor="FFFFFF" end="160" start="65" name="Charges"/>
            </layer>
            <layer rank="1" name="GF">
                <label end="63" start="53" name="Dep"/>
                <label end="160" start="65" name="Appositive"/>
            </layer>
            <layer rank="1" name="PT">
                <label end="63" start="53" name="PP"/>
                <label end="160" start="65" name="NP"/>
            </layer>
            <layer rank="1" name="Other"/>
            <layer rank="1" name="Sent"/>
            <layer rank="1" name="Noun"/>
        </annotationSet>
        <annotationSet cDate="01/22/2004 04:33:58 PST Thu" luID="6960" luName="prison.n" frameID="387" frameName="Prison" status="UNANN" ID="1952956">
            <layer rank="1" name="Target">
                <label cBy="MJE" end="160" start="155" name="Target"/>
            </layer>
            <layer rank="1" name="FE"/>
            <layer rank="1" name="GF"/>
            <layer rank="1" name="PT"/>
            <layer rank="1" name="Other"/>
            <layer rank="1" name="Sent">
                <label end="0" start="0" name="keepS"/>
            </layer>
            <layer rank="1" name="Noun"/>
        </annotationSet>
        <annotationSet cDate="01/22/2004 04:35:21 PST Thu" luID="3878" luName="year.n" frameID="224" frameName="Measure_duration" status="MANUAL" ID="1952957">
            <layer rank="1" name="Target">
                <label cBy="MJE" end="150" start="146" name="Target"/>
            </layer>
            <layer rank="1" name="FE">
                <label cBy="MJE" feID="1807" bgColor="FF0000" fgColor="FFFFFF" end="160" start="152" name="Process"/>
                <label cBy="MJE" feID="1805" bgColor="0000FF" fgColor="FFFFFF" end="144" start="143" name="Count"/>
            </layer>
            <layer rank="1" name="GF">
                <label end="160" start="152" name="Dep"/>
                <label end="144" start="143" name="Quant"/>
            </layer>
            <layer rank="1" name="PT">
                <label end="160" start="152" name="PP"/>
                <label end="144" start="143" name="Num"/>
            </layer>
            <layer rank="1" name="Other"/>
            <layer rank="1" name="Sent"/>
            <layer rank="1" name="Noun"/>
        </annotationSet>
        <annotationSet cDate="01/22/2004 04:37:52 PST Thu" luID="7794" luName="weapon.n" frameID="426" frameName="Weapon" status="MANUAL" ID="1952958">
            <layer rank="1" name="Target">
                <label cBy="MJE" end="115" start="110" name="Target"/>
            </layer>
            <layer rank="1" name="FE">
                <label cBy="MJE" feID="3919" bgColor="A52A2A" fgColor="FFFFFF" end="115" start="110" name="Weapon"/>
                <label cBy="MJE" feID="3920" bgColor="9400D3" fgColor="FFFFFF" end="108" start="103" name="Use"/>
            </layer>
            <layer rank="1" name="GF">
                <label end="108" start="103" name="Dep"/>
            </layer>
            <layer rank="1" name="PT">
                <label end="108" start="103" name="AJP"/>
            </layer>
            <layer rank="1" name="Other"/>
            <layer rank="1" name="Sent"/>
            <layer rank="1" name="Noun">
                <label end="115" start="96" name="X"/>
                <label end="76" start="65" name="Gov"/>
            </layer>
        </annotationSet>
        <annotationSet cDate="07/30/2010 07:25:12 PDT Fri" luID="15973" luName="magistrate.n" frameID="1071" frameName="People_by_vocation" status="MANUAL" ID="2600222">
            <layer rank="1" name="Target">
                <label cBy="MJE" end="19" start="10" name="Target"/>
            </layer>
            <layer rank="1" name="FE">
                <label cBy="MJE" feID="6263" bgColor="FF0000" fgColor="FFFFFF" end="19" start="10" name="Person"/>
                <label cBy="MJE" feID="6273" bgColor="1E90FF" fgColor="FFFFFF" end="8" start="2" name="Employer"/>
            </layer>
            <layer rank="1" name="GF">
                <label end="8" start="2" name="Dep"/>
            </layer>
            <layer rank="1" name="PT">
                <label end="8" start="2" name="A"/>
            </layer>
            <layer rank="1" name="Other"/>
            <layer rank="1" name="Sent"/>
            <layer rank="1" name="Noun"/>
        </annotationSet>
        <annotationSet cDate="07/30/2010 07:43:11 PDT Fri" luID="9097" luName="deadly.a" frameID="590" frameName="Killing" status="MANUAL" ID="2600233">
            <layer rank="1" name="Target">
                <label cBy="MJE" end="108" start="103" name="Target"/>
            </layer>
            <layer rank="1" name="FE">
                <label cBy="MJE" feID="4480" bgColor="00BFFF" fgColor="FFFFFF" end="115" start="110" name="Instrument"/>
            </layer>
            <layer rank="1" name="GF">
                <label end="115" start="110" name="Head"/>
            </layer>
            <layer rank="1" name="PT">
                <label end="115" start="110" name="N"/>
            </layer>
            <layer rank="1" name="Other"/>
            <layer rank="1" name="Sent"/>
            <layer rank="1" name="Adj"/>
        </annotationSet>
    </sentence>
    <sentence corpID="175" docID="6" sentNo="1" paragNo="3" aPos="0" ID="239740">
        <text>The magistrate set a preliminary hearing for next Tuesday and ordered Pickett held without bond .</text>
        <annotationSet cDate="01/06/2003 08:08:39 PST Mon" status="UNANN" ID="125959">
            <layer rank="1" name="BNC">
                <label end="2" start="0" name="AT0"/>
                <label end="13" start="4" name="NN1"/>
                <label end="17" start="15" name="VVD"/>
                <label end="19" start="19" name="AT0"/>
                <label end="31" start="21" name="AJ0"/>
                <label end="39" start="33" name="NN1"/>
                <label end="43" start="41" name="PRP"/>
                <label end="48" start="45" name="ORD"/>
                <label end="56" start="50" name="NP0"/>
                <label end="60" start="58" name="CJC"/>
                <label end="68" start="62" name="VVD"/>
                <label end="76" start="70" name="NP0"/>
                <label end="81" start="78" name="VVD"/>
                <label end="89" start="83" name="PRP"/>
                <label end="94" start="91" name="NN1"/>
                <label end="96" start="96" name="PUN"/>
            </layer>
            <layer rank="1" name="NER"/>
            <layer rank="1" name="WSL"/>
        </annotationSet>
        <annotationSet cDate="01/22/2004 04:44:31 PST Thu" luID="3995" luName="Tuesday.n" frameID="229" frameName="Calendric_unit" status="MANUAL" ID="1952959">
            <layer rank="1" name="Target">
                <label cBy="MJE" end="56" start="50" name="Target"/>
            </layer>
            <layer rank="1" name="FE">
                <label cBy="MJE" feID="1993" bgColor="FFA500" fgColor="FFFFFF" end="48" start="45" name="Relative_time"/>
                <label cBy="AnW" feID="10331" bgColor="FF0000" fgColor="FFFFFF" end="56" start="50" name="Unit"/>
            </layer>
            <layer rank="1" name="GF">
                <label end="48" start="45" name="Dep"/>
            </layer>
            <layer rank="1" name="PT">
                <label end="48" start="45" name="A"/>
            </layer>
            <layer rank="1" name="Other"/>
            <layer rank="1" name="Sent"/>
            <layer rank="1" name="Noun">
                <label end="56" start="41" name="X"/>
                <label end="17" start="15" name="Gov"/>
            </layer>
        </annotationSet>
        <annotationSet cDate="01/22/2004 04:45:26 PST Thu" luID="2428" luName="order.v" frameID="121" frameName="Bail_decision" status="MANUAL" ID="1952960">
            <layer rank="1" name="Target">
                <label cBy="MJE" end="68" start="62" name="Target"/>
            </layer>
            <layer rank="1" name="FE">
                <label cBy="MJE" feID="620" bgColor="0000FF" fgColor="FFFFFF" end="76" start="70" name="Accused"/>
                <label cBy="MJE" feID="622" bgColor="9F79EE" fgColor="FFFFFF" end="94" start="78" name="Status"/>
                <label cBy="MJE" feID="621" bgColor="FF0000" fgColor="FFFFFF" end="13" start="0" name="Judge"/>
            </layer>
            <layer rank="1" name="GF">
                <label end="76" start="70" name="Obj"/>
                <label end="94" start="78" name="Dep"/>
                <label end="13" start="0" name="Ext"/>
            </layer>
            <layer rank="1" name="PT">
                <label end="76" start="70" name="NP"/>
                <label end="94" start="78" name="AJP"/>
                <label end="13" start="0" name="NP"/>
            </layer>
            <layer rank="1" name="Other"/>
            <layer rank="1" name="Sent"/>
            <layer rank="1" name="Verb"/>
        </annotationSet>
        <annotationSet cDate="07/30/2010 07:28:33 PDT Fri" luID="2430" luName="bond.n" frameID="121" frameName="Bail_decision" status="MANUAL" ID="2600223">
            <layer rank="1" name="Target">
                <label cBy="MJE" end="94" start="91" name="Target"/>
            </layer>
            <layer rank="1" name="FE">
                <label cBy="MJE" feID="620" bgColor="0000FF" fgColor="FFFFFF" end="76" start="70" name="Accused"/>
            </layer>
            <layer rank="1" name="GF">
                <label end="76" start="70" name="Ext"/>
            </layer>
            <layer rank="1" name="PT">
                <label end="76" start="70" name="NP"/>
            </layer>
            <layer rank="1" name="Other"/>
            <layer rank="1" name="Sent"/>
            <layer rank="1" name="Noun">
                <label end="94" start="83" name="X"/>
                <label end="81" start="78" name="Gov"/>
            </layer>
        </annotationSet>
        <annotationSet cDate="07/30/2010 07:30:18 PDT Fri" luID="14346" luName="preliminary.a" frameID="1928" frameName="Preliminaries" status="MANUAL" ID="2600224">
            <layer rank="1" name="Target">
                <label cBy="MJE" end="31" start="21" name="Target"/>
            </layer>
            <layer rank="1" name="FE">
                <label cBy="MJE" feID="11620" bgColor="0000FF" fgColor="FFFFFF" end="39" start="33" name="Preparatory_act"/>
                <label cBy="MJE" feID="11619" itype="INI" bgColor="FF0000" fgColor="FFFFFF" name="Agent"/>
                <label cBy="MJE" feID="11621" itype="INI" bgColor="800080" fgColor="FFFFFF" name="Purpose"/>
            </layer>
            <layer rank="1" name="GF">
                <label end="39" start="33" name="Dep"/>
            </layer>
            <layer rank="1" name="PT">
                <label end="39" start="33" name="NP"/>
            </layer>
            <layer rank="1" name="Other"/>
            <layer rank="1" name="Sent"/>
            <layer rank="1" name="Adj"/>
        </annotationSet>
    </sentence>
    <sentence corpID="175" docID="6" sentNo="1" paragNo="4" aPos="0" ID="239741">
        <text>Pickett , who was shot in the knee by the Secret Service after allegedly firing two shots outside the White House , used crutches to walk into the court .</text>
        <annotationSet cDate="01/06/2003 08:08:39 PST Mon" status="UNANN" ID="125960">
            <layer rank="1" name="BNC">
                <label end="6" start="0" name="VVB"/>
                <label end="8" start="8" name="PUN"/>
                <label end="12" start="10" name="PNQ"/>
                <label end="16" start="14" name="VBD"/>
                <label end="21" start="18" name="VVN"/>
                <label end="24" start="23" name="PRP"/>
                <label end="28" start="26" name="AT0"/>
                <label end="33" start="30" name="NN1"/>
                <label end="36" start="35" name="PRP"/>
                <label end="40" start="38" name="AT0"/>
                <label end="47" start="42" name="AJ0"/>
                <label end="55" start="49" name="NN1"/>
                <label end="61" start="57" name="CJS"/>
                <label end="71" start="63" name="AV0"/>
                <label end="78" start="73" name="VVG"/>
                <label end="82" start="80" name="CRD"/>
                <label end="88" start="84" name="NN2"/>
                <label end="96" start="90" name="PRP"/>
                <label end="100" start="98" name="AT0"/>
                <label end="106" start="102" name="NP0"/>
                <label end="112" start="108" name="NN1"/>
                <label end="114" start="114" name="PUN"/>
                <label end="119" start="116" name="AJ0"/>
                <label end="128" start="121" name="NN2"/>
                <label end="131" start="130" name="TO0"/>
                <label end="136" start="133" name="VVI"/>
                <label end="141" start="138" name="PRP"/>
                <label end="145" start="143" name="AT0"/>
                <label end="151" start="147" name="NN1"/>
                <label end="153" start="153" name="PUN"/>
            </layer>
            <layer rank="1" name="NER"/>
            <layer rank="1" name="WSL"/>
        </annotationSet>
        <annotationSet cDate="06/12/2003 01:03:02 PDT Thu" luID="7951" luName="shoot.v" frameID="485" frameName="Hit_target" status="MANUAL" ID="1900748">
            <layer rank="1" name="Target">
                <label cBy="JKR" end="21" start="18" name="Target"/>
            </layer>
            <layer rank="1" name="FE">
                <label cBy="MJE" feID="4025" bgColor="0000FF" fgColor="FFFFFF" end="12" start="10" name="Target"/>
                <label cBy="MJE" feID="4025" bgColor="0000FF" fgColor="FFFFFF" end="6" start="0" name="Target"/>
                <label cBy="MJE" feID="9726" bgColor="9F79EE" fgColor="FFFFFF" end="33" start="23" name="Subregion"/>
                <label cBy="MJE" feID="4026" bgColor="FF0000" fgColor="FFFFFF" end="55" start="35" name="Agent"/>
                <label cBy="MJE" feID="9724" bgColor="FFA500" fgColor="FFFFFF" end="112" start="57" name="Time"/>
            </layer>
            <layer rank="1" name="GF">
                <label end="12" start="10" name="Ext"/>
                <label end="6" start="0" name="Ext"/>
                <label end="33" start="23" name="Dep"/>
                <label end="55" start="35" name="Dep"/>
                <label end="112" start="57" name="Dep"/>
            </layer>
            <layer rank="1" name="PT">
                <label end="12" start="10" name="NP"/>
                <label end="6" start="0" name="NP"/>
                <label end="33" start="23" name="PP"/>
                <label end="55" start="35" name="PP"/>
                <label end="112" start="57" name="PPing"/>
            </layer>
            <layer rank="1" name="Other">
                <label end="6" start="0" name="Ant"/>
                <label end="12" start="10" name="Rel"/>
            </layer>
            <layer rank="1" name="Sent"/>
        </annotationSet>
        <annotationSet cDate="07/30/2010 07:36:31 PDT Fri" luID="5664" luName="fire.v" frameID="289" frameName="Shoot_projectiles" status="MANUAL" ID="2600226">
            <layer rank="1" name="Target">
                <label cBy="MJE" end="78" start="73" name="Target"/>
            </layer>
            <layer rank="1" name="FE">
                <label cBy="MJE" feID="2500" bgColor="FF0000" fgColor="FFFFFF" end="6" start="0" name="Agent"/>
                <label cBy="MJE" feID="2500" bgColor="FF0000" fgColor="FFFFFF" end="12" start="10" name="Agent"/>
                <label cBy="MJE" feID="2499" bgColor="9F79EE" fgColor="FFFFFF" end="88" start="80" name="Projectile"/>
                <label cBy="MJE" feID="5413" bgColor="008000" fgColor="FFFFFF" end="112" start="90" name="Place"/>
            </layer>
            <layer rank="1" name="GF">
                <label end="6" start="0" name="Ext"/>
                <label end="12" start="10" name="Ext"/>
                <label end="88" start="80" name="Obj"/>
                <label end="112" start="90" name="Dep"/>
            </layer>
            <layer rank="1" name="PT">
                <label end="6" start="0" name="NP"/>
                <label end="12" start="10" name="NP"/>
                <label end="88" start="80" name="NP"/>
                <label end="112" start="90" name="PP"/>
            </layer>
            <layer rank="1" name="Other">
                <label end="6" start="0" name="Ant"/>
                <label end="12" start="10" name="Rel"/>
            </layer>
            <layer rank="1" name="Sent"/>
            <layer rank="1" name="Verb"/>
        </annotationSet>
        <annotationSet cDate="07/30/2010 07:37:32 PDT Fri" luID="10693" luName="allegedly.adv" frameID="1154" frameName="Unattributed_information" status="MANUAL" ID="2600227">
            <layer rank="1" name="Target">
                <label cBy="MJE" end="71" start="63" name="Target"/>
            </layer>
            <layer rank="1" name="FE">
                <label cBy="MJE" feID="6676" bgColor="006400" fgColor="FFFFFF" end="112" start="73" name="Reported_fact"/>
            </layer>
            <layer rank="1" name="GF">
                <label end="112" start="73" name="Head"/>
            </layer>
            <layer rank="1" name="PT">
                <label end="112" start="73" name="VPing"/>
            </layer>
            <layer rank="1" name="Other"/>
            <layer rank="1" name="Sent"/>
            <layer rank="1" name="Adv"/>
        </annotationSet>
        <annotationSet cDate="07/30/2010 07:38:04 PDT Fri" luID="11746" luName="after.prep" frameID="81" frameName="Relative_time" status="MANUAL" ID="2600228">
            <layer rank="1" name="Target">
                <label cBy="MJE" end="61" start="57" name="Target"/>
            </layer>
            <layer rank="1" name="FE">
                <label cBy="MJE" feID="373" bgColor="00008B" fgColor="FFFFFF" end="55" start="10" name="Focal_occasion"/>
                <label cBy="MJE" feID="374" bgColor="0000FF" fgColor="FFFFFF" end="112" start="63" name="Landmark_occasion"/>
            </layer>
            <layer rank="1" name="GF">
                <label end="55" start="10" name="Ext"/>
                <label end="112" start="63" name="Dep"/>
            </layer>
            <layer rank="1" name="PT">
                <label end="55" start="10" name="Sfin"/>
                <label end="112" start="63" name="VPing"/>
            </layer>
            <layer rank="1" name="Other"/>
            <layer rank="1" name="Sent"/>
            <layer rank="1" name="Prep"/>
        </annotationSet>
        <annotationSet cDate="07/30/2010 07:39:35 PDT Fri" luID="1261" luName="walk.n" frameID="64" frameName="Self_motion" status="MANUAL" ID="2600229">
            <layer rank="1" name="Target">
                <label cBy="MJE" end="136" start="133" name="Target"/>
            </layer>
            <layer rank="1" name="FE">
                <label cBy="MJE" feID="285" bgColor="FF0000" fgColor="FFFFFF" end="112" start="0" name="Self_mover"/>
                <label cBy="MJE" feID="288" bgColor="00BFFF" fgColor="FFFFFF" end="151" start="138" name="Goal"/>
            </layer>
            <layer rank="1" name="GF">
                <label end="112" start="0" name="Ext"/>
                <label end="151" start="138" name="Dep"/>
            </layer>
            <layer rank="1" name="PT">
                <label end="112" start="0" name="NP"/>
                <label end="151" start="138" name="PP"/>
            </layer>
            <layer rank="1" name="Other"/>
            <layer rank="1" name="Sent"/>
            <layer rank="1" name="Noun"/>
        </annotationSet>
        <annotationSet cDate="07/30/2010 07:40:16 PDT Fri" luID="10619" luName="use.v" frameID="1141" frameName="Using" status="MANUAL" ID="2600230">
            <layer rank="1" name="Target">
                <label cBy="MJE" end="119" start="116" name="Target"/>
            </layer>
            <layer rank="1" name="FE">
                <label cBy="MJE" feID="6574" bgColor="FF0000" fgColor="FFFFFF" end="112" start="0" name="Agent"/>
                <label cBy="MJE" feID="6580" bgColor="006400" fgColor="FFFFFF" end="128" start="121" name="Instrument"/>
                <label cBy="MJE" feID="6576" bgColor="800080" fgColor="FFFFFF" end="151" start="130" name="Purpose"/>
            </layer>
            <layer rank="1" name="GF">
                <label end="112" start="0" name="Ext"/>
                <label end="128" start="121" name="Obj"/>
                <label end="151" start="130" name="Dep"/>
            </layer>
            <layer rank="1" name="PT">
                <label end="112" start="0" name="NP"/>
                <label end="128" start="121" name="NP"/>
                <label end="151" start="130" name="VPto"/>
            </layer>
            <layer rank="1" name="Other"/>
            <layer rank="1" name="Sent"/>
            <layer rank="1" name="Verb"/>
        </annotationSet>
        <annotationSet cDate="07/30/2010 07:40:54 PDT Fri" luID="15972" luName="court.n" frameID="196" frameName="Locale_by_use" status="MANUAL" ID="2600231">
            <layer rank="1" name="Target">
                <label cBy="MJE" end="151" start="147" name="Target"/>
            </layer>
            <layer rank="1" name="FE">
                <label cBy="MJE" feID="1588" bgColor="800080" fgColor="FFFFFF" end="151" start="147" name="Locale"/>
            </layer>
            <layer rank="1" name="GF"/>
            <layer rank="1" name="PT"/>
            <layer rank="1" name="Other"/>
            <layer rank="1" name="Sent"/>
            <layer rank="1" name="Noun"/>
        </annotationSet>
        <annotationSet cDate="07/30/2010 07:41:14 PDT Fri" luID="17930" luName="outside.prep" frameID="1178" frameName="Interior_profile_relation" status="MANUAL" ID="2600232">
            <layer rank="1" name="Target">
                <label cBy="MJE" end="96" start="90" name="Target"/>
            </layer>
            <layer rank="1" name="FE">
                <label cBy="MJE" feID="6828" bgColor="008000" fgColor="FFFFFF" end="112" start="98" name="Ground"/>
                <label cBy="MJE" feID="6826" bgColor="FF0000" fgColor="FFFFFF" end="88" start="73" name="Figure"/>
            </layer>
            <layer rank="1" name="GF">
                <label end="112" start="98" name="Obj"/>
                <label end="88" start="73" name="Head"/>
            </layer>
            <layer rank="1" name="PT">
                <label end="112" start="98" name="NP"/>
                <label end="88" start="73" name="VPing"/>
            </layer>
            <layer rank="1" name="Other"/>
            <layer rank="1" name="Sent"/>
            <layer rank="1" name="Prep"/>
        </annotationSet>
        <annotationSet cDate="07/30/2010 07:45:52 PDT Fri" luID="15974" luName="knee.n" frameID="119" frameName="Body_parts" status="MANUAL" ID="2600234">
            <layer rank="1" name="Target">
                <label cBy="MJE" end="33" start="30" name="Target"/>
            </layer>
            <layer rank="1" name="FE">
                <label cBy="MJE" feID="692" bgColor="FF0000" fgColor="FFFFFF" end="33" start="30" name="Body_part"/>
            </layer>
            <layer rank="1" name="GF"/>
            <layer rank="1" name="PT"/>
            <layer rank="1" name="Other"/>
            <layer rank="1" name="Sent"/>
            <layer rank="1" name="Noun"/>
        </annotationSet>
        <annotationSet cDate="07/30/2010 07:48:04 PDT Fri" luID="14413" luName="into.prep" frameID="1177" frameName="Goal" status="MANUAL" ID="2600235">
            <layer rank="1" name="Target">
                <label cBy="MJE" end="141" start="138" name="Target"/>
            </layer>
            <layer rank="1" name="FE">
                <label cBy="MJE" feID="6823" bgColor="0000FF" fgColor="FFFFFF" end="151" start="143" name="Landmark"/>
                <label cBy="MJE" feID="6825" bgColor="008000" fgColor="FFFFFF" end="112" start="0" name="Trajector"/>
            </layer>
            <layer rank="1" name="GF">
                <label end="151" start="143" name="Obj"/>
                <label end="112" start="0" name="Ext"/>
            </layer>
            <layer rank="1" name="PT">
                <label end="151" start="143" name="NP"/>
                <label end="112" start="0" name="NP"/>
            </layer>
            <layer rank="1" name="Other"/>
            <layer rank="1" name="Sent"/>
            <layer rank="1" name="Prep">
                <label end="136" start="133" name="Supp"/>
            </layer>
        </annotationSet>
    </sentence>
    <sentence corpID="175" docID="6" sentNo="1" paragNo="5" aPos="0" ID="239742">
        <text>He did not enter a plea .</text>
        <annotationSet cDate="01/06/2003 08:08:39 PST Mon" status="UNANN" ID="125961">
            <layer rank="1" name="BNC">
                <label end="1" start="0" name="PNP"/>
                <label end="5" start="3" name="VDD"/>
                <label end="9" start="7" name="XX0"/>
                <label end="15" start="11" name="VVI"/>
                <label end="17" start="17" name="AT0"/>
                <label end="22" start="19" name="NN1"/>
                <label end="24" start="24" name="PUN"/>
            </layer>
            <layer rank="1" name="NER"/>
            <layer rank="1" name="WSL"/>
        </annotationSet>
        <annotationSet cDate="07/30/2010 07:32:59 PDT Fri" luID="8973" luName="plea.n" frameID="130" frameName="Entering_of_plea" status="MANUAL" ID="2600225">
            <layer rank="1" name="Target">
                <label cBy="MJE" end="22" start="19" name="Target"/>
            </layer>
            <layer rank="1" name="FE">
                <label cBy="MJE" feID="814" bgColor="FF0000" fgColor="FFFFFF" end="1" start="0" name="Accused"/>
                <label cBy="MJE" feID="1636" itype="DNI" bgColor="A52A2A" fgColor="FFFFFF" name="Charges"/>
                <label cBy="MJE" feID="1637" itype="INI" bgColor="800080" fgColor="FFFFFF" name="Plea"/>
                <label cBy="MJE" feID="813" itype="INI" bgColor="00008B" fgColor="FFFFFF" name="Judge"/>
            </layer>
            <layer rank="1" name="GF">
                <label end="1" start="0" name="Ext"/>
            </layer>
            <layer rank="1" name="PT">
                <label end="1" start="0" name="NP"/>
            </layer>
            <layer rank="1" name="Other"/>
            <layer rank="1" name="Sent"/>
            <layer rank="1" name="Noun">
                <label end="15" start="11" name="Supp"/>
            </layer>
        </annotationSet>
    </sentence>
</fullTextAnnotation>