<?xml version="1.0" encoding="UTF-8" standalone="yes"?>
<?xml-stylesheet type="text/xsl" href="fullText.xsl"?>
<fullTextAnnotation xsi:schemaLocation="../schema/fullText.xsd" xmlns="http://framenet.icsi.berkeley.edu" xmlns:xsi="http://www.w3.org/2001/XMLSchema-instance">
    <header>
        <corpus description="Miscellaneous" name="Miscellaneous" ID="175">
            <document description="Hijack" name="Hijack" ID="23592"/>
        </corpus>
    </header>
    <sentence corpID="175" docID="23592" sentNo="1" paragNo="1" aPos="0" ID="4099231">
        <text>Text for Event Extraction Workshop</text>
        <annotationSet cDate="03/20/2006 06:27:26 PST Mon" status="UNANN" ID="6534065">
            <layer rank="1" name="PENN">
                <label end="3" start="0" name="nn"/>
                <label end="7" start="5" name="in"/>
                <label end="13" start="9" name="nn"/>
                <label end="24" start="15" name="nn"/>
                <label end="33" start="26" name="nn"/>
            </layer>
            <layer rank="1" name="NER">
                <label end="33" start="9" name="organization"/>
            </layer>
            <layer rank="1" name="WSL">
                <label end="7" start="5" name="NT"/>
            </layer>
        </annotationSet>
    </sentence>
    <sentence corpID="175" docID="23592" sentNo="1" paragNo="2" aPos="0" ID="4099232">
        <text>The United Nations says Somali gunmen who hijacked a U.N. - chartered vessel carrying food aid for tsunami victims have released the ship after holding it for more than two months .</text>
        <annotationSet cDate="03/20/2006 06:27:27 PST Mon" status="UNANN" ID="6534066">
            <layer rank="1" name="PENN">
                <label end="2" start="0" name="dt"/>
                <label end="9" start="4" name="NP"/>
                <label end="17" start="11" name="NPS"/>
                <label end="22" start="19" name="VVZ"/>
                <label end="29" start="24" name="jj"/>
                <label end="36" start="31" name="nns"/>
                <label end="40" start="38" name="wp"/>
                <label end="49" start="42" name="VVD"/>
                <label end="51" start="51" name="dt"/>
                <label end="56" start="53" name="NP"/>
                <label end="58" start="58" name=":"/>
                <label end="68" start="60" name="jj"/>
                <label end="75" start="70" name="nn"/>
                <label end="84" start="77" name="VVG"/>
                <label end="89" start="86" name="nn"/>
                <label end="93" start="91" name="nn"/>
                <label end="97" start="95" name="in"/>
                <label end="105" start="99" name="nn"/>
                <label end="113" start="107" name="nns"/>
                <label end="118" start="115" name="VHP"/>
                <label end="127" start="120" name="VVN"/>
                <label end="131" start="129" name="dt"/>
                <label end="136" start="133" name="nn"/>
                <label end="142" start="138" name="in"/>
                <label end="150" start="144" name="VVG"/>
                <label end="153" start="152" name="PP"/>
                <label end="157" start="155" name="in"/>
                <label end="162" start="159" name="jjr"/>
                <label end="167" start="164" name="in"/>
                <label end="171" start="169" name="cd"/>
                <label end="178" start="173" name="nns"/>
                <label end="180" start="180" name="sent"/>
            </layer>
            <layer rank="1" name="NER">
                <label end="17" start="4" name="organization"/>
                <label end="56" start="53" name="organization"/>
            </layer>
            <layer rank="1" name="WSL">
                <label end="2" start="0" name="NT"/>
                <label end="9" start="4" name="NT"/>
                <label end="17" start="11" name="NT"/>
                <label end="40" start="38" name="NT"/>
                <label end="51" start="51" name="NT"/>
                <label end="56" start="53" name="NT"/>
                <label end="58" start="58" name="NT"/>
                <label end="97" start="95" name="NT"/>
                <label end="118" start="115" name="NT"/>
                <label end="131" start="129" name="NT"/>
                <label end="153" start="152" name="NT"/>
                <label end="157" start="155" name="NT"/>
                <label end="167" start="164" name="NT"/>
                <label end="171" start="169" name="NT"/>
                <label end="180" start="180" name="NT"/>
            </layer>
        </annotationSet>
        <annotationSet cDate="03/21/2006 07:51:45 PST Tue" luID="751" luName="say.v" frameID="43" frameName="Statement" status="MANUAL" ID="6534068">
            <layer rank="1" name="Target">
                <label cBy="MJE" end="22" start="19" name="Target"/>
            </layer>
            <layer rank="1" name="FE">
                <label cBy="MJE" feID="183" bgColor="FF0000" fgColor="FFFFFF" end="17" start="0" name="Speaker"/>
                <label cBy="MJE" feID="185" bgColor="00BFFF" fgColor="FFFFFF" end="178" start="24" name="Message"/>
            </layer>
            <layer rank="1" name="GF">
                <label end="17" start="0" name="Ext"/>
                <label end="178" start="24" name="Dep"/>
            </layer>
            <layer rank="1" name="PT">
                <label end="17" start="0" name="NP"/>
                <label end="178" start="24" name="Sfin"/>
            </layer>
            <layer rank="1" name="Other"/>
            <layer rank="1" name="Sent"/>
            <layer rank="1" name="Verb"/>
        </annotationSet>
        <annotationSet cDate="03/21/2006 07:55:34 PST Tue" luID="2471" luName="hijack.v" frameID="123" frameName="Piracy" status="MANUAL" ID="6534069">
            <layer rank="1" name="Target">
                <label cBy="MJE" end="49" start="42" name="Target"/>
            </layer>
            <layer rank="1" name="FE">
                <label cBy="MJE" feID="659" bgColor="FF0000" fgColor="FFFFFF" end="36" start="24" name="Perpetrator"/>
                <label cBy="MJE" feID="659" bgColor="FF0000" fgColor="FFFFFF" end="40" start="38" name="Perpetrator"/>
                <label cBy="MJE" feID="660" bgColor="00008B" fgColor="FFFFFF" end="113" start="51" name="Vehicle"/>
            </layer>
            <layer rank="1" name="GF">
                <label end="36" start="24" name="Ext"/>
                <label end="40" start="38" name="Ext"/>
                <label end="113" start="51" name="Obj"/>
            </layer>
            <layer rank="1" name="PT">
                <label end="36" start="24" name="NP"/>
                <label end="40" start="38" name="NP"/>
                <label end="113" start="51" name="NP"/>
            </layer>
            <layer rank="1" name="Other">
                <label end="40" start="38" name="Rel"/>
                <label end="36" start="24" name="Ant"/>
            </layer>
            <layer rank="1" name="Sent"/>
            <layer rank="1" name="Verb"/>
        </annotationSet>
        <annotationSet cDate="03/21/2006 07:59:31 PST Tue" luID="4068" luName="month.n" frameID="229" frameName="Calendric_unit" status="MANUAL" ID="6534071">
            <layer rank="1" name="Target">
                <label cBy="MJE" end="178" start="173" name="Target"/>
            </layer>
            <layer rank="1" name="FE">
                <label cBy="MJE" feID="7759" bgColor="008000" fgColor="FFFFFF" end="171" start="169" name="Count"/>
            </layer>
            <layer rank="1" name="GF">
                <label end="171" start="169" name="Quant"/>
            </layer>
            <layer rank="1" name="PT">
                <label end="171" start="169" name="Num"/>
            </layer>
            <layer rank="1" name="Other"/>
            <layer rank="1" name="Sent"/>
            <layer rank="1" name="Noun"/>
        </annotationSet>
        <annotationSet cDate="03/21/2006 10:41:12 PST Tue" luID="6715" luName="after.prep" frameID="379" frameName="Time_vector" status="MANUAL" ID="6534072">
            <layer rank="1" name="Target">
                <label cBy="MJE" end="142" start="138" name="Target"/>
            </layer>
            <layer rank="1" name="FE">
                <label cBy="MJE" feID="3396" bgColor="0000FF" fgColor="FFFFFF" end="178" start="144" name="Landmark_event"/>
                <label cBy="MJE" feID="4832" bgColor="FFA500" fgColor="000000" end="136" start="24" name="Event"/>
            </layer>
            <layer rank="1" name="GF">
                <label end="178" start="144" name="Obj"/>
                <label end="136" start="24" name="Ext"/>
            </layer>
            <layer rank="1" name="PT">
                <label end="178" start="144" name="VPing"/>
                <label end="136" start="24" name="Sfin"/>
            </layer>
            <layer rank="1" name="Other"/>
            <layer rank="1" name="Sent"/>
            <layer rank="1" name="Prep"/>
        </annotationSet>
        <annotationSet cDate="03/21/2006 11:00:20 PST Tue" luID="4470" luName="carry.v" frameID="240" frameName="Bringing" status="MANUAL" ID="6534073">
            <layer rank="1" name="Target">
                <label cBy="MJE" end="84" start="77" name="Target"/>
            </layer>
            <layer rank="1" name="FE">
                <label cBy="MJE" feID="4863" bgColor="9F79EE" fgColor="FFFFFF" end="75" start="51" name="Carrier"/>
                <label cBy="MJE" feID="2121" bgColor="0000FF" fgColor="FFFFFF" end="113" start="86" name="Theme"/>
            </layer>
            <layer rank="1" name="GF">
                <label end="75" start="51" name="Ext"/>
                <label end="113" start="86" name="Obj"/>
            </layer>
            <layer rank="1" name="PT">
                <label end="75" start="51" name="NP"/>
                <label end="113" start="86" name="NP"/>
            </layer>
            <layer rank="1" name="Other"/>
            <layer rank="1" name="Sent"/>
            <layer rank="1" name="Verb"/>
        </annotationSet>
        <annotationSet cDate="03/22/2006 07:46:21 PST Wed" luID="13129" luName="food.n" frameID="277" frameName="Food" status="MANUAL" ID="6534076">
            <layer rank="1" name="Target">
                <label cBy="MJE" end="89" start="86" name="Target"/>
            </layer>
            <layer rank="1" name="FE">
                <label cBy="MJE" feID="9696" bgColor="FF0000" fgColor="FFFFFF" end="89" start="86" name="Food"/>
            </layer>
            <layer rank="1" name="GF"/>
            <layer rank="1" name="PT"/>
            <layer rank="1" name="Other"/>
            <layer rank="1" name="Sent"/>
            <layer rank="1" name="Noun"/>
        </annotationSet>
        <annotationSet cDate="03/22/2006 07:47:51 PST Wed" luID="13123" luName="aid [entity].n" frameID="391" frameName="Assistance" status="MANUAL" ID="6534077">
            <layer rank="1" name="Target">
                <label cBy="MJE" end="93" start="91" name="Target"/>
            </layer>
            <layer rank="1" name="FE">
                <label cBy="MJE" feID="7651" bgColor="2E8B57" fgColor="FFFFFF" end="89" start="86" name="Domain"/>
                <label cBy="MJE" feID="3499" bgColor="0000FF" fgColor="FFFFFF" end="113" start="95" name="Benefited_party"/>
                <label cBy="MJE" feID="3632" bgColor="800080" fgColor="FFFFFF" end="93" start="91" name="Focal_entity"/>
            </layer>
            <layer rank="1" name="GF">
                <label end="89" start="86" name="Dep"/>
                <label end="113" start="95" name="Dep"/>
            </layer>
            <layer rank="1" name="PT">
                <label end="89" start="86" name="N"/>
                <label end="113" start="95" name="PP"/>
            </layer>
            <layer rank="1" name="Other"/>
            <layer rank="1" name="Sent"/>
            <layer rank="1" name="Noun"/>
        </annotationSet>
        <annotationSet cDate="03/22/2006 07:54:23 PST Wed" luID="18492" luName="victim.n" frameID="115" frameName="Catastrophe" status="MANUAL" ID="6534078">
            <layer rank="1" name="Target">
                <label cBy="MJE" end="113" start="107" name="Target"/>
            </layer>
            <layer rank="1" name="FE">
                <label cBy="MJE" feID="567" bgColor="FF0000" fgColor="FFFFFF" end="113" start="107" name="Patient"/>
                <label cBy="MJE" feID="564" bgColor="9400D3" fgColor="FFFFFF" end="105" start="99" name="Undesirable_event"/>
            </layer>
            <layer rank="1" name="GF">
                <label end="105" start="99" name="Dep"/>
            </layer>
            <layer rank="1" name="PT">
                <label end="105" start="99" name="N"/>
            </layer>
            <layer rank="1" name="Other"/>
            <layer rank="1" name="Sent"/>
            <layer rank="1" name="Noun"/>
        </annotationSet>
        <annotationSet cDate="03/22/2006 07:54:39 PST Wed" luID="5760" luName="release.v" frameID="317" frameName="Releasing" status="MANUAL" ID="6534079">
            <layer rank="1" name="Target">
                <label cBy="MJE" end="127" start="120" name="Target"/>
            </layer>
            <layer rank="1" name="FE">
                <label cBy="MJE" feID="2764" bgColor="FF0000" fgColor="FFFFFF" end="113" start="24" name="Captor"/>
                <label cBy="MJE" feID="2765" bgColor="0000FF" fgColor="FFFFFF" end="136" start="129" name="Theme"/>
                <label cBy="MJE" feID="3677" bgColor="FFA500" fgColor="FFFFFF" end="178" start="138" name="Time"/>
            </layer>
            <layer rank="1" name="GF">
                <label end="113" start="24" name="Ext"/>
                <label end="136" start="129" name="Obj"/>
                <label end="178" start="138" name="Dep"/>
            </layer>
            <layer rank="1" name="PT">
                <label end="113" start="24" name="NP"/>
                <label end="136" start="129" name="NP"/>
                <label end="178" start="138" name="PPing"/>
            </layer>
            <layer rank="1" name="Other"/>
            <layer rank="1" name="Sent"/>
            <layer rank="1" name="Verb"/>
        </annotationSet>
        <annotationSet cDate="03/22/2006 07:59:17 PST Wed" luID="8142" luName="ship.n" frameID="429" frameName="Vehicle" status="MANUAL" ID="6534080">
            <layer rank="1" name="Target">
                <label cBy="MJE" end="136" start="133" name="Target"/>
            </layer>
            <layer rank="1" name="FE">
                <label cBy="MJE" feID="3958" bgColor="A52A2A" fgColor="FFFFFF" end="136" start="133" name="Vehicle"/>
            </layer>
            <layer rank="1" name="GF"/>
            <layer rank="1" name="PT"/>
            <layer rank="1" name="Other"/>
            <layer rank="1" name="Sent"/>
            <layer rank="1" name="Noun"/>
        </annotationSet>
        <annotationSet cDate="03/22/2006 07:59:33 PST Wed" luID="13131" luName="vessel.n" frameID="429" frameName="Vehicle" status="MANUAL" ID="6534081">
            <layer rank="1" name="Target">
                <label cBy="MJE" end="75" start="70" name="Target"/>
            </layer>
            <layer rank="1" name="FE">
                <label cBy="MJE" feID="3958" bgColor="A52A2A" fgColor="FFFFFF" end="75" start="70" name="Vehicle"/>
            </layer>
            <layer rank="1" name="GF"/>
            <layer rank="1" name="PT"/>
            <layer rank="1" name="Other"/>
            <layer rank="1" name="Sent"/>
            <layer rank="1" name="Noun"/>
        </annotationSet>
        <annotationSet cDate="03/22/2006 08:01:11 PST Wed" luID="13130" luName="gunman.n" frameID="470" frameName="Bearing_arms" status="MANUAL" ID="6534082">
            <layer rank="1" name="Target">
                <label cBy="MJE" end="36" start="31" name="Target"/>
            </layer>
            <layer rank="1" name="FE">
                <label cBy="MJE" feID="4002" bgColor="0000FF" fgColor="FFFFFF" end="36" start="31" name="Protagonist"/>
            </layer>
            <layer rank="1" name="GF"/>
            <layer rank="1" name="PT"/>
            <layer rank="1" name="Other"/>
            <layer rank="1" name="Sent"/>
            <layer rank="1" name="Noun"/>
        </annotationSet>
        <annotationSet cDate="03/22/2006 08:13:58 PST Wed" luID="13132" luName="hold.v" frameID="245" frameName="Inhibit_movement" status="MANUAL" ID="6534083">
            <layer rank="1" name="Target">
                <label cBy="MJE" end="150" start="144" name="Target"/>
            </layer>
            <layer rank="1" name="FE">
                <label cBy="MJE" feID="2150" bgColor="1E90FF" fgColor="FFFFFF" end="153" start="152" name="Theme"/>
                <label cBy="MJE" feID="3868" bgColor="006400" fgColor="FFFFFF" end="178" start="155" name="Duration"/>
                <label cBy="MJE" feID="2174" bgColor="FF0000" fgColor="FFFFFF" end="113" start="24" name="Agent"/>
            </layer>
            <layer rank="1" name="GF">
                <label end="153" start="152" name="Obj"/>
                <label end="178" start="155" name="Dep"/>
                <label end="113" start="24" name="Ext"/>
            </layer>
            <layer rank="1" name="PT">
                <label end="153" start="152" name="NP"/>
                <label end="178" start="155" name="PP"/>
                <label end="113" start="24" name="NP"/>
            </layer>
            <layer rank="1" name="Other"/>
            <layer rank="1" name="Sent"/>
            <layer rank="1" name="Verb"/>
        </annotationSet>
        <annotationSet cDate="03/29/2006 07:58:40 PST Wed" luID="13156" luName="charter.v" frameID="1728" frameName="Renting" status="MANUAL" ID="6534315">
            <layer rank="1" name="Target">
                <label cBy="MJE" end="68" start="60" name="Target"/>
            </layer>
            <layer rank="1" name="FE">
                <label cBy="MJE" feID="9986" bgColor="00008B" fgColor="FFFFFF" end="56" start="53" name="Lessee"/>
                <label cBy="MJE" feID="9987" bgColor="006400" fgColor="FFFFFF" end="75" start="70" name="Goods"/>
            </layer>
            <layer rank="1" name="GF">
                <label end="56" start="53" name="Dep"/>
                <label end="75" start="70" name="Head"/>
            </layer>
            <layer rank="1" name="PT">
                <label end="56" start="53" name="N"/>
                <label end="75" start="70" name="N"/>
            </layer>
            <layer rank="1" name="Other"/>
            <layer rank="1" name="Sent"/>
            <layer rank="1" name="Verb"/>
        </annotationSet>
    </sentence>
    <sentence corpID="175" docID="23592" sentNo="1" paragNo="3" aPos="0" ID="4099233">
        <text>End of text .</text>
        <annotationSet cDate="03/20/2006 06:27:27 PST Mon" status="UNANN" ID="6534067">
            <layer rank="1" name="PENN">
                <label end="2" start="0" name="nn"/>
                <label end="5" start="4" name="in"/>
                <label end="10" start="7" name="nn"/>
                <label end="12" start="12" name="sent"/>
            </layer>
            <layer rank="1" name="NER"/>
            <layer rank="1" name="WSL">
                <label end="5" start="4" name="NT"/>
                <label end="12" start="12" name="NT"/>
            </layer>
        </annotationSet>
    </sentence>
</fullTextAnnotation>