<?xml version="1.0" encoding="UTF-8" standalone="yes"?>
<?xml-stylesheet type="text/xsl" href="fullText.xsl"?>
<fullTextAnnotation xsi:schemaLocation="../schema/fullText.xsd" xmlns="http://framenet.icsi.berkeley.edu" xmlns:xsi="http://www.w3.org/2001/XMLSchema-instance">
    <header>
        <corpus description="Texts from WikiMedia--WikiNews and Wikipedia" name="WikiTexts" ID="246">
            <document description="Fires_1" name="Fires_1" ID="25616"/>
        </corpus>
    </header>
    <sentence corpID="246" docID="25616" sentNo="1" paragNo="1" aPos="0" ID="4164976">
        <text>Forest fires continue to rage in Spain</text>
        <annotationSet cDate="07/17/2014 11:43:11 PDT Thu" status="UNANN" ID="6669146">
            <layer rank="1" name="PENN">
                <label end="5" start="0" name="nn"/>
                <label end="11" start="7" name="nns"/>
                <label end="20" start="13" name="VVP"/>
                <label end="23" start="22" name="to"/>
                <label end="28" start="25" name="VV"/>
                <label end="31" start="30" name="in"/>
                <label end="37" start="33" name="NP"/>
            </layer>
            <layer rank="1" name="NER">
                <label end="37" start="33" name="location"/>
            </layer>
            <layer rank="1" name="WSL">
                <label end="23" start="22" name="NT"/>
                <label end="31" start="30" name="NT"/>
                <label end="37" start="33" name="NT"/>
            </layer>
        </annotationSet>
        <annotationSet cDate="07/17/2014 01:15:28 PDT Thu" luID="17455" luName="fire.n" frameID="2824" frameName="Fire_burning" status="MANUAL" ID="6669245">
            <layer rank="1" name="Target">
                <label cBy="WMcQ" end="11" start="7" name="Target"/>
            </layer>
            <layer rank="1" name="FE">
                <label cBy="WMcQ" feID="16020" bgColor="800080" fgColor="FFFFFF" end="5" start="0" name="Fuel"/>
                <label cBy="WMcQ" feID="16018" bgColor="0000FF" fgColor="FFFFFF" end="11" start="7" name="Fire"/>
            </layer>
            <layer rank="1" name="GF">
                <label end="5" start="0" name="Dep"/>
            </layer>
            <layer rank="1" name="PT">
                <label end="5" start="0" name="N"/>
            </layer>
            <layer rank="1" name="Other"/>
            <layer rank="1" name="Sent"/>
            <layer rank="1" name="Noun"/>
        </annotationSet>
        <annotationSet cDate="07/17/2014 01:15:39 PDT Thu" luID="17589" luName="rage.v" frameID="2824" frameName="Fire_burning" status="MANUAL" ID="6669246">
            <layer rank="1" name="Target">
                <label cBy="WMcQ" end="28" start="25" name="Target"/>
            </layer>
            <layer rank="1" name="FE">
                <label cBy="WMcQ" feID="16018" bgColor="0000FF" fgColor="FFFFFF" end="11" start="0" name="Fire"/>
                <label cBy="WMcQ" feID="16016" bgColor="008000" fgColor="FFFFFF" end="37" start="30" name="Place"/>
            </layer>
            <layer rank="1" name="GF">
                <label end="11" start="0" name="Ext"/>
                <label end="37" start="30" name="Dep"/>
            </layer>
            <layer rank="1" name="PT">
                <label end="11" start="0" name="NP"/>
                <label end="37" start="30" name="PP"/>
            </layer>
            <layer rank="1" name="Other"/>
            <layer rank="1" name="Sent"/>
            <layer rank="1" name="Verb"/>
        </annotationSet>
        <annotationSet cDate="07/17/2014 01:15:58 PDT Thu" luID="2799" luName="continue.v" frameID="145" frameName="Process_continue" status="MANUAL" ID="6669247">
            <layer rank="1" name="Target">
                <label cBy="WMcQ" end="20" start="13" name="Target"/>
            </layer>
            <layer rank="1" name="FE">
                <label cBy="WMcQ" feID="1141" bgColor="00BFFF" fgColor="FFFFFF" end="11" start="0" name="Event"/>
                <label cBy="WMcQ" feID="1142" bgColor="008000" fgColor="FFFFFF" end="37" start="30" name="Place"/>
                <label cBy="WMcQ" feID="1141" bgColor="00BFFF" fgColor="FFFFFF" end="28" start="22" name="Event"/>
            </layer>
            <layer rank="1" name="GF">
                <label end="11" start="0" name="Ext"/>
                <label end="37" start="30" name="Dep"/>
                <label end="28" start="22" name="Dep"/>
            </layer>
            <layer rank="1" name="PT">
                <label end="11" start="0" name="NP"/>
                <label end="37" start="30" name="PP"/>
                <label end="28" start="22" name="VPto"/>
            </layer>
            <layer rank="1" name="Other"/>
            <layer rank="1" name="Sent"/>
            <layer rank="1" name="Verb"/>
        </annotationSet>
    </sentence>
    <sentence corpID="246" docID="25616" sentNo="1" paragNo="3" aPos="0" ID="4164977">
        <text>Several forest fires which have ruined well over ten thousand hectares of land are continuing to burn in the Spanish region of Galicia today .</text>
        <annotationSet cDate="07/17/2014 11:43:12 PDT Thu" status="UNANN" ID="6669147">
            <layer rank="1" name="PENN">
                <label end="6" start="0" name="jj"/>
                <label end="13" start="8" name="nn"/>
                <label end="19" start="15" name="nns"/>
                <label end="25" start="21" name="wdt"/>
                <label end="30" start="27" name="VHP"/>
                <label end="37" start="32" name="VVN"/>
                <label end="42" start="39" name="rb"/>
                <label end="47" start="44" name="in"/>
                <label end="51" start="49" name="cd"/>
                <label end="60" start="53" name="cd"/>
                <label end="69" start="62" name="nns"/>
                <label end="72" start="71" name="in"/>
                <label end="77" start="74" name="nn"/>
                <label end="81" start="79" name="vbp"/>
                <label end="92" start="83" name="VVG"/>
                <label end="95" start="94" name="to"/>
                <label end="100" start="97" name="VV"/>
                <label end="103" start="102" name="in"/>
                <label end="107" start="105" name="dt"/>
                <label end="115" start="109" name="jj"/>
                <label end="122" start="117" name="nn"/>
                <label end="125" start="124" name="in"/>
                <label end="133" start="127" name="NP"/>
                <label end="139" start="135" name="nn"/>
                <label end="141" start="141" name="sent"/>
            </layer>
            <layer rank="1" name="NER">
                <label end="133" start="127" name="location"/>
            </layer>
            <layer rank="1" name="WSL">
                <label end="25" start="21" name="NT"/>
                <label end="30" start="27" name="NT"/>
                <label end="42" start="39" name="NT"/>
                <label end="51" start="49" name="NT"/>
                <label end="60" start="53" name="NT"/>
                <label end="72" start="71" name="NT"/>
                <label end="81" start="79" name="NT"/>
                <label end="95" start="94" name="NT"/>
                <label end="107" start="105" name="NT"/>
                <label end="125" start="124" name="NT"/>
                <label end="133" start="127" name="NT"/>
                <label end="141" start="141" name="NT"/>
            </layer>
        </annotationSet>
        <annotationSet cDate="07/17/2014 01:17:03 PDT Thu" luID="17455" luName="fire.n" frameID="2824" frameName="Fire_burning" status="MANUAL" ID="6669248">
            <layer rank="1" name="Target">
                <label cBy="WMcQ" end="19" start="15" name="Target"/>
            </layer>
            <layer rank="1" name="FE">
                <label cBy="WMcQ" feID="16020" bgColor="800080" fgColor="FFFFFF" end="13" start="8" name="Fuel"/>
                <label cBy="WMcQ" feID="16018" bgColor="0000FF" fgColor="FFFFFF" end="19" start="15" name="Fire"/>
            </layer>
            <layer rank="1" name="GF">
                <label end="13" start="8" name="Dep"/>
            </layer>
            <layer rank="1" name="PT">
                <label end="13" start="8" name="N"/>
            </layer>
            <layer rank="1" name="Other"/>
            <layer rank="1" name="Sent"/>
            <layer rank="1" name="Noun"/>
        </annotationSet>
        <annotationSet cDate="07/17/2014 01:19:02 PDT Thu" luID="17450" luName="burn.v" frameID="2824" frameName="Fire_burning" status="MANUAL" ID="6669250">
            <layer rank="1" name="Target">
                <label cBy="WMcQ" end="100" start="97" name="Target"/>
            </layer>
            <layer rank="1" name="FE">
                <label cBy="WMcQ" feID="16016" bgColor="008000" fgColor="FFFFFF" end="133" start="102" name="Place"/>
                <label cBy="WMcQ" feID="16018" bgColor="0000FF" fgColor="FFFFFF" end="77" start="0" name="Fire"/>
            </layer>
            <layer rank="1" name="GF">
                <label end="133" start="102" name="Dep"/>
                <label end="77" start="0" name="Ext"/>
            </layer>
            <layer rank="1" name="PT">
                <label end="133" start="102" name="PP"/>
                <label end="77" start="0" name="NP"/>
            </layer>
            <layer rank="1" name="Other"/>
            <layer rank="1" name="Sent"/>
            <layer rank="1" name="Verb"/>
        </annotationSet>
        <annotationSet cDate="07/17/2014 01:20:17 PDT Thu" luID="2857" luName="hectare.n" frameID="156" frameName="Measure_area" status="MANUAL" ID="6669251">
            <layer rank="1" name="Target">
                <label cBy="WMcQ" end="69" start="62" name="Target"/>
            </layer>
            <layer rank="1" name="FE">
                <label cBy="WMcQ" feID="1278" bgColor="0000FF" fgColor="FFFFFF" end="69" start="62" name="Unit"/>
                <label cBy="WMcQ" feID="1280" bgColor="FF0000" fgColor="FFFFFF" end="60" start="39" name="Count"/>
                <label cBy="MJE" feID="1281" bgColor="FF00FF" fgColor="FFFFFF" end="77" start="71" name="Occupant"/>
            </layer>
            <layer rank="1" name="GF">
                <label end="60" start="39" name="Ext"/>
                <label end="77" start="71" name="Dep"/>
            </layer>
            <layer rank="1" name="PT">
                <label end="60" start="39" name="AJP"/>
                <label end="77" start="71" name="PP"/>
            </layer>
            <layer rank="1" name="Other"/>
            <layer rank="1" name="Sent"/>
            <layer rank="1" name="Noun"/>
        </annotationSet>
        <annotationSet cDate="07/17/2014 02:29:27 PDT Thu" luID="3696" luName="region.n" frameID="192" frameName="Locale" status="MANUAL" ID="6669252">
            <layer rank="1" name="Target">
                <label cBy="WMcQ" end="122" start="117" name="Target"/>
            </layer>
            <layer rank="1" name="FE">
                <label cBy="WMcQ" feID="1569" bgColor="808080" fgColor="FFFFFF" end="115" start="109" name="Container_possessor"/>
                <label cBy="WMcQ" feID="1565" bgColor="FF0000" fgColor="FFFFFF" end="122" start="117" name="Locale"/>
                <label cBy="WMcQ" feID="1595" bgColor="9F79EE" fgColor="FFFFFF" end="133" start="124" name="Name"/>
            </layer>
            <layer rank="1" name="GF">
                <label end="115" start="109" name="Dep"/>
                <label end="133" start="124" name="Dep"/>
            </layer>
            <layer rank="1" name="PT">
                <label end="115" start="109" name="AJP"/>
                <label end="133" start="124" name="PP"/>
            </layer>
            <layer rank="1" name="Other"/>
            <layer rank="1" name="Sent"/>
            <layer rank="1" name="Noun"/>
        </annotationSet>
        <annotationSet cDate="07/17/2014 02:44:29 PDT Thu" luID="17612" luName="ruin.v" frameID="417" frameName="Destroying" status="MANUAL" ID="6669253">
            <layer rank="1" name="Target">
                <label cBy="WMcQ" end="37" start="32" name="Target"/>
            </layer>
            <layer rank="1" name="FE">
                <label cBy="WMcQ" feID="3837" bgColor="FF0000" fgColor="FFFFFF" end="19" start="0" name="Destroyer"/>
                <label cBy="WMcQ" feID="3837" bgColor="FF0000" fgColor="FFFFFF" end="25" start="21" name="Destroyer"/>
                <label cBy="WMcQ" feID="3850" bgColor="0000FF" fgColor="FFFFFF" end="77" start="39" name="Patient"/>
            </layer>
            <layer rank="1" name="GF">
                <label end="19" start="0" name="Ext"/>
                <label end="25" start="21" name="Appositive"/>
                <label end="77" start="39" name="Obj"/>
            </layer>
            <layer rank="1" name="PT">
                <label end="19" start="0" name="NP"/>
                <label end="25" start="21" name="NP"/>
                <label end="77" start="39" name="NP"/>
            </layer>
            <layer rank="1" name="Other">
                <label end="25" start="21" name="Rel"/>
                <label end="19" start="0" name="Ant"/>
            </layer>
            <layer rank="1" name="Sent"/>
            <layer rank="1" name="Verb"/>
        </annotationSet>
        <annotationSet cDate="07/18/2014 03:30:35 PDT Fri" luID="2799" luName="continue.v" frameID="145" frameName="Process_continue" status="MANUAL" ID="6669795">
            <layer rank="1" name="Target">
                <label cBy="MJE" end="92" start="83" name="Target"/>
            </layer>
            <layer rank="1" name="FE">
                <label cBy="MJE" feID="1141" bgColor="00BFFF" fgColor="FFFFFF" end="77" start="0" name="Event"/>
                <label cBy="MJE" feID="1141" bgColor="00BFFF" fgColor="FFFFFF" end="133" start="94" name="Event"/>
                <label cBy="MJE" feID="1144" bgColor="FFA500" fgColor="FFFFFF" end="139" start="135" name="Time"/>
            </layer>
            <layer rank="1" name="GF">
                <label end="77" start="0" name="Ext"/>
                <label end="133" start="94" name="Dep"/>
                <label end="139" start="135" name="Dep"/>
            </layer>
            <layer rank="1" name="PT">
                <label end="77" start="0" name="NP"/>
                <label end="133" start="94" name="VPto"/>
                <label end="139" start="135" name="NP"/>
            </layer>
            <layer rank="1" name="Other"/>
            <layer rank="1" name="Sent"/>
            <layer rank="1" name="Verb"/>
        </annotationSet>
        <annotationSet cDate="07/18/2014 03:36:52 PDT Fri" luID="14275" luName="over.prep" frameID="1923" frameName="Proportional_quantity" status="MANUAL" ID="6669810">
            <layer rank="1" name="Target">
                <label cBy="MJE" end="47" start="44" name="Target"/>
            </layer>
            <layer rank="1" name="FE">
                <label cBy="MJE" feID="11952" bgColor="FF69B4" fgColor="FFFFFF" end="42" start="39" name="Degree"/>
                <label cBy="MJE" feID="11577" bgColor="00BFFF" fgColor="FFFFFF" end="60" start="49" name="Reference_quantity"/>
                <label cBy="MJE" feID="11575" bgColor="008000" fgColor="FFFFFF" end="69" start="62" name="Individuals"/>
            </layer>
            <layer rank="1" name="GF">
                <label end="42" start="39" name="Dep"/>
                <label end="60" start="49" name="Obj"/>
                <label end="69" start="62" name="Head"/>
            </layer>
            <layer rank="1" name="PT">
                <label end="42" start="39" name="AVP"/>
                <label end="60" start="49" name="NP"/>
                <label end="69" start="62" name="N"/>
            </layer>
            <layer rank="1" name="Other"/>
            <layer rank="1" name="Sent"/>
            <layer rank="1" name="Prep"/>
        </annotationSet>
        <annotationSet cDate="07/18/2014 03:37:13 PDT Fri" luID="10801" luName="in.prep" frameID="1178" frameName="Interior_profile_relation" status="MANUAL" ID="6669812">
            <layer rank="1" name="Target">
                <label cBy="MJE" end="103" start="102" name="Target"/>
            </layer>
            <layer rank="1" name="FE">
                <label cBy="MJE" feID="6828" bgColor="008000" fgColor="FFFFFF" end="133" start="105" name="Ground"/>
                <label cBy="WMcQ" feID="6826" bgColor="FF0000" fgColor="FFFFFF" end="100" start="0" name="Figure"/>
            </layer>
            <layer rank="1" name="GF">
                <label end="133" start="105" name="Obj"/>
                <label end="100" start="0" name="Head"/>
            </layer>
            <layer rank="1" name="PT">
                <label end="133" start="105" name="NP"/>
                <label end="100" start="0" name="Sfin"/>
            </layer>
            <layer rank="1" name="Other"/>
            <layer rank="1" name="Sent"/>
            <layer rank="1" name="Prep"/>
        </annotationSet>
        <annotationSet cDate="07/18/2014 03:39:31 PDT Fri" luID="14201" luName="today.n" frameID="1895" frameName="Temporal_collocation" status="MANUAL" ID="6669814">
            <layer rank="1" name="Target">
                <label cBy="MJE" end="139" start="135" name="Target"/>
            </layer>
            <layer rank="1" name="FE">
                <label cBy="MJE" feID="12063" bgColor="1E90FF" fgColor="FFFFFF" end="139" start="135" name="Landmark_period"/>
                <label cBy="MJE" feID="12064" bgColor="FF00FF" fgColor="FFFFFF" end="133" start="79" name="Trajector_event"/>
            </layer>
            <layer rank="1" name="GF">
                <label end="133" start="79" name="Head"/>
            </layer>
            <layer rank="1" name="PT">
                <label end="133" start="79" name="VPfin"/>
            </layer>
            <layer rank="1" name="Other"/>
            <layer rank="1" name="Sent"/>
            <layer rank="1" name="Noun"/>
        </annotationSet>
    </sentence>
    <sentence corpID="246" docID="25616" sentNo="1" paragNo="4" aPos="0" ID="4164978">
        <text>Four people have perished so far in the blazes which the government says were started intentionally by arsonists over a week ago .</text>
        <annotationSet cDate="07/17/2014 11:43:12 PDT Thu" status="UNANN" ID="6669148">
            <layer rank="1" name="PENN">
                <label end="3" start="0" name="cd"/>
                <label end="10" start="5" name="nns"/>
                <label end="15" start="12" name="VHP"/>
                <label end="24" start="17" name="VVN"/>
                <label end="27" start="26" name="rb"/>
                <label end="31" start="29" name="rb"/>
                <label end="34" start="33" name="in"/>
                <label end="38" start="36" name="dt"/>
                <label end="45" start="40" name="nns"/>
                <label end="51" start="47" name="wdt"/>
                <label end="55" start="53" name="dt"/>
                <label end="66" start="57" name="nn"/>
                <label end="71" start="68" name="VVZ"/>
                <label end="76" start="73" name="VBD"/>
                <label end="84" start="78" name="VVN"/>
                <label end="98" start="86" name="rb"/>
                <label end="101" start="100" name="in"/>
                <label end="111" start="103" name="nns"/>
                <label end="116" start="113" name="in"/>
                <label end="118" start="118" name="dt"/>
                <label end="123" start="120" name="nn"/>
                <label end="127" start="125" name="rb"/>
                <label end="129" start="129" name="sent"/>
            </layer>
            <layer rank="1" name="NER"/>
            <layer rank="1" name="WSL">
                <label end="3" start="0" name="NT"/>
                <label end="15" start="12" name="NT"/>
                <label end="34" start="33" name="NT"/>
                <label end="38" start="36" name="NT"/>
                <label end="51" start="47" name="NT"/>
                <label end="55" start="53" name="NT"/>
                <label end="76" start="73" name="NT"/>
                <label end="101" start="100" name="NT"/>
                <label end="118" start="118" name="NT"/>
                <label end="129" start="129" name="NT"/>
            </layer>
        </annotationSet>
        <annotationSet cDate="07/17/2014 02:45:34 PDT Thu" luID="933" luName="perish.v" frameID="53" frameName="Death" status="MANUAL" ID="6669254">
            <layer rank="1" name="Target">
                <label cBy="WMcQ" end="24" start="17" name="Target"/>
            </layer>
            <layer rank="1" name="FE">
                <label cBy="WMcQ" feID="218" bgColor="FF0000" fgColor="FFFFFF" end="10" start="0" name="Protagonist"/>
                <label cBy="WMcQ" feID="1842" bgColor="FFA500" fgColor="FFFFFF" end="31" start="26" name="Time"/>
                <label cBy="WMcQ" feID="219" bgColor="A52A2A" fgColor="FFFFFF" end="127" start="33" name="Explanation"/>
            </layer>
            <layer rank="1" name="GF">
                <label end="10" start="0" name="Ext"/>
                <label end="31" start="26" name="Dep"/>
                <label end="127" start="33" name="Dep"/>
            </layer>
            <layer rank="1" name="PT">
                <label end="10" start="0" name="NP"/>
                <label end="31" start="26" name="AVP"/>
                <label end="127" start="33" name="PP"/>
            </layer>
            <layer rank="1" name="Other"/>
            <layer rank="1" name="Sent"/>
            <layer rank="1" name="Verb"/>
        </annotationSet>
        <annotationSet cDate="07/17/2014 02:46:36 PDT Thu" luID="17489" luName="blaze.n" frameID="2824" frameName="Fire_burning" status="MANUAL" ID="6669255">
            <layer rank="1" name="Target">
                <label cBy="WMcQ" end="45" start="40" name="Target"/>
            </layer>
            <layer rank="1" name="FE">
                <label cBy="WMcQ" feID="16018" bgColor="0000FF" fgColor="FFFFFF" end="45" start="40" name="Fire"/>
            </layer>
            <layer rank="1" name="GF"/>
            <layer rank="1" name="PT"/>
            <layer rank="1" name="Other"/>
            <layer rank="1" name="Sent"/>
            <layer rank="1" name="Noun"/>
        </annotationSet>
        <annotationSet cDate="07/17/2014 02:49:42 PDT Thu" luID="11808" luName="government.n" frameID="1371" frameName="Organization" status="MANUAL" ID="6669257">
            <layer rank="1" name="Target">
                <label cBy="WMcQ" end="66" start="57" name="Target"/>
            </layer>
            <layer rank="1" name="FE">
                <label cBy="MJE" feID="7698" bgColor="0000FF" fgColor="FFFFFF" end="66" start="57" name="Organization"/>
            </layer>
            <layer rank="1" name="GF"/>
            <layer rank="1" name="PT"/>
            <layer rank="1" name="Other"/>
            <layer rank="1" name="Sent"/>
            <layer rank="1" name="Noun"/>
        </annotationSet>
        <annotationSet cDate="07/17/2014 02:50:04 PDT Thu" luID="751" luName="say.v" frameID="43" frameName="Statement" status="MANUAL" ID="6669258">
            <layer rank="1" name="Target">
                <label cBy="WMcQ" end="71" start="68" name="Target"/>
            </layer>
            <layer rank="1" name="FE">
                <label cBy="WMcQ" feID="183" bgColor="FF0000" fgColor="FFFFFF" end="66" start="53" name="Speaker"/>
                <label cBy="WMcQ" feID="185" bgColor="00BFFF" fgColor="FFFFFF" end="45" start="36" name="Message"/>
                <label cBy="WMcQ" feID="185" bgColor="00BFFF" fgColor="FFFFFF" end="127" start="73" name="Message"/>
                <label cBy="MJE" feID="185" bgColor="00BFFF" fgColor="FFFFFF" end="51" start="47" name="Message"/>
            </layer>
            <layer rank="1" name="GF">
                <label end="66" start="53" name="Ext"/>
                <label end="45" start="36" name="Obj"/>
                <label end="127" start="73" name="Dep"/>
                <label end="51" start="47" name="Obj"/>
            </layer>
            <layer rank="1" name="PT">
                <label end="66" start="53" name="NP"/>
                <label end="45" start="36" name="NP"/>
                <label end="127" start="73" name="VPfin"/>
                <label end="51" start="47" name="NP"/>
            </layer>
            <layer rank="1" name="Other">
                <label end="51" start="47" name="Rel"/>
                <label end="45" start="36" name="Ant"/>
            </layer>
            <layer rank="1" name="Sent"/>
            <layer rank="1" name="Verb"/>
        </annotationSet>
        <annotationSet cDate="07/17/2014 02:51:14 PDT Thu" luID="3048" luName="arsonist.n" frameID="138" frameName="Arson" status="MANUAL" ID="6669259">
            <layer rank="1" name="Target">
                <label cBy="WMcQ" end="111" start="103" name="Target"/>
            </layer>
            <layer rank="1" name="FE">
                <label cBy="WMcQ" feID="1361" bgColor="FF0000" fgColor="FFFFFF" end="111" start="103" name="Perpetrator"/>
            </layer>
            <layer rank="1" name="GF"/>
            <layer rank="1" name="PT"/>
            <layer rank="1" name="Other"/>
            <layer rank="1" name="Sent"/>
            <layer rank="1" name="Noun"/>
        </annotationSet>
        <annotationSet cDate="07/18/2014 03:48:37 PDT Fri" luID="12555" luName="so far.adv" frameID="1594" frameName="Continued_state_of_affairs" status="MANUAL" ID="6669820">
            <layer rank="1" name="Target">
                <label cBy="MJE" end="31" start="26" name="Target"/>
            </layer>
            <layer rank="1" name="FE">
                <label cBy="MJE" feID="8725" bgColor="800080" fgColor="FFFFFF" end="31" start="26" name="Reference_occasion"/>
                <label cBy="MJE" feID="8725" bgColor="800080" fgColor="FFFFFF" end="24" start="0" name="Reference_occasion"/>
                <label cBy="MJE" feID="8724" bgColor="FF0000" fgColor="FFFFFF" end="127" start="33" name="State_of_affairs"/>
            </layer>
            <layer rank="1" name="GF">
                <label end="24" start="0" name="Head"/>
                <label end="127" start="33" name="Head"/>
            </layer>
            <layer rank="1" name="PT">
                <label end="24" start="0" name="Sfin"/>
                <label end="127" start="33" name="Sfin"/>
            </layer>
            <layer rank="1" name="Other"/>
            <layer rank="1" name="Sent"/>
            <layer rank="1" name="Adv"/>
        </annotationSet>
        <annotationSet cDate="11/24/2015 06:21:11 PST Tue" luID="17633" luName="start.v" frameID="283" frameName="Setting_fire" status="MANUAL" ID="6767875">
            <layer rank="1" name="Target">
                <label cBy="HPh" end="84" start="78" name="Target"/>
            </layer>
            <layer rank="1" name="FE">
                <label cBy="HPh" feID="2450" bgColor="800080" fgColor="FFFFFF" end="45" start="36" name="Flame"/>
                <label cBy="HPh" feID="2450" bgColor="800080" fgColor="FFFFFF" end="51" start="47" name="Flame"/>
                <label cBy="HPh" feID="9865" bgColor="FF00FF" fgColor="FFFFFF" end="98" start="86" name="Manner"/>
                <label cBy="HPh" feID="2449" bgColor="FF0000" fgColor="FFFFFF" end="111" start="100" name="Kindler"/>
                <label cBy="HPh" feID="2456" bgColor="FFA500" fgColor="FFFFFF" end="127" start="113" name="Time"/>
            </layer>
            <layer rank="1" name="GF">
                <label end="45" start="36" name="Ext"/>
                <label end="51" start="47" name="Ext"/>
                <label end="98" start="86" name="Dep"/>
                <label end="111" start="100" name="Dep"/>
                <label end="127" start="113" name="Dep"/>
            </layer>
            <layer rank="1" name="PT">
                <label end="45" start="36" name="NP"/>
                <label end="51" start="47" name="NP"/>
                <label end="98" start="86" name="AVP"/>
                <label end="111" start="100" name="PP"/>
                <label end="127" start="113" name="PP"/>
            </layer>
            <layer rank="1" name="Other">
                <label end="45" start="36" name="Ant"/>
                <label end="51" start="47" name="Rel"/>
            </layer>
            <layer rank="1" name="Sent"/>
            <layer rank="1" name="Verb"/>
        </annotationSet>
    </sentence>
    <sentence corpID="246" docID="25616" sentNo="1" paragNo="5" aPos="0" ID="4164979">
        <text>Police have arrested twenty -four people on suspicion of starting the fires .</text>
        <annotationSet cDate="07/17/2014 11:43:12 PDT Thu" status="UNANN" ID="6669149">
            <layer rank="1" name="PENN">
                <label end="5" start="0" name="nns"/>
                <label end="10" start="7" name="VHP"/>
                <label end="19" start="12" name="VVN"/>
                <label end="26" start="21" name="cd"/>
                <label end="32" start="28" name="nn"/>
                <label end="39" start="34" name="nns"/>
                <label end="42" start="41" name="in"/>
                <label end="52" start="44" name="nn"/>
                <label end="55" start="54" name="in"/>
                <label end="64" start="57" name="VVG"/>
                <label end="68" start="66" name="dt"/>
                <label end="74" start="70" name="nns"/>
                <label end="76" start="76" name="sent"/>
            </layer>
            <layer rank="1" name="NER">
                <label end="26" start="21" name="date"/>
            </layer>
            <layer rank="1" name="WSL">
                <label end="10" start="7" name="NT"/>
                <label end="26" start="21" name="NT"/>
                <label end="42" start="41" name="NT"/>
                <label end="55" start="54" name="NT"/>
                <label end="68" start="66" name="NT"/>
                <label end="76" start="76" name="NT"/>
            </layer>
        </annotationSet>
        <annotationSet cDate="07/17/2014 02:51:39 PDT Thu" luID="4733" luName="arrest.v" frameID="202" frameName="Arrest" status="MANUAL" ID="6669260">
            <layer rank="1" name="Target">
                <label cBy="WMcQ" end="19" start="12" name="Target"/>
            </layer>
            <layer rank="1" name="FE">
                <label cBy="WMcQ" feID="1645" bgColor="FF0000" fgColor="FFFFFF" end="5" start="0" name="Authorities"/>
                <label cBy="WMcQ" feID="1646" bgColor="0000FF" fgColor="FFFFFF" end="39" start="21" name="Suspect"/>
                <label cBy="WMcQ" feID="1642" bgColor="A52A2A" fgColor="FFFFFF" end="74" start="41" name="Charges"/>
            </layer>
            <layer rank="1" name="GF">
                <label end="5" start="0" name="Ext"/>
                <label end="39" start="21" name="Obj"/>
                <label end="74" start="41" name="Dep"/>
            </layer>
            <layer rank="1" name="PT">
                <label end="5" start="0" name="NP"/>
                <label end="39" start="21" name="NP"/>
                <label end="74" start="41" name="PP"/>
            </layer>
            <layer rank="1" name="Other"/>
            <layer rank="1" name="Sent"/>
            <layer rank="1" name="Verb"/>
        </annotationSet>
        <annotationSet cDate="07/17/2014 02:52:07 PDT Thu" luID="5511" luName="people.n" frameID="304" frameName="People" status="MANUAL" ID="6669261">
            <layer rank="1" name="Target">
                <label cBy="WMcQ" end="39" start="34" name="Target"/>
            </layer>
            <layer rank="1" name="FE">
                <label cBy="WMcQ" feID="2618" bgColor="FF0000" fgColor="FFFFFF" end="39" start="34" name="Person"/>
            </layer>
            <layer rank="1" name="GF"/>
            <layer rank="1" name="PT"/>
            <layer rank="1" name="Other"/>
            <layer rank="1" name="Sent"/>
            <layer rank="1" name="Noun"/>
        </annotationSet>
        <annotationSet cDate="11/24/2015 06:22:39 PST Tue" luID="17633" luName="start.v" frameID="283" frameName="Setting_fire" status="MANUAL" ID="6767876">
            <layer rank="1" name="Target">
                <label cBy="HPh" end="64" start="57" name="Target"/>
            </layer>
            <layer rank="1" name="FE">
                <label cBy="HPh" feID="2449" bgColor="FF0000" fgColor="FFFFFF" end="39" start="21" name="Kindler"/>
                <label cBy="HPh" feID="2450" bgColor="800080" fgColor="FFFFFF" end="74" start="66" name="Flame"/>
            </layer>
            <layer rank="1" name="GF">
                <label end="39" start="21" name="Ext"/>
                <label end="74" start="66" name="Obj"/>
            </layer>
            <layer rank="1" name="PT">
                <label end="39" start="21" name="NP"/>
                <label end="74" start="66" name="NP"/>
            </layer>
            <layer rank="1" name="Other"/>
            <layer rank="1" name="Sent"/>
            <layer rank="1" name="Verb"/>
        </annotationSet>
    </sentence>
    <sentence corpID="246" docID="25616" sentNo="1" paragNo="6" aPos="0" ID="4164980">
        <text>Among those being detained is a ninety-four year-old man .</text>
        <annotationSet cDate="07/17/2014 11:43:13 PDT Thu" status="UNANN" ID="6669150">
            <layer rank="1" name="PENN">
                <label end="4" start="0" name="in"/>
                <label end="10" start="6" name="dt"/>
                <label end="16" start="12" name="nn"/>
                <label end="25" start="18" name="VVN"/>
                <label end="28" start="27" name="VBZ"/>
                <label end="30" start="30" name="dt"/>
                <label end="42" start="32" name="nn"/>
                <label end="51" start="44" name="jj"/>
                <label end="55" start="53" name="nn"/>
                <label end="57" start="57" name="sent"/>
            </layer>
            <layer rank="1" name="NER"/>
            <layer rank="1" name="WSL">
                <label end="10" start="6" name="NT"/>
                <label end="28" start="27" name="NT"/>
                <label end="30" start="30" name="NT"/>
                <label end="57" start="57" name="NT"/>
            </layer>
        </annotationSet>
        <annotationSet cDate="07/17/2014 02:53:44 PDT Thu" luID="13929" luName="among.prep" frameID="1818" frameName="Be_subset_of" status="MANUAL" ID="6669264">
            <layer rank="1" name="Target">
                <label cBy="WMcQ" end="4" start="0" name="Target"/>
            </layer>
            <layer rank="1" name="FE">
                <label cBy="WMcQ" feID="10757" bgColor="0000FF" fgColor="FFFFFF" end="25" start="6" name="Total"/>
                <label cBy="WMcQ" feID="10758" bgColor="FF0000" fgColor="FFFFFF" end="55" start="30" name="Part"/>
            </layer>
            <layer rank="1" name="GF">
                <label end="25" start="6" name="Obj"/>
                <label end="55" start="30" name="Ext"/>
            </layer>
            <layer rank="1" name="PT">
                <label end="25" start="6" name="NP"/>
                <label end="55" start="30" name="NP"/>
            </layer>
            <layer rank="1" name="Other"/>
            <layer rank="1" name="Sent"/>
            <layer rank="1" name="Prep">
                <label end="28" start="27" name="Cop"/>
            </layer>
        </annotationSet>
        <annotationSet cDate="07/17/2014 02:54:19 PDT Thu" luID="5685" luName="detain.v" frameID="313" frameName="Detaining" status="MANUAL" ID="6669265">
            <layer rank="1" name="Target">
                <label cBy="WMcQ" end="25" start="18" name="Target"/>
            </layer>
            <layer rank="1" name="FE">
                <label cBy="WMcQ" feID="2705" bgColor="0000FF" fgColor="FFFFFF" end="10" start="6" name="Suspect"/>
                <label cBy="MJE" feID="2702" itype="CNI" bgColor="FF0000" fgColor="FFFFFF" name="Authorities"/>
            </layer>
            <layer rank="1" name="GF">
                <label end="10" start="6" name="Ext"/>
            </layer>
            <layer rank="1" name="PT">
                <label end="10" start="6" name="NP"/>
            </layer>
            <layer rank="1" name="Other"/>
            <layer rank="1" name="Sent"/>
            <layer rank="1" name="Verb"/>
        </annotationSet>
        <annotationSet cDate="07/17/2014 02:54:52 PDT Thu" luID="5526" luName="man.n" frameID="304" frameName="People" status="MANUAL" ID="6669266">
            <layer rank="1" name="Target">
                <label cBy="WMcQ" end="55" start="53" name="Target"/>
            </layer>
            <layer rank="1" name="FE">
                <label cBy="WMcQ" feID="2618" bgColor="FF0000" fgColor="FFFFFF" end="55" start="53" name="Person"/>
                <label cBy="WMcQ" feID="2621" bgColor="00008B" fgColor="FFFFFF" end="51" start="32" name="Age"/>
            </layer>
            <layer rank="1" name="GF">
                <label end="51" start="32" name="Dep"/>
            </layer>
            <layer rank="1" name="PT">
                <label end="51" start="32" name="AJP"/>
            </layer>
            <layer rank="1" name="Other"/>
            <layer rank="1" name="Sent"/>
            <layer rank="1" name="Noun"/>
        </annotationSet>
    </sentence>
    <sentence corpID="246" docID="25616" sentNo="1" paragNo="7" aPos="0" ID="4164981">
        <text>'' Those arrested are people who knew exactly what they were doing , knew they were committing crimes and went up into the hills to start fires , sometimes more than one , '' said the president of Galicia 's regional government , Emilio Perez Tourino .</text>
        <annotationSet cDate="07/17/2014 11:43:13 PDT Thu" status="UNANN" ID="6669151">
            <layer rank="1" name="PENN">
                <label end="1" start="0" name="''"/>
                <label end="7" start="3" name="dt"/>
                <label end="16" start="9" name="VVN"/>
                <label end="20" start="18" name="vbp"/>
                <label end="27" start="22" name="nns"/>
                <label end="31" start="29" name="wp"/>
                <label end="36" start="33" name="VVD"/>
                <label end="44" start="38" name="rb"/>
                <label end="49" start="46" name="wp"/>
                <label end="54" start="51" name="PP"/>
                <label end="59" start="56" name="VBD"/>
                <label end="65" start="61" name="VVG"/>
                <label end="67" start="67" name=","/>
                <label end="72" start="69" name="VVD"/>
                <label end="77" start="74" name="PP"/>
                <label end="82" start="79" name="VBD"/>
                <label end="93" start="84" name="VVG"/>
                <label end="100" start="95" name="nns"/>
                <label end="104" start="102" name="cc"/>
                <label end="109" start="106" name="VVD"/>
                <label end="112" start="111" name="rp"/>
                <label end="117" start="114" name="in"/>
                <label end="121" start="119" name="dt"/>
                <label end="127" start="123" name="nns"/>
                <label end="130" start="129" name="to"/>
                <label end="136" start="132" name="VV"/>
                <label end="142" start="138" name="nns"/>
                <label end="144" start="144" name=","/>
                <label end="154" start="146" name="rb"/>
                <label end="159" start="156" name="jjr"/>
                <label end="164" start="161" name="in"/>
                <label end="168" start="166" name="cd"/>
                <label end="170" start="170" name=","/>
                <label end="173" start="172" name="''"/>
                <label end="178" start="175" name="VVD"/>
                <label end="182" start="180" name="dt"/>
                <label end="192" start="184" name="nn"/>
                <label end="195" start="194" name="in"/>
                <label end="203" start="197" name="NP"/>
                <label end="206" start="205" name="POS"/>
                <label end="215" start="208" name="jj"/>
                <label end="226" start="217" name="nn"/>
                <label end="228" start="228" name=","/>
                <label end="235" start="230" name="NP"/>
                <label end="241" start="237" name="NP"/>
                <label end="249" start="243" name="NP"/>
                <label end="251" start="251" name="sent"/>
            </layer>
            <layer rank="1" name="NER">
                <label end="203" start="197" name="location"/>
                <label end="249" start="230" name="person"/>
            </layer>
            <layer rank="1" name="WSL">
                <label end="1" start="0" name="NT"/>
                <label end="7" start="3" name="NT"/>
                <label end="20" start="18" name="NT"/>
                <label end="31" start="29" name="NT"/>
                <label end="44" start="38" name="NT"/>
                <label end="49" start="46" name="NT"/>
                <label end="54" start="51" name="NT"/>
                <label end="59" start="56" name="NT"/>
                <label end="67" start="67" name="NT"/>
                <label end="77" start="74" name="NT"/>
                <label end="82" start="79" name="NT"/>
                <label end="104" start="102" name="NT"/>
                <label end="112" start="111" name="NT"/>
                <label end="121" start="119" name="NT"/>
                <label end="130" start="129" name="NT"/>
                <label end="144" start="144" name="NT"/>
                <label end="154" start="146" name="NT"/>
                <label end="164" start="161" name="NT"/>
                <label end="168" start="166" name="NT"/>
                <label end="170" start="170" name="NT"/>
                <label end="173" start="172" name="NT"/>
                <label end="182" start="180" name="NT"/>
                <label end="195" start="194" name="NT"/>
                <label end="203" start="197" name="NT"/>
                <label end="206" start="205" name="NT"/>
                <label end="228" start="228" name="NT"/>
                <label end="235" start="230" name="NT"/>
                <label end="241" start="237" name="NT"/>
                <label end="249" start="243" name="NT"/>
                <label end="251" start="251" name="NT"/>
            </layer>
        </annotationSet>
        <annotationSet cDate="07/17/2014 02:55:28 PDT Thu" luID="160" luName="know.v" frameID="19" frameName="Awareness" status="MANUAL" ID="6669267">
            <layer rank="1" name="Target">
                <label cBy="WMcQ" end="36" start="33" name="Target"/>
            </layer>
            <layer rank="1" name="FE">
                <label cBy="WMcQ" feID="83" bgColor="FF0000" fgColor="FFFFFF" end="27" start="22" name="Cognizer"/>
                <label cBy="WMcQ" feID="84" bgColor="0000FF" fgColor="FFFFFF" end="65" start="38" name="Content"/>
                <label cBy="MJE" feID="83" bgColor="FF0000" fgColor="FFFFFF" end="31" start="29" name="Cognizer"/>
            </layer>
            <layer rank="1" name="GF">
                <label end="27" start="22" name="Ext"/>
                <label end="65" start="38" name="Obj"/>
                <label end="31" start="29" name="Ext"/>
            </layer>
            <layer rank="1" name="PT">
                <label end="27" start="22" name="NP"/>
                <label end="65" start="38" name="NP"/>
                <label end="31" start="29" name="NP"/>
            </layer>
            <layer rank="1" name="Other">
                <label end="27" start="22" name="Ant"/>
                <label end="31" start="29" name="Rel"/>
            </layer>
            <layer rank="1" name="Sent"/>
            <layer rank="1" name="Verb"/>
        </annotationSet>
        <annotationSet cDate="07/17/2014 02:58:23 PDT Thu" luID="4345" luName="go.v" frameID="7" frameName="Motion" status="MANUAL" ID="6669268">
            <layer rank="1" name="Target">
                <label cBy="WMcQ" end="109" start="106" name="Target"/>
            </layer>
            <layer rank="1" name="FE">
                <label cBy="WMcQ" feID="26" bgColor="800080" fgColor="FFFFFF" end="27" start="22" name="Theme"/>
                <label cBy="WMcQ" feID="6470" bgColor="A9A9A9" fgColor="FFFFFF" end="112" start="111" name="Direction"/>
                <label cBy="WMcQ" feID="29" bgColor="FF0000" fgColor="FFFFFF" end="127" start="114" name="Goal"/>
                <label cBy="WMcQ" feID="6969" bgColor="7CCD7C" fgColor="FFFFFF" end="142" start="129" name="Purpose"/>
            </layer>
            <layer rank="1" name="GF">
                <label end="27" start="22" name="Ext"/>
                <label end="112" start="111" name="Dep"/>
                <label end="127" start="114" name="Dep"/>
                <label end="142" start="129" name="Dep"/>
            </layer>
            <layer rank="1" name="PT">
                <label end="27" start="22" name="NP"/>
                <label end="112" start="111" name="AVP"/>
                <label end="127" start="114" name="PP"/>
                <label end="142" start="129" name="VPto"/>
            </layer>
            <layer rank="1" name="Other"/>
            <layer rank="1" name="Sent"/>
            <layer rank="1" name="Verb"/>
        </annotationSet>
        <annotationSet cDate="07/17/2014 03:02:03 PDT Thu" luID="751" luName="say.v" frameID="43" frameName="Statement" status="MANUAL" ID="6669270">
            <layer rank="1" name="Target">
                <label cBy="WMcQ" end="178" start="175" name="Target"/>
            </layer>
            <layer rank="1" name="FE">
                <label cBy="WMcQ" feID="185" bgColor="00BFFF" fgColor="FFFFFF" end="168" start="3" name="Message"/>
                <label cBy="WMcQ" feID="183" bgColor="FF0000" fgColor="FFFFFF" end="249" start="180" name="Speaker"/>
            </layer>
            <layer rank="1" name="GF">
                <label end="168" start="3" name="Dep"/>
                <label end="249" start="180" name="Ext"/>
            </layer>
            <layer rank="1" name="PT">
                <label end="168" start="3" name="QUO"/>
                <label end="249" start="180" name="NP"/>
            </layer>
            <layer rank="1" name="Other"/>
            <layer rank="1" name="Sent"/>
            <layer rank="1" name="Verb"/>
        </annotationSet>
        <annotationSet cDate="07/17/2014 03:02:49 PDT Thu" luID="11808" luName="government.n" frameID="1371" frameName="Organization" status="MANUAL" ID="6669271">
            <layer rank="1" name="Target">
                <label cBy="WMcQ" end="226" start="217" name="Target"/>
            </layer>
            <layer rank="1" name="FE">
                <label cBy="WMcQ" feID="13753" bgColor="FFA500" fgColor="000000" end="215" start="208" name="Descriptor"/>
                <label cBy="WMcQ" feID="7698" bgColor="0000FF" fgColor="FFFFFF" end="226" start="217" name="Organization"/>
                <label cBy="MJE" feID="13752" bgColor="FF69B4" fgColor="FFFFFF" end="206" start="197" name="Place"/>
            </layer>
            <layer rank="1" name="GF">
                <label end="215" start="208" name="Dep"/>
                <label end="206" start="197" name="Gen"/>
            </layer>
            <layer rank="1" name="PT">
                <label end="215" start="208" name="AJP"/>
                <label end="206" start="197" name="Poss"/>
            </layer>
            <layer rank="1" name="Other"/>
            <layer rank="1" name="Sent"/>
            <layer rank="1" name="Noun"/>
        </annotationSet>
        <annotationSet cDate="07/17/2014 03:03:15 PDT Thu" luID="1599" luName="president [political].n" frameID="73" frameName="Leadership" status="MANUAL" ID="6669272">
            <layer rank="1" name="Target">
                <label cBy="WMcQ" end="192" start="184" name="Target"/>
            </layer>
            <layer rank="1" name="FE">
                <label cBy="WMcQ" feID="6431" bgColor="0000FF" fgColor="FFFFFF" end="226" start="194" name="Governed"/>
                <label cBy="WMcQ" feID="349" bgColor="00BFFF" fgColor="FFFFFF" end="192" start="184" name="Role"/>
                <label cBy="WMcQ" feID="347" bgColor="FF0000" fgColor="FFFFFF" end="249" start="230" name="Leader"/>
            </layer>
            <layer rank="1" name="GF">
                <label end="226" start="194" name="Dep"/>
                <label end="249" start="230" name="Appositive"/>
            </layer>
            <layer rank="1" name="PT">
                <label end="226" start="194" name="PP"/>
                <label end="249" start="230" name="NP"/>
            </layer>
            <layer rank="1" name="Other"/>
            <layer rank="1" name="Sent"/>
            <layer rank="1" name="Noun"/>
        </annotationSet>
        <annotationSet cDate="07/18/2014 04:36:19 PDT Fri" luID="10615" luName="doing.n" frameID="198" frameName="Intentionally_act" status="MANUAL" ID="6670222">
            <layer rank="1" name="Target">
                <label cBy="MJE" end="65" start="61" name="Target"/>
            </layer>
            <layer rank="1" name="FE">
                <label cBy="MJE" feID="1610" bgColor="FF0000" fgColor="FFFFFF" end="54" start="51" name="Agent"/>
                <label cBy="MJE" feID="1609" bgColor="0000FF" fgColor="FFFFFF" end="49" start="46" name="Act"/>
            </layer>
            <layer rank="1" name="GF">
                <label end="54" start="51" name="Ext"/>
                <label end="49" start="46" name="Obj"/>
            </layer>
            <layer rank="1" name="PT">
                <label end="54" start="51" name="NP"/>
                <label end="49" start="46" name="NP"/>
            </layer>
            <layer rank="1" name="Other"/>
            <layer rank="1" name="Sent"/>
            <layer rank="1" name="Noun"/>
        </annotationSet>
        <annotationSet cDate="07/18/2014 04:37:08 PDT Fri" luID="160" luName="know.v" frameID="19" frameName="Awareness" status="MANUAL" ID="6670223">
            <layer rank="1" name="Target">
                <label cBy="MJE" end="72" start="69" name="Target"/>
            </layer>
            <layer rank="1" name="FE">
                <label cBy="MJE" feID="83" bgColor="FF0000" fgColor="FFFFFF" end="27" start="22" name="Cognizer"/>
                <label cBy="MJE" feID="83" bgColor="FF0000" fgColor="FFFFFF" end="31" start="29" name="Cognizer"/>
                <label cBy="MJE" feID="84" bgColor="0000FF" fgColor="FFFFFF" end="100" start="74" name="Content"/>
            </layer>
            <layer rank="1" name="GF">
                <label end="27" start="22" name="Ext"/>
                <label end="31" start="29" name="Ext"/>
                <label end="100" start="74" name="Dep"/>
            </layer>
            <layer rank="1" name="PT">
                <label end="27" start="22" name="NP"/>
                <label end="31" start="29" name="NP"/>
                <label end="100" start="74" name="Sfin"/>
            </layer>
            <layer rank="1" name="Other">
                <label end="31" start="29" name="Rel"/>
                <label end="27" start="22" name="Ant"/>
            </layer>
            <layer rank="1" name="Sent"/>
            <layer rank="1" name="Verb"/>
        </annotationSet>
        <annotationSet cDate="07/18/2014 04:53:53 PDT Fri" luID="17633" luName="start.v" frameID="283" frameName="Setting_fire" status="MANUAL" ID="6670530">
            <layer rank="1" name="Target">
                <label cBy="MJE" end="136" start="132" name="Target"/>
            </layer>
            <layer rank="1" name="FE">
                <label cBy="MJE" feID="2450" bgColor="800080" fgColor="FFFFFF" end="142" start="138" name="Flame"/>
                <label cBy="MJE" feID="2456" bgColor="FFA500" fgColor="FFFFFF" end="154" start="146" name="Time"/>
                <label cBy="MJE" feID="2450" bgColor="800080" fgColor="FFFFFF" end="168" start="156" name="Flame"/>
                <label cBy="HPh" feID="2449" itype="DNI" bgColor="FF0000" fgColor="FFFFFF" name="Kindler"/>
            </layer>
            <layer rank="1" name="GF">
                <label end="142" start="138" name="Obj"/>
                <label end="154" start="146" name="Dep"/>
                <label end="168" start="156" name="Obj"/>
            </layer>
            <layer rank="1" name="PT">
                <label end="142" start="138" name="NP"/>
                <label end="154" start="146" name="AVP"/>
                <label end="168" start="156" name="NP"/>
            </layer>
            <layer rank="1" name="Other"/>
            <layer rank="1" name="Sent"/>
            <layer rank="1" name="Verb"/>
        </annotationSet>
        <annotationSet cDate="07/18/2014 04:58:13 PDT Fri" luID="14413" luName="into.prep" frameID="1177" frameName="Goal" status="MANUAL" ID="6670657">
            <layer rank="1" name="Target">
                <label cBy="MJE" end="117" start="114" name="Target"/>
            </layer>
            <layer rank="1" name="FE">
                <label cBy="MJE" feID="6823" bgColor="0000FF" fgColor="FFFFFF" end="127" start="119" name="Landmark"/>
                <label cBy="MJE" feID="6825" bgColor="008000" fgColor="FFFFFF" end="77" start="74" name="Trajector"/>
            </layer>
            <layer rank="1" name="GF">
                <label end="127" start="119" name="Obj"/>
                <label end="77" start="74" name="Ext"/>
            </layer>
            <layer rank="1" name="PT">
                <label end="127" start="119" name="NP"/>
                <label end="77" start="74" name="NP"/>
            </layer>
            <layer rank="1" name="Other"/>
            <layer rank="1" name="Sent"/>
            <layer rank="1" name="Prep"/>
        </annotationSet>
    </sentence>
    <sentence corpID="246" docID="25616" sentNo="1" paragNo="8" aPos="0" ID="4164982">
        <text>Four hundred troops are currently in the northwestern county guarding densely-populated areas , airports and power stations .</text>
        <annotationSet cDate="07/17/2014 11:43:13 PDT Thu" status="UNANN" ID="6669152">
            <layer rank="1" name="PENN">
                <label end="3" start="0" name="cd"/>
                <label end="11" start="5" name="cd"/>
                <label end="18" start="13" name="nns"/>
                <label end="22" start="20" name="vbp"/>
                <label end="32" start="24" name="rb"/>
                <label end="35" start="34" name="in"/>
                <label end="39" start="37" name="dt"/>
                <label end="52" start="41" name="jj"/>
                <label end="59" start="54" name="nn"/>
                <label end="68" start="61" name="VVG"/>
                <label end="86" start="70" name="jj"/>
                <label end="92" start="88" name="nns"/>
                <label end="94" start="94" name=","/>
                <label end="103" start="96" name="nns"/>
                <label end="107" start="105" name="cc"/>
                <label end="113" start="109" name="nn"/>
                <label end="122" start="115" name="nns"/>
                <label end="124" start="124" name="sent"/>
            </layer>
            <layer rank="1" name="NER"/>
            <layer rank="1" name="WSL">
                <label end="3" start="0" name="NT"/>
                <label end="11" start="5" name="NT"/>
                <label end="22" start="20" name="NT"/>
                <label end="39" start="37" name="NT"/>
                <label end="94" start="94" name="NT"/>
                <label end="107" start="105" name="NT"/>
                <label end="124" start="124" name="NT"/>
            </layer>
        </annotationSet>
        <annotationSet cDate="07/17/2014 03:04:13 PDT Thu" luID="16705" luName="troop.n" frameID="2670" frameName="Member_of_military" status="MANUAL" ID="6669273">
            <layer rank="1" name="Target">
                <label cBy="WMcQ" end="18" start="13" name="Target"/>
            </layer>
            <layer rank="1" name="FE">
                <label cBy="MJE" feID="15141" bgColor="FF0000" fgColor="FFFFFF" end="18" start="13" name="Person"/>
            </layer>
            <layer rank="1" name="GF"/>
            <layer rank="1" name="PT"/>
            <layer rank="1" name="Other"/>
            <layer rank="1" name="Sent"/>
            <layer rank="1" name="Noun"/>
        </annotationSet>
        <annotationSet cDate="07/17/2014 03:06:04 PDT Thu" luID="14700" luName="guard.v" frameID="1631" frameName="Protecting" status="MANUAL" ID="6669274">
            <layer rank="1" name="Target">
                <label cBy="WMcQ" end="68" start="61" name="Target"/>
            </layer>
            <layer rank="1" name="FE">
                <label cBy="WMcQ" feID="9089" bgColor="0000FF" fgColor="FFFFFF" end="92" start="70" name="Asset"/>
                <label cBy="WMcQ" feID="9089" bgColor="0000FF" fgColor="FFFFFF" end="103" start="96" name="Asset"/>
                <label cBy="WMcQ" feID="9089" bgColor="0000FF" fgColor="FFFFFF" end="122" start="109" name="Asset"/>
                <label cBy="WMcQ" feID="9084" bgColor="FF0000" fgColor="FFFFFF" end="18" start="0" name="Protection"/>
            </layer>
            <layer rank="1" name="GF">
                <label end="92" start="70" name="Obj"/>
                <label end="103" start="96" name="Obj"/>
                <label end="122" start="109" name="Obj"/>
                <label end="18" start="0" name="Ext"/>
            </layer>
            <layer rank="1" name="PT">
                <label end="92" start="70" name="NP"/>
                <label end="103" start="96" name="NP"/>
                <label end="122" start="109" name="NP"/>
                <label end="18" start="0" name="NP"/>
            </layer>
            <layer rank="1" name="Other"/>
            <layer rank="1" name="Sent"/>
            <layer rank="1" name="Verb"/>
        </annotationSet>
        <annotationSet cDate="07/17/2014 03:07:09 PDT Thu" luID="3694" luName="area.n" frameID="192" frameName="Locale" status="MANUAL" ID="6669275">
            <layer rank="1" name="Target">
                <label cBy="WMcQ" end="92" start="88" name="Target"/>
            </layer>
            <layer rank="1" name="FE">
                <label cBy="WMcQ" feID="6966" bgColor="008000" fgColor="FFFFFF" end="86" start="70" name="Descriptor"/>
                <label cBy="WMcQ" feID="1565" bgColor="FF0000" fgColor="FFFFFF" end="92" start="88" name="Locale"/>
            </layer>
            <layer rank="1" name="GF">
                <label end="86" start="70" name="Dep"/>
            </layer>
            <layer rank="1" name="PT">
                <label end="86" start="70" name="AJP"/>
            </layer>
            <layer rank="1" name="Other"/>
            <layer rank="1" name="Sent"/>
            <layer rank="1" name="Noun"/>
        </annotationSet>
        <annotationSet cDate="07/17/2014 03:07:21 PDT Thu" luID="14689" luName="airport.n" frameID="173" frameName="Buildings" status="MANUAL" ID="6669276">
            <layer rank="1" name="Target">
                <label cBy="WMcQ" end="103" start="96" name="Target"/>
            </layer>
            <layer rank="1" name="FE">
                <label cBy="WMcQ" feID="6037" bgColor="800080" fgColor="FFFFFF" end="103" start="96" name="Building"/>
            </layer>
            <layer rank="1" name="GF"/>
            <layer rank="1" name="PT"/>
            <layer rank="1" name="Other"/>
            <layer rank="1" name="Sent"/>
            <layer rank="1" name="Noun"/>
        </annotationSet>
        <annotationSet cDate="07/17/2014 03:07:36 PDT Thu" luID="16624" luName="station.n" frameID="196" frameName="Locale_by_use" status="MANUAL" ID="6669277">
            <layer rank="1" name="Target">
                <label cBy="WMcQ" end="122" start="115" name="Target"/>
            </layer>
            <layer rank="1" name="FE">
                <label cBy="WMcQ" feID="1588" bgColor="800080" fgColor="FFFFFF" end="122" start="115" name="Locale"/>
                <label cBy="WMcQ" feID="6697" bgColor="00BFFF" fgColor="FFFFFF" end="113" start="109" name="Use"/>
            </layer>
            <layer rank="1" name="GF">
                <label end="113" start="109" name="Dep"/>
            </layer>
            <layer rank="1" name="PT">
                <label end="113" start="109" name="N"/>
            </layer>
            <layer rank="1" name="Other"/>
            <layer rank="1" name="Sent"/>
            <layer rank="1" name="Noun"/>
        </annotationSet>
        <annotationSet cDate="07/17/2014 03:07:53 PDT Thu" luID="3687" luName="county.n" frameID="195" frameName="Political_locales" status="MANUAL" ID="6669278">
            <layer rank="1" name="Target">
                <label cBy="WMcQ" end="59" start="54" name="Target"/>
            </layer>
            <layer rank="1" name="FE">
                <label cBy="WMcQ" feID="1602" bgColor="0000FF" fgColor="FFFFFF" end="52" start="41" name="Relative_location"/>
                <label cBy="WMcQ" feID="1583" bgColor="00008B" fgColor="FFFFFF" end="59" start="54" name="Locale"/>
            </layer>
            <layer rank="1" name="GF">
                <label end="52" start="41" name="Dep"/>
            </layer>
            <layer rank="1" name="PT">
                <label end="52" start="41" name="AJP"/>
            </layer>
            <layer rank="1" name="Other"/>
            <layer rank="1" name="Sent"/>
            <layer rank="1" name="Noun"/>
        </annotationSet>
        <annotationSet cDate="07/21/2014 11:04:50 PDT Mon" luID="10801" luName="in.prep" frameID="1178" frameName="Interior_profile_relation" status="MANUAL" ID="6670814">
            <layer rank="1" name="Target">
                <label cBy="MJE" end="35" start="34" name="Target"/>
            </layer>
            <layer rank="1" name="FE">
                <label cBy="MJE" feID="6826" bgColor="FF0000" fgColor="FFFFFF" end="18" start="0" name="Figure"/>
                <label cBy="MJE" feID="15851" bgColor="FFA500" fgColor="FFFFFF" end="32" start="24" name="Time"/>
                <label cBy="MJE" feID="6828" bgColor="008000" fgColor="FFFFFF" end="59" start="37" name="Ground"/>
            </layer>
            <layer rank="1" name="GF">
                <label end="18" start="0" name="Ext"/>
                <label end="32" start="24" name="Dep"/>
                <label end="59" start="37" name="Obj"/>
            </layer>
            <layer rank="1" name="PT">
                <label end="18" start="0" name="NP"/>
                <label end="32" start="24" name="AVP"/>
                <label end="59" start="37" name="NP"/>
            </layer>
            <layer rank="1" name="Other"/>
            <layer rank="1" name="Sent"/>
            <layer rank="1" name="Prep">
                <label end="22" start="20" name="Cop"/>
            </layer>
        </annotationSet>
        <annotationSet cDate="07/21/2014 11:05:00 PDT Mon" luID="14085" luName="currently.adv" frameID="1895" frameName="Temporal_collocation" status="MANUAL" ID="6670815">
            <layer rank="1" name="Target">
                <label cBy="MJE" end="32" start="24" name="Target"/>
            </layer>
            <layer rank="1" name="FE">
                <label cBy="MJE" feID="12064" bgColor="FF00FF" fgColor="FFFFFF" end="22" start="0" name="Trajector_event"/>
                <label cBy="MJE" feID="12064" bgColor="FF00FF" fgColor="FFFFFF" end="59" start="34" name="Trajector_event"/>
                <label cBy="MJE" feID="12063" bgColor="1E90FF" fgColor="FFFFFF" end="32" start="24" name="Landmark_period"/>
            </layer>
            <layer rank="1" name="GF">
                <label end="22" start="0" name="Head"/>
                <label end="59" start="34" name="Head"/>
            </layer>
            <layer rank="1" name="PT">
                <label end="22" start="0" name="Sfin"/>
                <label end="59" start="34" name="Sfin"/>
            </layer>
            <layer rank="1" name="Other"/>
            <layer rank="1" name="Sent"/>
            <layer rank="1" name="Adv"/>
        </annotationSet>
    </sentence>
    <sentence corpID="246" docID="25616" sentNo="1" paragNo="9" aPos="0" ID="4164983">
        <text>Spain 's President of Government , Jose Luis Rodriguez Zapatero , said earlier this week that an additional 1,200 army personnel would be sent to the area to assist the fire service .</text>
        <annotationSet cDate="07/17/2014 11:43:13 PDT Thu" status="UNANN" ID="6669153">
            <layer rank="1" name="PENN">
                <label end="4" start="0" name="NP"/>
                <label end="7" start="6" name="POS"/>
                <label end="17" start="9" name="NP"/>
                <label end="20" start="19" name="in"/>
                <label end="31" start="22" name="NP"/>
                <label end="33" start="33" name=","/>
                <label end="38" start="35" name="NP"/>
                <label end="43" start="40" name="NP"/>
                <label end="53" start="45" name="NP"/>
                <label end="62" start="55" name="NP"/>
                <label end="64" start="64" name=","/>
                <label end="69" start="66" name="VVD"/>
                <label end="77" start="71" name="rbr"/>
                <label end="82" start="79" name="dt"/>
                <label end="87" start="84" name="nn"/>
                <label end="92" start="89" name="IN/that"/>
                <label end="95" start="94" name="dt"/>
                <label end="106" start="97" name="jj"/>
                <label end="112" start="108" name="cd"/>
                <label end="117" start="114" name="nn"/>
                <label end="127" start="119" name="nns"/>
                <label end="133" start="129" name="md"/>
                <label end="136" start="135" name="vb"/>
                <label end="141" start="138" name="VVN"/>
                <label end="144" start="143" name="to"/>
                <label end="148" start="146" name="dt"/>
                <label end="153" start="150" name="nn"/>
                <label end="156" start="155" name="to"/>
                <label end="163" start="158" name="VV"/>
                <label end="167" start="165" name="dt"/>
                <label end="172" start="169" name="nn"/>
                <label end="180" start="174" name="nn"/>
                <label end="182" start="182" name="sent"/>
            </layer>
            <layer rank="1" name="NER">
                <label end="4" start="0" name="location"/>
                <label end="62" start="35" name="person"/>
                <label end="117" start="114" name="organization"/>
            </layer>
            <layer rank="1" name="WSL">
                <label end="4" start="0" name="NT"/>
                <label end="7" start="6" name="NT"/>
                <label end="20" start="19" name="NT"/>
                <label end="31" start="22" name="NT"/>
                <label end="33" start="33" name="NT"/>
                <label end="38" start="35" name="NT"/>
                <label end="43" start="40" name="NT"/>
                <label end="53" start="45" name="NT"/>
                <label end="62" start="55" name="NT"/>
                <label end="64" start="64" name="NT"/>
                <label end="77" start="71" name="NT"/>
                <label end="82" start="79" name="NT"/>
                <label end="95" start="94" name="NT"/>
                <label end="112" start="108" name="NT"/>
                <label end="133" start="129" name="NT"/>
                <label end="136" start="135" name="NT"/>
                <label end="144" start="143" name="NT"/>
                <label end="148" start="146" name="NT"/>
                <label end="156" start="155" name="NT"/>
                <label end="167" start="165" name="NT"/>
                <label end="182" start="182" name="NT"/>
            </layer>
        </annotationSet>
        <annotationSet cDate="07/17/2014 03:08:18 PDT Thu" luID="1599" luName="president [political].n" frameID="73" frameName="Leadership" status="MANUAL" ID="6669279">
            <layer rank="1" name="Target">
                <label cBy="WMcQ" end="17" start="9" name="Target"/>
            </layer>
            <layer rank="1" name="FE">
                <label cBy="WMcQ" feID="12033" bgColor="2E8B57" fgColor="FFFFFF" end="31" start="19" name="Domain"/>
                <label cBy="WMcQ" feID="6431" bgColor="0000FF" fgColor="FFFFFF" end="7" start="0" name="Governed"/>
                <label cBy="WMcQ" feID="347" bgColor="FF0000" fgColor="FFFFFF" end="62" start="35" name="Leader"/>
            </layer>
            <layer rank="1" name="GF">
                <label end="31" start="19" name="Dep"/>
                <label end="7" start="0" name="Gen"/>
                <label end="62" start="35" name="Appositive"/>
            </layer>
            <layer rank="1" name="PT">
                <label end="31" start="19" name="PP"/>
                <label end="7" start="0" name="Poss"/>
                <label end="62" start="35" name="NP"/>
            </layer>
            <layer rank="1" name="Other"/>
            <layer rank="1" name="Sent"/>
            <layer rank="1" name="Noun"/>
        </annotationSet>
        <annotationSet cDate="07/17/2014 03:09:33 PDT Thu" luID="751" luName="say.v" frameID="43" frameName="Statement" status="MANUAL" ID="6669280">
            <layer rank="1" name="Target">
                <label cBy="WMcQ" end="69" start="66" name="Target"/>
            </layer>
            <layer rank="1" name="FE">
                <label cBy="WMcQ" feID="183" bgColor="FF0000" fgColor="FFFFFF" end="62" start="0" name="Speaker"/>
                <label cBy="WMcQ" feID="4380" bgColor="FFA500" fgColor="FFFFFF" end="87" start="71" name="Time"/>
                <label cBy="MJE" feID="185" bgColor="00BFFF" fgColor="FFFFFF" end="180" start="89" name="Message"/>
            </layer>
            <layer rank="1" name="GF">
                <label end="62" start="0" name="Ext"/>
                <label end="87" start="71" name="Dep"/>
                <label end="180" start="89" name="Dep"/>
            </layer>
            <layer rank="1" name="PT">
                <label end="62" start="0" name="NP"/>
                <label end="87" start="71" name="AVP"/>
                <label end="180" start="89" name="Sfin"/>
            </layer>
            <layer rank="1" name="Other"/>
            <layer rank="1" name="Sent"/>
            <layer rank="1" name="Verb"/>
        </annotationSet>
        <annotationSet cDate="07/17/2014 03:11:15 PDT Thu" luID="11685" luName="personnel.n" frameID="323" frameName="Employing" status="MANUAL" ID="6669281">
            <layer rank="1" name="Target">
                <label cBy="WMcQ" end="127" start="119" name="Target"/>
            </layer>
            <layer rank="1" name="FE">
                <label cBy="WMcQ" feID="2808" bgColor="FF0000" fgColor="FFFFFF" end="117" start="114" name="Employer"/>
                <label cBy="MJE" feID="2807" bgColor="0000FF" fgColor="FFFFFF" end="127" start="119" name="Employee"/>
            </layer>
            <layer rank="1" name="GF">
                <label end="117" start="114" name="Dep"/>
            </layer>
            <layer rank="1" name="PT">
                <label end="117" start="114" name="N"/>
            </layer>
            <layer rank="1" name="Other"/>
            <layer rank="1" name="Sent"/>
            <layer rank="1" name="Noun"/>
        </annotationSet>
        <annotationSet cDate="07/17/2014 03:12:51 PDT Thu" luID="3694" luName="area.n" frameID="192" frameName="Locale" status="MANUAL" ID="6669282">
            <layer rank="1" name="Target">
                <label cBy="WMcQ" end="153" start="150" name="Target"/>
            </layer>
            <layer rank="1" name="FE">
                <label cBy="WMcQ" feID="1565" bgColor="FF0000" fgColor="FFFFFF" end="153" start="150" name="Locale"/>
            </layer>
            <layer rank="1" name="GF"/>
            <layer rank="1" name="PT"/>
            <layer rank="1" name="Other"/>
            <layer rank="1" name="Sent"/>
            <layer rank="1" name="Noun"/>
        </annotationSet>
        <annotationSet cDate="07/17/2014 03:12:57 PDT Thu" luID="7040" luName="assist.v" frameID="391" frameName="Assistance" status="MANUAL" ID="6669283">
            <layer rank="1" name="Target">
                <label cBy="WMcQ" end="163" start="158" name="Target"/>
            </layer>
            <layer rank="1" name="FE">
                <label cBy="WMcQ" feID="3499" bgColor="0000FF" fgColor="FFFFFF" end="180" start="165" name="Benefited_party"/>
                <label cBy="WMcQ" feID="3500" bgColor="FF0000" fgColor="FFFFFF" end="127" start="94" name="Helper"/>
            </layer>
            <layer rank="1" name="GF">
                <label end="180" start="165" name="Obj"/>
                <label end="127" start="94" name="Ext"/>
            </layer>
            <layer rank="1" name="PT">
                <label end="180" start="165" name="NP"/>
                <label end="127" start="94" name="NP"/>
            </layer>
            <layer rank="1" name="Other"/>
            <layer rank="1" name="Sent"/>
            <layer rank="1" name="Verb"/>
        </annotationSet>
    </sentence>
    <sentence corpID="246" docID="25616" sentNo="1" paragNo="10" aPos="0" ID="4164984">
        <text>Yesterday , flames continued to threaten Galicia , but the number of fires said to be out of control reportedly dropped thanks to the vigorous efforts of firefighters , soldiers and volunteers .</text>
        <annotationSet cDate="07/17/2014 11:43:14 PDT Thu" status="UNANN" ID="6669154">
            <layer rank="1" name="PENN">
                <label end="8" start="0" name="rb"/>
                <label end="10" start="10" name=","/>
                <label end="17" start="12" name="nns"/>
                <label end="27" start="19" name="VVD"/>
                <label end="30" start="29" name="to"/>
                <label end="39" start="32" name="VV"/>
                <label end="47" start="41" name="NP"/>
                <label end="49" start="49" name=","/>
                <label end="53" start="51" name="cc"/>
                <label end="57" start="55" name="dt"/>
                <label end="64" start="59" name="nn"/>
                <label end="67" start="66" name="in"/>
                <label end="73" start="69" name="nns"/>
                <label end="78" start="75" name="VVD"/>
                <label end="81" start="80" name="to"/>
                <label end="84" start="83" name="vb"/>
                <label end="88" start="86" name="rp"/>
                <label end="91" start="90" name="in"/>
                <label end="99" start="93" name="nn"/>
                <label end="110" start="101" name="rb"/>
                <label end="118" start="112" name="VVD"/>
                <label end="125" start="120" name="nns"/>
                <label end="128" start="127" name="to"/>
                <label end="132" start="130" name="dt"/>
                <label end="141" start="134" name="jj"/>
                <label end="149" start="143" name="nns"/>
                <label end="152" start="151" name="in"/>
                <label end="165" start="154" name="nns"/>
                <label end="167" start="167" name=","/>
                <label end="176" start="169" name="nns"/>
                <label end="180" start="178" name="cc"/>
                <label end="191" start="182" name="nns"/>
                <label end="193" start="193" name="sent"/>
            </layer>
            <layer rank="1" name="NER">
                <label end="17" start="12" name="organization"/>
                <label end="47" start="41" name="location"/>
            </layer>
            <layer rank="1" name="WSL">
                <label end="8" start="0" name="NT"/>
                <label end="10" start="10" name="NT"/>
                <label end="30" start="29" name="NT"/>
                <label end="47" start="41" name="NT"/>
                <label end="49" start="49" name="NT"/>
                <label end="53" start="51" name="NT"/>
                <label end="57" start="55" name="NT"/>
                <label end="67" start="66" name="NT"/>
                <label end="81" start="80" name="NT"/>
                <label end="84" start="83" name="NT"/>
                <label end="88" start="86" name="NT"/>
                <label end="91" start="90" name="NT"/>
                <label end="110" start="101" name="NT"/>
                <label end="128" start="127" name="NT"/>
                <label end="132" start="130" name="NT"/>
                <label end="152" start="151" name="NT"/>
                <label end="167" start="167" name="NT"/>
                <label end="180" start="178" name="NT"/>
                <label end="193" start="193" name="NT"/>
            </layer>
        </annotationSet>
        <annotationSet cDate="07/17/2014 03:14:31 PDT Thu" luID="17483" luName="flames.n" frameID="2824" frameName="Fire_burning" status="MANUAL" ID="6669285">
            <layer rank="1" name="Target">
                <label cBy="WMcQ" end="17" start="12" name="Target"/>
            </layer>
            <layer rank="1" name="FE">
                <label cBy="WMcQ" feID="16018" bgColor="0000FF" fgColor="FFFFFF" end="17" start="12" name="Fire"/>
            </layer>
            <layer rank="1" name="GF"/>
            <layer rank="1" name="PT"/>
            <layer rank="1" name="Other"/>
            <layer rank="1" name="Sent"/>
            <layer rank="1" name="Noun"/>
        </annotationSet>
        <annotationSet cDate="07/17/2014 03:17:23 PDT Thu" luID="17504" luName="number.n" frameID="2604" frameName="Quantity" status="MANUAL" ID="6669287">
            <layer rank="1" name="Target">
                <label cBy="WMcQ" end="64" start="59" name="Target"/>
            </layer>
            <layer rank="1" name="FE">
                <label cBy="WMcQ" feID="14725" bgColor="0000FF" fgColor="FFFFFF" end="64" start="59" name="Quantity"/>
                <label cBy="WMcQ" feID="14724" bgColor="008000" fgColor="FFFFFF" end="99" start="66" name="Entity"/>
            </layer>
            <layer rank="1" name="GF">
                <label end="99" start="66" name="Dep"/>
            </layer>
            <layer rank="1" name="PT">
                <label end="99" start="66" name="PP"/>
            </layer>
            <layer rank="1" name="Other"/>
            <layer rank="1" name="Sent"/>
            <layer rank="1" name="Noun"/>
        </annotationSet>
        <annotationSet cDate="07/17/2014 03:18:23 PDT Thu" luID="1954" luName="drop.v" frameID="91" frameName="Change_position_on_a_scale" status="MANUAL" ID="6669288">
            <layer rank="1" name="Target">
                <label cBy="WMcQ" end="118" start="112" name="Target"/>
            </layer>
            <layer rank="1" name="FE">
                <label cBy="WMcQ" feID="418" bgColor="008000" fgColor="FFFFFF" end="99" start="55" name="Attribute"/>
                <label cBy="WMcQ" feID="16167" bgColor="00BFFF" fgColor="000000" end="191" start="120" name="Explanation"/>
                <label cBy="MJE" feID="421" bgColor="A52A2A" fgColor="FFFFFF" end="118" start="112" name="Path"/>
            </layer>
            <layer rank="1" name="GF">
                <label end="99" start="55" name="Ext"/>
                <label end="191" start="120" name="Dep"/>
            </layer>
            <layer rank="1" name="PT">
                <label end="99" start="55" name="NP"/>
                <label end="191" start="120" name="PP"/>
            </layer>
            <layer rank="1" name="Other"/>
            <layer rank="1" name="Sent"/>
            <layer rank="1" name="Verb"/>
            <layer rank="2" name="FE">
                <label cBy="MJE" feID="419" bgColor="FFA500" fgColor="000000" end="99" start="69" name="Item"/>
            </layer>
        </annotationSet>
        <annotationSet cDate="07/17/2014 03:20:27 PDT Thu" luID="10187" luName="effort.n" frameID="116" frameName="Attempt" status="MANUAL" ID="6669289">
            <layer rank="1" name="Target">
                <label cBy="WMcQ" end="149" start="143" name="Target"/>
            </layer>
            <layer rank="1" name="FE">
                <label cBy="WMcQ" feID="569" bgColor="FF0000" fgColor="FFFFFF" end="191" start="151" name="Agent"/>
                <label cBy="MJE" feID="570" itype="DNI" bgColor="00BFFF" fgColor="FFFFFF" name="Goal"/>
                <label cBy="MJE" feID="7980" bgColor="FF00FF" fgColor="FFFFFF" end="141" start="134" name="Manner"/>
            </layer>
            <layer rank="1" name="GF">
                <label end="191" start="151" name="Dep"/>
                <label end="141" start="134" name="Dep"/>
            </layer>
            <layer rank="1" name="PT">
                <label end="191" start="151" name="PP"/>
                <label end="141" start="134" name="AJP"/>
            </layer>
            <layer rank="1" name="Other"/>
            <layer rank="1" name="Sent"/>
            <layer rank="1" name="Noun"/>
        </annotationSet>
        <annotationSet cDate="07/21/2014 11:53:16 PDT Mon" luID="2799" luName="continue.v" frameID="145" frameName="Process_continue" status="MANUAL" ID="6670872">
            <layer rank="1" name="Target">
                <label cBy="MJE" end="27" start="19" name="Target"/>
            </layer>
            <layer rank="1" name="FE">
                <label cBy="MJE" feID="1141" bgColor="00BFFF" fgColor="FFFFFF" end="17" start="12" name="Event"/>
                <label cBy="MJE" feID="1141" bgColor="00BFFF" fgColor="FFFFFF" end="47" start="29" name="Event"/>
                <label cBy="MJE" feID="1144" bgColor="FFA500" fgColor="FFFFFF" end="8" start="0" name="Time"/>
            </layer>
            <layer rank="1" name="GF">
                <label end="17" start="12" name="Ext"/>
                <label end="47" start="29" name="Dep"/>
                <label end="8" start="0" name="Dep"/>
            </layer>
            <layer rank="1" name="PT">
                <label end="17" start="12" name="NP"/>
                <label end="47" start="29" name="VPto"/>
                <label end="8" start="0" name="AVP"/>
            </layer>
            <layer rank="1" name="Other"/>
            <layer rank="1" name="Sent"/>
            <layer rank="1" name="Verb"/>
        </annotationSet>
    </sentence>
    <sentence corpID="246" docID="25616" sentNo="1" paragNo="11" aPos="0" ID="4164985">
        <text>Alfredo Canal , a Galician rural agency chief , told</text>
        <annotationSet cDate="07/17/2014 11:43:14 PDT Thu" status="UNANN" ID="6669155">
            <layer rank="1" name="PENN">
                <label end="6" start="0" name="NP"/>
                <label end="12" start="8" name="NP"/>
                <label end="14" start="14" name=","/>
                <label end="16" start="16" name="dt"/>
                <label end="25" start="18" name="jj"/>
                <label end="31" start="27" name="jj"/>
                <label end="38" start="33" name="nn"/>
                <label end="44" start="40" name="nn"/>
                <label end="46" start="46" name=","/>
                <label end="51" start="48" name="VVD"/>
            </layer>
            <layer rank="1" name="NER">
                <label end="12" start="0" name="person"/>
            </layer>
            <layer rank="1" name="WSL">
                <label end="6" start="0" name="NT"/>
                <label end="12" start="8" name="NT"/>
                <label end="14" start="14" name="NT"/>
                <label end="16" start="16" name="NT"/>
                <label end="46" start="46" name="NT"/>
            </layer>
        </annotationSet>
        <annotationSet cDate="07/17/2014 03:21:32 PDT Thu" luID="1578" luName="chief.n" frameID="73" frameName="Leadership" status="MANUAL" ID="6669290">
            <layer rank="1" name="Target">
                <label cBy="WMcQ" end="44" start="40" name="Target"/>
            </layer>
            <layer rank="1" name="FE">
                <label cBy="WMcQ" feID="10582" bgColor="00008B" fgColor="FFFFFF" end="38" start="27" name="Type"/>
                <label cBy="WMcQ" feID="15408" bgColor="d0d0d0" fgColor="000000" end="25" start="18" name="Place"/>
                <label cBy="WMcQ" feID="347" bgColor="FF0000" fgColor="FFFFFF" end="12" start="0" name="Leader"/>
            </layer>
            <layer rank="1" name="GF">
                <label end="38" start="27" name="Dep"/>
                <label end="25" start="18" name="Dep"/>
                <label end="12" start="0" name="Ext"/>
            </layer>
            <layer rank="1" name="PT">
                <label end="38" start="27" name="AJP"/>
                <label end="25" start="18" name="AJP"/>
                <label end="12" start="0" name="NP"/>
            </layer>
            <layer rank="1" name="Other"/>
            <layer rank="1" name="Sent"/>
            <layer rank="1" name="Noun"/>
        </annotationSet>
    </sentence>
    <sentence corpID="246" docID="25616" sentNo="2" paragNo="11" aPos="0" ID="4164986">
        <text>yesterday : `` We have a situation that is noticeably better than in recent days . ''</text>
        <annotationSet cDate="07/17/2014 11:43:14 PDT Thu" status="UNANN" ID="6669156">
            <layer rank="1" name="PENN">
                <label end="8" start="0" name="nn"/>
                <label end="10" start="10" name=":"/>
                <label end="13" start="12" name="``"/>
                <label end="16" start="15" name="PP"/>
                <label end="21" start="18" name="VHP"/>
                <label end="23" start="23" name="dt"/>
                <label end="33" start="25" name="nn"/>
                <label end="38" start="35" name="wdt"/>
                <label end="41" start="40" name="VBZ"/>
                <label end="52" start="43" name="rb"/>
                <label end="59" start="54" name="jjr"/>
                <label end="64" start="61" name="in"/>
                <label end="67" start="66" name="in"/>
                <label end="74" start="69" name="jj"/>
                <label end="79" start="76" name="nns"/>
                <label end="81" start="81" name="sent"/>
                <label end="84" start="83" name="''"/>
            </layer>
            <layer rank="1" name="NER"/>
            <layer rank="1" name="WSL">
                <label end="10" start="10" name="NT"/>
                <label end="13" start="12" name="NT"/>
                <label end="16" start="15" name="NT"/>
                <label end="23" start="23" name="NT"/>
                <label end="38" start="35" name="NT"/>
                <label end="41" start="40" name="NT"/>
                <label end="52" start="43" name="NT"/>
                <label end="64" start="61" name="NT"/>
                <label end="67" start="66" name="NT"/>
                <label end="81" start="81" name="NT"/>
                <label end="84" start="83" name="NT"/>
            </layer>
        </annotationSet>
        <annotationSet cDate="07/17/2014 03:22:46 PDT Thu" luID="2378" luName="have.v" frameID="118" frameName="Possession" status="MANUAL" ID="6669291">
            <layer rank="1" name="Target">
                <label cBy="WMcQ" end="21" start="18" name="Target"/>
            </layer>
            <layer rank="1" name="FE">
                <label cBy="WMcQ" feID="573" bgColor="FF0000" fgColor="FFFFFF" end="16" start="15" name="Owner"/>
                <label cBy="WMcQ" feID="582" bgColor="0000FF" fgColor="FFFFFF" end="79" start="23" name="Possession"/>
            </layer>
            <layer rank="1" name="GF">
                <label end="16" start="15" name="Ext"/>
                <label end="79" start="23" name="Obj"/>
            </layer>
            <layer rank="1" name="PT">
                <label end="16" start="15" name="NP"/>
                <label end="79" start="23" name="NP"/>
            </layer>
            <layer rank="1" name="Other"/>
            <layer rank="1" name="Sent"/>
            <layer rank="1" name="Verb"/>
        </annotationSet>
        <annotationSet cDate="07/17/2014 03:23:38 PDT Thu" luID="6287" luName="good.a" frameID="354" frameName="Desirability" status="MANUAL" ID="6669292">
            <layer rank="1" name="Target">
                <label cBy="WMcQ" end="59" start="54" name="Target"/>
            </layer>
            <layer rank="1" name="FE">
                <label cBy="WMcQ" feID="3251" bgColor="FF00FF" fgColor="FFFFFF" end="79" start="66" name="Comparison_set"/>
                <label cBy="WMcQ" feID="3158" bgColor="FF0000" fgColor="FFFFFF" end="33" start="15" name="Circumstances"/>
                <label cBy="WMcQ" feID="3158" bgColor="FF0000" fgColor="FFFFFF" end="38" start="35" name="Circumstances"/>
                <label cBy="WMcQ" feID="3155" bgColor="FF69B4" fgColor="FFFFFF" end="52" start="43" name="Degree"/>
            </layer>
            <layer rank="1" name="GF">
                <label end="79" start="66" name="Dep"/>
                <label end="33" start="15" name="Ext"/>
                <label end="38" start="35" name="Ext"/>
                <label end="52" start="43" name="Dep"/>
            </layer>
            <layer rank="1" name="PT">
                <label end="79" start="66" name="PP"/>
                <label end="33" start="15" name="Sfin"/>
                <label end="38" start="35" name="Sfin"/>
                <label end="52" start="43" name="AVP"/>
            </layer>
            <layer rank="1" name="Other">
                <label end="33" start="23" name="Ant"/>
                <label end="38" start="35" name="Rel"/>
            </layer>
            <layer rank="1" name="Sent"/>
            <layer rank="1" name="Adj"/>
        </annotationSet>
    </sentence>
</fullTextAnnotation>