<?xml version="1.0" encoding="UTF-8" standalone="yes"?>
<?xml-stylesheet type="text/xsl" href="fullText.xsl"?>
<fullTextAnnotation xsi:schemaLocation="../schema/fullText.xsd" xmlns="http://framenet.icsi.berkeley.edu" xmlns:xsi="http://www.w3.org/2001/XMLSchema-instance">
    <header>
        <corpus description="Texts from WikiMedia--WikiNews and Wikipedia" name="WikiTexts" ID="246">
            <document description="Fires_5" name="Fires_5" ID="25620"/>
        </corpus>
    </header>
    <sentence corpID="246" docID="25620" sentNo="1" paragNo="1" aPos="0" ID="4165030">
        <text>Fire burns at Barangaroo construction site , Sydney , Australia</text>
        <annotationSet cDate="07/17/2014 11:44:16 PDT Thu" status="UNANN" ID="6669200">
            <layer rank="1" name="PENN">
                <label end="3" start="0" name="nn"/>
                <label end="9" start="5" name="nns"/>
                <label end="12" start="11" name="in"/>
                <label end="23" start="14" name="NP"/>
                <label end="36" start="25" name="nn"/>
                <label end="41" start="38" name="nn"/>
                <label end="43" start="43" name=","/>
                <label end="50" start="45" name="NP"/>
                <label end="52" start="52" name=","/>
                <label end="62" start="54" name="NP"/>
            </layer>
            <layer rank="1" name="NER">
                <label end="23" start="14" name="location"/>
                <label end="50" start="45" name="location"/>
                <label end="62" start="54" name="location"/>
            </layer>
            <layer rank="1" name="WSL">
                <label end="23" start="14" name="NT"/>
                <label end="43" start="43" name="NT"/>
                <label end="50" start="45" name="NT"/>
                <label end="52" start="52" name="NT"/>
                <label end="62" start="54" name="NT"/>
            </layer>
        </annotationSet>
        <annotationSet cDate="07/18/2014 11:28:22 PDT Fri" luID="17450" luName="burn.v" frameID="2824" frameName="Fire_burning" status="MANUAL" ID="6669444">
            <layer rank="1" name="Target">
                <label cBy="MJE" end="9" start="5" name="Target"/>
            </layer>
            <layer rank="1" name="FE">
                <label cBy="MJE" feID="16018" bgColor="0000FF" fgColor="FFFFFF" end="3" start="0" name="Fire"/>
                <label cBy="MJE" feID="16016" bgColor="008000" fgColor="FFFFFF" end="62" start="11" name="Place"/>
            </layer>
            <layer rank="1" name="GF">
                <label end="3" start="0" name="Ext"/>
                <label end="62" start="11" name="Dep"/>
            </layer>
            <layer rank="1" name="PT">
                <label end="3" start="0" name="NP"/>
                <label end="62" start="11" name="PP"/>
            </layer>
            <layer rank="1" name="Other"/>
            <layer rank="1" name="Sent"/>
            <layer rank="1" name="Verb"/>
        </annotationSet>
        <annotationSet cDate="07/18/2014 11:28:58 PDT Fri" luID="17455" luName="fire.n" frameID="2824" frameName="Fire_burning" status="MANUAL" ID="6669445">
            <layer rank="1" name="Target">
                <label cBy="MJE" end="3" start="0" name="Target"/>
            </layer>
            <layer rank="1" name="FE">
                <label cBy="MJE" feID="16018" bgColor="0000FF" fgColor="FFFFFF" end="3" start="0" name="Fire"/>
            </layer>
            <layer rank="1" name="GF"/>
            <layer rank="1" name="PT"/>
            <layer rank="1" name="Other"/>
            <layer rank="1" name="Sent"/>
            <layer rank="1" name="Noun"/>
        </annotationSet>
        <annotationSet cDate="07/18/2014 11:29:08 PDT Fri" luID="4746" luName="construction.n" frameID="259" frameName="Building" status="MANUAL" ID="6669446">
            <layer rank="1" name="Target">
                <label cBy="MJE" end="36" start="25" name="Target"/>
            </layer>
            <layer rank="1" name="FE">
                <label cBy="MJE" feID="2238" itype="INI" bgColor="FF0000" fgColor="FFFFFF" name="Agent"/>
                <label cBy="MJE" feID="2247" itype="INI" bgColor="0000FF" fgColor="FFFFFF" name="Created_entity"/>
            </layer>
            <layer rank="1" name="GF"/>
            <layer rank="1" name="PT"/>
            <layer rank="1" name="Other"/>
            <layer rank="1" name="Sent"/>
            <layer rank="1" name="Noun"/>
        </annotationSet>
        <annotationSet cDate="07/18/2014 11:29:21 PDT Fri" luID="11550" luName="site.n" frameID="196" frameName="Locale_by_use" status="MANUAL" ID="6669448">
            <layer rank="1" name="Target">
                <label cBy="MJE" end="41" start="38" name="Target"/>
            </layer>
            <layer rank="1" name="FE">
                <label cBy="MJE" feID="1588" bgColor="800080" fgColor="FFFFFF" end="41" start="38" name="Locale"/>
                <label cBy="MJE" feID="1603" bgColor="0000FF" fgColor="FFFFFF" end="23" start="14" name="Relative_location"/>
                <label cBy="MJE" feID="6697" bgColor="00BFFF" fgColor="FFFFFF" end="36" start="25" name="Use"/>
            </layer>
            <layer rank="1" name="GF">
                <label end="23" start="14" name="Dep"/>
                <label end="36" start="25" name="Dep"/>
            </layer>
            <layer rank="1" name="PT">
                <label end="23" start="14" name="N"/>
                <label end="36" start="25" name="N"/>
            </layer>
            <layer rank="1" name="Other"/>
            <layer rank="1" name="Sent"/>
            <layer rank="1" name="Noun"/>
        </annotationSet>
        <annotationSet cDate="07/18/2014 11:37:00 PDT Fri" luID="6735" luName="at.prep" frameID="199" frameName="Locative_relation" status="MANUAL" ID="6669460">
            <layer rank="1" name="Target">
                <label cBy="MJE" end="12" start="11" name="Target"/>
            </layer>
            <layer rank="1" name="FE">
                <label cBy="MJE" feID="1621" bgColor="008000" fgColor="FFFFFF" end="62" start="14" name="Ground"/>
                <label cBy="MJE" feID="1622" bgColor="FF0000" fgColor="FFFFFF" end="9" start="0" name="Figure"/>
            </layer>
            <layer rank="1" name="GF">
                <label end="62" start="14" name="Obj"/>
                <label end="9" start="0" name="Head"/>
            </layer>
            <layer rank="1" name="PT">
                <label end="62" start="14" name="NP"/>
                <label end="9" start="0" name="Sfin"/>
            </layer>
            <layer rank="1" name="Other"/>
            <layer rank="1" name="Sent"/>
            <layer rank="1" name="Prep"/>
        </annotationSet>
    </sentence>
    <sentence corpID="246" docID="25620" sentNo="1" paragNo="3" aPos="0" ID="4165031">
        <text>A large fire has started at the Barangaroo construction site overlooking Sydney Harbour , New South Wales , Australia .</text>
        <annotationSet cDate="07/17/2014 11:44:16 PDT Thu" status="UNANN" ID="6669201">
            <layer rank="1" name="PENN">
                <label end="0" start="0" name="dt"/>
                <label end="6" start="2" name="jj"/>
                <label end="11" start="8" name="nn"/>
                <label end="15" start="13" name="VHZ"/>
                <label end="23" start="17" name="VVN"/>
                <label end="26" start="25" name="in"/>
                <label end="30" start="28" name="dt"/>
                <label end="41" start="32" name="NP"/>
                <label end="54" start="43" name="nn"/>
                <label end="59" start="56" name="nn"/>
                <label end="71" start="61" name="VVG"/>
                <label end="78" start="73" name="NP"/>
                <label end="86" start="80" name="NP"/>
                <label end="88" start="88" name=","/>
                <label end="92" start="90" name="NP"/>
                <label end="98" start="94" name="NP"/>
                <label end="104" start="100" name="NP"/>
                <label end="106" start="106" name=","/>
                <label end="116" start="108" name="NP"/>
                <label end="118" start="118" name="sent"/>
            </layer>
            <layer rank="1" name="NER">
                <label end="86" start="73" name="location"/>
                <label end="104" start="90" name="organization"/>
                <label end="116" start="108" name="location"/>
            </layer>
            <layer rank="1" name="WSL">
                <label end="0" start="0" name="NT"/>
                <label end="15" start="13" name="NT"/>
                <label end="30" start="28" name="NT"/>
                <label end="41" start="32" name="NT"/>
                <label end="78" start="73" name="NT"/>
                <label end="88" start="88" name="NT"/>
                <label end="92" start="90" name="NT"/>
                <label end="98" start="94" name="NT"/>
                <label end="104" start="100" name="NT"/>
                <label end="106" start="106" name="NT"/>
                <label end="116" start="108" name="NT"/>
                <label end="118" start="118" name="NT"/>
            </layer>
        </annotationSet>
        <annotationSet cDate="07/18/2014 11:36:25 PDT Fri" luID="17455" luName="fire.n" frameID="2824" frameName="Fire_burning" status="MANUAL" ID="6669456">
            <layer rank="1" name="Target">
                <label cBy="MJE" end="11" start="8" name="Target"/>
            </layer>
            <layer rank="1" name="FE">
                <label cBy="MJE" feID="16018" bgColor="0000FF" fgColor="FFFFFF" end="11" start="8" name="Fire"/>
            </layer>
            <layer rank="1" name="GF"/>
            <layer rank="1" name="PT"/>
            <layer rank="1" name="Other"/>
            <layer rank="1" name="Sent"/>
            <layer rank="1" name="Noun"/>
        </annotationSet>
        <annotationSet cDate="07/18/2014 11:36:36 PDT Fri" luID="17491" luName="start.v" frameID="2827" frameName="Catching_fire" status="MANUAL" ID="6669458">
            <layer rank="1" name="Target">
                <label cBy="MJE" end="23" start="17" name="Target"/>
            </layer>
            <layer rank="1" name="FE">
                <label cBy="MJE" feID="16041" bgColor="0000FF" fgColor="FFFFFF" end="11" start="0" name="Fire"/>
                <label cBy="MJE" feID="16039" bgColor="008000" fgColor="FFFFFF" end="116" start="25" name="Place"/>
            </layer>
            <layer rank="1" name="GF">
                <label end="11" start="0" name="Ext"/>
                <label end="116" start="25" name="Dep"/>
            </layer>
            <layer rank="1" name="PT">
                <label end="11" start="0" name="NP"/>
                <label end="116" start="25" name="PP"/>
            </layer>
            <layer rank="1" name="Other"/>
            <layer rank="1" name="Sent"/>
            <layer rank="1" name="Verb"/>
        </annotationSet>
        <annotationSet cDate="07/18/2014 11:36:47 PDT Fri" luID="6735" luName="at.prep" frameID="199" frameName="Locative_relation" status="MANUAL" ID="6669459">
            <layer rank="1" name="Target">
                <label cBy="MJE" end="26" start="25" name="Target"/>
            </layer>
            <layer rank="1" name="FE">
                <label cBy="MJE" feID="1622" bgColor="FF0000" fgColor="FFFFFF" end="23" start="0" name="Figure"/>
                <label cBy="MJE" feID="1621" bgColor="008000" fgColor="FFFFFF" end="116" start="28" name="Ground"/>
            </layer>
            <layer rank="1" name="GF">
                <label end="23" start="0" name="Head"/>
                <label end="116" start="28" name="Obj"/>
            </layer>
            <layer rank="1" name="PT">
                <label end="23" start="0" name="Sfin"/>
                <label end="116" start="28" name="NP"/>
            </layer>
            <layer rank="1" name="Other"/>
            <layer rank="1" name="Sent"/>
            <layer rank="1" name="Prep"/>
        </annotationSet>
        <annotationSet cDate="07/18/2014 11:37:46 PDT Fri" luID="4746" luName="construction.n" frameID="259" frameName="Building" status="MANUAL" ID="6669461">
            <layer rank="1" name="Target">
                <label cBy="MJE" end="54" start="43" name="Target"/>
            </layer>
            <layer rank="1" name="FE">
                <label cBy="MJE" feID="2238" itype="INI" bgColor="FF0000" fgColor="FFFFFF" name="Agent"/>
                <label cBy="MJE" feID="2247" itype="INI" bgColor="0000FF" fgColor="FFFFFF" name="Created_entity"/>
            </layer>
            <layer rank="1" name="GF"/>
            <layer rank="1" name="PT"/>
            <layer rank="1" name="Other"/>
            <layer rank="1" name="Sent"/>
            <layer rank="1" name="Noun"/>
        </annotationSet>
        <annotationSet cDate="07/18/2014 11:37:55 PDT Fri" luID="11550" luName="site.n" frameID="196" frameName="Locale_by_use" status="MANUAL" ID="6669462">
            <layer rank="1" name="Target">
                <label cBy="MJE" end="59" start="56" name="Target"/>
            </layer>
            <layer rank="1" name="FE">
                <label cBy="MJE" feID="1603" bgColor="0000FF" fgColor="FFFFFF" end="41" start="32" name="Relative_location"/>
                <label cBy="MJE" feID="6697" bgColor="00BFFF" fgColor="FFFFFF" end="54" start="43" name="Use"/>
            </layer>
            <layer rank="1" name="GF">
                <label end="41" start="32" name="Dep"/>
                <label end="54" start="43" name="Dep"/>
            </layer>
            <layer rank="1" name="PT">
                <label end="41" start="32" name="N"/>
                <label end="54" start="43" name="N"/>
            </layer>
            <layer rank="1" name="Other"/>
            <layer rank="1" name="Sent"/>
            <layer rank="1" name="Noun"/>
        </annotationSet>
        <annotationSet cDate="07/18/2014 11:38:26 PDT Fri" luID="11418" luName="harbor.n" frameID="196" frameName="Locale_by_use" status="MANUAL" ID="6669464">
            <layer rank="1" name="Target">
                <label cBy="MJE" end="86" start="80" name="Target"/>
            </layer>
            <layer rank="1" name="FE">
                <label cBy="MJE" feID="1598" bgColor="A52A2A" fgColor="FFFFFF" end="78" start="73" name="Name"/>
                <label cBy="MJE" feID="1603" bgColor="0000FF" fgColor="FFFFFF" end="116" start="90" name="Relative_location"/>
            </layer>
            <layer rank="1" name="GF">
                <label end="78" start="73" name="Dep"/>
                <label end="116" start="90" name="Dep"/>
            </layer>
            <layer rank="1" name="PT">
                <label end="78" start="73" name="N"/>
                <label end="116" start="90" name="NP"/>
            </layer>
            <layer rank="1" name="Other"/>
            <layer rank="1" name="Sent"/>
            <layer rank="1" name="Noun"/>
        </annotationSet>
        <annotationSet cDate="07/18/2014 11:38:36 PDT Fri" luID="15769" luName="large.a" frameID="2282" frameName="Size" status="MANUAL" ID="6669467">
            <layer rank="1" name="Target">
                <label cBy="MJE" end="6" start="2" name="Target"/>
            </layer>
            <layer rank="1" name="FE">
                <label cBy="MJE" feID="13813" bgColor="FF0000" fgColor="FFFFFF" end="11" start="8" name="Entity"/>
            </layer>
            <layer rank="1" name="GF">
                <label end="11" start="8" name="Head"/>
            </layer>
            <layer rank="1" name="PT">
                <label end="11" start="8" name="N"/>
            </layer>
            <layer rank="1" name="Other"/>
            <layer rank="1" name="Sent"/>
            <layer rank="1" name="Adj"/>
        </annotationSet>
    </sentence>
    <sentence corpID="246" docID="25620" sentNo="1" paragNo="4" aPos="0" ID="4165032">
        <text>The construction company said fire broke out at about 2:10pm local time ( 0310 UTC ) and appeared to have been caused by a welding accident in the basement of a building .</text>
        <annotationSet cDate="07/17/2014 11:44:16 PDT Thu" status="UNANN" ID="6669202">
            <layer rank="1" name="PENN">
                <label end="2" start="0" name="dt"/>
                <label end="15" start="4" name="nn"/>
                <label end="23" start="17" name="nn"/>
                <label end="28" start="25" name="VVD"/>
                <label end="33" start="30" name="nn"/>
                <label end="39" start="35" name="VVD"/>
                <label end="43" start="41" name="rp"/>
                <label end="46" start="45" name="in"/>
                <label end="52" start="48" name="rb"/>
                <label end="59" start="54" name="jj"/>
                <label end="65" start="61" name="jj"/>
                <label end="70" start="67" name="nn"/>
                <label end="72" start="72" name="("/>
                <label end="77" start="74" name="cd"/>
                <label end="81" start="79" name="nn"/>
                <label end="83" start="83" name=")"/>
                <label end="87" start="85" name="cc"/>
                <label end="96" start="89" name="VVD"/>
                <label end="99" start="98" name="to"/>
                <label end="104" start="101" name="VH"/>
                <label end="109" start="106" name="VBN"/>
                <label end="116" start="111" name="VVN"/>
                <label end="119" start="118" name="in"/>
                <label end="121" start="121" name="dt"/>
                <label end="129" start="123" name="VVG"/>
                <label end="138" start="131" name="nn"/>
                <label end="141" start="140" name="in"/>
                <label end="145" start="143" name="dt"/>
                <label end="154" start="147" name="nn"/>
                <label end="157" start="156" name="in"/>
                <label end="159" start="159" name="dt"/>
                <label end="168" start="161" name="nn"/>
                <label end="170" start="170" name="sent"/>
            </layer>
            <layer rank="1" name="NER">
                <label end="70" start="54" name="time"/>
                <label end="81" start="74" name="time"/>
            </layer>
            <layer rank="1" name="WSL">
                <label end="2" start="0" name="NT"/>
                <label end="72" start="72" name="NT"/>
                <label end="77" start="74" name="NT"/>
                <label end="83" start="83" name="NT"/>
                <label end="87" start="85" name="NT"/>
                <label end="99" start="98" name="NT"/>
                <label end="104" start="101" name="NT"/>
                <label end="109" start="106" name="NT"/>
                <label end="119" start="118" name="NT"/>
                <label end="121" start="121" name="NT"/>
                <label end="145" start="143" name="NT"/>
                <label end="157" start="156" name="NT"/>
                <label end="159" start="159" name="NT"/>
                <label end="170" start="170" name="NT"/>
            </layer>
        </annotationSet>
        <annotationSet cDate="07/18/2014 11:41:25 PDT Fri" luID="4746" luName="construction.n" frameID="259" frameName="Building" status="MANUAL" ID="6669473">
            <layer rank="1" name="Target">
                <label cBy="MJE" end="15" start="4" name="Target"/>
            </layer>
            <layer rank="1" name="FE">
                <label cBy="MJE" feID="2238" itype="INI" bgColor="FF0000" fgColor="FFFFFF" name="Agent"/>
                <label cBy="MJE" feID="2247" itype="INI" bgColor="0000FF" fgColor="FFFFFF" name="Created_entity"/>
            </layer>
            <layer rank="1" name="GF"/>
            <layer rank="1" name="PT"/>
            <layer rank="1" name="Other"/>
            <layer rank="1" name="Sent"/>
            <layer rank="1" name="Noun"/>
        </annotationSet>
        <annotationSet cDate="07/18/2014 11:41:28 PDT Fri" luID="11113" luName="company.n" frameID="365" frameName="Businesses" status="MANUAL" ID="6669474">
            <layer rank="1" name="Target">
                <label cBy="MJE" end="23" start="17" name="Target"/>
            </layer>
            <layer rank="1" name="FE">
                <label cBy="MJE" feID="3385" bgColor="0000FF" fgColor="FFFFFF" end="23" start="17" name="Business"/>
                <label cBy="MJE" feID="3387" bgColor="9400D3" fgColor="FFFFFF" end="15" start="4" name="Service_provider"/>
            </layer>
            <layer rank="1" name="GF">
                <label end="15" start="4" name="Dep"/>
            </layer>
            <layer rank="1" name="PT">
                <label end="15" start="4" name="N"/>
            </layer>
            <layer rank="1" name="Other"/>
            <layer rank="1" name="Sent"/>
            <layer rank="1" name="Noun"/>
        </annotationSet>
        <annotationSet cDate="07/18/2014 11:41:35 PDT Fri" luID="751" luName="say.v" frameID="43" frameName="Statement" status="MANUAL" ID="6669475">
            <layer rank="1" name="Target">
                <label cBy="MJE" end="28" start="25" name="Target"/>
            </layer>
            <layer rank="1" name="FE">
                <label cBy="MJE" feID="183" bgColor="FF0000" fgColor="FFFFFF" end="23" start="0" name="Speaker"/>
                <label cBy="MJE" feID="185" bgColor="00BFFF" fgColor="FFFFFF" end="168" start="30" name="Message"/>
            </layer>
            <layer rank="1" name="GF">
                <label end="23" start="0" name="Ext"/>
                <label end="168" start="30" name="Dep"/>
            </layer>
            <layer rank="1" name="PT">
                <label end="23" start="0" name="NP"/>
                <label end="168" start="30" name="Sfin"/>
            </layer>
            <layer rank="1" name="Other"/>
            <layer rank="1" name="Sent"/>
            <layer rank="1" name="Verb"/>
        </annotationSet>
        <annotationSet cDate="07/18/2014 11:41:42 PDT Fri" luID="17455" luName="fire.n" frameID="2824" frameName="Fire_burning" status="MANUAL" ID="6669476">
            <layer rank="1" name="Target">
                <label cBy="MJE" end="33" start="30" name="Target"/>
            </layer>
            <layer rank="1" name="FE">
                <label cBy="MJE" feID="16018" bgColor="0000FF" fgColor="FFFFFF" end="33" start="30" name="Fire"/>
            </layer>
            <layer rank="1" name="GF"/>
            <layer rank="1" name="PT"/>
            <layer rank="1" name="Other"/>
            <layer rank="1" name="Sent"/>
            <layer rank="1" name="Noun"/>
        </annotationSet>
        <annotationSet cDate="07/18/2014 11:41:52 PDT Fri" luID="17461" luName="break out.v" frameID="2827" frameName="Catching_fire" status="MANUAL" ID="6669477">
            <layer rank="1" name="Target">
                <label cBy="MJE" end="39" start="35" name="Target"/>
                <label cBy="MJE" end="43" start="41" name="Target"/>
            </layer>
            <layer rank="1" name="FE">
                <label cBy="MJE" feID="16041" bgColor="0000FF" fgColor="FFFFFF" end="33" start="30" name="Fire"/>
                <label cBy="MJE" feID="16040" bgColor="FFA500" fgColor="FFFFFF" end="81" start="45" name="Time"/>
            </layer>
            <layer rank="1" name="GF">
                <label end="33" start="30" name="Ext"/>
                <label end="81" start="45" name="Dep"/>
            </layer>
            <layer rank="1" name="PT">
                <label end="33" start="30" name="NP"/>
                <label end="81" start="45" name="PP"/>
            </layer>
            <layer rank="1" name="Other"/>
            <layer rank="1" name="Sent"/>
            <layer rank="1" name="Verb"/>
        </annotationSet>
        <annotationSet cDate="07/18/2014 11:42:16 PDT Fri" luID="1321" luName="appear.v" frameID="67" frameName="Give_impression" status="MANUAL" ID="6669479">
            <layer rank="1" name="Target">
                <label cBy="MJE" end="96" start="89" name="Target"/>
            </layer>
            <layer rank="1" name="FE">
                <label cBy="MJE" feID="312" bgColor="00008B" fgColor="FFFFFF" end="33" start="30" name="Inference"/>
                <label cBy="MJE" feID="312" bgColor="00008B" fgColor="FFFFFF" end="168" start="98" name="Inference"/>
            </layer>
            <layer rank="1" name="GF">
                <label end="33" start="30" name="Ext"/>
                <label end="168" start="98" name="Dep"/>
            </layer>
            <layer rank="1" name="PT">
                <label end="33" start="30" name="NP"/>
                <label end="168" start="98" name="VPto"/>
            </layer>
            <layer rank="1" name="Other"/>
            <layer rank="1" name="Sent"/>
            <layer rank="1" name="Verb"/>
        </annotationSet>
        <annotationSet cDate="07/18/2014 11:42:24 PDT Fri" luID="2" luName="cause.v" frameID="5" frameName="Causation" status="MANUAL" ID="6669480">
            <layer rank="1" name="Target">
                <label cBy="MJE" end="116" start="111" name="Target"/>
            </layer>
            <layer rank="1" name="FE">
                <label cBy="MJE" feID="18" bgColor="0000FF" fgColor="FFFFFF" end="168" start="118" name="Cause"/>
                <label cBy="MJE" feID="20" bgColor="FF0000" fgColor="FFFFFF" end="33" start="30" name="Effect"/>
            </layer>
            <layer rank="1" name="GF">
                <label end="168" start="118" name="Dep"/>
                <label end="33" start="30" name="Ext"/>
            </layer>
            <layer rank="1" name="PT">
                <label end="168" start="118" name="PP"/>
                <label end="33" start="30" name="NP"/>
            </layer>
            <layer rank="1" name="Other"/>
            <layer rank="1" name="Sent"/>
            <layer rank="1" name="Verb"/>
        </annotationSet>
        <annotationSet cDate="07/18/2014 11:44:51 PDT Fri" luID="3165" luName="basement.n" frameID="188" frameName="Building_subparts" status="MANUAL" ID="6669482">
            <layer rank="1" name="Target">
                <label cBy="MJE" end="154" start="147" name="Target"/>
            </layer>
            <layer rank="1" name="FE">
                <label cBy="MJE" feID="9680" bgColor="FF0000" fgColor="FFFFFF" end="154" start="147" name="Building_part"/>
                <label cBy="MJE" feID="9681" bgColor="0000FF" fgColor="FFFFFF" end="168" start="156" name="Whole"/>
            </layer>
            <layer rank="1" name="GF">
                <label end="168" start="156" name="Dep"/>
            </layer>
            <layer rank="1" name="PT">
                <label end="168" start="156" name="PP"/>
            </layer>
            <layer rank="1" name="Other"/>
            <layer rank="1" name="Sent"/>
            <layer rank="1" name="Noun"/>
        </annotationSet>
        <annotationSet cDate="07/18/2014 11:44:55 PDT Fri" luID="10869" luName="building.n" frameID="173" frameName="Buildings" status="MANUAL" ID="6669484">
            <layer rank="1" name="Target">
                <label cBy="MJE" end="168" start="161" name="Target"/>
            </layer>
            <layer rank="1" name="FE">
                <label cBy="MJE" feID="6037" bgColor="800080" fgColor="FFFFFF" end="168" start="161" name="Building"/>
            </layer>
            <layer rank="1" name="GF"/>
            <layer rank="1" name="PT"/>
            <layer rank="1" name="Other"/>
            <layer rank="1" name="Sent"/>
            <layer rank="1" name="Noun"/>
        </annotationSet>
        <annotationSet cDate="07/18/2014 11:49:58 PDT Fri" luID="17621" luName="accident.n" frameID="115" frameName="Catastrophe" status="MANUAL" ID="6669489">
            <layer rank="1" name="Target">
                <label cBy="MJE" end="138" start="131" name="Target"/>
            </layer>
            <layer rank="1" name="FE">
                <label cBy="MJE" feID="10241" bgColor="A52A2A" fgColor="FFFFFF" end="129" start="123" name="Cause"/>
                <label cBy="MJE" feID="564" bgColor="9400D3" fgColor="FFFFFF" end="138" start="131" name="Undesirable_event"/>
                <label cBy="MJE" feID="565" bgColor="008000" fgColor="FFFFFF" end="168" start="140" name="Place"/>
            </layer>
            <layer rank="1" name="GF">
                <label end="129" start="123" name="Dep"/>
                <label end="168" start="140" name="Dep"/>
            </layer>
            <layer rank="1" name="PT">
                <label end="129" start="123" name="N"/>
                <label end="168" start="140" name="PP"/>
            </layer>
            <layer rank="1" name="Other"/>
            <layer rank="1" name="Sent"/>
            <layer rank="1" name="Noun"/>
        </annotationSet>
        <annotationSet cDate="07/18/2014 11:55:37 PDT Fri" luID="10801" luName="in.prep" frameID="1178" frameName="Interior_profile_relation" status="MANUAL" ID="6669495">
            <layer rank="1" name="Target">
                <label cBy="MJE" end="141" start="140" name="Target"/>
            </layer>
            <layer rank="1" name="FE">
                <label cBy="MJE" feID="6828" bgColor="008000" fgColor="FFFFFF" end="168" start="143" name="Ground"/>
                <label cBy="MJE" feID="6826" bgColor="FF0000" fgColor="FFFFFF" end="138" start="121" name="Figure"/>
            </layer>
            <layer rank="1" name="GF">
                <label end="168" start="143" name="Obj"/>
                <label end="138" start="121" name="Ext"/>
            </layer>
            <layer rank="1" name="PT">
                <label end="168" start="143" name="NP"/>
                <label end="138" start="121" name="NP"/>
            </layer>
            <layer rank="1" name="Other"/>
            <layer rank="1" name="Sent"/>
            <layer rank="1" name="Prep"/>
        </annotationSet>
        <annotationSet cDate="07/18/2014 11:56:27 PDT Fri" luID="14082" luName="at.prep" frameID="1895" frameName="Temporal_collocation" status="MANUAL" ID="6669497">
            <layer rank="1" name="Target">
                <label cBy="MJE" end="46" start="45" name="Target"/>
            </layer>
            <layer rank="1" name="FE">
                <label cBy="MJE" feID="12064" bgColor="FF00FF" fgColor="FFFFFF" end="43" start="30" name="Trajector_event"/>
                <label cBy="MJE" feID="12063" bgColor="1E90FF" fgColor="FFFFFF" end="81" start="48" name="Landmark_period"/>
            </layer>
            <layer rank="1" name="GF">
                <label end="43" start="30" name="Head"/>
                <label end="81" start="48" name="Obj"/>
            </layer>
            <layer rank="1" name="PT">
                <label end="43" start="30" name="Sfin"/>
                <label end="81" start="48" name="NP"/>
            </layer>
            <layer rank="1" name="Other"/>
            <layer rank="1" name="Sent"/>
            <layer rank="1" name="Prep"/>
        </annotationSet>
    </sentence>
    <sentence corpID="246" docID="25620" sentNo="1" paragNo="5" aPos="0" ID="4165033">
        <text>All site workers were evacuated without injury , according to Fire and Rescue NSW Superintendent Ian Krimmer .</text>
        <annotationSet cDate="07/17/2014 11:44:17 PDT Thu" status="UNANN" ID="6669203">
            <layer rank="1" name="PENN">
                <label end="2" start="0" name="dt"/>
                <label end="7" start="4" name="nn"/>
                <label end="15" start="9" name="nns"/>
                <label end="20" start="17" name="VBD"/>
                <label end="30" start="22" name="VVN"/>
                <label end="38" start="32" name="in"/>
                <label end="45" start="40" name="nn"/>
                <label end="47" start="47" name=","/>
                <label end="57" start="49" name="VVG"/>
                <label end="60" start="59" name="to"/>
                <label end="65" start="62" name="NP"/>
                <label end="69" start="67" name="cc"/>
                <label end="76" start="71" name="NP"/>
                <label end="80" start="78" name="NP"/>
                <label end="95" start="82" name="NP"/>
                <label end="99" start="97" name="NP"/>
                <label end="107" start="101" name="NP"/>
                <label end="109" start="109" name="sent"/>
            </layer>
            <layer rank="1" name="NER">
                <label end="80" start="62" name="organization"/>
                <label end="107" start="97" name="person"/>
            </layer>
            <layer rank="1" name="WSL">
                <label end="20" start="17" name="NT"/>
                <label end="47" start="47" name="NT"/>
                <label end="65" start="62" name="NT"/>
                <label end="69" start="67" name="NT"/>
                <label end="76" start="71" name="NT"/>
                <label end="80" start="78" name="NT"/>
                <label end="99" start="97" name="NT"/>
                <label end="107" start="101" name="NT"/>
                <label end="109" start="109" name="NT"/>
            </layer>
        </annotationSet>
        <annotationSet cDate="07/18/2014 11:58:11 PDT Fri" luID="11550" luName="site.n" frameID="196" frameName="Locale_by_use" status="MANUAL" ID="6669500">
            <layer rank="1" name="Target">
                <label cBy="MJE" end="7" start="4" name="Target"/>
            </layer>
            <layer rank="1" name="FE">
                <label cBy="MJE" feID="1588" bgColor="800080" fgColor="FFFFFF" end="7" start="4" name="Locale"/>
                <label cBy="MJE" feID="6697" itype="DNI" bgColor="00BFFF" fgColor="FFFFFF" name="Use"/>
            </layer>
            <layer rank="1" name="GF"/>
            <layer rank="1" name="PT"/>
            <layer rank="1" name="Other"/>
            <layer rank="1" name="Sent"/>
            <layer rank="1" name="Noun"/>
        </annotationSet>
        <annotationSet cDate="07/18/2014 11:58:13 PDT Fri" luID="13351" luName="worker.n" frameID="323" frameName="Employing" status="MANUAL" ID="6669501">
            <layer rank="1" name="Target">
                <label cBy="MJE" end="15" start="9" name="Target"/>
            </layer>
            <layer rank="1" name="FE">
                <label cBy="MJE" feID="2807" bgColor="0000FF" fgColor="FFFFFF" end="15" start="9" name="Employee"/>
                <label cBy="MJE" feID="2808" itype="INI" bgColor="FF0000" fgColor="FFFFFF" name="Employer"/>
            </layer>
            <layer rank="1" name="GF"/>
            <layer rank="1" name="PT"/>
            <layer rank="1" name="Other"/>
            <layer rank="1" name="Sent"/>
            <layer rank="1" name="Noun"/>
        </annotationSet>
        <annotationSet cDate="07/18/2014 11:58:25 PDT Fri" luID="13747" luName="all.a" frameID="189" frameName="Quantified_mass" status="MANUAL" ID="6669502">
            <layer rank="1" name="Target">
                <label cBy="MJE" end="2" start="0" name="Target"/>
            </layer>
            <layer rank="1" name="FE">
                <label cBy="MJE" feID="1552" bgColor="008000" fgColor="FFFFFF" end="15" start="4" name="Individuals"/>
            </layer>
            <layer rank="1" name="GF">
                <label end="15" start="4" name="Head"/>
            </layer>
            <layer rank="1" name="PT">
                <label end="15" start="4" name="NP"/>
            </layer>
            <layer rank="1" name="Other"/>
            <layer rank="1" name="Sent"/>
            <layer rank="1" name="Adj"/>
        </annotationSet>
        <annotationSet cDate="07/18/2014 11:58:34 PDT Fri" luID="1129" luName="evacuate.v" frameID="63" frameName="Removing" status="MANUAL" ID="6669503">
            <layer rank="1" name="Target">
                <label cBy="MJE" end="30" start="22" name="Target"/>
            </layer>
            <layer rank="1" name="FE">
                <label cBy="MJE" feID="280" bgColor="800080" fgColor="FFFFFF" end="15" start="0" name="Theme"/>
                <label cBy="MJE" feID="279" itype="CNI" bgColor="FF0000" fgColor="FFFFFF" name="Agent"/>
            </layer>
            <layer rank="1" name="GF">
                <label end="15" start="0" name="Ext"/>
            </layer>
            <layer rank="1" name="PT">
                <label end="15" start="0" name="NP"/>
            </layer>
            <layer rank="1" name="Other"/>
            <layer rank="1" name="Sent"/>
            <layer rank="1" name="Verb"/>
        </annotationSet>
        <annotationSet cDate="07/18/2014 11:59:02 PDT Fri" luID="10677" luName="according to.prep" frameID="1148" frameName="Attributed_information" status="MANUAL" ID="6669505">
            <layer rank="1" name="Target">
                <label cBy="MJE" end="57" start="49" name="Target"/>
                <label cBy="MJE" end="60" start="59" name="Target"/>
            </layer>
            <layer rank="1" name="FE">
                <label cBy="MJE" feID="6635" bgColor="0000FF" fgColor="FFFFFF" end="45" start="0" name="Proposition"/>
                <label cBy="MJE" feID="6636" bgColor="FF0000" fgColor="FFFFFF" end="107" start="62" name="Speaker"/>
            </layer>
            <layer rank="1" name="GF">
                <label end="45" start="0" name="Head"/>
                <label end="107" start="62" name="Obj"/>
            </layer>
            <layer rank="1" name="PT">
                <label end="45" start="0" name="Sfin"/>
                <label end="107" start="62" name="NP"/>
            </layer>
            <layer rank="1" name="Other"/>
            <layer rank="1" name="Sent"/>
            <layer rank="1" name="Prep"/>
        </annotationSet>
        <annotationSet cDate="07/18/2014 11:59:06 PDT Fri" luID="17511" luName="injury.n" frameID="384" frameName="Experience_bodily_harm" status="MANUAL" ID="6669506">
            <layer rank="1" name="Target">
                <label cBy="MJE" end="45" start="40" name="Target"/>
            </layer>
            <layer rank="1" name="FE">
                <label cBy="MJE" feID="3443" itype="INI" bgColor="0000FF" fgColor="FFFFFF" name="Experiencer"/>
            </layer>
            <layer rank="1" name="GF"/>
            <layer rank="1" name="PT"/>
            <layer rank="1" name="Other"/>
            <layer rank="1" name="Sent"/>
            <layer rank="1" name="Noun"/>
        </annotationSet>
        <annotationSet cDate="07/18/2014 12:01:06 PDT Fri" luID="17622" luName="superintendent.n" frameID="73" frameName="Leadership" status="MANUAL" ID="6669509">
            <layer rank="1" name="Target">
                <label cBy="MJE" end="95" start="82" name="Target"/>
            </layer>
            <layer rank="1" name="FE">
                <label cBy="MJE" feID="347" bgColor="FF0000" fgColor="FFFFFF" end="107" start="97" name="Leader"/>
                <label cBy="MJE" feID="6431" bgColor="0000FF" fgColor="FFFFFF" end="80" start="62" name="Governed"/>
            </layer>
            <layer rank="1" name="GF">
                <label end="107" start="97" name="Appositive"/>
                <label end="80" start="62" name="Dep"/>
            </layer>
            <layer rank="1" name="PT">
                <label end="107" start="97" name="NP"/>
                <label end="80" start="62" name="N"/>
            </layer>
            <layer rank="1" name="Other"/>
            <layer rank="1" name="Sent"/>
            <layer rank="1" name="Noun"/>
        </annotationSet>
    </sentence>
    <sentence corpID="246" docID="25620" sentNo="1" paragNo="6" aPos="0" ID="4165034">
        <text>Large clouds of smoke were continuing to pour out of the building , casting a thick pall of smoke over the city skyline .</text>
        <annotationSet cDate="07/17/2014 11:44:17 PDT Thu" status="UNANN" ID="6669204">
            <layer rank="1" name="PENN">
                <label end="4" start="0" name="jj"/>
                <label end="11" start="6" name="nns"/>
                <label end="14" start="13" name="in"/>
                <label end="20" start="16" name="nn"/>
                <label end="25" start="22" name="VBD"/>
                <label end="36" start="27" name="VVG"/>
                <label end="39" start="38" name="to"/>
                <label end="44" start="41" name="VV"/>
                <label end="48" start="46" name="rp"/>
                <label end="51" start="50" name="in"/>
                <label end="55" start="53" name="dt"/>
                <label end="64" start="57" name="nn"/>
                <label end="66" start="66" name=","/>
                <label end="74" start="68" name="VVG"/>
                <label end="76" start="76" name="dt"/>
                <label end="82" start="78" name="jj"/>
                <label end="87" start="84" name="nn"/>
                <label end="90" start="89" name="in"/>
                <label end="96" start="92" name="nn"/>
                <label end="101" start="98" name="in"/>
                <label end="105" start="103" name="dt"/>
                <label end="110" start="107" name="nn"/>
                <label end="118" start="112" name="nn"/>
                <label end="120" start="120" name="sent"/>
            </layer>
            <layer rank="1" name="NER"/>
            <layer rank="1" name="WSL">
                <label end="14" start="13" name="NT"/>
                <label end="25" start="22" name="NT"/>
                <label end="39" start="38" name="NT"/>
                <label end="51" start="50" name="NT"/>
                <label end="55" start="53" name="NT"/>
                <label end="66" start="66" name="NT"/>
                <label end="76" start="76" name="NT"/>
                <label end="90" start="89" name="NT"/>
                <label end="105" start="103" name="NT"/>
                <label end="120" start="120" name="NT"/>
            </layer>
        </annotationSet>
        <annotationSet cDate="07/18/2014 12:05:49 PDT Fri" luID="15769" luName="large.a" frameID="2282" frameName="Size" status="MANUAL" ID="6669522">
            <layer rank="1" name="Target">
                <label cBy="MJE" end="4" start="0" name="Target"/>
            </layer>
            <layer rank="1" name="FE">
                <label cBy="MJE" feID="13813" bgColor="FF0000" fgColor="FFFFFF" end="11" start="6" name="Entity"/>
            </layer>
            <layer rank="1" name="GF">
                <label end="11" start="6" name="Head"/>
            </layer>
            <layer rank="1" name="PT">
                <label end="11" start="6" name="N"/>
            </layer>
            <layer rank="1" name="Other"/>
            <layer rank="1" name="Sent"/>
            <layer rank="1" name="Adj"/>
        </annotationSet>
        <annotationSet cDate="07/18/2014 12:06:35 PDT Fri" luID="2799" luName="continue.v" frameID="145" frameName="Process_continue" status="MANUAL" ID="6669523">
            <layer rank="1" name="Target">
                <label cBy="MJE" end="36" start="27" name="Target"/>
            </layer>
            <layer rank="1" name="FE">
                <label cBy="MJE" feID="1141" bgColor="00BFFF" fgColor="FFFFFF" end="20" start="0" name="Event"/>
                <label cBy="MJE" feID="1141" bgColor="00BFFF" fgColor="FFFFFF" end="64" start="38" name="Event"/>
                <label cBy="MJE" feID="10820" bgColor="FF0000" fgColor="FFFFFF" end="118" start="68" name="Circumstances"/>
            </layer>
            <layer rank="1" name="GF">
                <label end="20" start="0" name="Ext"/>
                <label end="64" start="38" name="Dep"/>
                <label end="118" start="68" name="Dep"/>
            </layer>
            <layer rank="1" name="PT">
                <label end="20" start="0" name="NP"/>
                <label end="64" start="38" name="VPto"/>
                <label end="118" start="68" name="VPing"/>
            </layer>
            <layer rank="1" name="Other"/>
            <layer rank="1" name="Sent"/>
            <layer rank="1" name="Verb"/>
        </annotationSet>
        <annotationSet cDate="07/18/2014 12:06:42 PDT Fri" luID="5202" luName="pour.v" frameID="284" frameName="Mass_motion" status="MANUAL" ID="6669524">
            <layer rank="1" name="Target">
                <label cBy="MJE" end="44" start="41" name="Target"/>
            </layer>
            <layer rank="1" name="FE">
                <label cBy="MJE" feID="2458" bgColor="800080" fgColor="FFFFFF" end="20" start="0" name="Mass_theme"/>
                <label cBy="MJE" feID="2463" bgColor="006400" fgColor="FFFFFF" end="64" start="46" name="Source"/>
            </layer>
            <layer rank="1" name="GF">
                <label end="20" start="0" name="Ext"/>
                <label end="64" start="46" name="Dep"/>
            </layer>
            <layer rank="1" name="PT">
                <label end="20" start="0" name="NP"/>
                <label end="64" start="46" name="PP"/>
            </layer>
            <layer rank="1" name="Other"/>
            <layer rank="1" name="Sent"/>
            <layer rank="1" name="Verb"/>
        </annotationSet>
        <annotationSet cDate="07/18/2014 12:07:59 PDT Fri" luID="10869" luName="building.n" frameID="173" frameName="Buildings" status="MANUAL" ID="6669529">
            <layer rank="1" name="Target">
                <label cBy="MJE" end="64" start="57" name="Target"/>
            </layer>
            <layer rank="1" name="FE">
                <label cBy="MJE" feID="6037" bgColor="800080" fgColor="FFFFFF" end="64" start="57" name="Building"/>
            </layer>
            <layer rank="1" name="GF"/>
            <layer rank="1" name="PT"/>
            <layer rank="1" name="Other"/>
            <layer rank="1" name="Sent"/>
            <layer rank="1" name="Noun"/>
        </annotationSet>
        <annotationSet cDate="07/18/2014 12:09:11 PDT Fri" luID="6758" luName="over.prep" frameID="199" frameName="Locative_relation" status="MANUAL" ID="6669534">
            <layer rank="1" name="Target">
                <label cBy="MJE" end="101" start="98" name="Target"/>
            </layer>
            <layer rank="1" name="FE">
                <label cBy="MJE" feID="1621" bgColor="008000" fgColor="FFFFFF" end="118" start="103" name="Ground"/>
                <label cBy="MJE" feID="1622" bgColor="FF0000" fgColor="FFFFFF" end="96" start="76" name="Figure"/>
            </layer>
            <layer rank="1" name="GF">
                <label end="118" start="103" name="Obj"/>
                <label end="96" start="76" name="Ext"/>
            </layer>
            <layer rank="1" name="PT">
                <label end="118" start="103" name="NP"/>
                <label end="96" start="76" name="NP"/>
            </layer>
            <layer rank="1" name="Other"/>
            <layer rank="1" name="Sent"/>
            <layer rank="1" name="Prep"/>
        </annotationSet>
        <annotationSet cDate="07/18/2014 12:09:25 PDT Fri" luID="3764" luName="city.n" frameID="195" frameName="Political_locales" status="MANUAL" ID="6669536">
            <layer rank="1" name="Target">
                <label cBy="MJE" end="110" start="107" name="Target"/>
            </layer>
            <layer rank="1" name="FE">
                <label cBy="MJE" feID="1583" bgColor="00008B" fgColor="FFFFFF" end="110" start="107" name="Locale"/>
            </layer>
            <layer rank="1" name="GF"/>
            <layer rank="1" name="PT"/>
            <layer rank="1" name="Other"/>
            <layer rank="1" name="Sent"/>
            <layer rank="1" name="Noun"/>
        </annotationSet>
    </sentence>
    <sentence corpID="246" docID="25620" sentNo="1" paragNo="7" aPos="0" ID="4165035">
        <text>Some nearby buildings have also been evacuated , including the KPMG building and offices of the Macquarie Bank .</text>
        <annotationSet cDate="07/17/2014 11:44:17 PDT Thu" status="UNANN" ID="6669205">
            <layer rank="1" name="PENN">
                <label end="3" start="0" name="dt"/>
                <label end="10" start="5" name="jj"/>
                <label end="20" start="12" name="nns"/>
                <label end="25" start="22" name="VHP"/>
                <label end="30" start="27" name="rb"/>
                <label end="35" start="32" name="VBN"/>
                <label end="45" start="37" name="VVN"/>
                <label end="47" start="47" name=","/>
                <label end="57" start="49" name="VVG"/>
                <label end="61" start="59" name="dt"/>
                <label end="66" start="63" name="NP"/>
                <label end="75" start="68" name="nn"/>
                <label end="79" start="77" name="cc"/>
                <label end="87" start="81" name="nns"/>
                <label end="90" start="89" name="in"/>
                <label end="94" start="92" name="dt"/>
                <label end="104" start="96" name="NP"/>
                <label end="109" start="106" name="NP"/>
                <label end="111" start="111" name="sent"/>
            </layer>
            <layer rank="1" name="NER">
                <label end="66" start="63" name="organization"/>
                <label end="109" start="96" name="organization"/>
            </layer>
            <layer rank="1" name="WSL">
                <label end="25" start="22" name="NT"/>
                <label end="30" start="27" name="NT"/>
                <label end="35" start="32" name="NT"/>
                <label end="47" start="47" name="NT"/>
                <label end="61" start="59" name="NT"/>
                <label end="66" start="63" name="NT"/>
                <label end="79" start="77" name="NT"/>
                <label end="90" start="89" name="NT"/>
                <label end="94" start="92" name="NT"/>
                <label end="104" start="96" name="NT"/>
                <label end="111" start="111" name="NT"/>
            </layer>
        </annotationSet>
        <annotationSet cDate="07/18/2014 12:12:15 PDT Fri" luID="14290" luName="some.art" frameID="1923" frameName="Proportional_quantity" status="MANUAL" ID="6669543">
            <layer rank="1" name="Target">
                <label cBy="MJE" end="3" start="0" name="Target"/>
            </layer>
            <layer rank="1" name="FE">
                <label cBy="MJE" feID="11575" bgColor="008000" fgColor="FFFFFF" end="20" start="5" name="Individuals"/>
            </layer>
            <layer rank="1" name="GF">
                <label end="20" start="5" name="Ext"/>
            </layer>
            <layer rank="1" name="PT">
                <label end="20" start="5" name="NP"/>
            </layer>
            <layer rank="1" name="Other"/>
            <layer rank="1" name="Sent"/>
        </annotationSet>
        <annotationSet cDate="07/18/2014 12:12:29 PDT Fri" luID="10869" luName="building.n" frameID="173" frameName="Buildings" status="MANUAL" ID="6669544">
            <layer rank="1" name="Target">
                <label cBy="MJE" end="20" start="12" name="Target"/>
            </layer>
            <layer rank="1" name="FE">
                <label cBy="MJE" feID="6037" bgColor="800080" fgColor="FFFFFF" end="20" start="12" name="Building"/>
                <label cBy="MJE" feID="12045" bgColor="9F79EE" fgColor="FFFFFF" end="10" start="5" name="Relative_location"/>
            </layer>
            <layer rank="1" name="GF">
                <label end="10" start="5" name="Dep"/>
            </layer>
            <layer rank="1" name="PT">
                <label end="10" start="5" name="AJP"/>
            </layer>
            <layer rank="1" name="Other"/>
            <layer rank="1" name="Sent"/>
            <layer rank="1" name="Noun"/>
        </annotationSet>
        <annotationSet cDate="07/18/2014 12:12:50 PDT Fri" luID="9471" luName="evacuate.v" frameID="58" frameName="Emptying" status="MANUAL" ID="6669546">
            <layer rank="1" name="Target">
                <label cBy="MJE" end="45" start="37" name="Target"/>
            </layer>
            <layer rank="1" name="FE">
                <label cBy="MJE" feID="250" bgColor="006400" fgColor="FFFFFF" end="20" start="0" name="Source"/>
                <label cBy="MJE" feID="249" itype="INI" bgColor="800080" fgColor="FFFFFF" name="Theme"/>
                <label cBy="MJE" feID="248" itype="CNI" bgColor="FF0000" fgColor="FFFFFF" name="Agent"/>
            </layer>
            <layer rank="1" name="GF">
                <label end="20" start="0" name="Ext"/>
            </layer>
            <layer rank="1" name="PT">
                <label end="20" start="0" name="NP"/>
            </layer>
            <layer rank="1" name="Other"/>
            <layer rank="1" name="Sent"/>
            <layer rank="1" name="Verb"/>
        </annotationSet>
        <annotationSet cDate="07/18/2014 12:12:59 PDT Fri" luID="13340" luName="including.prep" frameID="1153" frameName="Inclusion" status="MANUAL" ID="6669547">
            <layer rank="1" name="Target">
                <label cBy="MJE" end="57" start="49" name="Target"/>
            </layer>
            <layer rank="1" name="FE">
                <label cBy="MJE" feID="6673" bgColor="FF0000" fgColor="FFFFFF" end="20" start="0" name="Total"/>
                <label cBy="MJE" feID="6674" bgColor="008000" fgColor="FFFFFF" end="109" start="59" name="Part"/>
            </layer>
            <layer rank="1" name="GF">
                <label end="20" start="0" name="Ext"/>
                <label end="109" start="59" name="Obj"/>
            </layer>
            <layer rank="1" name="PT">
                <label end="20" start="0" name="NP"/>
                <label end="109" start="59" name="NP"/>
            </layer>
            <layer rank="1" name="Other"/>
            <layer rank="1" name="Sent"/>
            <layer rank="1" name="Prep"/>
        </annotationSet>
        <annotationSet cDate="07/18/2014 12:13:07 PDT Fri" luID="10869" luName="building.n" frameID="173" frameName="Buildings" status="MANUAL" ID="6669548">
            <layer rank="1" name="Target">
                <label cBy="MJE" end="75" start="68" name="Target"/>
            </layer>
            <layer rank="1" name="FE">
                <label cBy="MJE" feID="6037" bgColor="800080" fgColor="FFFFFF" end="75" start="68" name="Building"/>
                <label cBy="MJE" feID="6039" bgColor="FFA500" fgColor="FFFFFF" end="66" start="63" name="Name"/>
            </layer>
            <layer rank="1" name="GF">
                <label end="66" start="63" name="Dep"/>
            </layer>
            <layer rank="1" name="PT">
                <label end="66" start="63" name="N"/>
            </layer>
            <layer rank="1" name="Other"/>
            <layer rank="1" name="Sent"/>
            <layer rank="1" name="Noun"/>
        </annotationSet>
        <annotationSet cDate="07/18/2014 01:23:16 PDT Fri" luID="17623" luName="bank.n" frameID="365" frameName="Businesses" status="MANUAL" ID="6669573">
            <layer rank="1" name="Target">
                <label cBy="MJE" end="109" start="106" name="Target"/>
            </layer>
            <layer rank="1" name="FE">
                <label cBy="MJE" feID="3385" bgColor="0000FF" fgColor="FFFFFF" end="109" start="106" name="Business"/>
                <label cBy="MJE" feID="3386" bgColor="800080" fgColor="FFFFFF" end="104" start="96" name="Business_name"/>
            </layer>
            <layer rank="1" name="GF">
                <label end="104" start="96" name="Dep"/>
            </layer>
            <layer rank="1" name="PT">
                <label end="104" start="96" name="N"/>
            </layer>
            <layer rank="1" name="Other"/>
            <layer rank="1" name="Sent"/>
            <layer rank="1" name="Noun"/>
        </annotationSet>
    </sentence>
    <sentence corpID="246" docID="25620" sentNo="1" paragNo="8" aPos="0" ID="4165036">
        <text>Firefighters reported concern about a tower crane overhanging the building basement site .</text>
        <annotationSet cDate="07/17/2014 11:44:17 PDT Thu" status="UNANN" ID="6669206">
            <layer rank="1" name="PENN">
                <label end="11" start="0" name="nns"/>
                <label end="20" start="13" name="VVD"/>
                <label end="28" start="22" name="nn"/>
                <label end="34" start="30" name="in"/>
                <label end="36" start="36" name="dt"/>
                <label end="42" start="38" name="nn"/>
                <label end="48" start="44" name="nn"/>
                <label end="60" start="50" name="VVG"/>
                <label end="64" start="62" name="dt"/>
                <label end="73" start="66" name="nn"/>
                <label end="82" start="75" name="nn"/>
                <label end="87" start="84" name="nn"/>
                <label end="89" start="89" name="sent"/>
            </layer>
            <layer rank="1" name="NER"/>
            <layer rank="1" name="WSL">
                <label end="34" start="30" name="NT"/>
                <label end="36" start="36" name="NT"/>
                <label end="64" start="62" name="NT"/>
                <label end="89" start="89" name="NT"/>
            </layer>
        </annotationSet>
        <annotationSet cDate="07/18/2014 01:25:28 PDT Fri" luID="18472" luName="firefighter.n" frameID="1071" frameName="People_by_vocation" status="MANUAL" ID="6669576">
            <layer rank="1" name="Target">
                <label cBy="MJE" end="11" start="0" name="Target"/>
            </layer>
            <layer rank="1" name="FE">
                <label cBy="MJE" feID="6263" bgColor="FF0000" fgColor="FFFFFF" end="11" start="0" name="Person"/>
            </layer>
            <layer rank="1" name="GF"/>
            <layer rank="1" name="PT"/>
            <layer rank="1" name="Other"/>
            <layer rank="1" name="Sent"/>
            <layer rank="1" name="Noun"/>
        </annotationSet>
        <annotationSet cDate="07/18/2014 02:05:49 PDT Fri" luID="10660" luName="concern.n" frameID="46" frameName="Emotion_directed" status="MANUAL" ID="6669653">
            <layer rank="1" name="Target">
                <label cBy="MJE" end="28" start="22" name="Target"/>
            </layer>
            <layer rank="1" name="FE">
                <label cBy="MJE" feID="196" bgColor="FFA500" fgColor="FFFFFF" end="87" start="30" name="Topic"/>
                <label cBy="MJE" feID="194" itype="INI" bgColor="800080" fgColor="FFFFFF" name="Experiencer"/>
            </layer>
            <layer rank="1" name="GF">
                <label end="87" start="30" name="Dep"/>
            </layer>
            <layer rank="1" name="PT">
                <label end="87" start="30" name="PP"/>
            </layer>
            <layer rank="1" name="Other"/>
            <layer rank="1" name="Sent"/>
            <layer rank="1" name="Noun"/>
        </annotationSet>
        <annotationSet cDate="07/18/2014 02:06:24 PDT Fri" luID="10869" luName="building.n" frameID="173" frameName="Buildings" status="MANUAL" ID="6669655">
            <layer rank="1" name="Target">
                <label cBy="MJE" end="73" start="66" name="Target"/>
            </layer>
            <layer rank="1" name="FE">
                <label cBy="MJE" feID="6037" bgColor="800080" fgColor="FFFFFF" end="73" start="66" name="Building"/>
            </layer>
            <layer rank="1" name="GF"/>
            <layer rank="1" name="PT"/>
            <layer rank="1" name="Other"/>
            <layer rank="1" name="Sent"/>
            <layer rank="1" name="Noun"/>
        </annotationSet>
        <annotationSet cDate="07/18/2014 02:06:27 PDT Fri" luID="3165" luName="basement.n" frameID="188" frameName="Building_subparts" status="MANUAL" ID="6669656">
            <layer rank="1" name="Target">
                <label cBy="MJE" end="82" start="75" name="Target"/>
            </layer>
            <layer rank="1" name="FE">
                <label cBy="MJE" feID="9680" bgColor="FF0000" fgColor="FFFFFF" end="82" start="75" name="Building_part"/>
                <label cBy="MJE" feID="9681" bgColor="0000FF" fgColor="FFFFFF" end="73" start="66" name="Whole"/>
            </layer>
            <layer rank="1" name="GF">
                <label end="73" start="66" name="Dep"/>
            </layer>
            <layer rank="1" name="PT">
                <label end="73" start="66" name="N"/>
            </layer>
            <layer rank="1" name="Other"/>
            <layer rank="1" name="Sent"/>
            <layer rank="1" name="Noun"/>
        </annotationSet>
        <annotationSet cDate="07/18/2014 02:06:50 PDT Fri" luID="13783" luName="site.n" frameID="192" frameName="Locale" status="MANUAL" ID="6669659">
            <layer rank="1" name="Target">
                <label cBy="MJE" end="87" start="84" name="Target"/>
            </layer>
            <layer rank="1" name="FE">
                <label cBy="MJE" feID="1565" bgColor="FF0000" fgColor="FFFFFF" end="87" start="84" name="Locale"/>
                <label cBy="MJE" feID="1566" bgColor="1E90FF" fgColor="FFFFFF" end="82" start="66" name="Constituent_parts"/>
            </layer>
            <layer rank="1" name="GF">
                <label end="82" start="66" name="Dep"/>
            </layer>
            <layer rank="1" name="PT">
                <label end="82" start="66" name="N"/>
            </layer>
            <layer rank="1" name="Other"/>
            <layer rank="1" name="Sent"/>
            <layer rank="1" name="Noun"/>
        </annotationSet>
        <annotationSet cDate="07/18/2014 02:08:42 PDT Fri" luID="748" luName="report.v" frameID="43" frameName="Statement" status="MANUAL" ID="6669662">
            <layer rank="1" name="Target">
                <label cBy="MJE" end="20" start="13" name="Target"/>
            </layer>
            <layer rank="1" name="FE">
                <label cBy="MJE" feID="183" bgColor="FF0000" fgColor="FFFFFF" end="11" start="0" name="Speaker"/>
                <label cBy="MJE" feID="185" bgColor="00BFFF" fgColor="FFFFFF" end="87" start="22" name="Message"/>
            </layer>
            <layer rank="1" name="GF">
                <label end="11" start="0" name="Ext"/>
                <label end="87" start="22" name="Obj"/>
            </layer>
            <layer rank="1" name="PT">
                <label end="11" start="0" name="NP"/>
                <label end="87" start="22" name="NP"/>
            </layer>
            <layer rank="1" name="Other"/>
            <layer rank="1" name="Sent"/>
            <layer rank="1" name="Verb"/>
        </annotationSet>
    </sentence>
    <sentence corpID="246" docID="25620" sentNo="1" paragNo="9" aPos="0" ID="4165037">
        <text>There were fears that the crane could buckle due to the heat and collapse .</text>
        <annotationSet cDate="07/17/2014 11:44:17 PDT Thu" status="UNANN" ID="6669207">
            <layer rank="1" name="PENN">
                <label end="4" start="0" name="ex"/>
                <label end="9" start="6" name="VBD"/>
                <label end="15" start="11" name="nns"/>
                <label end="20" start="17" name="IN/that"/>
                <label end="24" start="22" name="dt"/>
                <label end="30" start="26" name="nn"/>
                <label end="36" start="32" name="md"/>
                <label end="43" start="38" name="VV"/>
                <label end="47" start="45" name="jj"/>
                <label end="50" start="49" name="to"/>
                <label end="54" start="52" name="dt"/>
                <label end="59" start="56" name="nn"/>
                <label end="63" start="61" name="cc"/>
                <label end="72" start="65" name="nn"/>
                <label end="74" start="74" name="sent"/>
            </layer>
            <layer rank="1" name="NER"/>
            <layer rank="1" name="WSL">
                <label end="4" start="0" name="NT"/>
                <label end="9" start="6" name="NT"/>
                <label end="24" start="22" name="NT"/>
                <label end="54" start="52" name="NT"/>
                <label end="63" start="61" name="NT"/>
                <label end="74" start="74" name="NT"/>
            </layer>
        </annotationSet>
        <annotationSet cDate="07/18/2014 02:11:08 PDT Fri" luID="14947" luName="fear.n" frameID="2052" frameName="Fear" status="MANUAL" ID="6669669">
            <layer rank="1" name="Target">
                <label cBy="MJE" end="15" start="11" name="Target"/>
            </layer>
            <layer rank="1" name="FE">
                <label cBy="MJE" feID="12526" bgColor="FF0000" fgColor="FFFFFF" end="72" start="17" name="Stimulus"/>
            </layer>
            <layer rank="1" name="GF">
                <label end="72" start="17" name="Dep"/>
            </layer>
            <layer rank="1" name="PT">
                <label end="72" start="17" name="Sfin"/>
            </layer>
            <layer rank="1" name="Other">
                <label end="4" start="0" name="Null"/>
            </layer>
            <layer rank="1" name="Sent"/>
            <layer rank="1" name="Noun">
                <label end="9" start="6" name="Cop"/>
            </layer>
        </annotationSet>
        <annotationSet cDate="07/18/2014 02:12:29 PDT Fri" luID="17413" luName="could.v" frameID="2120" frameName="Possibility" status="MANUAL" ID="6669672">
            <layer rank="1" name="Target">
                <label cBy="MJE" end="36" start="32" name="Target"/>
            </layer>
            <layer rank="1" name="FE">
                <label cBy="MJE" feID="13096" bgColor="008000" fgColor="FFFFFF" end="30" start="22" name="Possible_event"/>
                <label cBy="MJE" feID="13096" bgColor="008000" fgColor="FFFFFF" end="72" start="38" name="Possible_event"/>
            </layer>
            <layer rank="1" name="GF">
                <label end="30" start="22" name="Ext"/>
                <label end="72" start="38" name="Dep"/>
            </layer>
            <layer rank="1" name="PT">
                <label end="30" start="22" name="NP"/>
                <label end="72" start="38" name="VPbrst"/>
            </layer>
            <layer rank="1" name="Other"/>
            <layer rank="1" name="Sent"/>
            <layer rank="1" name="Verb"/>
        </annotationSet>
        <annotationSet cDate="07/18/2014 02:13:52 PDT Fri" luID="16910" luName="due to.prep" frameID="5" frameName="Causation" status="MANUAL" ID="6669674">
            <layer rank="1" name="Target">
                <label cBy="MJE" end="47" start="45" name="Target"/>
                <label cBy="MJE" end="50" start="49" name="Target"/>
            </layer>
            <layer rank="1" name="FE">
                <label cBy="MJE" feID="18" bgColor="0000FF" fgColor="FFFFFF" end="59" start="52" name="Cause"/>
                <label cBy="MJE" feID="20" bgColor="FF0000" fgColor="FFFFFF" end="43" start="38" name="Effect"/>
            </layer>
            <layer rank="1" name="GF">
                <label end="59" start="52" name="Obj"/>
                <label end="43" start="38" name="Head"/>
            </layer>
            <layer rank="1" name="PT">
                <label end="59" start="52" name="NP"/>
                <label end="43" start="38" name="VPbrst"/>
            </layer>
            <layer rank="1" name="Other"/>
            <layer rank="1" name="Sent"/>
            <layer rank="1" name="Prep"/>
        </annotationSet>
    </sentence>
    <sentence corpID="246" docID="25620" sentNo="1" paragNo="10" aPos="0" ID="4165038">
        <text>Firefighters were working to keep the base of the crane cool , and the stability of the structure was being monitored with lasers .</text>
        <annotationSet cDate="07/17/2014 11:44:18 PDT Thu" status="UNANN" ID="6669208">
            <layer rank="1" name="PENN">
                <label end="11" start="0" name="nns"/>
                <label end="16" start="13" name="VBD"/>
                <label end="24" start="18" name="VVG"/>
                <label end="27" start="26" name="to"/>
                <label end="32" start="29" name="VV"/>
                <label end="36" start="34" name="dt"/>
                <label end="41" start="38" name="nn"/>
                <label end="44" start="43" name="in"/>
                <label end="48" start="46" name="dt"/>
                <label end="54" start="50" name="nn"/>
                <label end="59" start="56" name="nn"/>
                <label end="61" start="61" name=","/>
                <label end="65" start="63" name="cc"/>
                <label end="69" start="67" name="dt"/>
                <label end="79" start="71" name="nn"/>
                <label end="82" start="81" name="in"/>
                <label end="86" start="84" name="dt"/>
                <label end="96" start="88" name="nn"/>
                <label end="100" start="98" name="VBD"/>
                <label end="106" start="102" name="VBG"/>
                <label end="116" start="108" name="VVN"/>
                <label end="121" start="118" name="in"/>
                <label end="128" start="123" name="nns"/>
                <label end="130" start="130" name="sent"/>
            </layer>
            <layer rank="1" name="NER"/>
            <layer rank="1" name="WSL">
                <label end="16" start="13" name="NT"/>
                <label end="27" start="26" name="NT"/>
                <label end="36" start="34" name="NT"/>
                <label end="44" start="43" name="NT"/>
                <label end="48" start="46" name="NT"/>
                <label end="61" start="61" name="NT"/>
                <label end="65" start="63" name="NT"/>
                <label end="69" start="67" name="NT"/>
                <label end="82" start="81" name="NT"/>
                <label end="86" start="84" name="NT"/>
                <label end="100" start="98" name="NT"/>
                <label end="106" start="102" name="NT"/>
                <label end="121" start="118" name="NT"/>
                <label end="130" start="130" name="NT"/>
            </layer>
        </annotationSet>
        <annotationSet cDate="07/18/2014 02:15:40 PDT Fri" luID="18472" luName="firefighter.n" frameID="1071" frameName="People_by_vocation" status="MANUAL" ID="6669678">
            <layer rank="1" name="Target">
                <label cBy="MJE" end="11" start="0" name="Target"/>
            </layer>
            <layer rank="1" name="FE">
                <label cBy="MJE" feID="6263" bgColor="FF0000" fgColor="FFFFFF" end="11" start="0" name="Person"/>
            </layer>
            <layer rank="1" name="GF"/>
            <layer rank="1" name="PT"/>
            <layer rank="1" name="Other"/>
            <layer rank="1" name="Sent"/>
            <layer rank="1" name="Noun"/>
        </annotationSet>
        <annotationSet cDate="07/18/2014 02:16:23 PDT Fri" luID="14000" luName="work.v" frameID="1892" frameName="Work" status="MANUAL" ID="6669679">
            <layer rank="1" name="Target">
                <label cBy="MJE" end="24" start="18" name="Target"/>
            </layer>
            <layer rank="1" name="FE">
                <label cBy="MJE" feID="11220" bgColor="FF0000" fgColor="FFFFFF" end="11" start="0" name="Agent"/>
                <label cBy="MJE" feID="11221" bgColor="00BFFF" fgColor="FFFFFF" end="59" start="26" name="Goal"/>
            </layer>
            <layer rank="1" name="GF">
                <label end="11" start="0" name="Ext"/>
                <label end="59" start="26" name="Dep"/>
            </layer>
            <layer rank="1" name="PT">
                <label end="11" start="0" name="NP"/>
                <label end="59" start="26" name="VPto"/>
            </layer>
            <layer rank="1" name="Other"/>
            <layer rank="1" name="Sent"/>
            <layer rank="1" name="Verb"/>
        </annotationSet>
        <annotationSet cDate="07/18/2014 02:16:36 PDT Fri" luID="10380" luName="keep.v" frameID="1060" frameName="Cause_to_continue" status="MANUAL" ID="6669680">
            <layer rank="1" name="Target">
                <label cBy="MJE" end="32" start="29" name="Target"/>
            </layer>
            <layer rank="1" name="FE">
                <label cBy="MJE" feID="6210" bgColor="FF0000" fgColor="FFFFFF" end="11" start="0" name="Agent"/>
                <label cBy="MJE" feID="6212" bgColor="0000FF" fgColor="FFFFFF" end="54" start="34" name="State"/>
                <label cBy="MJE" feID="6212" bgColor="0000FF" fgColor="FFFFFF" end="59" start="56" name="State"/>
            </layer>
            <layer rank="1" name="GF">
                <label end="11" start="0" name="Ext"/>
                <label end="54" start="34" name="Obj"/>
                <label end="59" start="56" name="Obj"/>
            </layer>
            <layer rank="1" name="PT">
                <label end="11" start="0" name="NP"/>
                <label end="54" start="34" name="NP"/>
                <label end="59" start="56" name="NP"/>
            </layer>
            <layer rank="1" name="Other"/>
            <layer rank="1" name="Sent"/>
            <layer rank="1" name="Verb"/>
        </annotationSet>
        <annotationSet cDate="07/18/2014 02:18:49 PDT Fri" luID="10346" luName="cool.a" frameID="1050" frameName="Temperature" status="MANUAL" ID="6669685">
            <layer rank="1" name="Target">
                <label cBy="MJE" end="59" start="56" name="Target"/>
            </layer>
            <layer rank="1" name="FE">
                <label cBy="MJE" feID="6180" bgColor="FF0000" fgColor="FFFFFF" end="54" start="34" name="Entity"/>
            </layer>
            <layer rank="1" name="GF">
                <label end="54" start="34" name="Ext"/>
            </layer>
            <layer rank="1" name="PT">
                <label end="54" start="34" name="NP"/>
            </layer>
            <layer rank="1" name="Other"/>
            <layer rank="1" name="Sent"/>
            <layer rank="1" name="Adj"/>
        </annotationSet>
        <annotationSet cDate="07/18/2014 02:19:02 PDT Fri" luID="11592" luName="monitor.v" frameID="31" frameName="Scrutiny" status="MANUAL" ID="6669687">
            <layer rank="1" name="Target">
                <label cBy="MJE" end="116" start="108" name="Target"/>
            </layer>
            <layer rank="1" name="FE">
                <label cBy="MJE" feID="129" bgColor="7CCD7C" fgColor="FFFFFF" end="96" start="67" name="Ground"/>
                <label cBy="MJE" feID="128" itype="CNI" bgColor="FF0000" fgColor="FFFFFF" name="Cognizer"/>
                <label cBy="MJE" feID="9143" bgColor="00008B" fgColor="FFFFFF" end="128" start="118" name="Instrument"/>
            </layer>
            <layer rank="1" name="GF">
                <label end="96" start="67" name="Ext"/>
                <label end="128" start="118" name="Dep"/>
            </layer>
            <layer rank="1" name="PT">
                <label end="96" start="67" name="NP"/>
                <label end="128" start="118" name="PP"/>
            </layer>
            <layer rank="1" name="Other"/>
            <layer rank="1" name="Sent"/>
            <layer rank="1" name="Verb"/>
        </annotationSet>
    </sentence>
    <sentence corpID="246" docID="25620" sentNo="1" paragNo="11" aPos="0" ID="4165039">
        <text>The Western Distributor motorway was closed to traffic , and Sydney Harbour Bridge partly closed .</text>
        <annotationSet cDate="07/17/2014 11:44:18 PDT Thu" status="UNANN" ID="6669209">
            <layer rank="1" name="PENN">
                <label end="2" start="0" name="dt"/>
                <label end="10" start="4" name="NP"/>
                <label end="22" start="12" name="NP"/>
                <label end="31" start="24" name="nn"/>
                <label end="35" start="33" name="VBD"/>
                <label end="42" start="37" name="VVN"/>
                <label end="45" start="44" name="to"/>
                <label end="53" start="47" name="nn"/>
                <label end="55" start="55" name=","/>
                <label end="59" start="57" name="cc"/>
                <label end="66" start="61" name="NP"/>
                <label end="74" start="68" name="NP"/>
                <label end="81" start="76" name="NP"/>
                <label end="88" start="83" name="rb"/>
                <label end="95" start="90" name="VVD"/>
                <label end="97" start="97" name="sent"/>
            </layer>
            <layer rank="1" name="NER">
                <label end="81" start="61" name="location"/>
            </layer>
            <layer rank="1" name="WSL">
                <label end="2" start="0" name="NT"/>
                <label end="10" start="4" name="NT"/>
                <label end="22" start="12" name="NT"/>
                <label end="35" start="33" name="NT"/>
                <label end="45" start="44" name="NT"/>
                <label end="55" start="55" name="NT"/>
                <label end="59" start="57" name="NT"/>
                <label end="66" start="61" name="NT"/>
                <label end="97" start="97" name="NT"/>
            </layer>
        </annotationSet>
        <annotationSet cDate="07/18/2014 02:30:57 PDT Fri" luID="3780" luName="motorway.n" frameID="203" frameName="Roadways" status="MANUAL" ID="6669701">
            <layer rank="1" name="Target">
                <label cBy="MJE" end="31" start="24" name="Target"/>
            </layer>
            <layer rank="1" name="FE">
                <label cBy="MJE" feID="1662" bgColor="808080" fgColor="FFFFFF" end="22" start="4" name="Name"/>
                <label cBy="MJE" feID="1657" bgColor="00BFFF" fgColor="FFFFFF" end="31" start="24" name="Roadway"/>
            </layer>
            <layer rank="1" name="GF">
                <label end="22" start="4" name="Dep"/>
            </layer>
            <layer rank="1" name="PT">
                <label end="22" start="4" name="N"/>
            </layer>
            <layer rank="1" name="Other"/>
            <layer rank="1" name="Sent"/>
            <layer rank="1" name="Noun"/>
        </annotationSet>
        <annotationSet cDate="07/18/2014 02:31:05 PDT Fri" luID="13723" luName="closed.a" frameID="1872" frameName="Openness" status="MANUAL" ID="6669702">
            <layer rank="1" name="Target">
                <label cBy="MJE" end="42" start="37" name="Target"/>
            </layer>
            <layer rank="1" name="FE">
                <label cBy="MJE" feID="11030" bgColor="008000" fgColor="FFFFFF" end="31" start="0" name="Useful_location"/>
                <label cBy="MJE" feID="11029" bgColor="FF0000" fgColor="FFFFFF" end="53" start="44" name="Theme"/>
            </layer>
            <layer rank="1" name="GF">
                <label end="31" start="0" name="Ext"/>
                <label end="53" start="44" name="Dep"/>
            </layer>
            <layer rank="1" name="PT">
                <label end="31" start="0" name="NP"/>
                <label end="53" start="44" name="PP"/>
            </layer>
            <layer rank="1" name="Other"/>
            <layer rank="1" name="Sent"/>
            <layer rank="1" name="Adj">
                <label end="35" start="33" name="Cop"/>
            </layer>
        </annotationSet>
        <annotationSet cDate="07/18/2014 02:31:15 PDT Fri" luID="13723" luName="closed.a" frameID="1872" frameName="Openness" status="MANUAL" ID="6669704">
            <layer rank="1" name="Target">
                <label cBy="MJE" end="95" start="90" name="Target"/>
            </layer>
            <layer rank="1" name="FE">
                <label cBy="MJE" feID="11030" bgColor="008000" fgColor="FFFFFF" end="81" start="61" name="Useful_location"/>
            </layer>
            <layer rank="1" name="GF">
                <label end="81" start="61" name="Ext"/>
            </layer>
            <layer rank="1" name="PT">
                <label end="81" start="61" name="NP"/>
            </layer>
            <layer rank="1" name="Other"/>
            <layer rank="1" name="Sent"/>
            <layer rank="1" name="Adj"/>
        </annotationSet>
        <annotationSet cDate="07/18/2014 02:31:22 PDT Fri" luID="3790" luName="bridge.n" frameID="203" frameName="Roadways" status="MANUAL" ID="6669705">
            <layer rank="1" name="Target">
                <label cBy="MJE" end="81" start="76" name="Target"/>
            </layer>
            <layer rank="1" name="FE">
                <label cBy="MJE" feID="1657" bgColor="00BFFF" fgColor="FFFFFF" end="81" start="76" name="Roadway"/>
                <label cBy="MJE" feID="1662" bgColor="808080" fgColor="FFFFFF" end="74" start="61" name="Name"/>
            </layer>
            <layer rank="1" name="GF">
                <label end="74" start="61" name="Dep"/>
            </layer>
            <layer rank="1" name="PT">
                <label end="74" start="61" name="N"/>
            </layer>
            <layer rank="1" name="Other"/>
            <layer rank="1" name="Sent"/>
            <layer rank="1" name="Noun"/>
        </annotationSet>
        <annotationSet cDate="07/18/2014 02:33:51 PDT Fri" luID="11418" luName="harbor.n" frameID="196" frameName="Locale_by_use" status="MANUAL" ID="6669712">
            <layer rank="1" name="Target">
                <label cBy="MJE" end="74" start="68" name="Target"/>
            </layer>
            <layer rank="1" name="FE">
                <label cBy="MJE" feID="1588" bgColor="800080" fgColor="FFFFFF" end="74" start="68" name="Locale"/>
                <label cBy="MJE" feID="1586" bgColor="FF0000" fgColor="FFFFFF" end="66" start="61" name="Container_possessor"/>
            </layer>
            <layer rank="1" name="GF">
                <label end="66" start="61" name="Dep"/>
            </layer>
            <layer rank="1" name="PT">
                <label end="66" start="61" name="N"/>
            </layer>
            <layer rank="1" name="Other"/>
            <layer rank="1" name="Sent"/>
            <layer rank="1" name="Noun"/>
        </annotationSet>
    </sentence>
    <sentence corpID="246" docID="25620" sentNo="1" paragNo="12" aPos="0" ID="4165040">
        <text>There had been major disruptions in traffic and multiple roads in the Sydney CBD ( Central Business District ) were gridlocked .</text>
        <annotationSet cDate="07/17/2014 11:44:18 PDT Thu" status="UNANN" ID="6669210">
            <layer rank="1" name="PENN">
                <label end="4" start="0" name="ex"/>
                <label end="8" start="6" name="VHD"/>
                <label end="13" start="10" name="VBN"/>
                <label end="19" start="15" name="jj"/>
                <label end="31" start="21" name="nns"/>
                <label end="34" start="33" name="in"/>
                <label end="42" start="36" name="nn"/>
                <label end="46" start="44" name="cc"/>
                <label end="55" start="48" name="jj"/>
                <label end="61" start="57" name="nns"/>
                <label end="64" start="63" name="in"/>
                <label end="68" start="66" name="dt"/>
                <label end="75" start="70" name="NP"/>
                <label end="79" start="77" name="NP"/>
                <label end="81" start="81" name="("/>
                <label end="89" start="83" name="NP"/>
                <label end="98" start="91" name="NP"/>
                <label end="107" start="100" name="NP"/>
                <label end="109" start="109" name=")"/>
                <label end="114" start="111" name="VBD"/>
                <label end="125" start="116" name="VVN"/>
                <label end="127" start="127" name="sent"/>
            </layer>
            <layer rank="1" name="NER">
                <label end="79" start="70" name="location"/>
                <label end="107" start="83" name="organization"/>
            </layer>
            <layer rank="1" name="WSL">
                <label end="4" start="0" name="NT"/>
                <label end="8" start="6" name="NT"/>
                <label end="13" start="10" name="NT"/>
                <label end="34" start="33" name="NT"/>
                <label end="46" start="44" name="NT"/>
                <label end="68" start="66" name="NT"/>
                <label end="75" start="70" name="NT"/>
                <label end="79" start="77" name="NT"/>
                <label end="81" start="81" name="NT"/>
                <label end="89" start="83" name="NT"/>
                <label end="109" start="109" name="NT"/>
                <label end="114" start="111" name="NT"/>
                <label end="127" start="127" name="NT"/>
            </layer>
        </annotationSet>
        <annotationSet cDate="07/18/2014 02:35:15 PDT Fri" luID="3772" luName="road.n" frameID="203" frameName="Roadways" status="MANUAL" ID="6669715">
            <layer rank="1" name="Target">
                <label cBy="MJE" end="61" start="57" name="Target"/>
            </layer>
            <layer rank="1" name="FE">
                <label cBy="MJE" feID="1657" bgColor="00BFFF" fgColor="FFFFFF" end="61" start="57" name="Roadway"/>
                <label cBy="MJE" feID="3515" bgColor="FFA500" fgColor="FFFFFF" end="107" start="63" name="Relative_location"/>
            </layer>
            <layer rank="1" name="GF">
                <label end="107" start="63" name="Dep"/>
            </layer>
            <layer rank="1" name="PT">
                <label end="107" start="63" name="PP"/>
            </layer>
            <layer rank="1" name="Other"/>
            <layer rank="1" name="Sent"/>
            <layer rank="1" name="Noun"/>
        </annotationSet>
        <annotationSet cDate="07/18/2014 02:35:27 PDT Fri" luID="10801" luName="in.prep" frameID="1178" frameName="Interior_profile_relation" status="MANUAL" ID="6669718">
            <layer rank="1" name="Target">
                <label cBy="MJE" end="64" start="63" name="Target"/>
            </layer>
            <layer rank="1" name="FE">
                <label cBy="MJE" feID="6828" bgColor="008000" fgColor="FFFFFF" end="107" start="66" name="Ground"/>
                <label cBy="MJE" feID="6826" bgColor="FF0000" fgColor="FFFFFF" end="61" start="48" name="Figure"/>
            </layer>
            <layer rank="1" name="GF">
                <label end="107" start="66" name="Obj"/>
                <label end="61" start="48" name="Ext"/>
            </layer>
            <layer rank="1" name="PT">
                <label end="107" start="66" name="NP"/>
                <label end="61" start="48" name="NP"/>
            </layer>
            <layer rank="1" name="Other"/>
            <layer rank="1" name="Sent"/>
            <layer rank="1" name="Prep"/>
        </annotationSet>
        <annotationSet cDate="07/18/2014 02:35:55 PDT Fri" luID="6355" luName="business.n" frameID="365" frameName="Businesses" status="MANUAL" ID="6669719">
            <layer rank="1" name="Target">
                <label cBy="MJE" end="98" start="91" name="Target"/>
            </layer>
            <layer rank="1" name="FE">
                <label cBy="MJE" feID="3385" bgColor="0000FF" fgColor="FFFFFF" end="98" start="91" name="Business"/>
            </layer>
            <layer rank="1" name="GF"/>
            <layer rank="1" name="PT"/>
            <layer rank="1" name="Other"/>
            <layer rank="1" name="Sent"/>
            <layer rank="1" name="Noun"/>
        </annotationSet>
    </sentence>
    <sentence corpID="246" docID="25620" sentNo="1" paragNo="13" aPos="0" ID="4165041">
        <text>People catching buses were advised to expect long delays .</text>
        <annotationSet cDate="07/17/2014 11:44:18 PDT Thu" status="UNANN" ID="6669211">
            <layer rank="1" name="PENN">
                <label end="5" start="0" name="nns"/>
                <label end="14" start="7" name="VVG"/>
                <label end="20" start="16" name="nns"/>
                <label end="25" start="22" name="VBD"/>
                <label end="33" start="27" name="VVN"/>
                <label end="36" start="35" name="to"/>
                <label end="43" start="38" name="VV"/>
                <label end="48" start="45" name="jj"/>
                <label end="55" start="50" name="nns"/>
                <label end="57" start="57" name="sent"/>
            </layer>
            <layer rank="1" name="NER"/>
            <layer rank="1" name="WSL">
                <label end="25" start="22" name="NT"/>
                <label end="36" start="35" name="NT"/>
                <label end="57" start="57" name="NT"/>
            </layer>
        </annotationSet>
        <annotationSet cDate="07/18/2014 02:37:50 PDT Fri" luID="5511" luName="people.n" frameID="304" frameName="People" status="MANUAL" ID="6669723">
            <layer rank="1" name="Target">
                <label cBy="MJE" end="5" start="0" name="Target"/>
            </layer>
            <layer rank="1" name="FE">
                <label cBy="MJE" feID="2618" bgColor="FF0000" fgColor="FFFFFF" end="5" start="0" name="Person"/>
            </layer>
            <layer rank="1" name="GF"/>
            <layer rank="1" name="PT"/>
            <layer rank="1" name="Other"/>
            <layer rank="1" name="Sent"/>
            <layer rank="1" name="Noun"/>
        </annotationSet>
        <annotationSet cDate="07/18/2014 02:38:09 PDT Fri" luID="7809" luName="bus.n" frameID="429" frameName="Vehicle" status="MANUAL" ID="6669724">
            <layer rank="1" name="Target">
                <label cBy="MJE" end="20" start="16" name="Target"/>
            </layer>
            <layer rank="1" name="FE">
                <label cBy="MJE" feID="3958" bgColor="A52A2A" fgColor="FFFFFF" end="20" start="16" name="Vehicle"/>
            </layer>
            <layer rank="1" name="GF"/>
            <layer rank="1" name="PT"/>
            <layer rank="1" name="Other"/>
            <layer rank="1" name="Sent"/>
            <layer rank="1" name="Noun"/>
        </annotationSet>
        <annotationSet cDate="07/18/2014 02:38:17 PDT Fri" luID="9179" luName="advise.v" frameID="750" frameName="Telling" status="MANUAL" ID="6669726">
            <layer rank="1" name="Target">
                <label cBy="MJE" end="33" start="27" name="Target"/>
            </layer>
            <layer rank="1" name="FE">
                <label cBy="MJE" feID="4870" bgColor="008000" fgColor="FFFFFF" end="20" start="0" name="Addressee"/>
                <label cBy="MJE" feID="4871" bgColor="0000FF" fgColor="FFFFFF" end="55" start="35" name="Message"/>
            </layer>
            <layer rank="1" name="GF">
                <label end="20" start="0" name="Ext"/>
                <label end="55" start="35" name="Dep"/>
            </layer>
            <layer rank="1" name="PT">
                <label end="20" start="0" name="NP"/>
                <label end="55" start="35" name="VPto"/>
            </layer>
            <layer rank="1" name="Other"/>
            <layer rank="1" name="Sent"/>
            <layer rank="1" name="Verb"/>
        </annotationSet>
        <annotationSet cDate="07/18/2014 02:38:22 PDT Fri" luID="255" luName="expect.v" frameID="26" frameName="Expectation" status="MANUAL" ID="6669728">
            <layer rank="1" name="Target">
                <label cBy="MJE" end="43" start="38" name="Target"/>
            </layer>
            <layer rank="1" name="FE">
                <label cBy="MJE" feID="110" bgColor="0000FF" fgColor="FFFFFF" end="55" start="45" name="Phenomenon"/>
                <label cBy="MJE" feID="109" bgColor="FF0000" fgColor="FFFFFF" end="20" start="0" name="Cognizer"/>
            </layer>
            <layer rank="1" name="GF">
                <label end="55" start="45" name="Obj"/>
                <label end="20" start="0" name="Ext"/>
            </layer>
            <layer rank="1" name="PT">
                <label end="55" start="45" name="NP"/>
                <label end="20" start="0" name="NP"/>
            </layer>
            <layer rank="1" name="Other"/>
            <layer rank="1" name="Sent"/>
            <layer rank="1" name="Verb"/>
        </annotationSet>
        <annotationSet cDate="07/18/2014 02:38:27 PDT Fri" luID="13915" luName="long.a" frameID="79" frameName="Duration_description" status="MANUAL" ID="6669729">
            <layer rank="1" name="Target">
                <label cBy="MJE" end="48" start="45" name="Target"/>
            </layer>
            <layer rank="1" name="FE">
                <label cBy="MJE" feID="370" bgColor="0000FF" fgColor="FFFFFF" end="55" start="50" name="Period"/>
            </layer>
            <layer rank="1" name="GF">
                <label end="55" start="50" name="Head"/>
            </layer>
            <layer rank="1" name="PT">
                <label end="55" start="50" name="N"/>
            </layer>
            <layer rank="1" name="Other"/>
            <layer rank="1" name="Sent"/>
            <layer rank="1" name="Adj"/>
        </annotationSet>
        <annotationSet cDate="07/18/2014 02:38:37 PDT Fri" luID="13275" luName="delay.n" frameID="691" frameName="Change_event_time" status="MANUAL" ID="6669730">
            <layer rank="1" name="Target">
                <label cBy="MJE" end="55" start="50" name="Target"/>
            </layer>
            <layer rank="1" name="FE">
                <label cBy="MJE" feID="4585" bgColor="A52A2A" fgColor="FFFFFF" end="55" start="50" name="Interval"/>
            </layer>
            <layer rank="1" name="GF"/>
            <layer rank="1" name="PT"/>
            <layer rank="1" name="Other"/>
            <layer rank="1" name="Sent"/>
            <layer rank="1" name="Noun"/>
        </annotationSet>
    </sentence>
</fullTextAnnotation>